<?xml version="1.0"?>
<gpx xmlns="http://www.topografix.com/GPX/1/1" xmlns:xsi="http://www.w3.org/2001/XMLSchema-instance" xmlns:wptx1="http://www.garmin.com/xmlschemas/WaypointExtension/v1" xmlns:gpxtrx="http://www.garmin.com/xmlschemas/GpxExtensions/v3" xmlns:gpxtpx="http://www.garmin.com/xmlschemas/TrackPointExtension/v1" xmlns:gpxx="http://www.garmin.com/xmlschemas/GpxExtensions/v3" xmlns:trp="http://www.garmin.com/xmlschemas/TripExtensions/v1" xmlns:adv="http://www.garmin.com/xmlschemas/AdventuresExtensions/v1" xmlns:prs="http://www.garmin.com/xmlschemas/PressureExtension/v1" xmlns:tmd="http://www.garmin.com/xmlschemas/TripMetaDataExtensions/v1" xmlns:vptm="http://www.garmin.com/xmlschemas/ViaPointTransportationModeExtensions/v1" xmlns:ctx="http://www.garmin.com/xmlschemas/CreationTimeExtension/v1" xmlns:gpxacc="http://www.garmin.com/xmlschemas/AccelerationExtension/v1" xmlns:gpxpx="http://www.garmin.com/xmlschemas/PowerExtension/v1" xmlns:vidx1="http://www.garmin.com/xmlschemas/VideoExtension/v1" creator="Garmin Desktop App" version="1.1" xsi:schemaLocation="http://www.topografix.com/GPX/1/1 http://www.topografix.com/GPX/1/1/gpx.xsd http://www.garmin.com/xmlschemas/WaypointExtension/v1 http://www8.garmin.com/xmlschemas/WaypointExtensionv1.xsd http://www.garmin.com/xmlschemas/TrackPointExtension/v1 http://www.garmin.com/xmlschemas/TrackPointExtensionv1.xsd http://www.garmin.com/xmlschemas/GpxExtensions/v3 http://www8.garmin.com/xmlschemas/GpxExtensionsv3.xsd http://www.garmin.com/xmlschemas/ActivityExtension/v1 http://www8.garmin.com/xmlschemas/ActivityExtensionv1.xsd http://www.garmin.com/xmlschemas/AdventuresExtensions/v1 http://www8.garmin.com/xmlschemas/AdventuresExtensionv1.xsd http://www.garmin.com/xmlschemas/PressureExtension/v1 http://www.garmin.com/xmlschemas/PressureExtensionv1.xsd http://www.garmin.com/xmlschemas/TripExtensions/v1 http://www.garmin.com/xmlschemas/TripExtensionsv1.xsd http://www.garmin.com/xmlschemas/TripMetaDataExtensions/v1 http://www.garmin.com/xmlschemas/TripMetaDataExtensionsv1.xsd http://www.garmin.com/xmlschemas/ViaPointTransportationModeExtensions/v1 http://www.garmin.com/xmlschemas/ViaPointTransportationModeExtensionsv1.xsd http://www.garmin.com/xmlschemas/CreationTimeExtension/v1 http://www.garmin.com/xmlschemas/CreationTimeExtensionsv1.xsd http://www.garmin.com/xmlschemas/AccelerationExtension/v1 http://www.garmin.com/xmlschemas/AccelerationExtensionv1.xsd http://www.garmin.com/xmlschemas/PowerExtension/v1 http://www.garmin.com/xmlschemas/PowerExtensionv1.xsd http://www.garmin.com/xmlschemas/VideoExtension/v1 http://www.garmin.com/xmlschemas/VideoExtensionv1.xsd">
  <metadata>
    <link href="http://www.garmin.com">
      <text>Garmin International</text>
    </link>
    <time>2026-10-02T12:46:03Z</time>
    <bounds maxlat="-18.284422969445586" maxlon="32.968291975557804" minlat="-18.346112016588449" minlon="32.828490966930985"/>
  </metadata>
  <wpt lat="-18.346112016588449" lon="32.830275977030396">
    <ele>0</ele>
    <time>2026-10-02T12:44:04Z</time>
    <name>The Challenge 2025-0</name>
    <cmt>&lt;table&gt;
&lt;tr&gt;&lt;td&gt;Longitude: 32.830276 &lt;/td&gt;&lt;/tr&gt;
&lt;tr&gt;&lt;td&gt;Latitude: -18.346112 &lt;/td&gt;&lt;/tr&gt;
&lt;tr&gt;&lt;td&gt;Heading: 121.5 &lt;/td&gt;&lt;/tr&gt;
&lt;/table&gt;</cmt>
    <desc>&lt;table&gt;
&lt;tr&gt;&lt;td&gt;Longitude: 32.830276 &lt;/td&gt;&lt;/tr&gt;
&lt;tr&gt;&lt;td&gt;Latitude: -18.346112 &lt;/td&gt;&lt;/tr&gt;
&lt;tr&gt;&lt;td&gt;Heading: 121.5 &lt;/td&gt;&lt;/tr&gt;
&lt;/table&gt;</desc>
    <sym>Flag, Blue</sym>
    <type>user</type>
    <extensions>
      <gpxx:WaypointExtension>
        <gpxx:DisplayMode>SymbolAndName</gpxx:DisplayMode>
      </gpxx:WaypointExtension>
      <wptx1:WaypointExtension>
        <wptx1:DisplayMode>SymbolAndName</wptx1:DisplayMode>
      </wptx1:WaypointExtension>
      <ctx:CreationTimeExtension>
        <ctx:CreationTime>2026-10-02T12:44:04Z</ctx:CreationTime>
      </ctx:CreationTimeExtension>
    </extensions>
  </wpt>
  <wpt lat="-18.344600005075336" lon="32.828490966930985">
    <ele>0</ele>
    <time>2026-10-02T12:44:04Z</time>
    <name>The Challenge 2025-1</name>
    <cmt>&lt;table&gt;
&lt;tr&gt;&lt;td&gt;Longitude: 32.828491 &lt;/td&gt;&lt;/tr&gt;
&lt;tr&gt;&lt;td&gt;Latitude: -18.344600 &lt;/td&gt;&lt;/tr&gt;
&lt;tr&gt;&lt;td&gt;Heading: 311.8 &lt;/td&gt;&lt;/tr&gt;
&lt;/table&gt;</cmt>
    <desc>&lt;table&gt;
&lt;tr&gt;&lt;td&gt;Longitude: 32.828491 &lt;/td&gt;&lt;/tr&gt;
&lt;tr&gt;&lt;td&gt;Latitude: -18.344600 &lt;/td&gt;&lt;/tr&gt;
&lt;tr&gt;&lt;td&gt;Heading: 311.8 &lt;/td&gt;&lt;/tr&gt;
&lt;/table&gt;</desc>
    <sym>Flag, Blue</sym>
    <type>user</type>
    <extensions>
      <gpxx:WaypointExtension>
        <gpxx:DisplayMode>SymbolAndName</gpxx:DisplayMode>
      </gpxx:WaypointExtension>
      <wptx1:WaypointExtension>
        <wptx1:DisplayMode>SymbolAndName</wptx1:DisplayMode>
      </wptx1:WaypointExtension>
      <ctx:CreationTimeExtension>
        <ctx:CreationTime>2026-10-02T12:44:04Z</ctx:CreationTime>
      </ctx:CreationTimeExtension>
    </extensions>
  </wpt>
  <wpt lat="-18.33846696652472" lon="32.833930989727378">
    <ele>0</ele>
    <time>2026-10-02T12:44:04Z</time>
    <name>The Challenge 2025-10</name>
    <cmt>&lt;table&gt;
&lt;tr&gt;&lt;td&gt;Longitude: 32.833931 &lt;/td&gt;&lt;/tr&gt;
&lt;tr&gt;&lt;td&gt;Latitude: -18.338467 &lt;/td&gt;&lt;/tr&gt;
&lt;tr&gt;&lt;td&gt;Heading: 9.8 &lt;/td&gt;&lt;/tr&gt;
&lt;/table&gt;</cmt>
    <desc>&lt;table&gt;
&lt;tr&gt;&lt;td&gt;Longitude: 32.833931 &lt;/td&gt;&lt;/tr&gt;
&lt;tr&gt;&lt;td&gt;Latitude: -18.338467 &lt;/td&gt;&lt;/tr&gt;
&lt;tr&gt;&lt;td&gt;Heading: 9.8 &lt;/td&gt;&lt;/tr&gt;
&lt;/table&gt;</desc>
    <sym>Flag, Blue</sym>
    <type>user</type>
    <extensions>
      <gpxx:WaypointExtension>
        <gpxx:DisplayMode>SymbolAndName</gpxx:DisplayMode>
      </gpxx:WaypointExtension>
      <wptx1:WaypointExtension>
        <wptx1:DisplayMode>SymbolAndName</wptx1:DisplayMode>
      </wptx1:WaypointExtension>
      <ctx:CreationTimeExtension>
        <ctx:CreationTime>2026-10-02T12:44:04Z</ctx:CreationTime>
      </ctx:CreationTimeExtension>
    </extensions>
  </wpt>
  <wpt lat="-18.312786994501948" lon="32.851602975279093">
    <ele>0</ele>
    <time>2026-10-02T12:44:04Z</time>
    <name>The Challenge 2025-100</name>
    <cmt>&lt;table&gt;
&lt;tr&gt;&lt;td&gt;Longitude: 32.851603 &lt;/td&gt;&lt;/tr&gt;
&lt;tr&gt;&lt;td&gt;Latitude: -18.312787 &lt;/td&gt;&lt;/tr&gt;
&lt;tr&gt;&lt;td&gt;Heading: 315.2 &lt;/td&gt;&lt;/tr&gt;
&lt;/table&gt;</cmt>
    <desc>&lt;table&gt;
&lt;tr&gt;&lt;td&gt;Longitude: 32.851603 &lt;/td&gt;&lt;/tr&gt;
&lt;tr&gt;&lt;td&gt;Latitude: -18.312787 &lt;/td&gt;&lt;/tr&gt;
&lt;tr&gt;&lt;td&gt;Heading: 315.2 &lt;/td&gt;&lt;/tr&gt;
&lt;/table&gt;</desc>
    <sym>Flag, Blue</sym>
    <type>user</type>
    <extensions>
      <gpxx:WaypointExtension>
        <gpxx:DisplayMode>SymbolAndName</gpxx:DisplayMode>
      </gpxx:WaypointExtension>
      <wptx1:WaypointExtension>
        <wptx1:DisplayMode>SymbolAndName</wptx1:DisplayMode>
      </wptx1:WaypointExtension>
      <ctx:CreationTimeExtension>
        <ctx:CreationTime>2026-10-02T12:44:04Z</ctx:CreationTime>
      </ctx:CreationTimeExtension>
    </extensions>
  </wpt>
  <wpt lat="-18.312780037522316" lon="32.851370964199305">
    <ele>0</ele>
    <time>2026-10-02T12:44:04Z</time>
    <name>The Challenge 2025-101</name>
    <cmt>&lt;table&gt;
&lt;tr&gt;&lt;td&gt;Longitude: 32.851371 &lt;/td&gt;&lt;/tr&gt;
&lt;tr&gt;&lt;td&gt;Latitude: -18.312780 &lt;/td&gt;&lt;/tr&gt;
&lt;tr&gt;&lt;td&gt;Heading: 271.7 &lt;/td&gt;&lt;/tr&gt;
&lt;/table&gt;</cmt>
    <desc>&lt;table&gt;
&lt;tr&gt;&lt;td&gt;Longitude: 32.851371 &lt;/td&gt;&lt;/tr&gt;
&lt;tr&gt;&lt;td&gt;Latitude: -18.312780 &lt;/td&gt;&lt;/tr&gt;
&lt;tr&gt;&lt;td&gt;Heading: 271.7 &lt;/td&gt;&lt;/tr&gt;
&lt;/table&gt;</desc>
    <sym>Flag, Blue</sym>
    <type>user</type>
    <extensions>
      <gpxx:WaypointExtension>
        <gpxx:DisplayMode>SymbolAndName</gpxx:DisplayMode>
      </gpxx:WaypointExtension>
      <wptx1:WaypointExtension>
        <wptx1:DisplayMode>SymbolAndName</wptx1:DisplayMode>
      </wptx1:WaypointExtension>
      <ctx:CreationTimeExtension>
        <ctx:CreationTime>2026-10-02T12:44:04Z</ctx:CreationTime>
      </ctx:CreationTimeExtension>
    </extensions>
  </wpt>
  <wpt lat="-18.312604017555714" lon="32.851238027215004">
    <ele>0</ele>
    <time>2026-10-02T12:44:04Z</time>
    <name>The Challenge 2025-102</name>
    <cmt>&lt;table&gt;
&lt;tr&gt;&lt;td&gt;Longitude: 32.851238 &lt;/td&gt;&lt;/tr&gt;
&lt;tr&gt;&lt;td&gt;Latitude: -18.312604 &lt;/td&gt;&lt;/tr&gt;
&lt;tr&gt;&lt;td&gt;Heading: 324.3 &lt;/td&gt;&lt;/tr&gt;
&lt;/table&gt;</cmt>
    <desc>&lt;table&gt;
&lt;tr&gt;&lt;td&gt;Longitude: 32.851238 &lt;/td&gt;&lt;/tr&gt;
&lt;tr&gt;&lt;td&gt;Latitude: -18.312604 &lt;/td&gt;&lt;/tr&gt;
&lt;tr&gt;&lt;td&gt;Heading: 324.3 &lt;/td&gt;&lt;/tr&gt;
&lt;/table&gt;</desc>
    <sym>Flag, Blue</sym>
    <type>user</type>
    <extensions>
      <gpxx:WaypointExtension>
        <gpxx:DisplayMode>SymbolAndName</gpxx:DisplayMode>
      </gpxx:WaypointExtension>
      <wptx1:WaypointExtension>
        <wptx1:DisplayMode>SymbolAndName</wptx1:DisplayMode>
      </wptx1:WaypointExtension>
      <ctx:CreationTimeExtension>
        <ctx:CreationTime>2026-10-02T12:44:04Z</ctx:CreationTime>
      </ctx:CreationTimeExtension>
    </extensions>
  </wpt>
  <wpt lat="-18.312436966225505" lon="32.851026970893145">
    <ele>0</ele>
    <time>2026-10-02T12:44:04Z</time>
    <name>The Challenge 2025-103</name>
    <cmt>&lt;table&gt;
&lt;tr&gt;&lt;td&gt;Longitude: 32.851027 &lt;/td&gt;&lt;/tr&gt;
&lt;tr&gt;&lt;td&gt;Latitude: -18.312437 &lt;/td&gt;&lt;/tr&gt;
&lt;tr&gt;&lt;td&gt;Heading: 309.9 &lt;/td&gt;&lt;/tr&gt;
&lt;/table&gt;</cmt>
    <desc>&lt;table&gt;
&lt;tr&gt;&lt;td&gt;Longitude: 32.851027 &lt;/td&gt;&lt;/tr&gt;
&lt;tr&gt;&lt;td&gt;Latitude: -18.312437 &lt;/td&gt;&lt;/tr&gt;
&lt;tr&gt;&lt;td&gt;Heading: 309.9 &lt;/td&gt;&lt;/tr&gt;
&lt;/table&gt;</desc>
    <sym>Flag, Blue</sym>
    <type>user</type>
    <extensions>
      <gpxx:WaypointExtension>
        <gpxx:DisplayMode>SymbolAndName</gpxx:DisplayMode>
      </gpxx:WaypointExtension>
      <wptx1:WaypointExtension>
        <wptx1:DisplayMode>SymbolAndName</wptx1:DisplayMode>
      </wptx1:WaypointExtension>
      <ctx:CreationTimeExtension>
        <ctx:CreationTime>2026-10-02T12:44:04Z</ctx:CreationTime>
      </ctx:CreationTimeExtension>
    </extensions>
  </wpt>
  <wpt lat="-18.312162961810827" lon="32.850860003381968">
    <ele>0</ele>
    <time>2026-10-02T12:44:04Z</time>
    <name>The Challenge 2025-104</name>
    <cmt>&lt;table&gt;
&lt;tr&gt;&lt;td&gt;Longitude: 32.850860 &lt;/td&gt;&lt;/tr&gt;
&lt;tr&gt;&lt;td&gt;Latitude: -18.312163 &lt;/td&gt;&lt;/tr&gt;
&lt;tr&gt;&lt;td&gt;Heading: 329.9 &lt;/td&gt;&lt;/tr&gt;
&lt;/table&gt;</cmt>
    <desc>&lt;table&gt;
&lt;tr&gt;&lt;td&gt;Longitude: 32.850860 &lt;/td&gt;&lt;/tr&gt;
&lt;tr&gt;&lt;td&gt;Latitude: -18.312163 &lt;/td&gt;&lt;/tr&gt;
&lt;tr&gt;&lt;td&gt;Heading: 329.9 &lt;/td&gt;&lt;/tr&gt;
&lt;/table&gt;</desc>
    <sym>Flag, Blue</sym>
    <type>user</type>
    <extensions>
      <gpxx:WaypointExtension>
        <gpxx:DisplayMode>SymbolAndName</gpxx:DisplayMode>
      </gpxx:WaypointExtension>
      <wptx1:WaypointExtension>
        <wptx1:DisplayMode>SymbolAndName</wptx1:DisplayMode>
      </wptx1:WaypointExtension>
      <ctx:CreationTimeExtension>
        <ctx:CreationTime>2026-10-02T12:44:04Z</ctx:CreationTime>
      </ctx:CreationTimeExtension>
    </extensions>
  </wpt>
  <wpt lat="-18.31195299513638" lon="32.85062899813056">
    <ele>0</ele>
    <time>2026-10-02T12:44:04Z</time>
    <name>The Challenge 2025-105</name>
    <cmt>&lt;table&gt;
&lt;tr&gt;&lt;td&gt;Longitude: 32.850629 &lt;/td&gt;&lt;/tr&gt;
&lt;tr&gt;&lt;td&gt;Latitude: -18.311953 &lt;/td&gt;&lt;/tr&gt;
&lt;tr&gt;&lt;td&gt;Heading: 313.9 &lt;/td&gt;&lt;/tr&gt;
&lt;/table&gt;</cmt>
    <desc>&lt;table&gt;
&lt;tr&gt;&lt;td&gt;Longitude: 32.850629 &lt;/td&gt;&lt;/tr&gt;
&lt;tr&gt;&lt;td&gt;Latitude: -18.311953 &lt;/td&gt;&lt;/tr&gt;
&lt;tr&gt;&lt;td&gt;Heading: 313.9 &lt;/td&gt;&lt;/tr&gt;
&lt;/table&gt;</desc>
    <sym>Flag, Blue</sym>
    <type>user</type>
    <extensions>
      <gpxx:WaypointExtension>
        <gpxx:DisplayMode>SymbolAndName</gpxx:DisplayMode>
      </gpxx:WaypointExtension>
      <wptx1:WaypointExtension>
        <wptx1:DisplayMode>SymbolAndName</wptx1:DisplayMode>
      </wptx1:WaypointExtension>
      <ctx:CreationTimeExtension>
        <ctx:CreationTime>2026-10-02T12:44:04Z</ctx:CreationTime>
      </ctx:CreationTimeExtension>
    </extensions>
  </wpt>
  <wpt lat="-18.311210023239255" lon="32.850072020664811">
    <ele>0</ele>
    <time>2026-10-02T12:44:04Z</time>
    <name>The Challenge 2025-106</name>
    <cmt>&lt;table&gt;
&lt;tr&gt;&lt;td&gt;Longitude: 32.850072 &lt;/td&gt;&lt;/tr&gt;
&lt;tr&gt;&lt;td&gt;Latitude: -18.311210 &lt;/td&gt;&lt;/tr&gt;
&lt;tr&gt;&lt;td&gt;Heading: 324.5 &lt;/td&gt;&lt;/tr&gt;
&lt;/table&gt;</cmt>
    <desc>&lt;table&gt;
&lt;tr&gt;&lt;td&gt;Longitude: 32.850072 &lt;/td&gt;&lt;/tr&gt;
&lt;tr&gt;&lt;td&gt;Latitude: -18.311210 &lt;/td&gt;&lt;/tr&gt;
&lt;tr&gt;&lt;td&gt;Heading: 324.5 &lt;/td&gt;&lt;/tr&gt;
&lt;/table&gt;</desc>
    <sym>Flag, Blue</sym>
    <type>user</type>
    <extensions>
      <gpxx:WaypointExtension>
        <gpxx:DisplayMode>SymbolAndName</gpxx:DisplayMode>
      </gpxx:WaypointExtension>
      <wptx1:WaypointExtension>
        <wptx1:DisplayMode>SymbolAndName</wptx1:DisplayMode>
      </wptx1:WaypointExtension>
      <ctx:CreationTimeExtension>
        <ctx:CreationTime>2026-10-02T12:44:04Z</ctx:CreationTime>
      </ctx:CreationTimeExtension>
    </extensions>
  </wpt>
  <wpt lat="-18.310908023267984" lon="32.849765997380018">
    <ele>0</ele>
    <time>2026-10-02T12:44:04Z</time>
    <name>The Challenge 2025-107</name>
    <cmt>&lt;table&gt;
&lt;tr&gt;&lt;td&gt;Longitude: 32.849766 &lt;/td&gt;&lt;/tr&gt;
&lt;tr&gt;&lt;td&gt;Latitude: -18.310908 &lt;/td&gt;&lt;/tr&gt;
&lt;tr&gt;&lt;td&gt;Heading: 316.1 &lt;/td&gt;&lt;/tr&gt;
&lt;/table&gt;</cmt>
    <desc>&lt;table&gt;
&lt;tr&gt;&lt;td&gt;Longitude: 32.849766 &lt;/td&gt;&lt;/tr&gt;
&lt;tr&gt;&lt;td&gt;Latitude: -18.310908 &lt;/td&gt;&lt;/tr&gt;
&lt;tr&gt;&lt;td&gt;Heading: 316.1 &lt;/td&gt;&lt;/tr&gt;
&lt;/table&gt;</desc>
    <sym>Flag, Blue</sym>
    <type>user</type>
    <extensions>
      <gpxx:WaypointExtension>
        <gpxx:DisplayMode>SymbolAndName</gpxx:DisplayMode>
      </gpxx:WaypointExtension>
      <wptx1:WaypointExtension>
        <wptx1:DisplayMode>SymbolAndName</wptx1:DisplayMode>
      </wptx1:WaypointExtension>
      <ctx:CreationTimeExtension>
        <ctx:CreationTime>2026-10-02T12:44:04Z</ctx:CreationTime>
      </ctx:CreationTimeExtension>
    </extensions>
  </wpt>
  <wpt lat="-18.310740971937776" lon="32.849725009873509">
    <ele>0</ele>
    <time>2026-10-02T12:44:04Z</time>
    <name>The Challenge 2025-108</name>
    <cmt>&lt;table&gt;
&lt;tr&gt;&lt;td&gt;Longitude: 32.849725 &lt;/td&gt;&lt;/tr&gt;
&lt;tr&gt;&lt;td&gt;Latitude: -18.310741 &lt;/td&gt;&lt;/tr&gt;
&lt;tr&gt;&lt;td&gt;Heading: 346.8 &lt;/td&gt;&lt;/tr&gt;
&lt;/table&gt;</cmt>
    <desc>&lt;table&gt;
&lt;tr&gt;&lt;td&gt;Longitude: 32.849725 &lt;/td&gt;&lt;/tr&gt;
&lt;tr&gt;&lt;td&gt;Latitude: -18.310741 &lt;/td&gt;&lt;/tr&gt;
&lt;tr&gt;&lt;td&gt;Heading: 346.8 &lt;/td&gt;&lt;/tr&gt;
&lt;/table&gt;</desc>
    <sym>Flag, Blue</sym>
    <type>user</type>
    <extensions>
      <gpxx:WaypointExtension>
        <gpxx:DisplayMode>SymbolAndName</gpxx:DisplayMode>
      </gpxx:WaypointExtension>
      <wptx1:WaypointExtension>
        <wptx1:DisplayMode>SymbolAndName</wptx1:DisplayMode>
      </wptx1:WaypointExtension>
      <ctx:CreationTimeExtension>
        <ctx:CreationTime>2026-10-02T12:44:04Z</ctx:CreationTime>
      </ctx:CreationTimeExtension>
    </extensions>
  </wpt>
  <wpt lat="-18.310296982526779" lon="32.848962005227804">
    <ele>0</ele>
    <time>2026-10-02T12:44:04Z</time>
    <name>The Challenge 2025-109</name>
    <cmt>&lt;table&gt;
&lt;tr&gt;&lt;td&gt;Longitude: 32.848962 &lt;/td&gt;&lt;/tr&gt;
&lt;tr&gt;&lt;td&gt;Latitude: -18.310297 &lt;/td&gt;&lt;/tr&gt;
&lt;tr&gt;&lt;td&gt;Heading: 301.5 &lt;/td&gt;&lt;/tr&gt;
&lt;/table&gt;</cmt>
    <desc>&lt;table&gt;
&lt;tr&gt;&lt;td&gt;Longitude: 32.848962 &lt;/td&gt;&lt;/tr&gt;
&lt;tr&gt;&lt;td&gt;Latitude: -18.310297 &lt;/td&gt;&lt;/tr&gt;
&lt;tr&gt;&lt;td&gt;Heading: 301.5 &lt;/td&gt;&lt;/tr&gt;
&lt;/table&gt;</desc>
    <sym>Flag, Blue</sym>
    <type>user</type>
    <extensions>
      <gpxx:WaypointExtension>
        <gpxx:DisplayMode>SymbolAndName</gpxx:DisplayMode>
      </gpxx:WaypointExtension>
      <wptx1:WaypointExtension>
        <wptx1:DisplayMode>SymbolAndName</wptx1:DisplayMode>
      </wptx1:WaypointExtension>
      <ctx:CreationTimeExtension>
        <ctx:CreationTime>2026-10-02T12:44:04Z</ctx:CreationTime>
      </ctx:CreationTimeExtension>
    </extensions>
  </wpt>
  <wpt lat="-18.337216973304749" lon="32.834851993247867">
    <ele>0</ele>
    <time>2026-10-02T12:44:04Z</time>
    <name>The Challenge 2025-11</name>
    <cmt>&lt;table&gt;
&lt;tr&gt;&lt;td&gt;Longitude: 32.834852 &lt;/td&gt;&lt;/tr&gt;
&lt;tr&gt;&lt;td&gt;Latitude: -18.337217 &lt;/td&gt;&lt;/tr&gt;
&lt;tr&gt;&lt;td&gt;Heading: 35.0 &lt;/td&gt;&lt;/tr&gt;
&lt;/table&gt;</cmt>
    <desc>&lt;table&gt;
&lt;tr&gt;&lt;td&gt;Longitude: 32.834852 &lt;/td&gt;&lt;/tr&gt;
&lt;tr&gt;&lt;td&gt;Latitude: -18.337217 &lt;/td&gt;&lt;/tr&gt;
&lt;tr&gt;&lt;td&gt;Heading: 35.0 &lt;/td&gt;&lt;/tr&gt;
&lt;/table&gt;</desc>
    <sym>Flag, Blue</sym>
    <type>user</type>
    <extensions>
      <gpxx:WaypointExtension>
        <gpxx:DisplayMode>SymbolAndName</gpxx:DisplayMode>
      </gpxx:WaypointExtension>
      <wptx1:WaypointExtension>
        <wptx1:DisplayMode>SymbolAndName</wptx1:DisplayMode>
      </wptx1:WaypointExtension>
      <ctx:CreationTimeExtension>
        <ctx:CreationTime>2026-10-02T12:44:04Z</ctx:CreationTime>
      </ctx:CreationTimeExtension>
    </extensions>
  </wpt>
  <wpt lat="-18.309682002291083" lon="32.848754972219467">
    <ele>0</ele>
    <time>2026-10-02T12:44:04Z</time>
    <name>The Challenge 2025-110</name>
    <cmt>&lt;table&gt;
&lt;tr&gt;&lt;td&gt;Longitude: 32.848755 &lt;/td&gt;&lt;/tr&gt;
&lt;tr&gt;&lt;td&gt;Latitude: -18.309682 &lt;/td&gt;&lt;/tr&gt;
&lt;tr&gt;&lt;td&gt;Heading: 342.4 &lt;/td&gt;&lt;/tr&gt;
&lt;/table&gt;</cmt>
    <desc>&lt;table&gt;
&lt;tr&gt;&lt;td&gt;Longitude: 32.848755 &lt;/td&gt;&lt;/tr&gt;
&lt;tr&gt;&lt;td&gt;Latitude: -18.309682 &lt;/td&gt;&lt;/tr&gt;
&lt;tr&gt;&lt;td&gt;Heading: 342.4 &lt;/td&gt;&lt;/tr&gt;
&lt;/table&gt;</desc>
    <sym>Flag, Blue</sym>
    <type>user</type>
    <extensions>
      <gpxx:WaypointExtension>
        <gpxx:DisplayMode>SymbolAndName</gpxx:DisplayMode>
      </gpxx:WaypointExtension>
      <wptx1:WaypointExtension>
        <wptx1:DisplayMode>SymbolAndName</wptx1:DisplayMode>
      </wptx1:WaypointExtension>
      <ctx:CreationTimeExtension>
        <ctx:CreationTime>2026-10-02T12:44:04Z</ctx:CreationTime>
      </ctx:CreationTimeExtension>
    </extensions>
  </wpt>
  <wpt lat="-18.309300038963556" lon="32.848210986703634">
    <ele>0</ele>
    <time>2026-10-02T12:44:04Z</time>
    <name>The Challenge 2025-111</name>
    <cmt>&lt;table&gt;
&lt;tr&gt;&lt;td&gt;Longitude: 32.848211 &lt;/td&gt;&lt;/tr&gt;
&lt;tr&gt;&lt;td&gt;Latitude: -18.309300 &lt;/td&gt;&lt;/tr&gt;
&lt;tr&gt;&lt;td&gt;Heading: 306.4 &lt;/td&gt;&lt;/tr&gt;
&lt;/table&gt;</cmt>
    <desc>&lt;table&gt;
&lt;tr&gt;&lt;td&gt;Longitude: 32.848211 &lt;/td&gt;&lt;/tr&gt;
&lt;tr&gt;&lt;td&gt;Latitude: -18.309300 &lt;/td&gt;&lt;/tr&gt;
&lt;tr&gt;&lt;td&gt;Heading: 306.4 &lt;/td&gt;&lt;/tr&gt;
&lt;/table&gt;</desc>
    <sym>Flag, Blue</sym>
    <type>user</type>
    <extensions>
      <gpxx:WaypointExtension>
        <gpxx:DisplayMode>SymbolAndName</gpxx:DisplayMode>
      </gpxx:WaypointExtension>
      <wptx1:WaypointExtension>
        <wptx1:DisplayMode>SymbolAndName</wptx1:DisplayMode>
      </wptx1:WaypointExtension>
      <ctx:CreationTimeExtension>
        <ctx:CreationTime>2026-10-02T12:44:04Z</ctx:CreationTime>
      </ctx:CreationTimeExtension>
    </extensions>
  </wpt>
  <wpt lat="-18.308737026527524" lon="32.848143009468913">
    <ele>0</ele>
    <time>2026-10-02T12:44:04Z</time>
    <name>The Challenge 2025-112</name>
    <cmt>&lt;table&gt;
&lt;tr&gt;&lt;td&gt;Longitude: 32.848143 &lt;/td&gt;&lt;/tr&gt;
&lt;tr&gt;&lt;td&gt;Latitude: -18.308737 &lt;/td&gt;&lt;/tr&gt;
&lt;tr&gt;&lt;td&gt;Heading: 353.5 &lt;/td&gt;&lt;/tr&gt;
&lt;/table&gt;</cmt>
    <desc>&lt;table&gt;
&lt;tr&gt;&lt;td&gt;Longitude: 32.848143 &lt;/td&gt;&lt;/tr&gt;
&lt;tr&gt;&lt;td&gt;Latitude: -18.308737 &lt;/td&gt;&lt;/tr&gt;
&lt;tr&gt;&lt;td&gt;Heading: 353.5 &lt;/td&gt;&lt;/tr&gt;
&lt;/table&gt;</desc>
    <sym>Flag, Blue</sym>
    <type>user</type>
    <extensions>
      <gpxx:WaypointExtension>
        <gpxx:DisplayMode>SymbolAndName</gpxx:DisplayMode>
      </gpxx:WaypointExtension>
      <wptx1:WaypointExtension>
        <wptx1:DisplayMode>SymbolAndName</wptx1:DisplayMode>
      </wptx1:WaypointExtension>
      <ctx:CreationTimeExtension>
        <ctx:CreationTime>2026-10-02T12:44:04Z</ctx:CreationTime>
      </ctx:CreationTimeExtension>
    </extensions>
  </wpt>
  <wpt lat="-18.308303011581302" lon="32.847628025338054">
    <ele>0</ele>
    <time>2026-10-02T12:44:04Z</time>
    <name>The Challenge 2025-113</name>
    <cmt>&lt;table&gt;
&lt;tr&gt;&lt;td&gt;Longitude: 32.847628 &lt;/td&gt;&lt;/tr&gt;
&lt;tr&gt;&lt;td&gt;Latitude: -18.308303 &lt;/td&gt;&lt;/tr&gt;
&lt;tr&gt;&lt;td&gt;Heading: 311.5 &lt;/td&gt;&lt;/tr&gt;
&lt;/table&gt;</cmt>
    <desc>&lt;table&gt;
&lt;tr&gt;&lt;td&gt;Longitude: 32.847628 &lt;/td&gt;&lt;/tr&gt;
&lt;tr&gt;&lt;td&gt;Latitude: -18.308303 &lt;/td&gt;&lt;/tr&gt;
&lt;tr&gt;&lt;td&gt;Heading: 311.5 &lt;/td&gt;&lt;/tr&gt;
&lt;/table&gt;</desc>
    <sym>Flag, Blue</sym>
    <type>user</type>
    <extensions>
      <gpxx:WaypointExtension>
        <gpxx:DisplayMode>SymbolAndName</gpxx:DisplayMode>
      </gpxx:WaypointExtension>
      <wptx1:WaypointExtension>
        <wptx1:DisplayMode>SymbolAndName</wptx1:DisplayMode>
      </wptx1:WaypointExtension>
      <ctx:CreationTimeExtension>
        <ctx:CreationTime>2026-10-02T12:44:04Z</ctx:CreationTime>
      </ctx:CreationTimeExtension>
    </extensions>
  </wpt>
  <wpt lat="-18.307779980823398" lon="32.847268022596836">
    <ele>0</ele>
    <time>2026-10-02T12:44:04Z</time>
    <name>The Challenge 2025-114</name>
    <cmt>&lt;table&gt;
&lt;tr&gt;&lt;td&gt;Longitude: 32.847268 &lt;/td&gt;&lt;/tr&gt;
&lt;tr&gt;&lt;td&gt;Latitude: -18.307780 &lt;/td&gt;&lt;/tr&gt;
&lt;tr&gt;&lt;td&gt;Heading: 326.9 &lt;/td&gt;&lt;/tr&gt;
&lt;/table&gt;</cmt>
    <desc>&lt;table&gt;
&lt;tr&gt;&lt;td&gt;Longitude: 32.847268 &lt;/td&gt;&lt;/tr&gt;
&lt;tr&gt;&lt;td&gt;Latitude: -18.307780 &lt;/td&gt;&lt;/tr&gt;
&lt;tr&gt;&lt;td&gt;Heading: 326.9 &lt;/td&gt;&lt;/tr&gt;
&lt;/table&gt;</desc>
    <sym>Flag, Blue</sym>
    <type>user</type>
    <extensions>
      <gpxx:WaypointExtension>
        <gpxx:DisplayMode>SymbolAndName</gpxx:DisplayMode>
      </gpxx:WaypointExtension>
      <wptx1:WaypointExtension>
        <wptx1:DisplayMode>SymbolAndName</wptx1:DisplayMode>
      </wptx1:WaypointExtension>
      <ctx:CreationTimeExtension>
        <ctx:CreationTime>2026-10-02T12:44:04Z</ctx:CreationTime>
      </ctx:CreationTimeExtension>
    </extensions>
  </wpt>
  <wpt lat="-18.307469012215734" lon="32.847069958224893">
    <ele>0</ele>
    <time>2026-10-02T12:44:04Z</time>
    <name>The Challenge 2025-115</name>
    <cmt>&lt;table&gt;
&lt;tr&gt;&lt;td&gt;Longitude: 32.847070 &lt;/td&gt;&lt;/tr&gt;
&lt;tr&gt;&lt;td&gt;Latitude: -18.307469 &lt;/td&gt;&lt;/tr&gt;
&lt;tr&gt;&lt;td&gt;Heading: 328.8 &lt;/td&gt;&lt;/tr&gt;
&lt;/table&gt;</cmt>
    <desc>&lt;table&gt;
&lt;tr&gt;&lt;td&gt;Longitude: 32.847070 &lt;/td&gt;&lt;/tr&gt;
&lt;tr&gt;&lt;td&gt;Latitude: -18.307469 &lt;/td&gt;&lt;/tr&gt;
&lt;tr&gt;&lt;td&gt;Heading: 328.8 &lt;/td&gt;&lt;/tr&gt;
&lt;/table&gt;</desc>
    <sym>Flag, Blue</sym>
    <type>user</type>
    <extensions>
      <gpxx:WaypointExtension>
        <gpxx:DisplayMode>SymbolAndName</gpxx:DisplayMode>
      </gpxx:WaypointExtension>
      <wptx1:WaypointExtension>
        <wptx1:DisplayMode>SymbolAndName</wptx1:DisplayMode>
      </wptx1:WaypointExtension>
      <ctx:CreationTimeExtension>
        <ctx:CreationTime>2026-10-02T12:44:04Z</ctx:CreationTime>
      </ctx:CreationTimeExtension>
    </extensions>
  </wpt>
  <wpt lat="-18.307003984227777" lon="32.846779022365808">
    <ele>0</ele>
    <time>2026-10-02T12:44:04Z</time>
    <name>The Challenge 2025-116</name>
    <cmt>&lt;table&gt;
&lt;tr&gt;&lt;td&gt;Longitude: 32.846779 &lt;/td&gt;&lt;/tr&gt;
&lt;tr&gt;&lt;td&gt;Latitude: -18.307004 &lt;/td&gt;&lt;/tr&gt;
&lt;tr&gt;&lt;td&gt;Heading: 329.3 &lt;/td&gt;&lt;/tr&gt;
&lt;/table&gt;</cmt>
    <desc>&lt;table&gt;
&lt;tr&gt;&lt;td&gt;Longitude: 32.846779 &lt;/td&gt;&lt;/tr&gt;
&lt;tr&gt;&lt;td&gt;Latitude: -18.307004 &lt;/td&gt;&lt;/tr&gt;
&lt;tr&gt;&lt;td&gt;Heading: 329.3 &lt;/td&gt;&lt;/tr&gt;
&lt;/table&gt;</desc>
    <sym>Flag, Blue</sym>
    <type>user</type>
    <extensions>
      <gpxx:WaypointExtension>
        <gpxx:DisplayMode>SymbolAndName</gpxx:DisplayMode>
      </gpxx:WaypointExtension>
      <wptx1:WaypointExtension>
        <wptx1:DisplayMode>SymbolAndName</wptx1:DisplayMode>
      </wptx1:WaypointExtension>
      <ctx:CreationTimeExtension>
        <ctx:CreationTime>2026-10-02T12:44:04Z</ctx:CreationTime>
      </ctx:CreationTimeExtension>
    </extensions>
  </wpt>
  <wpt lat="-18.306778008118272" lon="32.846711967140436">
    <ele>0</ele>
    <time>2026-10-02T12:44:04Z</time>
    <name>The Challenge 2025-117</name>
    <cmt>&lt;table&gt;
&lt;tr&gt;&lt;td&gt;Longitude: 32.846712 &lt;/td&gt;&lt;/tr&gt;
&lt;tr&gt;&lt;td&gt;Latitude: -18.306778 &lt;/td&gt;&lt;/tr&gt;
&lt;tr&gt;&lt;td&gt;Heading: 344.3 &lt;/td&gt;&lt;/tr&gt;
&lt;/table&gt;</cmt>
    <desc>&lt;table&gt;
&lt;tr&gt;&lt;td&gt;Longitude: 32.846712 &lt;/td&gt;&lt;/tr&gt;
&lt;tr&gt;&lt;td&gt;Latitude: -18.306778 &lt;/td&gt;&lt;/tr&gt;
&lt;tr&gt;&lt;td&gt;Heading: 344.3 &lt;/td&gt;&lt;/tr&gt;
&lt;/table&gt;</desc>
    <sym>Flag, Blue</sym>
    <type>user</type>
    <extensions>
      <gpxx:WaypointExtension>
        <gpxx:DisplayMode>SymbolAndName</gpxx:DisplayMode>
      </gpxx:WaypointExtension>
      <wptx1:WaypointExtension>
        <wptx1:DisplayMode>SymbolAndName</wptx1:DisplayMode>
      </wptx1:WaypointExtension>
      <ctx:CreationTimeExtension>
        <ctx:CreationTime>2026-10-02T12:44:04Z</ctx:CreationTime>
      </ctx:CreationTimeExtension>
    </extensions>
  </wpt>
  <wpt lat="-18.306358996778727" lon="32.846015011891723">
    <ele>0</ele>
    <time>2026-10-02T12:44:04Z</time>
    <name>The Challenge 2025-118</name>
    <cmt>&lt;table&gt;
&lt;tr&gt;&lt;td&gt;Longitude: 32.846015 &lt;/td&gt;&lt;/tr&gt;
&lt;tr&gt;&lt;td&gt;Latitude: -18.306359 &lt;/td&gt;&lt;/tr&gt;
&lt;tr&gt;&lt;td&gt;Heading: 302.3 &lt;/td&gt;&lt;/tr&gt;
&lt;/table&gt;</cmt>
    <desc>&lt;table&gt;
&lt;tr&gt;&lt;td&gt;Longitude: 32.846015 &lt;/td&gt;&lt;/tr&gt;
&lt;tr&gt;&lt;td&gt;Latitude: -18.306359 &lt;/td&gt;&lt;/tr&gt;
&lt;tr&gt;&lt;td&gt;Heading: 302.3 &lt;/td&gt;&lt;/tr&gt;
&lt;/table&gt;</desc>
    <sym>Flag, Blue</sym>
    <type>user</type>
    <extensions>
      <gpxx:WaypointExtension>
        <gpxx:DisplayMode>SymbolAndName</gpxx:DisplayMode>
      </gpxx:WaypointExtension>
      <wptx1:WaypointExtension>
        <wptx1:DisplayMode>SymbolAndName</wptx1:DisplayMode>
      </wptx1:WaypointExtension>
      <ctx:CreationTimeExtension>
        <ctx:CreationTime>2026-10-02T12:44:04Z</ctx:CreationTime>
      </ctx:CreationTimeExtension>
    </extensions>
  </wpt>
  <wpt lat="-18.30619596876204" lon="32.84607301466167">
    <ele>0</ele>
    <time>2026-10-02T12:44:04Z</time>
    <name>The Challenge 2025-119</name>
    <cmt>&lt;table&gt;
&lt;tr&gt;&lt;td&gt;Longitude: 32.846073 &lt;/td&gt;&lt;/tr&gt;
&lt;tr&gt;&lt;td&gt;Latitude: -18.306196 &lt;/td&gt;&lt;/tr&gt;
&lt;tr&gt;&lt;td&gt;Heading: 18.6 &lt;/td&gt;&lt;/tr&gt;
&lt;/table&gt;</cmt>
    <desc>&lt;table&gt;
&lt;tr&gt;&lt;td&gt;Longitude: 32.846073 &lt;/td&gt;&lt;/tr&gt;
&lt;tr&gt;&lt;td&gt;Latitude: -18.306196 &lt;/td&gt;&lt;/tr&gt;
&lt;tr&gt;&lt;td&gt;Heading: 18.6 &lt;/td&gt;&lt;/tr&gt;
&lt;/table&gt;</desc>
    <sym>Flag, Blue</sym>
    <type>user</type>
    <extensions>
      <gpxx:WaypointExtension>
        <gpxx:DisplayMode>SymbolAndName</gpxx:DisplayMode>
      </gpxx:WaypointExtension>
      <wptx1:WaypointExtension>
        <wptx1:DisplayMode>SymbolAndName</wptx1:DisplayMode>
      </wptx1:WaypointExtension>
      <ctx:CreationTimeExtension>
        <ctx:CreationTime>2026-10-02T12:44:04Z</ctx:CreationTime>
      </ctx:CreationTimeExtension>
    </extensions>
  </wpt>
  <wpt lat="-18.336384985595942" lon="32.836079020053148">
    <ele>0</ele>
    <time>2026-10-02T12:44:04Z</time>
    <name>The Challenge 2025-12</name>
    <cmt>&lt;table&gt;
&lt;tr&gt;&lt;td&gt;Longitude: 32.836079 &lt;/td&gt;&lt;/tr&gt;
&lt;tr&gt;&lt;td&gt;Latitude: -18.336385 &lt;/td&gt;&lt;/tr&gt;
&lt;tr&gt;&lt;td&gt;Heading: 54.5 &lt;/td&gt;&lt;/tr&gt;
&lt;/table&gt;</cmt>
    <desc>&lt;table&gt;
&lt;tr&gt;&lt;td&gt;Longitude: 32.836079 &lt;/td&gt;&lt;/tr&gt;
&lt;tr&gt;&lt;td&gt;Latitude: -18.336385 &lt;/td&gt;&lt;/tr&gt;
&lt;tr&gt;&lt;td&gt;Heading: 54.5 &lt;/td&gt;&lt;/tr&gt;
&lt;/table&gt;</desc>
    <sym>Flag, Blue</sym>
    <type>user</type>
    <extensions>
      <gpxx:WaypointExtension>
        <gpxx:DisplayMode>SymbolAndName</gpxx:DisplayMode>
      </gpxx:WaypointExtension>
      <wptx1:WaypointExtension>
        <wptx1:DisplayMode>SymbolAndName</wptx1:DisplayMode>
      </wptx1:WaypointExtension>
      <ctx:CreationTimeExtension>
        <ctx:CreationTime>2026-10-02T12:44:04Z</ctx:CreationTime>
      </ctx:CreationTimeExtension>
    </extensions>
  </wpt>
  <wpt lat="-18.305876031517982" lon="32.845704965293407">
    <ele>0</ele>
    <time>2026-10-02T12:44:04Z</time>
    <name>The Challenge 2025-120</name>
    <cmt>&lt;table&gt;
&lt;tr&gt;&lt;td&gt;Longitude: 32.845705 &lt;/td&gt;&lt;/tr&gt;
&lt;tr&gt;&lt;td&gt;Latitude: -18.305876 &lt;/td&gt;&lt;/tr&gt;
&lt;tr&gt;&lt;td&gt;Heading: 312.5 &lt;/td&gt;&lt;/tr&gt;
&lt;/table&gt;</cmt>
    <desc>&lt;table&gt;
&lt;tr&gt;&lt;td&gt;Longitude: 32.845705 &lt;/td&gt;&lt;/tr&gt;
&lt;tr&gt;&lt;td&gt;Latitude: -18.305876 &lt;/td&gt;&lt;/tr&gt;
&lt;tr&gt;&lt;td&gt;Heading: 312.5 &lt;/td&gt;&lt;/tr&gt;
&lt;/table&gt;</desc>
    <sym>Flag, Blue</sym>
    <type>user</type>
    <extensions>
      <gpxx:WaypointExtension>
        <gpxx:DisplayMode>SymbolAndName</gpxx:DisplayMode>
      </gpxx:WaypointExtension>
      <wptx1:WaypointExtension>
        <wptx1:DisplayMode>SymbolAndName</wptx1:DisplayMode>
      </wptx1:WaypointExtension>
      <ctx:CreationTimeExtension>
        <ctx:CreationTime>2026-10-02T12:44:04Z</ctx:CreationTime>
      </ctx:CreationTimeExtension>
    </extensions>
  </wpt>
  <wpt lat="-18.305607978254557" lon="32.84542802721262">
    <ele>0</ele>
    <time>2026-10-02T12:44:04Z</time>
    <name>The Challenge 2025-121</name>
    <cmt>&lt;table&gt;
&lt;tr&gt;&lt;td&gt;Longitude: 32.845428 &lt;/td&gt;&lt;/tr&gt;
&lt;tr&gt;&lt;td&gt;Latitude: -18.305608 &lt;/td&gt;&lt;/tr&gt;
&lt;tr&gt;&lt;td&gt;Heading: 315.6 &lt;/td&gt;&lt;/tr&gt;
&lt;/table&gt;</cmt>
    <desc>&lt;table&gt;
&lt;tr&gt;&lt;td&gt;Longitude: 32.845428 &lt;/td&gt;&lt;/tr&gt;
&lt;tr&gt;&lt;td&gt;Latitude: -18.305608 &lt;/td&gt;&lt;/tr&gt;
&lt;tr&gt;&lt;td&gt;Heading: 315.6 &lt;/td&gt;&lt;/tr&gt;
&lt;/table&gt;</desc>
    <sym>Flag, Blue</sym>
    <type>user</type>
    <extensions>
      <gpxx:WaypointExtension>
        <gpxx:DisplayMode>SymbolAndName</gpxx:DisplayMode>
      </gpxx:WaypointExtension>
      <wptx1:WaypointExtension>
        <wptx1:DisplayMode>SymbolAndName</wptx1:DisplayMode>
      </wptx1:WaypointExtension>
      <ctx:CreationTimeExtension>
        <ctx:CreationTime>2026-10-02T12:44:04Z</ctx:CreationTime>
      </ctx:CreationTimeExtension>
    </extensions>
  </wpt>
  <wpt lat="-18.304860983043909" lon="32.84517397172749">
    <ele>0</ele>
    <time>2026-10-02T12:44:04Z</time>
    <name>The Challenge 2025-122</name>
    <cmt>&lt;table&gt;
&lt;tr&gt;&lt;td&gt;Longitude: 32.845174 &lt;/td&gt;&lt;/tr&gt;
&lt;tr&gt;&lt;td&gt;Latitude: -18.304861 &lt;/td&gt;&lt;/tr&gt;
&lt;tr&gt;&lt;td&gt;Heading: 342.1 &lt;/td&gt;&lt;/tr&gt;
&lt;/table&gt;</cmt>
    <desc>&lt;table&gt;
&lt;tr&gt;&lt;td&gt;Longitude: 32.845174 &lt;/td&gt;&lt;/tr&gt;
&lt;tr&gt;&lt;td&gt;Latitude: -18.304861 &lt;/td&gt;&lt;/tr&gt;
&lt;tr&gt;&lt;td&gt;Heading: 342.1 &lt;/td&gt;&lt;/tr&gt;
&lt;/table&gt;</desc>
    <sym>Flag, Blue</sym>
    <type>user</type>
    <extensions>
      <gpxx:WaypointExtension>
        <gpxx:DisplayMode>SymbolAndName</gpxx:DisplayMode>
      </gpxx:WaypointExtension>
      <wptx1:WaypointExtension>
        <wptx1:DisplayMode>SymbolAndName</wptx1:DisplayMode>
      </wptx1:WaypointExtension>
      <ctx:CreationTimeExtension>
        <ctx:CreationTime>2026-10-02T12:44:04Z</ctx:CreationTime>
      </ctx:CreationTimeExtension>
    </extensions>
  </wpt>
  <wpt lat="-18.304587984457612" lon="32.844662005081773">
    <ele>0</ele>
    <time>2026-10-02T12:44:04Z</time>
    <name>The Challenge 2025-123</name>
    <cmt>&lt;table&gt;
&lt;tr&gt;&lt;td&gt;Longitude: 32.844662 &lt;/td&gt;&lt;/tr&gt;
&lt;tr&gt;&lt;td&gt;Latitude: -18.304588 &lt;/td&gt;&lt;/tr&gt;
&lt;tr&gt;&lt;td&gt;Heading: 299.3 &lt;/td&gt;&lt;/tr&gt;
&lt;/table&gt;</cmt>
    <desc>&lt;table&gt;
&lt;tr&gt;&lt;td&gt;Longitude: 32.844662 &lt;/td&gt;&lt;/tr&gt;
&lt;tr&gt;&lt;td&gt;Latitude: -18.304588 &lt;/td&gt;&lt;/tr&gt;
&lt;tr&gt;&lt;td&gt;Heading: 299.3 &lt;/td&gt;&lt;/tr&gt;
&lt;/table&gt;</desc>
    <sym>Flag, Blue</sym>
    <type>user</type>
    <extensions>
      <gpxx:WaypointExtension>
        <gpxx:DisplayMode>SymbolAndName</gpxx:DisplayMode>
      </gpxx:WaypointExtension>
      <wptx1:WaypointExtension>
        <wptx1:DisplayMode>SymbolAndName</wptx1:DisplayMode>
      </wptx1:WaypointExtension>
      <ctx:CreationTimeExtension>
        <ctx:CreationTime>2026-10-02T12:44:04Z</ctx:CreationTime>
      </ctx:CreationTimeExtension>
    </extensions>
  </wpt>
  <wpt lat="-18.304338036105037" lon="32.844516998156905">
    <ele>0</ele>
    <time>2026-10-02T12:44:04Z</time>
    <name>The Challenge 2025-124</name>
    <cmt>&lt;table&gt;
&lt;tr&gt;&lt;td&gt;Longitude: 32.844517 &lt;/td&gt;&lt;/tr&gt;
&lt;tr&gt;&lt;td&gt;Latitude: -18.304338 &lt;/td&gt;&lt;/tr&gt;
&lt;tr&gt;&lt;td&gt;Heading: 331.2 &lt;/td&gt;&lt;/tr&gt;
&lt;/table&gt;</cmt>
    <desc>&lt;table&gt;
&lt;tr&gt;&lt;td&gt;Longitude: 32.844517 &lt;/td&gt;&lt;/tr&gt;
&lt;tr&gt;&lt;td&gt;Latitude: -18.304338 &lt;/td&gt;&lt;/tr&gt;
&lt;tr&gt;&lt;td&gt;Heading: 331.2 &lt;/td&gt;&lt;/tr&gt;
&lt;/table&gt;</desc>
    <sym>Flag, Blue</sym>
    <type>user</type>
    <extensions>
      <gpxx:WaypointExtension>
        <gpxx:DisplayMode>SymbolAndName</gpxx:DisplayMode>
      </gpxx:WaypointExtension>
      <wptx1:WaypointExtension>
        <wptx1:DisplayMode>SymbolAndName</wptx1:DisplayMode>
      </wptx1:WaypointExtension>
      <ctx:CreationTimeExtension>
        <ctx:CreationTime>2026-10-02T12:44:04Z</ctx:CreationTime>
      </ctx:CreationTimeExtension>
    </extensions>
  </wpt>
  <wpt lat="-18.303790027275681" lon="32.84467801451683">
    <ele>0</ele>
    <time>2026-10-02T12:44:04Z</time>
    <name>The Challenge 2025-125</name>
    <cmt>&lt;table&gt;
&lt;tr&gt;&lt;td&gt;Longitude: 32.844678 &lt;/td&gt;&lt;/tr&gt;
&lt;tr&gt;&lt;td&gt;Latitude: -18.303790 &lt;/td&gt;&lt;/tr&gt;
&lt;tr&gt;&lt;td&gt;Heading: 15.6 &lt;/td&gt;&lt;/tr&gt;
&lt;/table&gt;</cmt>
    <desc>&lt;table&gt;
&lt;tr&gt;&lt;td&gt;Longitude: 32.844678 &lt;/td&gt;&lt;/tr&gt;
&lt;tr&gt;&lt;td&gt;Latitude: -18.303790 &lt;/td&gt;&lt;/tr&gt;
&lt;tr&gt;&lt;td&gt;Heading: 15.6 &lt;/td&gt;&lt;/tr&gt;
&lt;/table&gt;</desc>
    <sym>Flag, Blue</sym>
    <type>user</type>
    <extensions>
      <gpxx:WaypointExtension>
        <gpxx:DisplayMode>SymbolAndName</gpxx:DisplayMode>
      </gpxx:WaypointExtension>
      <wptx1:WaypointExtension>
        <wptx1:DisplayMode>SymbolAndName</wptx1:DisplayMode>
      </wptx1:WaypointExtension>
      <ctx:CreationTimeExtension>
        <ctx:CreationTime>2026-10-02T12:44:04Z</ctx:CreationTime>
      </ctx:CreationTimeExtension>
    </extensions>
  </wpt>
  <wpt lat="-18.303691036999226" lon="32.844401998445392">
    <ele>0</ele>
    <time>2026-10-02T12:44:04Z</time>
    <name>The Challenge 2025-126</name>
    <cmt>&lt;table&gt;
&lt;tr&gt;&lt;td&gt;Longitude: 32.844402 &lt;/td&gt;&lt;/tr&gt;
&lt;tr&gt;&lt;td&gt;Latitude: -18.303691 &lt;/td&gt;&lt;/tr&gt;
&lt;tr&gt;&lt;td&gt;Heading: 290.7 &lt;/td&gt;&lt;/tr&gt;
&lt;/table&gt;</cmt>
    <desc>&lt;table&gt;
&lt;tr&gt;&lt;td&gt;Longitude: 32.844402 &lt;/td&gt;&lt;/tr&gt;
&lt;tr&gt;&lt;td&gt;Latitude: -18.303691 &lt;/td&gt;&lt;/tr&gt;
&lt;tr&gt;&lt;td&gt;Heading: 290.7 &lt;/td&gt;&lt;/tr&gt;
&lt;/table&gt;</desc>
    <sym>Flag, Blue</sym>
    <type>user</type>
    <extensions>
      <gpxx:WaypointExtension>
        <gpxx:DisplayMode>SymbolAndName</gpxx:DisplayMode>
      </gpxx:WaypointExtension>
      <wptx1:WaypointExtension>
        <wptx1:DisplayMode>SymbolAndName</wptx1:DisplayMode>
      </wptx1:WaypointExtension>
      <ctx:CreationTimeExtension>
        <ctx:CreationTime>2026-10-02T12:44:04Z</ctx:CreationTime>
      </ctx:CreationTimeExtension>
    </extensions>
  </wpt>
  <wpt lat="-18.303285017609596" lon="32.844189014285803">
    <ele>0</ele>
    <time>2026-10-02T12:44:04Z</time>
    <name>The Challenge 2025-127</name>
    <cmt>&lt;table&gt;
&lt;tr&gt;&lt;td&gt;Longitude: 32.844189 &lt;/td&gt;&lt;/tr&gt;
&lt;tr&gt;&lt;td&gt;Latitude: -18.303285 &lt;/td&gt;&lt;/tr&gt;
&lt;tr&gt;&lt;td&gt;Heading: 333.4 &lt;/td&gt;&lt;/tr&gt;
&lt;/table&gt;</cmt>
    <desc>&lt;table&gt;
&lt;tr&gt;&lt;td&gt;Longitude: 32.844189 &lt;/td&gt;&lt;/tr&gt;
&lt;tr&gt;&lt;td&gt;Latitude: -18.303285 &lt;/td&gt;&lt;/tr&gt;
&lt;tr&gt;&lt;td&gt;Heading: 333.4 &lt;/td&gt;&lt;/tr&gt;
&lt;/table&gt;</desc>
    <sym>Flag, Blue</sym>
    <type>user</type>
    <extensions>
      <gpxx:WaypointExtension>
        <gpxx:DisplayMode>SymbolAndName</gpxx:DisplayMode>
      </gpxx:WaypointExtension>
      <wptx1:WaypointExtension>
        <wptx1:DisplayMode>SymbolAndName</wptx1:DisplayMode>
      </wptx1:WaypointExtension>
      <ctx:CreationTimeExtension>
        <ctx:CreationTime>2026-10-02T12:44:04Z</ctx:CreationTime>
      </ctx:CreationTimeExtension>
    </extensions>
  </wpt>
  <wpt lat="-18.302944041788578" lon="32.844142997637391">
    <ele>0</ele>
    <time>2026-10-02T12:44:04Z</time>
    <name>The Challenge 2025-128</name>
    <cmt>&lt;table&gt;
&lt;tr&gt;&lt;td&gt;Longitude: 32.844143 &lt;/td&gt;&lt;/tr&gt;
&lt;tr&gt;&lt;td&gt;Latitude: -18.302944 &lt;/td&gt;&lt;/tr&gt;
&lt;tr&gt;&lt;td&gt;Heading: 352.8 &lt;/td&gt;&lt;/tr&gt;
&lt;/table&gt;</cmt>
    <desc>&lt;table&gt;
&lt;tr&gt;&lt;td&gt;Longitude: 32.844143 &lt;/td&gt;&lt;/tr&gt;
&lt;tr&gt;&lt;td&gt;Latitude: -18.302944 &lt;/td&gt;&lt;/tr&gt;
&lt;tr&gt;&lt;td&gt;Heading: 352.8 &lt;/td&gt;&lt;/tr&gt;
&lt;/table&gt;</desc>
    <sym>Flag, Blue</sym>
    <type>user</type>
    <extensions>
      <gpxx:WaypointExtension>
        <gpxx:DisplayMode>SymbolAndName</gpxx:DisplayMode>
      </gpxx:WaypointExtension>
      <wptx1:WaypointExtension>
        <wptx1:DisplayMode>SymbolAndName</wptx1:DisplayMode>
      </wptx1:WaypointExtension>
      <ctx:CreationTimeExtension>
        <ctx:CreationTime>2026-10-02T12:44:04Z</ctx:CreationTime>
      </ctx:CreationTimeExtension>
    </extensions>
  </wpt>
  <wpt lat="-18.302812026813626" lon="32.843858012929559">
    <ele>0</ele>
    <time>2026-10-02T12:44:04Z</time>
    <name>The Challenge 2025-129</name>
    <cmt>&lt;table&gt;
&lt;tr&gt;&lt;td&gt;Longitude: 32.843858 &lt;/td&gt;&lt;/tr&gt;
&lt;tr&gt;&lt;td&gt;Latitude: -18.302812 &lt;/td&gt;&lt;/tr&gt;
&lt;tr&gt;&lt;td&gt;Heading: 296.0 &lt;/td&gt;&lt;/tr&gt;
&lt;/table&gt;</cmt>
    <desc>&lt;table&gt;
&lt;tr&gt;&lt;td&gt;Longitude: 32.843858 &lt;/td&gt;&lt;/tr&gt;
&lt;tr&gt;&lt;td&gt;Latitude: -18.302812 &lt;/td&gt;&lt;/tr&gt;
&lt;tr&gt;&lt;td&gt;Heading: 296.0 &lt;/td&gt;&lt;/tr&gt;
&lt;/table&gt;</desc>
    <sym>Flag, Blue</sym>
    <type>user</type>
    <extensions>
      <gpxx:WaypointExtension>
        <gpxx:DisplayMode>SymbolAndName</gpxx:DisplayMode>
      </gpxx:WaypointExtension>
      <wptx1:WaypointExtension>
        <wptx1:DisplayMode>SymbolAndName</wptx1:DisplayMode>
      </wptx1:WaypointExtension>
      <ctx:CreationTimeExtension>
        <ctx:CreationTime>2026-10-02T12:44:04Z</ctx:CreationTime>
      </ctx:CreationTimeExtension>
    </extensions>
  </wpt>
  <wpt lat="-18.335820967331529" lon="32.836704980581999">
    <ele>0</ele>
    <time>2026-10-02T12:44:04Z</time>
    <name>The Challenge 2025-13</name>
    <cmt>&lt;table&gt;
&lt;tr&gt;&lt;td&gt;Longitude: 32.836705 &lt;/td&gt;&lt;/tr&gt;
&lt;tr&gt;&lt;td&gt;Latitude: -18.335821 &lt;/td&gt;&lt;/tr&gt;
&lt;tr&gt;&lt;td&gt;Heading: 46.5 &lt;/td&gt;&lt;/tr&gt;
&lt;/table&gt;</cmt>
    <desc>&lt;table&gt;
&lt;tr&gt;&lt;td&gt;Longitude: 32.836705 &lt;/td&gt;&lt;/tr&gt;
&lt;tr&gt;&lt;td&gt;Latitude: -18.335821 &lt;/td&gt;&lt;/tr&gt;
&lt;tr&gt;&lt;td&gt;Heading: 46.5 &lt;/td&gt;&lt;/tr&gt;
&lt;/table&gt;</desc>
    <sym>Flag, Blue</sym>
    <type>user</type>
    <extensions>
      <gpxx:WaypointExtension>
        <gpxx:DisplayMode>SymbolAndName</gpxx:DisplayMode>
      </gpxx:WaypointExtension>
      <wptx1:WaypointExtension>
        <wptx1:DisplayMode>SymbolAndName</wptx1:DisplayMode>
      </wptx1:WaypointExtension>
      <ctx:CreationTimeExtension>
        <ctx:CreationTime>2026-10-02T12:44:04Z</ctx:CreationTime>
      </ctx:CreationTimeExtension>
    </extensions>
  </wpt>
  <wpt lat="-18.302399972453713" lon="32.843902017921209">
    <ele>0</ele>
    <time>2026-10-02T12:44:04Z</time>
    <name>The Challenge 2025-130</name>
    <cmt>&lt;table&gt;
&lt;tr&gt;&lt;td&gt;Longitude: 32.843902 &lt;/td&gt;&lt;/tr&gt;
&lt;tr&gt;&lt;td&gt;Latitude: -18.302400 &lt;/td&gt;&lt;/tr&gt;
&lt;tr&gt;&lt;td&gt;Heading: 5.8 &lt;/td&gt;&lt;/tr&gt;
&lt;/table&gt;</cmt>
    <desc>&lt;table&gt;
&lt;tr&gt;&lt;td&gt;Longitude: 32.843902 &lt;/td&gt;&lt;/tr&gt;
&lt;tr&gt;&lt;td&gt;Latitude: -18.302400 &lt;/td&gt;&lt;/tr&gt;
&lt;tr&gt;&lt;td&gt;Heading: 5.8 &lt;/td&gt;&lt;/tr&gt;
&lt;/table&gt;</desc>
    <sym>Flag, Blue</sym>
    <type>user</type>
    <extensions>
      <gpxx:WaypointExtension>
        <gpxx:DisplayMode>SymbolAndName</gpxx:DisplayMode>
      </gpxx:WaypointExtension>
      <wptx1:WaypointExtension>
        <wptx1:DisplayMode>SymbolAndName</wptx1:DisplayMode>
      </wptx1:WaypointExtension>
      <ctx:CreationTimeExtension>
        <ctx:CreationTime>2026-10-02T12:44:04Z</ctx:CreationTime>
      </ctx:CreationTimeExtension>
    </extensions>
  </wpt>
  <wpt lat="-18.302221018821001" lon="32.843564981594682">
    <ele>0</ele>
    <time>2026-10-02T12:44:04Z</time>
    <name>The Challenge 2025-131</name>
    <cmt>&lt;table&gt;
&lt;tr&gt;&lt;td&gt;Longitude: 32.843565 &lt;/td&gt;&lt;/tr&gt;
&lt;tr&gt;&lt;td&gt;Latitude: -18.302221 &lt;/td&gt;&lt;/tr&gt;
&lt;tr&gt;&lt;td&gt;Heading: 299.3 &lt;/td&gt;&lt;/tr&gt;
&lt;/table&gt;</cmt>
    <desc>&lt;table&gt;
&lt;tr&gt;&lt;td&gt;Longitude: 32.843565 &lt;/td&gt;&lt;/tr&gt;
&lt;tr&gt;&lt;td&gt;Latitude: -18.302221 &lt;/td&gt;&lt;/tr&gt;
&lt;tr&gt;&lt;td&gt;Heading: 299.3 &lt;/td&gt;&lt;/tr&gt;
&lt;/table&gt;</desc>
    <sym>Flag, Blue</sym>
    <type>user</type>
    <extensions>
      <gpxx:WaypointExtension>
        <gpxx:DisplayMode>SymbolAndName</gpxx:DisplayMode>
      </gpxx:WaypointExtension>
      <wptx1:WaypointExtension>
        <wptx1:DisplayMode>SymbolAndName</wptx1:DisplayMode>
      </wptx1:WaypointExtension>
      <ctx:CreationTimeExtension>
        <ctx:CreationTime>2026-10-02T12:44:04Z</ctx:CreationTime>
      </ctx:CreationTimeExtension>
    </extensions>
  </wpt>
  <wpt lat="-18.301951959729195" lon="32.843353003263474">
    <ele>0</ele>
    <time>2026-10-02T12:44:04Z</time>
    <name>The Challenge 2025-132</name>
    <cmt>&lt;table&gt;
&lt;tr&gt;&lt;td&gt;Longitude: 32.843353 &lt;/td&gt;&lt;/tr&gt;
&lt;tr&gt;&lt;td&gt;Latitude: -18.301952 &lt;/td&gt;&lt;/tr&gt;
&lt;tr&gt;&lt;td&gt;Heading: 323.1 &lt;/td&gt;&lt;/tr&gt;
&lt;/table&gt;</cmt>
    <desc>&lt;table&gt;
&lt;tr&gt;&lt;td&gt;Longitude: 32.843353 &lt;/td&gt;&lt;/tr&gt;
&lt;tr&gt;&lt;td&gt;Latitude: -18.301952 &lt;/td&gt;&lt;/tr&gt;
&lt;tr&gt;&lt;td&gt;Heading: 323.1 &lt;/td&gt;&lt;/tr&gt;
&lt;/table&gt;</desc>
    <sym>Flag, Blue</sym>
    <type>user</type>
    <extensions>
      <gpxx:WaypointExtension>
        <gpxx:DisplayMode>SymbolAndName</gpxx:DisplayMode>
      </gpxx:WaypointExtension>
      <wptx1:WaypointExtension>
        <wptx1:DisplayMode>SymbolAndName</wptx1:DisplayMode>
      </wptx1:WaypointExtension>
      <ctx:CreationTimeExtension>
        <ctx:CreationTime>2026-10-02T12:44:04Z</ctx:CreationTime>
      </ctx:CreationTimeExtension>
    </extensions>
  </wpt>
  <wpt lat="-18.301504030823708" lon="32.843110011890531">
    <ele>0</ele>
    <time>2026-10-02T12:44:04Z</time>
    <name>The Challenge 2025-133</name>
    <cmt>&lt;table&gt;
&lt;tr&gt;&lt;td&gt;Longitude: 32.843110 &lt;/td&gt;&lt;/tr&gt;
&lt;tr&gt;&lt;td&gt;Latitude: -18.301504 &lt;/td&gt;&lt;/tr&gt;
&lt;tr&gt;&lt;td&gt;Heading: 332.7 &lt;/td&gt;&lt;/tr&gt;
&lt;/table&gt;</cmt>
    <desc>&lt;table&gt;
&lt;tr&gt;&lt;td&gt;Longitude: 32.843110 &lt;/td&gt;&lt;/tr&gt;
&lt;tr&gt;&lt;td&gt;Latitude: -18.301504 &lt;/td&gt;&lt;/tr&gt;
&lt;tr&gt;&lt;td&gt;Heading: 332.7 &lt;/td&gt;&lt;/tr&gt;
&lt;/table&gt;</desc>
    <sym>Flag, Blue</sym>
    <type>user</type>
    <extensions>
      <gpxx:WaypointExtension>
        <gpxx:DisplayMode>SymbolAndName</gpxx:DisplayMode>
      </gpxx:WaypointExtension>
      <wptx1:WaypointExtension>
        <wptx1:DisplayMode>SymbolAndName</wptx1:DisplayMode>
      </wptx1:WaypointExtension>
      <ctx:CreationTimeExtension>
        <ctx:CreationTime>2026-10-02T12:44:04Z</ctx:CreationTime>
      </ctx:CreationTimeExtension>
    </extensions>
  </wpt>
  <wpt lat="-18.30146798864007" lon="32.842957964166999">
    <ele>0</ele>
    <time>2026-10-02T12:44:04Z</time>
    <name>The Challenge 2025-134</name>
    <cmt>&lt;table&gt;
&lt;tr&gt;&lt;td&gt;Longitude: 32.842958 &lt;/td&gt;&lt;/tr&gt;
&lt;tr&gt;&lt;td&gt;Latitude: -18.301468 &lt;/td&gt;&lt;/tr&gt;
&lt;tr&gt;&lt;td&gt;Heading: 283.7 &lt;/td&gt;&lt;/tr&gt;
&lt;/table&gt;</cmt>
    <desc>&lt;table&gt;
&lt;tr&gt;&lt;td&gt;Longitude: 32.842958 &lt;/td&gt;&lt;/tr&gt;
&lt;tr&gt;&lt;td&gt;Latitude: -18.301468 &lt;/td&gt;&lt;/tr&gt;
&lt;tr&gt;&lt;td&gt;Heading: 283.7 &lt;/td&gt;&lt;/tr&gt;
&lt;/table&gt;</desc>
    <sym>Flag, Blue</sym>
    <type>user</type>
    <extensions>
      <gpxx:WaypointExtension>
        <gpxx:DisplayMode>SymbolAndName</gpxx:DisplayMode>
      </gpxx:WaypointExtension>
      <wptx1:WaypointExtension>
        <wptx1:DisplayMode>SymbolAndName</wptx1:DisplayMode>
      </wptx1:WaypointExtension>
      <ctx:CreationTimeExtension>
        <ctx:CreationTime>2026-10-02T12:44:04Z</ctx:CreationTime>
      </ctx:CreationTimeExtension>
    </extensions>
  </wpt>
  <wpt lat="-18.301305966451764" lon="32.842872971668839">
    <ele>0</ele>
    <time>2026-10-02T12:44:04Z</time>
    <name>The Challenge 2025-135</name>
    <cmt>&lt;table&gt;
&lt;tr&gt;&lt;td&gt;Longitude: 32.842873 &lt;/td&gt;&lt;/tr&gt;
&lt;tr&gt;&lt;td&gt;Latitude: -18.301306 &lt;/td&gt;&lt;/tr&gt;
&lt;tr&gt;&lt;td&gt;Heading: 333.8 &lt;/td&gt;&lt;/tr&gt;
&lt;/table&gt;</cmt>
    <desc>&lt;table&gt;
&lt;tr&gt;&lt;td&gt;Longitude: 32.842873 &lt;/td&gt;&lt;/tr&gt;
&lt;tr&gt;&lt;td&gt;Latitude: -18.301306 &lt;/td&gt;&lt;/tr&gt;
&lt;tr&gt;&lt;td&gt;Heading: 333.8 &lt;/td&gt;&lt;/tr&gt;
&lt;/table&gt;</desc>
    <sym>Flag, Blue</sym>
    <type>user</type>
    <extensions>
      <gpxx:WaypointExtension>
        <gpxx:DisplayMode>SymbolAndName</gpxx:DisplayMode>
      </gpxx:WaypointExtension>
      <wptx1:WaypointExtension>
        <wptx1:DisplayMode>SymbolAndName</wptx1:DisplayMode>
      </wptx1:WaypointExtension>
      <ctx:CreationTimeExtension>
        <ctx:CreationTime>2026-10-02T12:44:04Z</ctx:CreationTime>
      </ctx:CreationTimeExtension>
    </extensions>
  </wpt>
  <wpt lat="-18.301145033910871" lon="32.84272201359272">
    <ele>0</ele>
    <time>2026-10-02T12:44:04Z</time>
    <name>The Challenge 2025-136</name>
    <cmt>&lt;table&gt;
&lt;tr&gt;&lt;td&gt;Longitude: 32.842722 &lt;/td&gt;&lt;/tr&gt;
&lt;tr&gt;&lt;td&gt;Latitude: -18.301145 &lt;/td&gt;&lt;/tr&gt;
&lt;tr&gt;&lt;td&gt;Heading: 318.1 &lt;/td&gt;&lt;/tr&gt;
&lt;/table&gt;</cmt>
    <desc>&lt;table&gt;
&lt;tr&gt;&lt;td&gt;Longitude: 32.842722 &lt;/td&gt;&lt;/tr&gt;
&lt;tr&gt;&lt;td&gt;Latitude: -18.301145 &lt;/td&gt;&lt;/tr&gt;
&lt;tr&gt;&lt;td&gt;Heading: 318.1 &lt;/td&gt;&lt;/tr&gt;
&lt;/table&gt;</desc>
    <sym>Flag, Blue</sym>
    <type>user</type>
    <extensions>
      <gpxx:WaypointExtension>
        <gpxx:DisplayMode>SymbolAndName</gpxx:DisplayMode>
      </gpxx:WaypointExtension>
      <wptx1:WaypointExtension>
        <wptx1:DisplayMode>SymbolAndName</wptx1:DisplayMode>
      </wptx1:WaypointExtension>
      <ctx:CreationTimeExtension>
        <ctx:CreationTime>2026-10-02T12:44:04Z</ctx:CreationTime>
      </ctx:CreationTimeExtension>
    </extensions>
  </wpt>
  <wpt lat="-18.300935989245772" lon="32.842693012207747">
    <ele>0</ele>
    <time>2026-10-02T12:44:04Z</time>
    <name>The Challenge 2025-137</name>
    <cmt>&lt;table&gt;
&lt;tr&gt;&lt;td&gt;Longitude: 32.842693 &lt;/td&gt;&lt;/tr&gt;
&lt;tr&gt;&lt;td&gt;Latitude: -18.300936 &lt;/td&gt;&lt;/tr&gt;
&lt;tr&gt;&lt;td&gt;Heading: 352.5 &lt;/td&gt;&lt;/tr&gt;
&lt;/table&gt;</cmt>
    <desc>&lt;table&gt;
&lt;tr&gt;&lt;td&gt;Longitude: 32.842693 &lt;/td&gt;&lt;/tr&gt;
&lt;tr&gt;&lt;td&gt;Latitude: -18.300936 &lt;/td&gt;&lt;/tr&gt;
&lt;tr&gt;&lt;td&gt;Heading: 352.5 &lt;/td&gt;&lt;/tr&gt;
&lt;/table&gt;</desc>
    <sym>Flag, Blue</sym>
    <type>user</type>
    <extensions>
      <gpxx:WaypointExtension>
        <gpxx:DisplayMode>SymbolAndName</gpxx:DisplayMode>
      </gpxx:WaypointExtension>
      <wptx1:WaypointExtension>
        <wptx1:DisplayMode>SymbolAndName</wptx1:DisplayMode>
      </wptx1:WaypointExtension>
      <ctx:CreationTimeExtension>
        <ctx:CreationTime>2026-10-02T12:44:04Z</ctx:CreationTime>
      </ctx:CreationTimeExtension>
    </extensions>
  </wpt>
  <wpt lat="-18.300787964835763" lon="32.843099031597376">
    <ele>0</ele>
    <time>2026-10-02T12:44:04Z</time>
    <name>The Challenge 2025-138</name>
    <cmt>&lt;table&gt;
&lt;tr&gt;&lt;td&gt;Longitude: 32.843099 &lt;/td&gt;&lt;/tr&gt;
&lt;tr&gt;&lt;td&gt;Latitude: -18.300788 &lt;/td&gt;&lt;/tr&gt;
&lt;tr&gt;&lt;td&gt;Heading: 69.0 &lt;/td&gt;&lt;/tr&gt;
&lt;/table&gt;</cmt>
    <desc>&lt;table&gt;
&lt;tr&gt;&lt;td&gt;Longitude: 32.843099 &lt;/td&gt;&lt;/tr&gt;
&lt;tr&gt;&lt;td&gt;Latitude: -18.300788 &lt;/td&gt;&lt;/tr&gt;
&lt;tr&gt;&lt;td&gt;Heading: 69.0 &lt;/td&gt;&lt;/tr&gt;
&lt;/table&gt;</desc>
    <sym>Flag, Blue</sym>
    <type>user</type>
    <extensions>
      <gpxx:WaypointExtension>
        <gpxx:DisplayMode>SymbolAndName</gpxx:DisplayMode>
      </gpxx:WaypointExtension>
      <wptx1:WaypointExtension>
        <wptx1:DisplayMode>SymbolAndName</wptx1:DisplayMode>
      </wptx1:WaypointExtension>
      <ctx:CreationTimeExtension>
        <ctx:CreationTime>2026-10-02T12:44:04Z</ctx:CreationTime>
      </ctx:CreationTimeExtension>
    </extensions>
  </wpt>
  <wpt lat="-18.30075703561306" lon="32.843319978564978">
    <ele>0</ele>
    <time>2026-10-02T12:44:04Z</time>
    <name>The Challenge 2025-139</name>
    <cmt>&lt;table&gt;
&lt;tr&gt;&lt;td&gt;Longitude: 32.843320 &lt;/td&gt;&lt;/tr&gt;
&lt;tr&gt;&lt;td&gt;Latitude: -18.300757 &lt;/td&gt;&lt;/tr&gt;
&lt;tr&gt;&lt;td&gt;Heading: 81.5 &lt;/td&gt;&lt;/tr&gt;
&lt;/table&gt;</cmt>
    <desc>&lt;table&gt;
&lt;tr&gt;&lt;td&gt;Longitude: 32.843320 &lt;/td&gt;&lt;/tr&gt;
&lt;tr&gt;&lt;td&gt;Latitude: -18.300757 &lt;/td&gt;&lt;/tr&gt;
&lt;tr&gt;&lt;td&gt;Heading: 81.5 &lt;/td&gt;&lt;/tr&gt;
&lt;/table&gt;</desc>
    <sym>Flag, Blue</sym>
    <type>user</type>
    <extensions>
      <gpxx:WaypointExtension>
        <gpxx:DisplayMode>SymbolAndName</gpxx:DisplayMode>
      </gpxx:WaypointExtension>
      <wptx1:WaypointExtension>
        <wptx1:DisplayMode>SymbolAndName</wptx1:DisplayMode>
      </wptx1:WaypointExtension>
      <ctx:CreationTimeExtension>
        <ctx:CreationTime>2026-10-02T12:44:04Z</ctx:CreationTime>
      </ctx:CreationTimeExtension>
    </extensions>
  </wpt>
  <wpt lat="-18.335402961820364" lon="32.837054003030062">
    <ele>0</ele>
    <time>2026-10-02T12:44:04Z</time>
    <name>The Challenge 2025-14</name>
    <cmt>&lt;table&gt;
&lt;tr&gt;&lt;td&gt;Longitude: 32.837054 &lt;/td&gt;&lt;/tr&gt;
&lt;tr&gt;&lt;td&gt;Latitude: -18.335403 &lt;/td&gt;&lt;/tr&gt;
&lt;tr&gt;&lt;td&gt;Heading: 38.4 &lt;/td&gt;&lt;/tr&gt;
&lt;/table&gt;</cmt>
    <desc>&lt;table&gt;
&lt;tr&gt;&lt;td&gt;Longitude: 32.837054 &lt;/td&gt;&lt;/tr&gt;
&lt;tr&gt;&lt;td&gt;Latitude: -18.335403 &lt;/td&gt;&lt;/tr&gt;
&lt;tr&gt;&lt;td&gt;Heading: 38.4 &lt;/td&gt;&lt;/tr&gt;
&lt;/table&gt;</desc>
    <sym>Flag, Blue</sym>
    <type>user</type>
    <extensions>
      <gpxx:WaypointExtension>
        <gpxx:DisplayMode>SymbolAndName</gpxx:DisplayMode>
      </gpxx:WaypointExtension>
      <wptx1:WaypointExtension>
        <wptx1:DisplayMode>SymbolAndName</wptx1:DisplayMode>
      </wptx1:WaypointExtension>
      <ctx:CreationTimeExtension>
        <ctx:CreationTime>2026-10-02T12:44:04Z</ctx:CreationTime>
      </ctx:CreationTimeExtension>
    </extensions>
  </wpt>
  <wpt lat="-18.300753012299538" lon="32.843541009351611">
    <ele>0</ele>
    <time>2026-10-02T12:44:04Z</time>
    <name>The Challenge 2025-140</name>
    <cmt>&lt;table&gt;
&lt;tr&gt;&lt;td&gt;Longitude: 32.843541 &lt;/td&gt;&lt;/tr&gt;
&lt;tr&gt;&lt;td&gt;Latitude: -18.300753 &lt;/td&gt;&lt;/tr&gt;
&lt;tr&gt;&lt;td&gt;Heading: 89.0 &lt;/td&gt;&lt;/tr&gt;
&lt;/table&gt;</cmt>
    <desc>&lt;table&gt;
&lt;tr&gt;&lt;td&gt;Longitude: 32.843541 &lt;/td&gt;&lt;/tr&gt;
&lt;tr&gt;&lt;td&gt;Latitude: -18.300753 &lt;/td&gt;&lt;/tr&gt;
&lt;tr&gt;&lt;td&gt;Heading: 89.0 &lt;/td&gt;&lt;/tr&gt;
&lt;/table&gt;</desc>
    <sym>Flag, Blue</sym>
    <type>user</type>
    <extensions>
      <gpxx:WaypointExtension>
        <gpxx:DisplayMode>SymbolAndName</gpxx:DisplayMode>
      </gpxx:WaypointExtension>
      <wptx1:WaypointExtension>
        <wptx1:DisplayMode>SymbolAndName</wptx1:DisplayMode>
      </wptx1:WaypointExtension>
      <ctx:CreationTimeExtension>
        <ctx:CreationTime>2026-10-02T12:44:04Z</ctx:CreationTime>
      </ctx:CreationTimeExtension>
    </extensions>
  </wpt>
  <wpt lat="-18.300505997613072" lon="32.843786012381315">
    <ele>0</ele>
    <time>2026-10-02T12:44:04Z</time>
    <name>The Challenge 2025-141</name>
    <cmt>&lt;table&gt;
&lt;tr&gt;&lt;td&gt;Longitude: 32.843786 &lt;/td&gt;&lt;/tr&gt;
&lt;tr&gt;&lt;td&gt;Latitude: -18.300506 &lt;/td&gt;&lt;/tr&gt;
&lt;tr&gt;&lt;td&gt;Heading: 43.2 &lt;/td&gt;&lt;/tr&gt;
&lt;/table&gt;</cmt>
    <desc>&lt;table&gt;
&lt;tr&gt;&lt;td&gt;Longitude: 32.843786 &lt;/td&gt;&lt;/tr&gt;
&lt;tr&gt;&lt;td&gt;Latitude: -18.300506 &lt;/td&gt;&lt;/tr&gt;
&lt;tr&gt;&lt;td&gt;Heading: 43.2 &lt;/td&gt;&lt;/tr&gt;
&lt;/table&gt;</desc>
    <sym>Flag, Blue</sym>
    <type>user</type>
    <extensions>
      <gpxx:WaypointExtension>
        <gpxx:DisplayMode>SymbolAndName</gpxx:DisplayMode>
      </gpxx:WaypointExtension>
      <wptx1:WaypointExtension>
        <wptx1:DisplayMode>SymbolAndName</wptx1:DisplayMode>
      </wptx1:WaypointExtension>
      <ctx:CreationTimeExtension>
        <ctx:CreationTime>2026-10-02T12:44:04Z</ctx:CreationTime>
      </ctx:CreationTimeExtension>
    </extensions>
  </wpt>
  <wpt lat="-18.300155969336629" lon="32.844000002369285">
    <ele>0</ele>
    <time>2026-10-02T12:44:04Z</time>
    <name>The Challenge 2025-142</name>
    <cmt>&lt;table&gt;
&lt;tr&gt;&lt;td&gt;Longitude: 32.844000 &lt;/td&gt;&lt;/tr&gt;
&lt;tr&gt;&lt;td&gt;Latitude: -18.300156 &lt;/td&gt;&lt;/tr&gt;
&lt;tr&gt;&lt;td&gt;Heading: 30.2 &lt;/td&gt;&lt;/tr&gt;
&lt;/table&gt;</cmt>
    <desc>&lt;table&gt;
&lt;tr&gt;&lt;td&gt;Longitude: 32.844000 &lt;/td&gt;&lt;/tr&gt;
&lt;tr&gt;&lt;td&gt;Latitude: -18.300156 &lt;/td&gt;&lt;/tr&gt;
&lt;tr&gt;&lt;td&gt;Heading: 30.2 &lt;/td&gt;&lt;/tr&gt;
&lt;/table&gt;</desc>
    <sym>Flag, Blue</sym>
    <type>user</type>
    <extensions>
      <gpxx:WaypointExtension>
        <gpxx:DisplayMode>SymbolAndName</gpxx:DisplayMode>
      </gpxx:WaypointExtension>
      <wptx1:WaypointExtension>
        <wptx1:DisplayMode>SymbolAndName</wptx1:DisplayMode>
      </wptx1:WaypointExtension>
      <ctx:CreationTimeExtension>
        <ctx:CreationTime>2026-10-02T12:44:04Z</ctx:CreationTime>
      </ctx:CreationTimeExtension>
    </extensions>
  </wpt>
  <wpt lat="-18.299646014347672" lon="32.844479028135538">
    <ele>0</ele>
    <time>2026-10-02T12:44:04Z</time>
    <name>The Challenge 2025-143</name>
    <cmt>&lt;table&gt;
&lt;tr&gt;&lt;td&gt;Longitude: 32.844479 &lt;/td&gt;&lt;/tr&gt;
&lt;tr&gt;&lt;td&gt;Latitude: -18.299646 &lt;/td&gt;&lt;/tr&gt;
&lt;tr&gt;&lt;td&gt;Heading: 41.7 &lt;/td&gt;&lt;/tr&gt;
&lt;/table&gt;</cmt>
    <desc>&lt;table&gt;
&lt;tr&gt;&lt;td&gt;Longitude: 32.844479 &lt;/td&gt;&lt;/tr&gt;
&lt;tr&gt;&lt;td&gt;Latitude: -18.299646 &lt;/td&gt;&lt;/tr&gt;
&lt;tr&gt;&lt;td&gt;Heading: 41.7 &lt;/td&gt;&lt;/tr&gt;
&lt;/table&gt;</desc>
    <sym>Flag, Blue</sym>
    <type>user</type>
    <extensions>
      <gpxx:WaypointExtension>
        <gpxx:DisplayMode>SymbolAndName</gpxx:DisplayMode>
      </gpxx:WaypointExtension>
      <wptx1:WaypointExtension>
        <wptx1:DisplayMode>SymbolAndName</wptx1:DisplayMode>
      </wptx1:WaypointExtension>
      <ctx:CreationTimeExtension>
        <ctx:CreationTime>2026-10-02T12:44:04Z</ctx:CreationTime>
      </ctx:CreationTimeExtension>
    </extensions>
  </wpt>
  <wpt lat="-18.299246029928327" lon="32.84491497091949">
    <ele>0</ele>
    <time>2026-10-02T12:44:04Z</time>
    <name>The Challenge 2025-144</name>
    <cmt>&lt;table&gt;
&lt;tr&gt;&lt;td&gt;Longitude: 32.844915 &lt;/td&gt;&lt;/tr&gt;
&lt;tr&gt;&lt;td&gt;Latitude: -18.299246 &lt;/td&gt;&lt;/tr&gt;
&lt;tr&gt;&lt;td&gt;Heading: 46.0 &lt;/td&gt;&lt;/tr&gt;
&lt;/table&gt;</cmt>
    <desc>&lt;table&gt;
&lt;tr&gt;&lt;td&gt;Longitude: 32.844915 &lt;/td&gt;&lt;/tr&gt;
&lt;tr&gt;&lt;td&gt;Latitude: -18.299246 &lt;/td&gt;&lt;/tr&gt;
&lt;tr&gt;&lt;td&gt;Heading: 46.0 &lt;/td&gt;&lt;/tr&gt;
&lt;/table&gt;</desc>
    <sym>Flag, Blue</sym>
    <type>user</type>
    <extensions>
      <gpxx:WaypointExtension>
        <gpxx:DisplayMode>SymbolAndName</gpxx:DisplayMode>
      </gpxx:WaypointExtension>
      <wptx1:WaypointExtension>
        <wptx1:DisplayMode>SymbolAndName</wptx1:DisplayMode>
      </wptx1:WaypointExtension>
      <ctx:CreationTimeExtension>
        <ctx:CreationTime>2026-10-02T12:44:04Z</ctx:CreationTime>
      </ctx:CreationTimeExtension>
    </extensions>
  </wpt>
  <wpt lat="-18.299123989418149" lon="32.845290983095765">
    <ele>0</ele>
    <time>2026-10-02T12:44:04Z</time>
    <name>The Challenge 2025-145</name>
    <cmt>&lt;table&gt;
&lt;tr&gt;&lt;td&gt;Longitude: 32.845291 &lt;/td&gt;&lt;/tr&gt;
&lt;tr&gt;&lt;td&gt;Latitude: -18.299124 &lt;/td&gt;&lt;/tr&gt;
&lt;tr&gt;&lt;td&gt;Heading: 71.2 &lt;/td&gt;&lt;/tr&gt;
&lt;/table&gt;</cmt>
    <desc>&lt;table&gt;
&lt;tr&gt;&lt;td&gt;Longitude: 32.845291 &lt;/td&gt;&lt;/tr&gt;
&lt;tr&gt;&lt;td&gt;Latitude: -18.299124 &lt;/td&gt;&lt;/tr&gt;
&lt;tr&gt;&lt;td&gt;Heading: 71.2 &lt;/td&gt;&lt;/tr&gt;
&lt;/table&gt;</desc>
    <sym>Flag, Blue</sym>
    <type>user</type>
    <extensions>
      <gpxx:WaypointExtension>
        <gpxx:DisplayMode>SymbolAndName</gpxx:DisplayMode>
      </gpxx:WaypointExtension>
      <wptx1:WaypointExtension>
        <wptx1:DisplayMode>SymbolAndName</wptx1:DisplayMode>
      </wptx1:WaypointExtension>
      <ctx:CreationTimeExtension>
        <ctx:CreationTime>2026-10-02T12:44:04Z</ctx:CreationTime>
      </ctx:CreationTimeExtension>
    </extensions>
  </wpt>
  <wpt lat="-18.298983005806804" lon="32.845297018066049">
    <ele>0</ele>
    <time>2026-10-02T12:44:04Z</time>
    <name>The Challenge 2025-146</name>
    <cmt>&lt;table&gt;
&lt;tr&gt;&lt;td&gt;Longitude: 32.845297 &lt;/td&gt;&lt;/tr&gt;
&lt;tr&gt;&lt;td&gt;Latitude: -18.298983 &lt;/td&gt;&lt;/tr&gt;
&lt;tr&gt;&lt;td&gt;Heading: 2.5 &lt;/td&gt;&lt;/tr&gt;
&lt;/table&gt;</cmt>
    <desc>&lt;table&gt;
&lt;tr&gt;&lt;td&gt;Longitude: 32.845297 &lt;/td&gt;&lt;/tr&gt;
&lt;tr&gt;&lt;td&gt;Latitude: -18.298983 &lt;/td&gt;&lt;/tr&gt;
&lt;tr&gt;&lt;td&gt;Heading: 2.5 &lt;/td&gt;&lt;/tr&gt;
&lt;/table&gt;</desc>
    <sym>Flag, Blue</sym>
    <type>user</type>
    <extensions>
      <gpxx:WaypointExtension>
        <gpxx:DisplayMode>SymbolAndName</gpxx:DisplayMode>
      </gpxx:WaypointExtension>
      <wptx1:WaypointExtension>
        <wptx1:DisplayMode>SymbolAndName</wptx1:DisplayMode>
      </wptx1:WaypointExtension>
      <ctx:CreationTimeExtension>
        <ctx:CreationTime>2026-10-02T12:44:04Z</ctx:CreationTime>
      </ctx:CreationTimeExtension>
    </extensions>
  </wpt>
  <wpt lat="-18.298742026090622" lon="32.845582002773881">
    <ele>0</ele>
    <time>2026-10-02T12:44:04Z</time>
    <name>The Challenge 2025-147</name>
    <cmt>&lt;table&gt;
&lt;tr&gt;&lt;td&gt;Longitude: 32.845582 &lt;/td&gt;&lt;/tr&gt;
&lt;tr&gt;&lt;td&gt;Latitude: -18.298742 &lt;/td&gt;&lt;/tr&gt;
&lt;tr&gt;&lt;td&gt;Heading: 48.3 &lt;/td&gt;&lt;/tr&gt;
&lt;/table&gt;</cmt>
    <desc>&lt;table&gt;
&lt;tr&gt;&lt;td&gt;Longitude: 32.845582 &lt;/td&gt;&lt;/tr&gt;
&lt;tr&gt;&lt;td&gt;Latitude: -18.298742 &lt;/td&gt;&lt;/tr&gt;
&lt;tr&gt;&lt;td&gt;Heading: 48.3 &lt;/td&gt;&lt;/tr&gt;
&lt;/table&gt;</desc>
    <sym>Flag, Blue</sym>
    <type>user</type>
    <extensions>
      <gpxx:WaypointExtension>
        <gpxx:DisplayMode>SymbolAndName</gpxx:DisplayMode>
      </gpxx:WaypointExtension>
      <wptx1:WaypointExtension>
        <wptx1:DisplayMode>SymbolAndName</wptx1:DisplayMode>
      </wptx1:WaypointExtension>
      <ctx:CreationTimeExtension>
        <ctx:CreationTime>2026-10-02T12:44:04Z</ctx:CreationTime>
      </ctx:CreationTimeExtension>
    </extensions>
  </wpt>
  <wpt lat="-18.298526024445891" lon="32.84562399610877">
    <ele>0</ele>
    <time>2026-10-02T12:44:04Z</time>
    <name>The Challenge 2025-148</name>
    <cmt>&lt;table&gt;
&lt;tr&gt;&lt;td&gt;Longitude: 32.845624 &lt;/td&gt;&lt;/tr&gt;
&lt;tr&gt;&lt;td&gt;Latitude: -18.298526 &lt;/td&gt;&lt;/tr&gt;
&lt;tr&gt;&lt;td&gt;Heading: 10.5 &lt;/td&gt;&lt;/tr&gt;
&lt;/table&gt;</cmt>
    <desc>&lt;table&gt;
&lt;tr&gt;&lt;td&gt;Longitude: 32.845624 &lt;/td&gt;&lt;/tr&gt;
&lt;tr&gt;&lt;td&gt;Latitude: -18.298526 &lt;/td&gt;&lt;/tr&gt;
&lt;tr&gt;&lt;td&gt;Heading: 10.5 &lt;/td&gt;&lt;/tr&gt;
&lt;/table&gt;</desc>
    <sym>Flag, Blue</sym>
    <type>user</type>
    <extensions>
      <gpxx:WaypointExtension>
        <gpxx:DisplayMode>SymbolAndName</gpxx:DisplayMode>
      </gpxx:WaypointExtension>
      <wptx1:WaypointExtension>
        <wptx1:DisplayMode>SymbolAndName</wptx1:DisplayMode>
      </wptx1:WaypointExtension>
      <ctx:CreationTimeExtension>
        <ctx:CreationTime>2026-10-02T12:44:04Z</ctx:CreationTime>
      </ctx:CreationTimeExtension>
    </extensions>
  </wpt>
  <wpt lat="-18.298498028889298" lon="32.846038984134793">
    <ele>0</ele>
    <time>2026-10-02T12:44:04Z</time>
    <name>The Challenge 2025-149</name>
    <cmt>&lt;table&gt;
&lt;tr&gt;&lt;td&gt;Longitude: 32.846039 &lt;/td&gt;&lt;/tr&gt;
&lt;tr&gt;&lt;td&gt;Latitude: -18.298498 &lt;/td&gt;&lt;/tr&gt;
&lt;tr&gt;&lt;td&gt;Heading: 86.1 &lt;/td&gt;&lt;/tr&gt;
&lt;/table&gt;</cmt>
    <desc>&lt;table&gt;
&lt;tr&gt;&lt;td&gt;Longitude: 32.846039 &lt;/td&gt;&lt;/tr&gt;
&lt;tr&gt;&lt;td&gt;Latitude: -18.298498 &lt;/td&gt;&lt;/tr&gt;
&lt;tr&gt;&lt;td&gt;Heading: 86.1 &lt;/td&gt;&lt;/tr&gt;
&lt;/table&gt;</desc>
    <sym>Flag, Blue</sym>
    <type>user</type>
    <extensions>
      <gpxx:WaypointExtension>
        <gpxx:DisplayMode>SymbolAndName</gpxx:DisplayMode>
      </gpxx:WaypointExtension>
      <wptx1:WaypointExtension>
        <wptx1:DisplayMode>SymbolAndName</wptx1:DisplayMode>
      </wptx1:WaypointExtension>
      <ctx:CreationTimeExtension>
        <ctx:CreationTime>2026-10-02T12:44:04Z</ctx:CreationTime>
      </ctx:CreationTimeExtension>
    </extensions>
  </wpt>
  <wpt lat="-18.33526499569416" lon="32.837590025737882">
    <ele>0</ele>
    <time>2026-10-02T12:44:04Z</time>
    <name>The Challenge 2025-15</name>
    <cmt>&lt;table&gt;
&lt;tr&gt;&lt;td&gt;Longitude: 32.837590 &lt;/td&gt;&lt;/tr&gt;
&lt;tr&gt;&lt;td&gt;Latitude: -18.335265 &lt;/td&gt;&lt;/tr&gt;
&lt;tr&gt;&lt;td&gt;Heading: 74.9 &lt;/td&gt;&lt;/tr&gt;
&lt;/table&gt;</cmt>
    <desc>&lt;table&gt;
&lt;tr&gt;&lt;td&gt;Longitude: 32.837590 &lt;/td&gt;&lt;/tr&gt;
&lt;tr&gt;&lt;td&gt;Latitude: -18.335265 &lt;/td&gt;&lt;/tr&gt;
&lt;tr&gt;&lt;td&gt;Heading: 74.9 &lt;/td&gt;&lt;/tr&gt;
&lt;/table&gt;</desc>
    <sym>Flag, Blue</sym>
    <type>user</type>
    <extensions>
      <gpxx:WaypointExtension>
        <gpxx:DisplayMode>SymbolAndName</gpxx:DisplayMode>
      </gpxx:WaypointExtension>
      <wptx1:WaypointExtension>
        <wptx1:DisplayMode>SymbolAndName</wptx1:DisplayMode>
      </wptx1:WaypointExtension>
      <ctx:CreationTimeExtension>
        <ctx:CreationTime>2026-10-02T12:44:04Z</ctx:CreationTime>
      </ctx:CreationTimeExtension>
    </extensions>
  </wpt>
  <wpt lat="-18.298558965325356" lon="32.84633100964129">
    <ele>0</ele>
    <time>2026-10-02T12:44:04Z</time>
    <name>The Challenge 2025-150</name>
    <cmt>&lt;table&gt;
&lt;tr&gt;&lt;td&gt;Longitude: 32.846331 &lt;/td&gt;&lt;/tr&gt;
&lt;tr&gt;&lt;td&gt;Latitude: -18.298559 &lt;/td&gt;&lt;/tr&gt;
&lt;tr&gt;&lt;td&gt;Heading: 102.4 &lt;/td&gt;&lt;/tr&gt;
&lt;/table&gt;</cmt>
    <desc>&lt;table&gt;
&lt;tr&gt;&lt;td&gt;Longitude: 32.846331 &lt;/td&gt;&lt;/tr&gt;
&lt;tr&gt;&lt;td&gt;Latitude: -18.298559 &lt;/td&gt;&lt;/tr&gt;
&lt;tr&gt;&lt;td&gt;Heading: 102.4 &lt;/td&gt;&lt;/tr&gt;
&lt;/table&gt;</desc>
    <sym>Flag, Blue</sym>
    <type>user</type>
    <extensions>
      <gpxx:WaypointExtension>
        <gpxx:DisplayMode>SymbolAndName</gpxx:DisplayMode>
      </gpxx:WaypointExtension>
      <wptx1:WaypointExtension>
        <wptx1:DisplayMode>SymbolAndName</wptx1:DisplayMode>
      </wptx1:WaypointExtension>
      <ctx:CreationTimeExtension>
        <ctx:CreationTime>2026-10-02T12:44:04Z</ctx:CreationTime>
      </ctx:CreationTimeExtension>
    </extensions>
  </wpt>
  <wpt lat="-18.298450000584126" lon="32.84665203653276">
    <ele>0</ele>
    <time>2026-10-02T12:44:04Z</time>
    <name>The Challenge 2025-151</name>
    <cmt>&lt;table&gt;
&lt;tr&gt;&lt;td&gt;Longitude: 32.846652 &lt;/td&gt;&lt;/tr&gt;
&lt;tr&gt;&lt;td&gt;Latitude: -18.298450 &lt;/td&gt;&lt;/tr&gt;
&lt;tr&gt;&lt;td&gt;Heading: 70.4 &lt;/td&gt;&lt;/tr&gt;
&lt;/table&gt;</cmt>
    <desc>&lt;table&gt;
&lt;tr&gt;&lt;td&gt;Longitude: 32.846652 &lt;/td&gt;&lt;/tr&gt;
&lt;tr&gt;&lt;td&gt;Latitude: -18.298450 &lt;/td&gt;&lt;/tr&gt;
&lt;tr&gt;&lt;td&gt;Heading: 70.4 &lt;/td&gt;&lt;/tr&gt;
&lt;/table&gt;</desc>
    <sym>Flag, Blue</sym>
    <type>user</type>
    <extensions>
      <gpxx:WaypointExtension>
        <gpxx:DisplayMode>SymbolAndName</gpxx:DisplayMode>
      </gpxx:WaypointExtension>
      <wptx1:WaypointExtension>
        <wptx1:DisplayMode>SymbolAndName</wptx1:DisplayMode>
      </wptx1:WaypointExtension>
      <ctx:CreationTimeExtension>
        <ctx:CreationTime>2026-10-02T12:44:04Z</ctx:CreationTime>
      </ctx:CreationTimeExtension>
    </extensions>
  </wpt>
  <wpt lat="-18.2982889842242" lon="32.84699996933341">
    <ele>0</ele>
    <time>2026-10-02T12:44:04Z</time>
    <name>The Challenge 2025-152</name>
    <cmt>&lt;table&gt;
&lt;tr&gt;&lt;td&gt;Longitude: 32.847000 &lt;/td&gt;&lt;/tr&gt;
&lt;tr&gt;&lt;td&gt;Latitude: -18.298289 &lt;/td&gt;&lt;/tr&gt;
&lt;tr&gt;&lt;td&gt;Heading: 64.0 &lt;/td&gt;&lt;/tr&gt;
&lt;/table&gt;</cmt>
    <desc>&lt;table&gt;
&lt;tr&gt;&lt;td&gt;Longitude: 32.847000 &lt;/td&gt;&lt;/tr&gt;
&lt;tr&gt;&lt;td&gt;Latitude: -18.298289 &lt;/td&gt;&lt;/tr&gt;
&lt;tr&gt;&lt;td&gt;Heading: 64.0 &lt;/td&gt;&lt;/tr&gt;
&lt;/table&gt;</desc>
    <sym>Flag, Blue</sym>
    <type>user</type>
    <extensions>
      <gpxx:WaypointExtension>
        <gpxx:DisplayMode>SymbolAndName</gpxx:DisplayMode>
      </gpxx:WaypointExtension>
      <wptx1:WaypointExtension>
        <wptx1:DisplayMode>SymbolAndName</wptx1:DisplayMode>
      </wptx1:WaypointExtension>
      <ctx:CreationTimeExtension>
        <ctx:CreationTime>2026-10-02T12:44:04Z</ctx:CreationTime>
      </ctx:CreationTimeExtension>
    </extensions>
  </wpt>
  <wpt lat="-18.298132997006178" lon="32.847356032580137">
    <ele>0</ele>
    <time>2026-10-02T12:44:04Z</time>
    <name>The Challenge 2025-153</name>
    <cmt>&lt;table&gt;
&lt;tr&gt;&lt;td&gt;Longitude: 32.847356 &lt;/td&gt;&lt;/tr&gt;
&lt;tr&gt;&lt;td&gt;Latitude: -18.298133 &lt;/td&gt;&lt;/tr&gt;
&lt;tr&gt;&lt;td&gt;Heading: 65.2 &lt;/td&gt;&lt;/tr&gt;
&lt;/table&gt;</cmt>
    <desc>&lt;table&gt;
&lt;tr&gt;&lt;td&gt;Longitude: 32.847356 &lt;/td&gt;&lt;/tr&gt;
&lt;tr&gt;&lt;td&gt;Latitude: -18.298133 &lt;/td&gt;&lt;/tr&gt;
&lt;tr&gt;&lt;td&gt;Heading: 65.2 &lt;/td&gt;&lt;/tr&gt;
&lt;/table&gt;</desc>
    <sym>Flag, Blue</sym>
    <type>user</type>
    <extensions>
      <gpxx:WaypointExtension>
        <gpxx:DisplayMode>SymbolAndName</gpxx:DisplayMode>
      </gpxx:WaypointExtension>
      <wptx1:WaypointExtension>
        <wptx1:DisplayMode>SymbolAndName</wptx1:DisplayMode>
      </wptx1:WaypointExtension>
      <ctx:CreationTimeExtension>
        <ctx:CreationTime>2026-10-02T12:44:04Z</ctx:CreationTime>
      </ctx:CreationTimeExtension>
    </extensions>
  </wpt>
  <wpt lat="-18.297928981482983" lon="32.84770798869431">
    <ele>0</ele>
    <time>2026-10-02T12:44:04Z</time>
    <name>The Challenge 2025-154</name>
    <cmt>&lt;table&gt;
&lt;tr&gt;&lt;td&gt;Longitude: 32.847708 &lt;/td&gt;&lt;/tr&gt;
&lt;tr&gt;&lt;td&gt;Latitude: -18.297929 &lt;/td&gt;&lt;/tr&gt;
&lt;tr&gt;&lt;td&gt;Heading: 58.6 &lt;/td&gt;&lt;/tr&gt;
&lt;/table&gt;</cmt>
    <desc>&lt;table&gt;
&lt;tr&gt;&lt;td&gt;Longitude: 32.847708 &lt;/td&gt;&lt;/tr&gt;
&lt;tr&gt;&lt;td&gt;Latitude: -18.297929 &lt;/td&gt;&lt;/tr&gt;
&lt;tr&gt;&lt;td&gt;Heading: 58.6 &lt;/td&gt;&lt;/tr&gt;
&lt;/table&gt;</desc>
    <sym>Flag, Blue</sym>
    <type>user</type>
    <extensions>
      <gpxx:WaypointExtension>
        <gpxx:DisplayMode>SymbolAndName</gpxx:DisplayMode>
      </gpxx:WaypointExtension>
      <wptx1:WaypointExtension>
        <wptx1:DisplayMode>SymbolAndName</wptx1:DisplayMode>
      </wptx1:WaypointExtension>
      <ctx:CreationTimeExtension>
        <ctx:CreationTime>2026-10-02T12:44:04Z</ctx:CreationTime>
      </ctx:CreationTimeExtension>
    </extensions>
  </wpt>
  <wpt lat="-18.297586999833584" lon="32.848301008343697">
    <ele>0</ele>
    <time>2026-10-02T12:44:04Z</time>
    <name>The Challenge 2025-155</name>
    <cmt>&lt;table&gt;
&lt;tr&gt;&lt;td&gt;Longitude: 32.848301 &lt;/td&gt;&lt;/tr&gt;
&lt;tr&gt;&lt;td&gt;Latitude: -18.297587 &lt;/td&gt;&lt;/tr&gt;
&lt;tr&gt;&lt;td&gt;Heading: 58.8 &lt;/td&gt;&lt;/tr&gt;
&lt;/table&gt;</cmt>
    <desc>&lt;table&gt;
&lt;tr&gt;&lt;td&gt;Longitude: 32.848301 &lt;/td&gt;&lt;/tr&gt;
&lt;tr&gt;&lt;td&gt;Latitude: -18.297587 &lt;/td&gt;&lt;/tr&gt;
&lt;tr&gt;&lt;td&gt;Heading: 58.8 &lt;/td&gt;&lt;/tr&gt;
&lt;/table&gt;</desc>
    <sym>Flag, Blue</sym>
    <type>user</type>
    <extensions>
      <gpxx:WaypointExtension>
        <gpxx:DisplayMode>SymbolAndName</gpxx:DisplayMode>
      </gpxx:WaypointExtension>
      <wptx1:WaypointExtension>
        <wptx1:DisplayMode>SymbolAndName</wptx1:DisplayMode>
      </wptx1:WaypointExtension>
      <ctx:CreationTimeExtension>
        <ctx:CreationTime>2026-10-02T12:44:04Z</ctx:CreationTime>
      </ctx:CreationTimeExtension>
    </extensions>
  </wpt>
  <wpt lat="-18.297571996226907" lon="32.848640978336334">
    <ele>0</ele>
    <time>2026-10-02T12:44:04Z</time>
    <name>The Challenge 2025-156</name>
    <cmt>&lt;table&gt;
&lt;tr&gt;&lt;td&gt;Longitude: 32.848641 &lt;/td&gt;&lt;/tr&gt;
&lt;tr&gt;&lt;td&gt;Latitude: -18.297572 &lt;/td&gt;&lt;/tr&gt;
&lt;tr&gt;&lt;td&gt;Heading: 87.4 &lt;/td&gt;&lt;/tr&gt;
&lt;/table&gt;</cmt>
    <desc>&lt;table&gt;
&lt;tr&gt;&lt;td&gt;Longitude: 32.848641 &lt;/td&gt;&lt;/tr&gt;
&lt;tr&gt;&lt;td&gt;Latitude: -18.297572 &lt;/td&gt;&lt;/tr&gt;
&lt;tr&gt;&lt;td&gt;Heading: 87.4 &lt;/td&gt;&lt;/tr&gt;
&lt;/table&gt;</desc>
    <sym>Flag, Blue</sym>
    <type>user</type>
    <extensions>
      <gpxx:WaypointExtension>
        <gpxx:DisplayMode>SymbolAndName</gpxx:DisplayMode>
      </gpxx:WaypointExtension>
      <wptx1:WaypointExtension>
        <wptx1:DisplayMode>SymbolAndName</wptx1:DisplayMode>
      </wptx1:WaypointExtension>
      <ctx:CreationTimeExtension>
        <ctx:CreationTime>2026-10-02T12:44:04Z</ctx:CreationTime>
      </ctx:CreationTimeExtension>
    </extensions>
  </wpt>
  <wpt lat="-18.297654977068305" lon="32.849195022135973">
    <ele>0</ele>
    <time>2026-10-02T12:44:04Z</time>
    <name>The Challenge 2025-157</name>
    <cmt>&lt;table&gt;
&lt;tr&gt;&lt;td&gt;Longitude: 32.849195 &lt;/td&gt;&lt;/tr&gt;
&lt;tr&gt;&lt;td&gt;Latitude: -18.297655 &lt;/td&gt;&lt;/tr&gt;
&lt;tr&gt;&lt;td&gt;Heading: 98.9 &lt;/td&gt;&lt;/tr&gt;
&lt;/table&gt;</cmt>
    <desc>&lt;table&gt;
&lt;tr&gt;&lt;td&gt;Longitude: 32.849195 &lt;/td&gt;&lt;/tr&gt;
&lt;tr&gt;&lt;td&gt;Latitude: -18.297655 &lt;/td&gt;&lt;/tr&gt;
&lt;tr&gt;&lt;td&gt;Heading: 98.9 &lt;/td&gt;&lt;/tr&gt;
&lt;/table&gt;</desc>
    <sym>Flag, Blue</sym>
    <type>user</type>
    <extensions>
      <gpxx:WaypointExtension>
        <gpxx:DisplayMode>SymbolAndName</gpxx:DisplayMode>
      </gpxx:WaypointExtension>
      <wptx1:WaypointExtension>
        <wptx1:DisplayMode>SymbolAndName</wptx1:DisplayMode>
      </wptx1:WaypointExtension>
      <ctx:CreationTimeExtension>
        <ctx:CreationTime>2026-10-02T12:44:04Z</ctx:CreationTime>
      </ctx:CreationTimeExtension>
    </extensions>
  </wpt>
  <wpt lat="-18.297452973201871" lon="32.849329970777035">
    <ele>0</ele>
    <time>2026-10-02T12:44:04Z</time>
    <name>The Challenge 2025-158</name>
    <cmt>&lt;table&gt;
&lt;tr&gt;&lt;td&gt;Longitude: 32.849330 &lt;/td&gt;&lt;/tr&gt;
&lt;tr&gt;&lt;td&gt;Latitude: -18.297453 &lt;/td&gt;&lt;/tr&gt;
&lt;tr&gt;&lt;td&gt;Heading: 32.4 &lt;/td&gt;&lt;/tr&gt;
&lt;/table&gt;</cmt>
    <desc>&lt;table&gt;
&lt;tr&gt;&lt;td&gt;Longitude: 32.849330 &lt;/td&gt;&lt;/tr&gt;
&lt;tr&gt;&lt;td&gt;Latitude: -18.297453 &lt;/td&gt;&lt;/tr&gt;
&lt;tr&gt;&lt;td&gt;Heading: 32.4 &lt;/td&gt;&lt;/tr&gt;
&lt;/table&gt;</desc>
    <sym>Flag, Blue</sym>
    <type>user</type>
    <extensions>
      <gpxx:WaypointExtension>
        <gpxx:DisplayMode>SymbolAndName</gpxx:DisplayMode>
      </gpxx:WaypointExtension>
      <wptx1:WaypointExtension>
        <wptx1:DisplayMode>SymbolAndName</wptx1:DisplayMode>
      </wptx1:WaypointExtension>
      <ctx:CreationTimeExtension>
        <ctx:CreationTime>2026-10-02T12:44:04Z</ctx:CreationTime>
      </ctx:CreationTimeExtension>
    </extensions>
  </wpt>
  <wpt lat="-18.29719103872776" lon="32.849322007969022">
    <ele>0</ele>
    <time>2026-10-02T12:44:04Z</time>
    <name>The Challenge 2025-159</name>
    <cmt>&lt;table&gt;
&lt;tr&gt;&lt;td&gt;Longitude: 32.849322 &lt;/td&gt;&lt;/tr&gt;
&lt;tr&gt;&lt;td&gt;Latitude: -18.297191 &lt;/td&gt;&lt;/tr&gt;
&lt;tr&gt;&lt;td&gt;Heading: 358.3 &lt;/td&gt;&lt;/tr&gt;
&lt;/table&gt;</cmt>
    <desc>&lt;table&gt;
&lt;tr&gt;&lt;td&gt;Longitude: 32.849322 &lt;/td&gt;&lt;/tr&gt;
&lt;tr&gt;&lt;td&gt;Latitude: -18.297191 &lt;/td&gt;&lt;/tr&gt;
&lt;tr&gt;&lt;td&gt;Heading: 358.3 &lt;/td&gt;&lt;/tr&gt;
&lt;/table&gt;</desc>
    <sym>Flag, Blue</sym>
    <type>user</type>
    <extensions>
      <gpxx:WaypointExtension>
        <gpxx:DisplayMode>SymbolAndName</gpxx:DisplayMode>
      </gpxx:WaypointExtension>
      <wptx1:WaypointExtension>
        <wptx1:DisplayMode>SymbolAndName</wptx1:DisplayMode>
      </wptx1:WaypointExtension>
      <ctx:CreationTimeExtension>
        <ctx:CreationTime>2026-10-02T12:44:04Z</ctx:CreationTime>
      </ctx:CreationTimeExtension>
    </extensions>
  </wpt>
  <wpt lat="-18.33502703346312" lon="32.838181033730507">
    <ele>0</ele>
    <time>2026-10-02T12:44:04Z</time>
    <name>The Challenge 2025-16</name>
    <cmt>&lt;table&gt;
&lt;tr&gt;&lt;td&gt;Longitude: 32.838181 &lt;/td&gt;&lt;/tr&gt;
&lt;tr&gt;&lt;td&gt;Latitude: -18.335027 &lt;/td&gt;&lt;/tr&gt;
&lt;tr&gt;&lt;td&gt;Heading: 67.0 &lt;/td&gt;&lt;/tr&gt;
&lt;/table&gt;</cmt>
    <desc>&lt;table&gt;
&lt;tr&gt;&lt;td&gt;Longitude: 32.838181 &lt;/td&gt;&lt;/tr&gt;
&lt;tr&gt;&lt;td&gt;Latitude: -18.335027 &lt;/td&gt;&lt;/tr&gt;
&lt;tr&gt;&lt;td&gt;Heading: 67.0 &lt;/td&gt;&lt;/tr&gt;
&lt;/table&gt;</desc>
    <sym>Flag, Blue</sym>
    <type>user</type>
    <extensions>
      <gpxx:WaypointExtension>
        <gpxx:DisplayMode>SymbolAndName</gpxx:DisplayMode>
      </gpxx:WaypointExtension>
      <wptx1:WaypointExtension>
        <wptx1:DisplayMode>SymbolAndName</wptx1:DisplayMode>
      </wptx1:WaypointExtension>
      <ctx:CreationTimeExtension>
        <ctx:CreationTime>2026-10-02T12:44:04Z</ctx:CreationTime>
      </ctx:CreationTimeExtension>
    </extensions>
  </wpt>
  <wpt lat="-18.296991968527436" lon="32.849542032927275">
    <ele>0</ele>
    <time>2026-10-02T12:44:04Z</time>
    <name>The Challenge 2025-160</name>
    <cmt>&lt;table&gt;
&lt;tr&gt;&lt;td&gt;Longitude: 32.849542 &lt;/td&gt;&lt;/tr&gt;
&lt;tr&gt;&lt;td&gt;Latitude: -18.296992 &lt;/td&gt;&lt;/tr&gt;
&lt;tr&gt;&lt;td&gt;Heading: 46.4 &lt;/td&gt;&lt;/tr&gt;
&lt;/table&gt;</cmt>
    <desc>&lt;table&gt;
&lt;tr&gt;&lt;td&gt;Longitude: 32.849542 &lt;/td&gt;&lt;/tr&gt;
&lt;tr&gt;&lt;td&gt;Latitude: -18.296992 &lt;/td&gt;&lt;/tr&gt;
&lt;tr&gt;&lt;td&gt;Heading: 46.4 &lt;/td&gt;&lt;/tr&gt;
&lt;/table&gt;</desc>
    <sym>Flag, Blue</sym>
    <type>user</type>
    <extensions>
      <gpxx:WaypointExtension>
        <gpxx:DisplayMode>SymbolAndName</gpxx:DisplayMode>
      </gpxx:WaypointExtension>
      <wptx1:WaypointExtension>
        <wptx1:DisplayMode>SymbolAndName</wptx1:DisplayMode>
      </wptx1:WaypointExtension>
      <ctx:CreationTimeExtension>
        <ctx:CreationTime>2026-10-02T12:44:04Z</ctx:CreationTime>
      </ctx:CreationTimeExtension>
    </extensions>
  </wpt>
  <wpt lat="-18.296689968556166" lon="32.849629037082195">
    <ele>0</ele>
    <time>2026-10-02T12:44:04Z</time>
    <name>The Challenge 2025-161</name>
    <cmt>&lt;table&gt;
&lt;tr&gt;&lt;td&gt;Longitude: 32.849629 &lt;/td&gt;&lt;/tr&gt;
&lt;tr&gt;&lt;td&gt;Latitude: -18.296690 &lt;/td&gt;&lt;/tr&gt;
&lt;tr&gt;&lt;td&gt;Heading: 15.3 &lt;/td&gt;&lt;/tr&gt;
&lt;/table&gt;</cmt>
    <desc>&lt;table&gt;
&lt;tr&gt;&lt;td&gt;Longitude: 32.849629 &lt;/td&gt;&lt;/tr&gt;
&lt;tr&gt;&lt;td&gt;Latitude: -18.296690 &lt;/td&gt;&lt;/tr&gt;
&lt;tr&gt;&lt;td&gt;Heading: 15.3 &lt;/td&gt;&lt;/tr&gt;
&lt;/table&gt;</desc>
    <sym>Flag, Blue</sym>
    <type>user</type>
    <extensions>
      <gpxx:WaypointExtension>
        <gpxx:DisplayMode>SymbolAndName</gpxx:DisplayMode>
      </gpxx:WaypointExtension>
      <wptx1:WaypointExtension>
        <wptx1:DisplayMode>SymbolAndName</wptx1:DisplayMode>
      </wptx1:WaypointExtension>
      <ctx:CreationTimeExtension>
        <ctx:CreationTime>2026-10-02T12:44:04Z</ctx:CreationTime>
      </ctx:CreationTimeExtension>
    </extensions>
  </wpt>
  <wpt lat="-18.296456029638648" lon="32.8498550131917">
    <ele>0</ele>
    <time>2026-10-02T12:44:04Z</time>
    <name>The Challenge 2025-162</name>
    <cmt>&lt;table&gt;
&lt;tr&gt;&lt;td&gt;Longitude: 32.849855 &lt;/td&gt;&lt;/tr&gt;
&lt;tr&gt;&lt;td&gt;Latitude: -18.296456 &lt;/td&gt;&lt;/tr&gt;
&lt;tr&gt;&lt;td&gt;Heading: 42.5 &lt;/td&gt;&lt;/tr&gt;
&lt;/table&gt;</cmt>
    <desc>&lt;table&gt;
&lt;tr&gt;&lt;td&gt;Longitude: 32.849855 &lt;/td&gt;&lt;/tr&gt;
&lt;tr&gt;&lt;td&gt;Latitude: -18.296456 &lt;/td&gt;&lt;/tr&gt;
&lt;tr&gt;&lt;td&gt;Heading: 42.5 &lt;/td&gt;&lt;/tr&gt;
&lt;/table&gt;</desc>
    <sym>Flag, Blue</sym>
    <type>user</type>
    <extensions>
      <gpxx:WaypointExtension>
        <gpxx:DisplayMode>SymbolAndName</gpxx:DisplayMode>
      </gpxx:WaypointExtension>
      <wptx1:WaypointExtension>
        <wptx1:DisplayMode>SymbolAndName</wptx1:DisplayMode>
      </wptx1:WaypointExtension>
      <ctx:CreationTimeExtension>
        <ctx:CreationTime>2026-10-02T12:44:04Z</ctx:CreationTime>
      </ctx:CreationTimeExtension>
    </extensions>
  </wpt>
  <wpt lat="-18.296245979145169" lon="32.850037990137935">
    <ele>0</ele>
    <time>2026-10-02T12:44:04Z</time>
    <name>The Challenge 2025-163</name>
    <cmt>&lt;table&gt;
&lt;tr&gt;&lt;td&gt;Longitude: 32.850038 &lt;/td&gt;&lt;/tr&gt;
&lt;tr&gt;&lt;td&gt;Latitude: -18.296246 &lt;/td&gt;&lt;/tr&gt;
&lt;tr&gt;&lt;td&gt;Heading: 39.7 &lt;/td&gt;&lt;/tr&gt;
&lt;/table&gt;</cmt>
    <desc>&lt;table&gt;
&lt;tr&gt;&lt;td&gt;Longitude: 32.850038 &lt;/td&gt;&lt;/tr&gt;
&lt;tr&gt;&lt;td&gt;Latitude: -18.296246 &lt;/td&gt;&lt;/tr&gt;
&lt;tr&gt;&lt;td&gt;Heading: 39.7 &lt;/td&gt;&lt;/tr&gt;
&lt;/table&gt;</desc>
    <sym>Flag, Blue</sym>
    <type>user</type>
    <extensions>
      <gpxx:WaypointExtension>
        <gpxx:DisplayMode>SymbolAndName</gpxx:DisplayMode>
      </gpxx:WaypointExtension>
      <wptx1:WaypointExtension>
        <wptx1:DisplayMode>SymbolAndName</wptx1:DisplayMode>
      </wptx1:WaypointExtension>
      <ctx:CreationTimeExtension>
        <ctx:CreationTime>2026-10-02T12:44:04Z</ctx:CreationTime>
      </ctx:CreationTimeExtension>
    </extensions>
  </wpt>
  <wpt lat="-18.296221001073718" lon="32.850653976202011">
    <ele>0</ele>
    <time>2026-10-02T12:44:04Z</time>
    <name>The Challenge 2025-164</name>
    <cmt>&lt;table&gt;
&lt;tr&gt;&lt;td&gt;Longitude: 32.850654 &lt;/td&gt;&lt;/tr&gt;
&lt;tr&gt;&lt;td&gt;Latitude: -18.296221 &lt;/td&gt;&lt;/tr&gt;
&lt;tr&gt;&lt;td&gt;Heading: 87.5 &lt;/td&gt;&lt;/tr&gt;
&lt;/table&gt;</cmt>
    <desc>&lt;table&gt;
&lt;tr&gt;&lt;td&gt;Longitude: 32.850654 &lt;/td&gt;&lt;/tr&gt;
&lt;tr&gt;&lt;td&gt;Latitude: -18.296221 &lt;/td&gt;&lt;/tr&gt;
&lt;tr&gt;&lt;td&gt;Heading: 87.5 &lt;/td&gt;&lt;/tr&gt;
&lt;/table&gt;</desc>
    <sym>Flag, Blue</sym>
    <type>user</type>
    <extensions>
      <gpxx:WaypointExtension>
        <gpxx:DisplayMode>SymbolAndName</gpxx:DisplayMode>
      </gpxx:WaypointExtension>
      <wptx1:WaypointExtension>
        <wptx1:DisplayMode>SymbolAndName</wptx1:DisplayMode>
      </wptx1:WaypointExtension>
      <ctx:CreationTimeExtension>
        <ctx:CreationTime>2026-10-02T12:44:04Z</ctx:CreationTime>
      </ctx:CreationTimeExtension>
    </extensions>
  </wpt>
  <wpt lat="-18.295960994437337" lon="32.851073993369937">
    <ele>0</ele>
    <time>2026-10-02T12:44:04Z</time>
    <name>The Challenge 2025-165</name>
    <cmt>&lt;table&gt;
&lt;tr&gt;&lt;td&gt;Longitude: 32.851074 &lt;/td&gt;&lt;/tr&gt;
&lt;tr&gt;&lt;td&gt;Latitude: -18.295961 &lt;/td&gt;&lt;/tr&gt;
&lt;tr&gt;&lt;td&gt;Heading: 56.9 &lt;/td&gt;&lt;/tr&gt;
&lt;/table&gt;</cmt>
    <desc>&lt;table&gt;
&lt;tr&gt;&lt;td&gt;Longitude: 32.851074 &lt;/td&gt;&lt;/tr&gt;
&lt;tr&gt;&lt;td&gt;Latitude: -18.295961 &lt;/td&gt;&lt;/tr&gt;
&lt;tr&gt;&lt;td&gt;Heading: 56.9 &lt;/td&gt;&lt;/tr&gt;
&lt;/table&gt;</desc>
    <sym>Flag, Blue</sym>
    <type>user</type>
    <extensions>
      <gpxx:WaypointExtension>
        <gpxx:DisplayMode>SymbolAndName</gpxx:DisplayMode>
      </gpxx:WaypointExtension>
      <wptx1:WaypointExtension>
        <wptx1:DisplayMode>SymbolAndName</wptx1:DisplayMode>
      </wptx1:WaypointExtension>
      <ctx:CreationTimeExtension>
        <ctx:CreationTime>2026-10-02T12:44:04Z</ctx:CreationTime>
      </ctx:CreationTimeExtension>
    </extensions>
  </wpt>
  <wpt lat="-18.295434024184942" lon="32.852070014923811">
    <ele>0</ele>
    <time>2026-10-02T12:44:04Z</time>
    <name>The Challenge 2025-166</name>
    <cmt>&lt;table&gt;
&lt;tr&gt;&lt;td&gt;Longitude: 32.852070 &lt;/td&gt;&lt;/tr&gt;
&lt;tr&gt;&lt;td&gt;Latitude: -18.295434 &lt;/td&gt;&lt;/tr&gt;
&lt;tr&gt;&lt;td&gt;Heading: 60.9 &lt;/td&gt;&lt;/tr&gt;
&lt;/table&gt;</cmt>
    <desc>&lt;table&gt;
&lt;tr&gt;&lt;td&gt;Longitude: 32.852070 &lt;/td&gt;&lt;/tr&gt;
&lt;tr&gt;&lt;td&gt;Latitude: -18.295434 &lt;/td&gt;&lt;/tr&gt;
&lt;tr&gt;&lt;td&gt;Heading: 60.9 &lt;/td&gt;&lt;/tr&gt;
&lt;/table&gt;</desc>
    <sym>Flag, Blue</sym>
    <type>user</type>
    <extensions>
      <gpxx:WaypointExtension>
        <gpxx:DisplayMode>SymbolAndName</gpxx:DisplayMode>
      </gpxx:WaypointExtension>
      <wptx1:WaypointExtension>
        <wptx1:DisplayMode>SymbolAndName</wptx1:DisplayMode>
      </wptx1:WaypointExtension>
      <ctx:CreationTimeExtension>
        <ctx:CreationTime>2026-10-02T12:44:04Z</ctx:CreationTime>
      </ctx:CreationTimeExtension>
    </extensions>
  </wpt>
  <wpt lat="-18.295152978971601" lon="32.852614000439644">
    <ele>0</ele>
    <time>2026-10-02T12:44:04Z</time>
    <name>The Challenge 2025-167</name>
    <cmt>&lt;table&gt;
&lt;tr&gt;&lt;td&gt;Longitude: 32.852614 &lt;/td&gt;&lt;/tr&gt;
&lt;tr&gt;&lt;td&gt;Latitude: -18.295153 &lt;/td&gt;&lt;/tr&gt;
&lt;tr&gt;&lt;td&gt;Heading: 61.5 &lt;/td&gt;&lt;/tr&gt;
&lt;/table&gt;</cmt>
    <desc>&lt;table&gt;
&lt;tr&gt;&lt;td&gt;Longitude: 32.852614 &lt;/td&gt;&lt;/tr&gt;
&lt;tr&gt;&lt;td&gt;Latitude: -18.295153 &lt;/td&gt;&lt;/tr&gt;
&lt;tr&gt;&lt;td&gt;Heading: 61.5 &lt;/td&gt;&lt;/tr&gt;
&lt;/table&gt;</desc>
    <sym>Flag, Blue</sym>
    <type>user</type>
    <extensions>
      <gpxx:WaypointExtension>
        <gpxx:DisplayMode>SymbolAndName</gpxx:DisplayMode>
      </gpxx:WaypointExtension>
      <wptx1:WaypointExtension>
        <wptx1:DisplayMode>SymbolAndName</wptx1:DisplayMode>
      </wptx1:WaypointExtension>
      <ctx:CreationTimeExtension>
        <ctx:CreationTime>2026-10-02T12:44:04Z</ctx:CreationTime>
      </ctx:CreationTimeExtension>
    </extensions>
  </wpt>
  <wpt lat="-18.294128961861134" lon="32.854154007509351">
    <ele>0</ele>
    <time>2026-10-02T12:44:04Z</time>
    <name>The Challenge 2025-168</name>
    <cmt>&lt;table&gt;
&lt;tr&gt;&lt;td&gt;Longitude: 32.854154 &lt;/td&gt;&lt;/tr&gt;
&lt;tr&gt;&lt;td&gt;Latitude: -18.294129 &lt;/td&gt;&lt;/tr&gt;
&lt;tr&gt;&lt;td&gt;Heading: 55.0 &lt;/td&gt;&lt;/tr&gt;
&lt;/table&gt;</cmt>
    <desc>&lt;table&gt;
&lt;tr&gt;&lt;td&gt;Longitude: 32.854154 &lt;/td&gt;&lt;/tr&gt;
&lt;tr&gt;&lt;td&gt;Latitude: -18.294129 &lt;/td&gt;&lt;/tr&gt;
&lt;tr&gt;&lt;td&gt;Heading: 55.0 &lt;/td&gt;&lt;/tr&gt;
&lt;/table&gt;</desc>
    <sym>Flag, Blue</sym>
    <type>user</type>
    <extensions>
      <gpxx:WaypointExtension>
        <gpxx:DisplayMode>SymbolAndName</gpxx:DisplayMode>
      </gpxx:WaypointExtension>
      <wptx1:WaypointExtension>
        <wptx1:DisplayMode>SymbolAndName</wptx1:DisplayMode>
      </wptx1:WaypointExtension>
      <ctx:CreationTimeExtension>
        <ctx:CreationTime>2026-10-02T12:44:04Z</ctx:CreationTime>
      </ctx:CreationTimeExtension>
    </extensions>
  </wpt>
  <wpt lat="-18.293799972161651" lon="32.854659017175436">
    <ele>0</ele>
    <time>2026-10-02T12:44:04Z</time>
    <name>The Challenge 2025-169</name>
    <cmt>&lt;table&gt;
&lt;tr&gt;&lt;td&gt;Longitude: 32.854659 &lt;/td&gt;&lt;/tr&gt;
&lt;tr&gt;&lt;td&gt;Latitude: -18.293800 &lt;/td&gt;&lt;/tr&gt;
&lt;tr&gt;&lt;td&gt;Heading: 55.6 &lt;/td&gt;&lt;/tr&gt;
&lt;/table&gt;</cmt>
    <desc>&lt;table&gt;
&lt;tr&gt;&lt;td&gt;Longitude: 32.854659 &lt;/td&gt;&lt;/tr&gt;
&lt;tr&gt;&lt;td&gt;Latitude: -18.293800 &lt;/td&gt;&lt;/tr&gt;
&lt;tr&gt;&lt;td&gt;Heading: 55.6 &lt;/td&gt;&lt;/tr&gt;
&lt;/table&gt;</desc>
    <sym>Flag, Blue</sym>
    <type>user</type>
    <extensions>
      <gpxx:WaypointExtension>
        <gpxx:DisplayMode>SymbolAndName</gpxx:DisplayMode>
      </gpxx:WaypointExtension>
      <wptx1:WaypointExtension>
        <wptx1:DisplayMode>SymbolAndName</wptx1:DisplayMode>
      </wptx1:WaypointExtension>
      <ctx:CreationTimeExtension>
        <ctx:CreationTime>2026-10-02T12:44:04Z</ctx:CreationTime>
      </ctx:CreationTimeExtension>
    </extensions>
  </wpt>
  <wpt lat="-18.334712041541934" lon="32.838656036183238">
    <ele>0</ele>
    <time>2026-10-02T12:44:04Z</time>
    <name>The Challenge 2025-17</name>
    <cmt>&lt;table&gt;
&lt;tr&gt;&lt;td&gt;Longitude: 32.838656 &lt;/td&gt;&lt;/tr&gt;
&lt;tr&gt;&lt;td&gt;Latitude: -18.334712 &lt;/td&gt;&lt;/tr&gt;
&lt;tr&gt;&lt;td&gt;Heading: 55.0 &lt;/td&gt;&lt;/tr&gt;
&lt;/table&gt;</cmt>
    <desc>&lt;table&gt;
&lt;tr&gt;&lt;td&gt;Longitude: 32.838656 &lt;/td&gt;&lt;/tr&gt;
&lt;tr&gt;&lt;td&gt;Latitude: -18.334712 &lt;/td&gt;&lt;/tr&gt;
&lt;tr&gt;&lt;td&gt;Heading: 55.0 &lt;/td&gt;&lt;/tr&gt;
&lt;/table&gt;</desc>
    <sym>Flag, Blue</sym>
    <type>user</type>
    <extensions>
      <gpxx:WaypointExtension>
        <gpxx:DisplayMode>SymbolAndName</gpxx:DisplayMode>
      </gpxx:WaypointExtension>
      <wptx1:WaypointExtension>
        <wptx1:DisplayMode>SymbolAndName</wptx1:DisplayMode>
      </wptx1:WaypointExtension>
      <ctx:CreationTimeExtension>
        <ctx:CreationTime>2026-10-02T12:44:04Z</ctx:CreationTime>
      </ctx:CreationTimeExtension>
    </extensions>
  </wpt>
  <wpt lat="-18.293310971930623" lon="32.855052966624498">
    <ele>0</ele>
    <time>2026-10-02T12:44:04Z</time>
    <name>The Challenge 2025-170</name>
    <cmt>&lt;table&gt;
&lt;tr&gt;&lt;td&gt;Longitude: 32.855053 &lt;/td&gt;&lt;/tr&gt;
&lt;tr&gt;&lt;td&gt;Latitude: -18.293311 &lt;/td&gt;&lt;/tr&gt;
&lt;tr&gt;&lt;td&gt;Heading: 37.4 &lt;/td&gt;&lt;/tr&gt;
&lt;/table&gt;</cmt>
    <desc>&lt;table&gt;
&lt;tr&gt;&lt;td&gt;Longitude: 32.855053 &lt;/td&gt;&lt;/tr&gt;
&lt;tr&gt;&lt;td&gt;Latitude: -18.293311 &lt;/td&gt;&lt;/tr&gt;
&lt;tr&gt;&lt;td&gt;Heading: 37.4 &lt;/td&gt;&lt;/tr&gt;
&lt;/table&gt;</desc>
    <sym>Flag, Blue</sym>
    <type>user</type>
    <extensions>
      <gpxx:WaypointExtension>
        <gpxx:DisplayMode>SymbolAndName</gpxx:DisplayMode>
      </gpxx:WaypointExtension>
      <wptx1:WaypointExtension>
        <wptx1:DisplayMode>SymbolAndName</wptx1:DisplayMode>
      </wptx1:WaypointExtension>
      <ctx:CreationTimeExtension>
        <ctx:CreationTime>2026-10-02T12:44:04Z</ctx:CreationTime>
      </ctx:CreationTimeExtension>
    </extensions>
  </wpt>
  <wpt lat="-18.293236037716269" lon="32.855224963277578">
    <ele>0</ele>
    <time>2026-10-02T12:44:04Z</time>
    <name>The Challenge 2025-171</name>
    <cmt>&lt;table&gt;
&lt;tr&gt;&lt;td&gt;Longitude: 32.855225 &lt;/td&gt;&lt;/tr&gt;
&lt;tr&gt;&lt;td&gt;Latitude: -18.293236 &lt;/td&gt;&lt;/tr&gt;
&lt;tr&gt;&lt;td&gt;Heading: 65.5 &lt;/td&gt;&lt;/tr&gt;
&lt;/table&gt;</cmt>
    <desc>&lt;table&gt;
&lt;tr&gt;&lt;td&gt;Longitude: 32.855225 &lt;/td&gt;&lt;/tr&gt;
&lt;tr&gt;&lt;td&gt;Latitude: -18.293236 &lt;/td&gt;&lt;/tr&gt;
&lt;tr&gt;&lt;td&gt;Heading: 65.5 &lt;/td&gt;&lt;/tr&gt;
&lt;/table&gt;</desc>
    <sym>Flag, Blue</sym>
    <type>user</type>
    <extensions>
      <gpxx:WaypointExtension>
        <gpxx:DisplayMode>SymbolAndName</gpxx:DisplayMode>
      </gpxx:WaypointExtension>
      <wptx1:WaypointExtension>
        <wptx1:DisplayMode>SymbolAndName</wptx1:DisplayMode>
      </wptx1:WaypointExtension>
      <ctx:CreationTimeExtension>
        <ctx:CreationTime>2026-10-02T12:44:04Z</ctx:CreationTime>
      </ctx:CreationTimeExtension>
    </extensions>
  </wpt>
  <wpt lat="-18.292975025251508" lon="32.855365024879575">
    <ele>0</ele>
    <time>2026-10-02T12:44:04Z</time>
    <name>The Challenge 2025-172</name>
    <cmt>&lt;table&gt;
&lt;tr&gt;&lt;td&gt;Longitude: 32.855365 &lt;/td&gt;&lt;/tr&gt;
&lt;tr&gt;&lt;td&gt;Latitude: -18.292975 &lt;/td&gt;&lt;/tr&gt;
&lt;tr&gt;&lt;td&gt;Heading: 27.0 &lt;/td&gt;&lt;/tr&gt;
&lt;/table&gt;</cmt>
    <desc>&lt;table&gt;
&lt;tr&gt;&lt;td&gt;Longitude: 32.855365 &lt;/td&gt;&lt;/tr&gt;
&lt;tr&gt;&lt;td&gt;Latitude: -18.292975 &lt;/td&gt;&lt;/tr&gt;
&lt;tr&gt;&lt;td&gt;Heading: 27.0 &lt;/td&gt;&lt;/tr&gt;
&lt;/table&gt;</desc>
    <sym>Flag, Blue</sym>
    <type>user</type>
    <extensions>
      <gpxx:WaypointExtension>
        <gpxx:DisplayMode>SymbolAndName</gpxx:DisplayMode>
      </gpxx:WaypointExtension>
      <wptx1:WaypointExtension>
        <wptx1:DisplayMode>SymbolAndName</wptx1:DisplayMode>
      </wptx1:WaypointExtension>
      <ctx:CreationTimeExtension>
        <ctx:CreationTime>2026-10-02T12:44:04Z</ctx:CreationTime>
      </ctx:CreationTimeExtension>
    </extensions>
  </wpt>
  <wpt lat="-18.292799005284905" lon="32.855710024014115">
    <ele>0</ele>
    <time>2026-10-02T12:44:04Z</time>
    <name>The Challenge 2025-173</name>
    <cmt>&lt;table&gt;
&lt;tr&gt;&lt;td&gt;Longitude: 32.855710 &lt;/td&gt;&lt;/tr&gt;
&lt;tr&gt;&lt;td&gt;Latitude: -18.292799 &lt;/td&gt;&lt;/tr&gt;
&lt;tr&gt;&lt;td&gt;Heading: 61.7 &lt;/td&gt;&lt;/tr&gt;
&lt;/table&gt;</cmt>
    <desc>&lt;table&gt;
&lt;tr&gt;&lt;td&gt;Longitude: 32.855710 &lt;/td&gt;&lt;/tr&gt;
&lt;tr&gt;&lt;td&gt;Latitude: -18.292799 &lt;/td&gt;&lt;/tr&gt;
&lt;tr&gt;&lt;td&gt;Heading: 61.7 &lt;/td&gt;&lt;/tr&gt;
&lt;/table&gt;</desc>
    <sym>Flag, Blue</sym>
    <type>user</type>
    <extensions>
      <gpxx:WaypointExtension>
        <gpxx:DisplayMode>SymbolAndName</gpxx:DisplayMode>
      </gpxx:WaypointExtension>
      <wptx1:WaypointExtension>
        <wptx1:DisplayMode>SymbolAndName</wptx1:DisplayMode>
      </wptx1:WaypointExtension>
      <ctx:CreationTimeExtension>
        <ctx:CreationTime>2026-10-02T12:44:04Z</ctx:CreationTime>
      </ctx:CreationTimeExtension>
    </extensions>
  </wpt>
  <wpt lat="-18.292494993656874" lon="32.85606499761343">
    <ele>0</ele>
    <time>2026-10-02T12:44:04Z</time>
    <name>The Challenge 2025-174</name>
    <cmt>&lt;table&gt;
&lt;tr&gt;&lt;td&gt;Longitude: 32.856065 &lt;/td&gt;&lt;/tr&gt;
&lt;tr&gt;&lt;td&gt;Latitude: -18.292495 &lt;/td&gt;&lt;/tr&gt;
&lt;tr&gt;&lt;td&gt;Heading: 48.0 &lt;/td&gt;&lt;/tr&gt;
&lt;/table&gt;</cmt>
    <desc>&lt;table&gt;
&lt;tr&gt;&lt;td&gt;Longitude: 32.856065 &lt;/td&gt;&lt;/tr&gt;
&lt;tr&gt;&lt;td&gt;Latitude: -18.292495 &lt;/td&gt;&lt;/tr&gt;
&lt;tr&gt;&lt;td&gt;Heading: 48.0 &lt;/td&gt;&lt;/tr&gt;
&lt;/table&gt;</desc>
    <sym>Flag, Blue</sym>
    <type>user</type>
    <extensions>
      <gpxx:WaypointExtension>
        <gpxx:DisplayMode>SymbolAndName</gpxx:DisplayMode>
      </gpxx:WaypointExtension>
      <wptx1:WaypointExtension>
        <wptx1:DisplayMode>SymbolAndName</wptx1:DisplayMode>
      </wptx1:WaypointExtension>
      <ctx:CreationTimeExtension>
        <ctx:CreationTime>2026-10-02T12:44:04Z</ctx:CreationTime>
      </ctx:CreationTimeExtension>
    </extensions>
  </wpt>
  <wpt lat="-18.292092997580767" lon="32.856419971212745">
    <ele>0</ele>
    <time>2026-10-02T12:44:04Z</time>
    <name>The Challenge 2025-175</name>
    <cmt>&lt;table&gt;
&lt;tr&gt;&lt;td&gt;Longitude: 32.856420 &lt;/td&gt;&lt;/tr&gt;
&lt;tr&gt;&lt;td&gt;Latitude: -18.292093 &lt;/td&gt;&lt;/tr&gt;
&lt;tr&gt;&lt;td&gt;Heading: 40.0 &lt;/td&gt;&lt;/tr&gt;
&lt;/table&gt;</cmt>
    <desc>&lt;table&gt;
&lt;tr&gt;&lt;td&gt;Longitude: 32.856420 &lt;/td&gt;&lt;/tr&gt;
&lt;tr&gt;&lt;td&gt;Latitude: -18.292093 &lt;/td&gt;&lt;/tr&gt;
&lt;tr&gt;&lt;td&gt;Heading: 40.0 &lt;/td&gt;&lt;/tr&gt;
&lt;/table&gt;</desc>
    <sym>Flag, Blue</sym>
    <type>user</type>
    <extensions>
      <gpxx:WaypointExtension>
        <gpxx:DisplayMode>SymbolAndName</gpxx:DisplayMode>
      </gpxx:WaypointExtension>
      <wptx1:WaypointExtension>
        <wptx1:DisplayMode>SymbolAndName</wptx1:DisplayMode>
      </wptx1:WaypointExtension>
      <ctx:CreationTimeExtension>
        <ctx:CreationTime>2026-10-02T12:44:04Z</ctx:CreationTime>
      </ctx:CreationTimeExtension>
    </extensions>
  </wpt>
  <wpt lat="-18.291816981509328" lon="32.856677966192365">
    <ele>0</ele>
    <time>2026-10-02T12:44:04Z</time>
    <name>The Challenge 2025-176</name>
    <cmt>&lt;table&gt;
&lt;tr&gt;&lt;td&gt;Longitude: 32.856678 &lt;/td&gt;&lt;/tr&gt;
&lt;tr&gt;&lt;td&gt;Latitude: -18.291817 &lt;/td&gt;&lt;/tr&gt;
&lt;tr&gt;&lt;td&gt;Heading: 41.6 &lt;/td&gt;&lt;/tr&gt;
&lt;/table&gt;</cmt>
    <desc>&lt;table&gt;
&lt;tr&gt;&lt;td&gt;Longitude: 32.856678 &lt;/td&gt;&lt;/tr&gt;
&lt;tr&gt;&lt;td&gt;Latitude: -18.291817 &lt;/td&gt;&lt;/tr&gt;
&lt;tr&gt;&lt;td&gt;Heading: 41.6 &lt;/td&gt;&lt;/tr&gt;
&lt;/table&gt;</desc>
    <sym>Flag, Blue</sym>
    <type>user</type>
    <extensions>
      <gpxx:WaypointExtension>
        <gpxx:DisplayMode>SymbolAndName</gpxx:DisplayMode>
      </gpxx:WaypointExtension>
      <wptx1:WaypointExtension>
        <wptx1:DisplayMode>SymbolAndName</wptx1:DisplayMode>
      </wptx1:WaypointExtension>
      <ctx:CreationTimeExtension>
        <ctx:CreationTime>2026-10-02T12:44:04Z</ctx:CreationTime>
      </ctx:CreationTimeExtension>
    </extensions>
  </wpt>
  <wpt lat="-18.291704999282956" lon="32.856914000585675">
    <ele>0</ele>
    <time>2026-10-02T12:44:04Z</time>
    <name>The Challenge 2025-177</name>
    <cmt>&lt;table&gt;
&lt;tr&gt;&lt;td&gt;Longitude: 32.856914 &lt;/td&gt;&lt;/tr&gt;
&lt;tr&gt;&lt;td&gt;Latitude: -18.291705 &lt;/td&gt;&lt;/tr&gt;
&lt;tr&gt;&lt;td&gt;Heading: 63.3 &lt;/td&gt;&lt;/tr&gt;
&lt;/table&gt;</cmt>
    <desc>&lt;table&gt;
&lt;tr&gt;&lt;td&gt;Longitude: 32.856914 &lt;/td&gt;&lt;/tr&gt;
&lt;tr&gt;&lt;td&gt;Latitude: -18.291705 &lt;/td&gt;&lt;/tr&gt;
&lt;tr&gt;&lt;td&gt;Heading: 63.3 &lt;/td&gt;&lt;/tr&gt;
&lt;/table&gt;</desc>
    <sym>Flag, Blue</sym>
    <type>user</type>
    <extensions>
      <gpxx:WaypointExtension>
        <gpxx:DisplayMode>SymbolAndName</gpxx:DisplayMode>
      </gpxx:WaypointExtension>
      <wptx1:WaypointExtension>
        <wptx1:DisplayMode>SymbolAndName</wptx1:DisplayMode>
      </wptx1:WaypointExtension>
      <ctx:CreationTimeExtension>
        <ctx:CreationTime>2026-10-02T12:44:04Z</ctx:CreationTime>
      </ctx:CreationTimeExtension>
    </extensions>
  </wpt>
  <wpt lat="-18.291402999311686" lon="32.857125978916883">
    <ele>0</ele>
    <time>2026-10-02T12:44:04Z</time>
    <name>The Challenge 2025-178</name>
    <cmt>&lt;table&gt;
&lt;tr&gt;&lt;td&gt;Longitude: 32.857126 &lt;/td&gt;&lt;/tr&gt;
&lt;tr&gt;&lt;td&gt;Latitude: -18.291403 &lt;/td&gt;&lt;/tr&gt;
&lt;tr&gt;&lt;td&gt;Heading: 33.6 &lt;/td&gt;&lt;/tr&gt;
&lt;/table&gt;</cmt>
    <desc>&lt;table&gt;
&lt;tr&gt;&lt;td&gt;Longitude: 32.857126 &lt;/td&gt;&lt;/tr&gt;
&lt;tr&gt;&lt;td&gt;Latitude: -18.291403 &lt;/td&gt;&lt;/tr&gt;
&lt;tr&gt;&lt;td&gt;Heading: 33.6 &lt;/td&gt;&lt;/tr&gt;
&lt;/table&gt;</desc>
    <sym>Flag, Blue</sym>
    <type>user</type>
    <extensions>
      <gpxx:WaypointExtension>
        <gpxx:DisplayMode>SymbolAndName</gpxx:DisplayMode>
      </gpxx:WaypointExtension>
      <wptx1:WaypointExtension>
        <wptx1:DisplayMode>SymbolAndName</wptx1:DisplayMode>
      </wptx1:WaypointExtension>
      <ctx:CreationTimeExtension>
        <ctx:CreationTime>2026-10-02T12:44:04Z</ctx:CreationTime>
      </ctx:CreationTimeExtension>
    </extensions>
  </wpt>
  <wpt lat="-18.29124198295176" lon="32.857422027736902">
    <ele>0</ele>
    <time>2026-10-02T12:44:04Z</time>
    <name>The Challenge 2025-179</name>
    <cmt>&lt;table&gt;
&lt;tr&gt;&lt;td&gt;Longitude: 32.857422 &lt;/td&gt;&lt;/tr&gt;
&lt;tr&gt;&lt;td&gt;Latitude: -18.291242 &lt;/td&gt;&lt;/tr&gt;
&lt;tr&gt;&lt;td&gt;Heading: 60.3 &lt;/td&gt;&lt;/tr&gt;
&lt;/table&gt;</cmt>
    <desc>&lt;table&gt;
&lt;tr&gt;&lt;td&gt;Longitude: 32.857422 &lt;/td&gt;&lt;/tr&gt;
&lt;tr&gt;&lt;td&gt;Latitude: -18.291242 &lt;/td&gt;&lt;/tr&gt;
&lt;tr&gt;&lt;td&gt;Heading: 60.3 &lt;/td&gt;&lt;/tr&gt;
&lt;/table&gt;</desc>
    <sym>Flag, Blue</sym>
    <type>user</type>
    <extensions>
      <gpxx:WaypointExtension>
        <gpxx:DisplayMode>SymbolAndName</gpxx:DisplayMode>
      </gpxx:WaypointExtension>
      <wptx1:WaypointExtension>
        <wptx1:DisplayMode>SymbolAndName</wptx1:DisplayMode>
      </wptx1:WaypointExtension>
      <ctx:CreationTimeExtension>
        <ctx:CreationTime>2026-10-02T12:44:04Z</ctx:CreationTime>
      </ctx:CreationTimeExtension>
    </extensions>
  </wpt>
  <wpt lat="-18.334802985191345" lon="32.839466985315084">
    <ele>0</ele>
    <time>2026-10-02T12:44:04Z</time>
    <name>The Challenge 2025-18</name>
    <cmt>&lt;table&gt;
&lt;tr&gt;&lt;td&gt;Longitude: 32.839467 &lt;/td&gt;&lt;/tr&gt;
&lt;tr&gt;&lt;td&gt;Latitude: -18.334803 &lt;/td&gt;&lt;/tr&gt;
&lt;tr&gt;&lt;td&gt;Heading: 96.7 &lt;/td&gt;&lt;/tr&gt;
&lt;/table&gt;</cmt>
    <desc>&lt;table&gt;
&lt;tr&gt;&lt;td&gt;Longitude: 32.839467 &lt;/td&gt;&lt;/tr&gt;
&lt;tr&gt;&lt;td&gt;Latitude: -18.334803 &lt;/td&gt;&lt;/tr&gt;
&lt;tr&gt;&lt;td&gt;Heading: 96.7 &lt;/td&gt;&lt;/tr&gt;
&lt;/table&gt;</desc>
    <sym>Flag, Blue</sym>
    <type>user</type>
    <extensions>
      <gpxx:WaypointExtension>
        <gpxx:DisplayMode>SymbolAndName</gpxx:DisplayMode>
      </gpxx:WaypointExtension>
      <wptx1:WaypointExtension>
        <wptx1:DisplayMode>SymbolAndName</wptx1:DisplayMode>
      </wptx1:WaypointExtension>
      <ctx:CreationTimeExtension>
        <ctx:CreationTime>2026-10-02T12:44:04Z</ctx:CreationTime>
      </ctx:CreationTimeExtension>
    </extensions>
  </wpt>
  <wpt lat="-18.291147015988827" lon="32.85756703466177">
    <ele>0</ele>
    <time>2026-10-02T12:44:04Z</time>
    <name>The Challenge 2025-180</name>
    <cmt>&lt;table&gt;
&lt;tr&gt;&lt;td&gt;Longitude: 32.857567 &lt;/td&gt;&lt;/tr&gt;
&lt;tr&gt;&lt;td&gt;Latitude: -18.291147 &lt;/td&gt;&lt;/tr&gt;
&lt;tr&gt;&lt;td&gt;Heading: 55.2 &lt;/td&gt;&lt;/tr&gt;
&lt;/table&gt;</cmt>
    <desc>&lt;table&gt;
&lt;tr&gt;&lt;td&gt;Longitude: 32.857567 &lt;/td&gt;&lt;/tr&gt;
&lt;tr&gt;&lt;td&gt;Latitude: -18.291147 &lt;/td&gt;&lt;/tr&gt;
&lt;tr&gt;&lt;td&gt;Heading: 55.2 &lt;/td&gt;&lt;/tr&gt;
&lt;/table&gt;</desc>
    <sym>Flag, Blue</sym>
    <type>user</type>
    <extensions>
      <gpxx:WaypointExtension>
        <gpxx:DisplayMode>SymbolAndName</gpxx:DisplayMode>
      </gpxx:WaypointExtension>
      <wptx1:WaypointExtension>
        <wptx1:DisplayMode>SymbolAndName</wptx1:DisplayMode>
      </wptx1:WaypointExtension>
      <ctx:CreationTimeExtension>
        <ctx:CreationTime>2026-10-02T12:44:04Z</ctx:CreationTime>
      </ctx:CreationTimeExtension>
    </extensions>
  </wpt>
  <wpt lat="-18.290843004360795" lon="32.857715981081128">
    <ele>0</ele>
    <time>2026-10-02T12:44:04Z</time>
    <name>The Challenge 2025-181</name>
    <cmt>&lt;table&gt;
&lt;tr&gt;&lt;td&gt;Longitude: 32.857716 &lt;/td&gt;&lt;/tr&gt;
&lt;tr&gt;&lt;td&gt;Latitude: -18.290843 &lt;/td&gt;&lt;/tr&gt;
&lt;tr&gt;&lt;td&gt;Heading: 25.0 &lt;/td&gt;&lt;/tr&gt;
&lt;/table&gt;</cmt>
    <desc>&lt;table&gt;
&lt;tr&gt;&lt;td&gt;Longitude: 32.857716 &lt;/td&gt;&lt;/tr&gt;
&lt;tr&gt;&lt;td&gt;Latitude: -18.290843 &lt;/td&gt;&lt;/tr&gt;
&lt;tr&gt;&lt;td&gt;Heading: 25.0 &lt;/td&gt;&lt;/tr&gt;
&lt;/table&gt;</desc>
    <sym>Flag, Blue</sym>
    <type>user</type>
    <extensions>
      <gpxx:WaypointExtension>
        <gpxx:DisplayMode>SymbolAndName</gpxx:DisplayMode>
      </gpxx:WaypointExtension>
      <wptx1:WaypointExtension>
        <wptx1:DisplayMode>SymbolAndName</wptx1:DisplayMode>
      </wptx1:WaypointExtension>
      <ctx:CreationTimeExtension>
        <ctx:CreationTime>2026-10-02T12:44:04Z</ctx:CreationTime>
      </ctx:CreationTimeExtension>
    </extensions>
  </wpt>
  <wpt lat="-18.290356015786529" lon="32.858009012416005">
    <ele>0</ele>
    <time>2026-10-02T12:44:04Z</time>
    <name>The Challenge 2025-182</name>
    <cmt>&lt;table&gt;
&lt;tr&gt;&lt;td&gt;Longitude: 32.858009 &lt;/td&gt;&lt;/tr&gt;
&lt;tr&gt;&lt;td&gt;Latitude: -18.290356 &lt;/td&gt;&lt;/tr&gt;
&lt;tr&gt;&lt;td&gt;Heading: 29.7 &lt;/td&gt;&lt;/tr&gt;
&lt;/table&gt;</cmt>
    <desc>&lt;table&gt;
&lt;tr&gt;&lt;td&gt;Longitude: 32.858009 &lt;/td&gt;&lt;/tr&gt;
&lt;tr&gt;&lt;td&gt;Latitude: -18.290356 &lt;/td&gt;&lt;/tr&gt;
&lt;tr&gt;&lt;td&gt;Heading: 29.7 &lt;/td&gt;&lt;/tr&gt;
&lt;/table&gt;</desc>
    <sym>Flag, Blue</sym>
    <type>user</type>
    <extensions>
      <gpxx:WaypointExtension>
        <gpxx:DisplayMode>SymbolAndName</gpxx:DisplayMode>
      </gpxx:WaypointExtension>
      <wptx1:WaypointExtension>
        <wptx1:DisplayMode>SymbolAndName</wptx1:DisplayMode>
      </wptx1:WaypointExtension>
      <ctx:CreationTimeExtension>
        <ctx:CreationTime>2026-10-02T12:44:04Z</ctx:CreationTime>
      </ctx:CreationTimeExtension>
    </extensions>
  </wpt>
  <wpt lat="-18.290243027731776" lon="32.858325010165572">
    <ele>0</ele>
    <time>2026-10-02T12:44:04Z</time>
    <name>The Challenge 2025-183</name>
    <cmt>&lt;table&gt;
&lt;tr&gt;&lt;td&gt;Longitude: 32.858325 &lt;/td&gt;&lt;/tr&gt;
&lt;tr&gt;&lt;td&gt;Latitude: -18.290243 &lt;/td&gt;&lt;/tr&gt;
&lt;tr&gt;&lt;td&gt;Heading: 69.4 &lt;/td&gt;&lt;/tr&gt;
&lt;/table&gt;</cmt>
    <desc>&lt;table&gt;
&lt;tr&gt;&lt;td&gt;Longitude: 32.858325 &lt;/td&gt;&lt;/tr&gt;
&lt;tr&gt;&lt;td&gt;Latitude: -18.290243 &lt;/td&gt;&lt;/tr&gt;
&lt;tr&gt;&lt;td&gt;Heading: 69.4 &lt;/td&gt;&lt;/tr&gt;
&lt;/table&gt;</desc>
    <sym>Flag, Blue</sym>
    <type>user</type>
    <extensions>
      <gpxx:WaypointExtension>
        <gpxx:DisplayMode>SymbolAndName</gpxx:DisplayMode>
      </gpxx:WaypointExtension>
      <wptx1:WaypointExtension>
        <wptx1:DisplayMode>SymbolAndName</wptx1:DisplayMode>
      </wptx1:WaypointExtension>
      <ctx:CreationTimeExtension>
        <ctx:CreationTime>2026-10-02T12:44:04Z</ctx:CreationTime>
      </ctx:CreationTimeExtension>
    </extensions>
  </wpt>
  <wpt lat="-18.290061978623271" lon="32.858848040923476">
    <ele>0</ele>
    <time>2026-10-02T12:44:04Z</time>
    <name>The Challenge 2025-184</name>
    <cmt>&lt;table&gt;
&lt;tr&gt;&lt;td&gt;Longitude: 32.858848 &lt;/td&gt;&lt;/tr&gt;
&lt;tr&gt;&lt;td&gt;Latitude: -18.290062 &lt;/td&gt;&lt;/tr&gt;
&lt;tr&gt;&lt;td&gt;Heading: 70.0 &lt;/td&gt;&lt;/tr&gt;
&lt;/table&gt;</cmt>
    <desc>&lt;table&gt;
&lt;tr&gt;&lt;td&gt;Longitude: 32.858848 &lt;/td&gt;&lt;/tr&gt;
&lt;tr&gt;&lt;td&gt;Latitude: -18.290062 &lt;/td&gt;&lt;/tr&gt;
&lt;tr&gt;&lt;td&gt;Heading: 70.0 &lt;/td&gt;&lt;/tr&gt;
&lt;/table&gt;</desc>
    <sym>Flag, Blue</sym>
    <type>user</type>
    <extensions>
      <gpxx:WaypointExtension>
        <gpxx:DisplayMode>SymbolAndName</gpxx:DisplayMode>
      </gpxx:WaypointExtension>
      <wptx1:WaypointExtension>
        <wptx1:DisplayMode>SymbolAndName</wptx1:DisplayMode>
      </wptx1:WaypointExtension>
      <ctx:CreationTimeExtension>
        <ctx:CreationTime>2026-10-02T12:44:04Z</ctx:CreationTime>
      </ctx:CreationTimeExtension>
    </extensions>
  </wpt>
  <wpt lat="-18.289833990857005" lon="32.859378028661013">
    <ele>0</ele>
    <time>2026-10-02T12:44:04Z</time>
    <name>The Challenge 2025-185</name>
    <cmt>&lt;table&gt;
&lt;tr&gt;&lt;td&gt;Longitude: 32.859378 &lt;/td&gt;&lt;/tr&gt;
&lt;tr&gt;&lt;td&gt;Latitude: -18.289834 &lt;/td&gt;&lt;/tr&gt;
&lt;tr&gt;&lt;td&gt;Heading: 65.6 &lt;/td&gt;&lt;/tr&gt;
&lt;/table&gt;</cmt>
    <desc>&lt;table&gt;
&lt;tr&gt;&lt;td&gt;Longitude: 32.859378 &lt;/td&gt;&lt;/tr&gt;
&lt;tr&gt;&lt;td&gt;Latitude: -18.289834 &lt;/td&gt;&lt;/tr&gt;
&lt;tr&gt;&lt;td&gt;Heading: 65.6 &lt;/td&gt;&lt;/tr&gt;
&lt;/table&gt;</desc>
    <sym>Flag, Blue</sym>
    <type>user</type>
    <extensions>
      <gpxx:WaypointExtension>
        <gpxx:DisplayMode>SymbolAndName</gpxx:DisplayMode>
      </gpxx:WaypointExtension>
      <wptx1:WaypointExtension>
        <wptx1:DisplayMode>SymbolAndName</wptx1:DisplayMode>
      </wptx1:WaypointExtension>
      <ctx:CreationTimeExtension>
        <ctx:CreationTime>2026-10-02T12:44:04Z</ctx:CreationTime>
      </ctx:CreationTimeExtension>
    </extensions>
  </wpt>
  <wpt lat="-18.289481028914452" lon="32.859704000875354">
    <ele>0</ele>
    <time>2026-10-02T12:44:04Z</time>
    <name>The Challenge 2025-186</name>
    <cmt>&lt;table&gt;
&lt;tr&gt;&lt;td&gt;Longitude: 32.859704 &lt;/td&gt;&lt;/tr&gt;
&lt;tr&gt;&lt;td&gt;Latitude: -18.289481 &lt;/td&gt;&lt;/tr&gt;
&lt;tr&gt;&lt;td&gt;Heading: 41.3 &lt;/td&gt;&lt;/tr&gt;
&lt;/table&gt;</cmt>
    <desc>&lt;table&gt;
&lt;tr&gt;&lt;td&gt;Longitude: 32.859704 &lt;/td&gt;&lt;/tr&gt;
&lt;tr&gt;&lt;td&gt;Latitude: -18.289481 &lt;/td&gt;&lt;/tr&gt;
&lt;tr&gt;&lt;td&gt;Heading: 41.3 &lt;/td&gt;&lt;/tr&gt;
&lt;/table&gt;</desc>
    <sym>Flag, Blue</sym>
    <type>user</type>
    <extensions>
      <gpxx:WaypointExtension>
        <gpxx:DisplayMode>SymbolAndName</gpxx:DisplayMode>
      </gpxx:WaypointExtension>
      <wptx1:WaypointExtension>
        <wptx1:DisplayMode>SymbolAndName</wptx1:DisplayMode>
      </wptx1:WaypointExtension>
      <ctx:CreationTimeExtension>
        <ctx:CreationTime>2026-10-02T12:44:04Z</ctx:CreationTime>
      </ctx:CreationTimeExtension>
    </extensions>
  </wpt>
  <wpt lat="-18.289152961224318" lon="32.859860993921757">
    <ele>0</ele>
    <time>2026-10-02T12:44:04Z</time>
    <name>The Challenge 2025-187</name>
    <cmt>&lt;table&gt;
&lt;tr&gt;&lt;td&gt;Longitude: 32.859861 &lt;/td&gt;&lt;/tr&gt;
&lt;tr&gt;&lt;td&gt;Latitude: -18.289153 &lt;/td&gt;&lt;/tr&gt;
&lt;tr&gt;&lt;td&gt;Heading: 24.4 &lt;/td&gt;&lt;/tr&gt;
&lt;/table&gt;</cmt>
    <desc>&lt;table&gt;
&lt;tr&gt;&lt;td&gt;Longitude: 32.859861 &lt;/td&gt;&lt;/tr&gt;
&lt;tr&gt;&lt;td&gt;Latitude: -18.289153 &lt;/td&gt;&lt;/tr&gt;
&lt;tr&gt;&lt;td&gt;Heading: 24.4 &lt;/td&gt;&lt;/tr&gt;
&lt;/table&gt;</desc>
    <sym>Flag, Blue</sym>
    <type>user</type>
    <extensions>
      <gpxx:WaypointExtension>
        <gpxx:DisplayMode>SymbolAndName</gpxx:DisplayMode>
      </gpxx:WaypointExtension>
      <wptx1:WaypointExtension>
        <wptx1:DisplayMode>SymbolAndName</wptx1:DisplayMode>
      </wptx1:WaypointExtension>
      <ctx:CreationTimeExtension>
        <ctx:CreationTime>2026-10-02T12:44:04Z</ctx:CreationTime>
      </ctx:CreationTimeExtension>
    </extensions>
  </wpt>
  <wpt lat="-18.288803016766906" lon="32.860353011637926">
    <ele>0</ele>
    <time>2026-10-02T12:44:04Z</time>
    <name>The Challenge 2025-188</name>
    <cmt>&lt;table&gt;
&lt;tr&gt;&lt;td&gt;Longitude: 32.860353 &lt;/td&gt;&lt;/tr&gt;
&lt;tr&gt;&lt;td&gt;Latitude: -18.288803 &lt;/td&gt;&lt;/tr&gt;
&lt;tr&gt;&lt;td&gt;Heading: 53.1 &lt;/td&gt;&lt;/tr&gt;
&lt;/table&gt;</cmt>
    <desc>&lt;table&gt;
&lt;tr&gt;&lt;td&gt;Longitude: 32.860353 &lt;/td&gt;&lt;/tr&gt;
&lt;tr&gt;&lt;td&gt;Latitude: -18.288803 &lt;/td&gt;&lt;/tr&gt;
&lt;tr&gt;&lt;td&gt;Heading: 53.1 &lt;/td&gt;&lt;/tr&gt;
&lt;/table&gt;</desc>
    <sym>Flag, Blue</sym>
    <type>user</type>
    <extensions>
      <gpxx:WaypointExtension>
        <gpxx:DisplayMode>SymbolAndName</gpxx:DisplayMode>
      </gpxx:WaypointExtension>
      <wptx1:WaypointExtension>
        <wptx1:DisplayMode>SymbolAndName</wptx1:DisplayMode>
      </wptx1:WaypointExtension>
      <ctx:CreationTimeExtension>
        <ctx:CreationTime>2026-10-02T12:44:04Z</ctx:CreationTime>
      </ctx:CreationTimeExtension>
    </extensions>
  </wpt>
  <wpt lat="-18.288754988461733" lon="32.860610000789165">
    <ele>0</ele>
    <time>2026-10-02T12:44:04Z</time>
    <name>The Challenge 2025-189</name>
    <cmt>&lt;table&gt;
&lt;tr&gt;&lt;td&gt;Longitude: 32.860610 &lt;/td&gt;&lt;/tr&gt;
&lt;tr&gt;&lt;td&gt;Latitude: -18.288755 &lt;/td&gt;&lt;/tr&gt;
&lt;tr&gt;&lt;td&gt;Heading: 78.9 &lt;/td&gt;&lt;/tr&gt;
&lt;/table&gt;</cmt>
    <desc>&lt;table&gt;
&lt;tr&gt;&lt;td&gt;Longitude: 32.860610 &lt;/td&gt;&lt;/tr&gt;
&lt;tr&gt;&lt;td&gt;Latitude: -18.288755 &lt;/td&gt;&lt;/tr&gt;
&lt;tr&gt;&lt;td&gt;Heading: 78.9 &lt;/td&gt;&lt;/tr&gt;
&lt;/table&gt;</desc>
    <sym>Flag, Blue</sym>
    <type>user</type>
    <extensions>
      <gpxx:WaypointExtension>
        <gpxx:DisplayMode>SymbolAndName</gpxx:DisplayMode>
      </gpxx:WaypointExtension>
      <wptx1:WaypointExtension>
        <wptx1:DisplayMode>SymbolAndName</wptx1:DisplayMode>
      </wptx1:WaypointExtension>
      <ctx:CreationTimeExtension>
        <ctx:CreationTime>2026-10-02T12:44:04Z</ctx:CreationTime>
      </ctx:CreationTimeExtension>
    </extensions>
  </wpt>
  <wpt lat="-18.334731990471482" lon="32.840212974697351">
    <ele>0</ele>
    <time>2026-10-02T12:44:04Z</time>
    <name>The Challenge 2025-19</name>
    <cmt>&lt;table&gt;
&lt;tr&gt;&lt;td&gt;Longitude: 32.840213 &lt;/td&gt;&lt;/tr&gt;
&lt;tr&gt;&lt;td&gt;Latitude: -18.334732 &lt;/td&gt;&lt;/tr&gt;
&lt;tr&gt;&lt;td&gt;Heading: 84.3 &lt;/td&gt;&lt;/tr&gt;
&lt;/table&gt;</cmt>
    <desc>&lt;table&gt;
&lt;tr&gt;&lt;td&gt;Longitude: 32.840213 &lt;/td&gt;&lt;/tr&gt;
&lt;tr&gt;&lt;td&gt;Latitude: -18.334732 &lt;/td&gt;&lt;/tr&gt;
&lt;tr&gt;&lt;td&gt;Heading: 84.3 &lt;/td&gt;&lt;/tr&gt;
&lt;/table&gt;</desc>
    <sym>Flag, Blue</sym>
    <type>user</type>
    <extensions>
      <gpxx:WaypointExtension>
        <gpxx:DisplayMode>SymbolAndName</gpxx:DisplayMode>
      </gpxx:WaypointExtension>
      <wptx1:WaypointExtension>
        <wptx1:DisplayMode>SymbolAndName</wptx1:DisplayMode>
      </wptx1:WaypointExtension>
      <ctx:CreationTimeExtension>
        <ctx:CreationTime>2026-10-02T12:44:04Z</ctx:CreationTime>
      </ctx:CreationTimeExtension>
    </extensions>
  </wpt>
  <wpt lat="-18.28920098952949" lon="32.861430002376437">
    <ele>0</ele>
    <time>2026-10-02T12:44:04Z</time>
    <name>The Challenge 2025-190</name>
    <cmt>&lt;table&gt;
&lt;tr&gt;&lt;td&gt;Longitude: 32.861430 &lt;/td&gt;&lt;/tr&gt;
&lt;tr&gt;&lt;td&gt;Latitude: -18.289201 &lt;/td&gt;&lt;/tr&gt;
&lt;tr&gt;&lt;td&gt;Heading: 119.8 &lt;/td&gt;&lt;/tr&gt;
&lt;/table&gt;</cmt>
    <desc>&lt;table&gt;
&lt;tr&gt;&lt;td&gt;Longitude: 32.861430 &lt;/td&gt;&lt;/tr&gt;
&lt;tr&gt;&lt;td&gt;Latitude: -18.289201 &lt;/td&gt;&lt;/tr&gt;
&lt;tr&gt;&lt;td&gt;Heading: 119.8 &lt;/td&gt;&lt;/tr&gt;
&lt;/table&gt;</desc>
    <sym>Flag, Blue</sym>
    <type>user</type>
    <extensions>
      <gpxx:WaypointExtension>
        <gpxx:DisplayMode>SymbolAndName</gpxx:DisplayMode>
      </gpxx:WaypointExtension>
      <wptx1:WaypointExtension>
        <wptx1:DisplayMode>SymbolAndName</wptx1:DisplayMode>
      </wptx1:WaypointExtension>
      <ctx:CreationTimeExtension>
        <ctx:CreationTime>2026-10-02T12:44:04Z</ctx:CreationTime>
      </ctx:CreationTimeExtension>
    </extensions>
  </wpt>
  <wpt lat="-18.289439035579562" lon="32.861883966252208">
    <ele>0</ele>
    <time>2026-10-02T12:44:04Z</time>
    <name>The Challenge 2025-191</name>
    <cmt>&lt;table&gt;
&lt;tr&gt;&lt;td&gt;Longitude: 32.861884 &lt;/td&gt;&lt;/tr&gt;
&lt;tr&gt;&lt;td&gt;Latitude: -18.289439 &lt;/td&gt;&lt;/tr&gt;
&lt;tr&gt;&lt;td&gt;Heading: 118.8 &lt;/td&gt;&lt;/tr&gt;
&lt;/table&gt;</cmt>
    <desc>&lt;table&gt;
&lt;tr&gt;&lt;td&gt;Longitude: 32.861884 &lt;/td&gt;&lt;/tr&gt;
&lt;tr&gt;&lt;td&gt;Latitude: -18.289439 &lt;/td&gt;&lt;/tr&gt;
&lt;tr&gt;&lt;td&gt;Heading: 118.8 &lt;/td&gt;&lt;/tr&gt;
&lt;/table&gt;</desc>
    <sym>Flag, Blue</sym>
    <type>user</type>
    <extensions>
      <gpxx:WaypointExtension>
        <gpxx:DisplayMode>SymbolAndName</gpxx:DisplayMode>
      </gpxx:WaypointExtension>
      <wptx1:WaypointExtension>
        <wptx1:DisplayMode>SymbolAndName</wptx1:DisplayMode>
      </wptx1:WaypointExtension>
      <ctx:CreationTimeExtension>
        <ctx:CreationTime>2026-10-02T12:44:04Z</ctx:CreationTime>
      </ctx:CreationTimeExtension>
    </extensions>
  </wpt>
  <wpt lat="-18.290089974179864" lon="32.862325021997094">
    <ele>0</ele>
    <time>2026-10-02T12:44:04Z</time>
    <name>The Challenge 2025-192</name>
    <cmt>&lt;table&gt;
&lt;tr&gt;&lt;td&gt;Longitude: 32.862325 &lt;/td&gt;&lt;/tr&gt;
&lt;tr&gt;&lt;td&gt;Latitude: -18.290090 &lt;/td&gt;&lt;/tr&gt;
&lt;tr&gt;&lt;td&gt;Heading: 147.2 &lt;/td&gt;&lt;/tr&gt;
&lt;/table&gt;</cmt>
    <desc>&lt;table&gt;
&lt;tr&gt;&lt;td&gt;Longitude: 32.862325 &lt;/td&gt;&lt;/tr&gt;
&lt;tr&gt;&lt;td&gt;Latitude: -18.290090 &lt;/td&gt;&lt;/tr&gt;
&lt;tr&gt;&lt;td&gt;Heading: 147.2 &lt;/td&gt;&lt;/tr&gt;
&lt;/table&gt;</desc>
    <sym>Flag, Blue</sym>
    <type>user</type>
    <extensions>
      <gpxx:WaypointExtension>
        <gpxx:DisplayMode>SymbolAndName</gpxx:DisplayMode>
      </gpxx:WaypointExtension>
      <wptx1:WaypointExtension>
        <wptx1:DisplayMode>SymbolAndName</wptx1:DisplayMode>
      </wptx1:WaypointExtension>
      <ctx:CreationTimeExtension>
        <ctx:CreationTime>2026-10-02T12:44:04Z</ctx:CreationTime>
      </ctx:CreationTimeExtension>
    </extensions>
  </wpt>
  <wpt lat="-18.29048995859921" lon="32.862336002290249">
    <ele>0</ele>
    <time>2026-10-02T12:44:04Z</time>
    <name>The Challenge 2025-193</name>
    <cmt>&lt;table&gt;
&lt;tr&gt;&lt;td&gt;Longitude: 32.862336 &lt;/td&gt;&lt;/tr&gt;
&lt;tr&gt;&lt;td&gt;Latitude: -18.290490 &lt;/td&gt;&lt;/tr&gt;
&lt;tr&gt;&lt;td&gt;Heading: 178.6 &lt;/td&gt;&lt;/tr&gt;
&lt;/table&gt;</cmt>
    <desc>&lt;table&gt;
&lt;tr&gt;&lt;td&gt;Longitude: 32.862336 &lt;/td&gt;&lt;/tr&gt;
&lt;tr&gt;&lt;td&gt;Latitude: -18.290490 &lt;/td&gt;&lt;/tr&gt;
&lt;tr&gt;&lt;td&gt;Heading: 178.6 &lt;/td&gt;&lt;/tr&gt;
&lt;/table&gt;</desc>
    <sym>Flag, Blue</sym>
    <type>user</type>
    <extensions>
      <gpxx:WaypointExtension>
        <gpxx:DisplayMode>SymbolAndName</gpxx:DisplayMode>
      </gpxx:WaypointExtension>
      <wptx1:WaypointExtension>
        <wptx1:DisplayMode>SymbolAndName</wptx1:DisplayMode>
      </wptx1:WaypointExtension>
      <ctx:CreationTimeExtension>
        <ctx:CreationTime>2026-10-02T12:44:04Z</ctx:CreationTime>
      </ctx:CreationTimeExtension>
    </extensions>
  </wpt>
  <wpt lat="-18.290932020172477" lon="32.862104997038841">
    <ele>0</ele>
    <time>2026-10-02T12:44:04Z</time>
    <name>The Challenge 2025-194</name>
    <cmt>&lt;table&gt;
&lt;tr&gt;&lt;td&gt;Longitude: 32.862105 &lt;/td&gt;&lt;/tr&gt;
&lt;tr&gt;&lt;td&gt;Latitude: -18.290932 &lt;/td&gt;&lt;/tr&gt;
&lt;tr&gt;&lt;td&gt;Heading: 206.4 &lt;/td&gt;&lt;/tr&gt;
&lt;/table&gt;</cmt>
    <desc>&lt;table&gt;
&lt;tr&gt;&lt;td&gt;Longitude: 32.862105 &lt;/td&gt;&lt;/tr&gt;
&lt;tr&gt;&lt;td&gt;Latitude: -18.290932 &lt;/td&gt;&lt;/tr&gt;
&lt;tr&gt;&lt;td&gt;Heading: 206.4 &lt;/td&gt;&lt;/tr&gt;
&lt;/table&gt;</desc>
    <sym>Flag, Blue</sym>
    <type>user</type>
    <extensions>
      <gpxx:WaypointExtension>
        <gpxx:DisplayMode>SymbolAndName</gpxx:DisplayMode>
      </gpxx:WaypointExtension>
      <wptx1:WaypointExtension>
        <wptx1:DisplayMode>SymbolAndName</wptx1:DisplayMode>
      </wptx1:WaypointExtension>
      <ctx:CreationTimeExtension>
        <ctx:CreationTime>2026-10-02T12:44:04Z</ctx:CreationTime>
      </ctx:CreationTimeExtension>
    </extensions>
  </wpt>
  <wpt lat="-18.291469970718026" lon="32.861913973465562">
    <ele>0</ele>
    <time>2026-10-02T12:44:04Z</time>
    <name>The Challenge 2025-195</name>
    <cmt>&lt;table&gt;
&lt;tr&gt;&lt;td&gt;Longitude: 32.861914 &lt;/td&gt;&lt;/tr&gt;
&lt;tr&gt;&lt;td&gt;Latitude: -18.291470 &lt;/td&gt;&lt;/tr&gt;
&lt;tr&gt;&lt;td&gt;Heading: 198.7 &lt;/td&gt;&lt;/tr&gt;
&lt;/table&gt;</cmt>
    <desc>&lt;table&gt;
&lt;tr&gt;&lt;td&gt;Longitude: 32.861914 &lt;/td&gt;&lt;/tr&gt;
&lt;tr&gt;&lt;td&gt;Latitude: -18.291470 &lt;/td&gt;&lt;/tr&gt;
&lt;tr&gt;&lt;td&gt;Heading: 198.7 &lt;/td&gt;&lt;/tr&gt;
&lt;/table&gt;</desc>
    <sym>Flag, Blue</sym>
    <type>user</type>
    <extensions>
      <gpxx:WaypointExtension>
        <gpxx:DisplayMode>SymbolAndName</gpxx:DisplayMode>
      </gpxx:WaypointExtension>
      <wptx1:WaypointExtension>
        <wptx1:DisplayMode>SymbolAndName</wptx1:DisplayMode>
      </wptx1:WaypointExtension>
      <ctx:CreationTimeExtension>
        <ctx:CreationTime>2026-10-02T12:44:04Z</ctx:CreationTime>
      </ctx:CreationTimeExtension>
    </extensions>
  </wpt>
  <wpt lat="-18.291510036215186" lon="32.862061997875571">
    <ele>0</ele>
    <time>2026-10-02T12:44:04Z</time>
    <name>The Challenge 2025-196</name>
    <cmt>&lt;table&gt;
&lt;tr&gt;&lt;td&gt;Longitude: 32.862062 &lt;/td&gt;&lt;/tr&gt;
&lt;tr&gt;&lt;td&gt;Latitude: -18.291510 &lt;/td&gt;&lt;/tr&gt;
&lt;tr&gt;&lt;td&gt;Heading: 105.9 &lt;/td&gt;&lt;/tr&gt;
&lt;/table&gt;</cmt>
    <desc>&lt;table&gt;
&lt;tr&gt;&lt;td&gt;Longitude: 32.862062 &lt;/td&gt;&lt;/tr&gt;
&lt;tr&gt;&lt;td&gt;Latitude: -18.291510 &lt;/td&gt;&lt;/tr&gt;
&lt;tr&gt;&lt;td&gt;Heading: 105.9 &lt;/td&gt;&lt;/tr&gt;
&lt;/table&gt;</desc>
    <sym>Flag, Blue</sym>
    <type>user</type>
    <extensions>
      <gpxx:WaypointExtension>
        <gpxx:DisplayMode>SymbolAndName</gpxx:DisplayMode>
      </gpxx:WaypointExtension>
      <wptx1:WaypointExtension>
        <wptx1:DisplayMode>SymbolAndName</wptx1:DisplayMode>
      </wptx1:WaypointExtension>
      <ctx:CreationTimeExtension>
        <ctx:CreationTime>2026-10-02T12:44:04Z</ctx:CreationTime>
      </ctx:CreationTimeExtension>
    </extensions>
  </wpt>
  <wpt lat="-18.291264027357101" lon="32.862158976495266">
    <ele>0</ele>
    <time>2026-10-02T12:44:04Z</time>
    <name>The Challenge 2025-197</name>
    <cmt>&lt;table&gt;
&lt;tr&gt;&lt;td&gt;Longitude: 32.862159 &lt;/td&gt;&lt;/tr&gt;
&lt;tr&gt;&lt;td&gt;Latitude: -18.291264 &lt;/td&gt;&lt;/tr&gt;
&lt;tr&gt;&lt;td&gt;Heading: 20.6 &lt;/td&gt;&lt;/tr&gt;
&lt;/table&gt;</cmt>
    <desc>&lt;table&gt;
&lt;tr&gt;&lt;td&gt;Longitude: 32.862159 &lt;/td&gt;&lt;/tr&gt;
&lt;tr&gt;&lt;td&gt;Latitude: -18.291264 &lt;/td&gt;&lt;/tr&gt;
&lt;tr&gt;&lt;td&gt;Heading: 20.6 &lt;/td&gt;&lt;/tr&gt;
&lt;/table&gt;</desc>
    <sym>Flag, Blue</sym>
    <type>user</type>
    <extensions>
      <gpxx:WaypointExtension>
        <gpxx:DisplayMode>SymbolAndName</gpxx:DisplayMode>
      </gpxx:WaypointExtension>
      <wptx1:WaypointExtension>
        <wptx1:DisplayMode>SymbolAndName</wptx1:DisplayMode>
      </wptx1:WaypointExtension>
      <ctx:CreationTimeExtension>
        <ctx:CreationTime>2026-10-02T12:44:04Z</ctx:CreationTime>
      </ctx:CreationTimeExtension>
    </extensions>
  </wpt>
  <wpt lat="-18.291287999600172" lon="32.862316975370049">
    <ele>0</ele>
    <time>2026-10-02T12:44:04Z</time>
    <name>The Challenge 2025-198</name>
    <cmt>&lt;table&gt;
&lt;tr&gt;&lt;td&gt;Longitude: 32.862317 &lt;/td&gt;&lt;/tr&gt;
&lt;tr&gt;&lt;td&gt;Latitude: -18.291288 &lt;/td&gt;&lt;/tr&gt;
&lt;tr&gt;&lt;td&gt;Heading: 99.4 &lt;/td&gt;&lt;/tr&gt;
&lt;/table&gt;</cmt>
    <desc>&lt;table&gt;
&lt;tr&gt;&lt;td&gt;Longitude: 32.862317 &lt;/td&gt;&lt;/tr&gt;
&lt;tr&gt;&lt;td&gt;Latitude: -18.291288 &lt;/td&gt;&lt;/tr&gt;
&lt;tr&gt;&lt;td&gt;Heading: 99.4 &lt;/td&gt;&lt;/tr&gt;
&lt;/table&gt;</desc>
    <sym>Flag, Blue</sym>
    <type>user</type>
    <extensions>
      <gpxx:WaypointExtension>
        <gpxx:DisplayMode>SymbolAndName</gpxx:DisplayMode>
      </gpxx:WaypointExtension>
      <wptx1:WaypointExtension>
        <wptx1:DisplayMode>SymbolAndName</wptx1:DisplayMode>
      </wptx1:WaypointExtension>
      <ctx:CreationTimeExtension>
        <ctx:CreationTime>2026-10-02T12:44:04Z</ctx:CreationTime>
      </ctx:CreationTimeExtension>
    </extensions>
  </wpt>
  <wpt lat="-18.291213987395167" lon="32.862457958981395">
    <ele>0</ele>
    <time>2026-10-02T12:44:04Z</time>
    <name>The Challenge 2025-199</name>
    <cmt>&lt;table&gt;
&lt;tr&gt;&lt;td&gt;Longitude: 32.862458 &lt;/td&gt;&lt;/tr&gt;
&lt;tr&gt;&lt;td&gt;Latitude: -18.291214 &lt;/td&gt;&lt;/tr&gt;
&lt;tr&gt;&lt;td&gt;Heading: 60.7 &lt;/td&gt;&lt;/tr&gt;
&lt;/table&gt;</cmt>
    <desc>&lt;table&gt;
&lt;tr&gt;&lt;td&gt;Longitude: 32.862458 &lt;/td&gt;&lt;/tr&gt;
&lt;tr&gt;&lt;td&gt;Latitude: -18.291214 &lt;/td&gt;&lt;/tr&gt;
&lt;tr&gt;&lt;td&gt;Heading: 60.7 &lt;/td&gt;&lt;/tr&gt;
&lt;/table&gt;</desc>
    <sym>Flag, Blue</sym>
    <type>user</type>
    <extensions>
      <gpxx:WaypointExtension>
        <gpxx:DisplayMode>SymbolAndName</gpxx:DisplayMode>
      </gpxx:WaypointExtension>
      <wptx1:WaypointExtension>
        <wptx1:DisplayMode>SymbolAndName</wptx1:DisplayMode>
      </wptx1:WaypointExtension>
      <ctx:CreationTimeExtension>
        <ctx:CreationTime>2026-10-02T12:44:04Z</ctx:CreationTime>
      </ctx:CreationTimeExtension>
    </extensions>
  </wpt>
  <wpt lat="-18.344355002045631" lon="32.828703029081225">
    <ele>0</ele>
    <time>2026-10-02T12:44:04Z</time>
    <name>The Challenge 2025-2</name>
    <cmt>&lt;table&gt;
&lt;tr&gt;&lt;td&gt;Longitude: 32.828703 &lt;/td&gt;&lt;/tr&gt;
&lt;tr&gt;&lt;td&gt;Latitude: -18.344355 &lt;/td&gt;&lt;/tr&gt;
&lt;tr&gt;&lt;td&gt;Heading: 39.4 &lt;/td&gt;&lt;/tr&gt;
&lt;/table&gt;</cmt>
    <desc>&lt;table&gt;
&lt;tr&gt;&lt;td&gt;Longitude: 32.828703 &lt;/td&gt;&lt;/tr&gt;
&lt;tr&gt;&lt;td&gt;Latitude: -18.344355 &lt;/td&gt;&lt;/tr&gt;
&lt;tr&gt;&lt;td&gt;Heading: 39.4 &lt;/td&gt;&lt;/tr&gt;
&lt;/table&gt;</desc>
    <sym>Flag, Blue</sym>
    <type>user</type>
    <extensions>
      <gpxx:WaypointExtension>
        <gpxx:DisplayMode>SymbolAndName</gpxx:DisplayMode>
      </gpxx:WaypointExtension>
      <wptx1:WaypointExtension>
        <wptx1:DisplayMode>SymbolAndName</wptx1:DisplayMode>
      </wptx1:WaypointExtension>
      <ctx:CreationTimeExtension>
        <ctx:CreationTime>2026-10-02T12:44:04Z</ctx:CreationTime>
      </ctx:CreationTimeExtension>
    </extensions>
  </wpt>
  <wpt lat="-18.335018986836076" lon="32.840684959664941">
    <ele>0</ele>
    <time>2026-10-02T12:44:04Z</time>
    <name>The Challenge 2025-20</name>
    <cmt>&lt;table&gt;
&lt;tr&gt;&lt;td&gt;Longitude: 32.840685 &lt;/td&gt;&lt;/tr&gt;
&lt;tr&gt;&lt;td&gt;Latitude: -18.335019 &lt;/td&gt;&lt;/tr&gt;
&lt;tr&gt;&lt;td&gt;Heading: 122.6 &lt;/td&gt;&lt;/tr&gt;
&lt;/table&gt;</cmt>
    <desc>&lt;table&gt;
&lt;tr&gt;&lt;td&gt;Longitude: 32.840685 &lt;/td&gt;&lt;/tr&gt;
&lt;tr&gt;&lt;td&gt;Latitude: -18.335019 &lt;/td&gt;&lt;/tr&gt;
&lt;tr&gt;&lt;td&gt;Heading: 122.6 &lt;/td&gt;&lt;/tr&gt;
&lt;/table&gt;</desc>
    <sym>Flag, Blue</sym>
    <type>user</type>
    <extensions>
      <gpxx:WaypointExtension>
        <gpxx:DisplayMode>SymbolAndName</gpxx:DisplayMode>
      </gpxx:WaypointExtension>
      <wptx1:WaypointExtension>
        <wptx1:DisplayMode>SymbolAndName</wptx1:DisplayMode>
      </wptx1:WaypointExtension>
      <ctx:CreationTimeExtension>
        <ctx:CreationTime>2026-10-02T12:44:04Z</ctx:CreationTime>
      </ctx:CreationTimeExtension>
    </extensions>
  </wpt>
  <wpt lat="-18.291113991290331" lon="32.862743027508259">
    <ele>0</ele>
    <time>2026-10-02T12:44:04Z</time>
    <name>The Challenge 2025-200</name>
    <cmt>&lt;table&gt;
&lt;tr&gt;&lt;td&gt;Longitude: 32.862743 &lt;/td&gt;&lt;/tr&gt;
&lt;tr&gt;&lt;td&gt;Latitude: -18.291114 &lt;/td&gt;&lt;/tr&gt;
&lt;tr&gt;&lt;td&gt;Heading: 69.7 &lt;/td&gt;&lt;/tr&gt;
&lt;/table&gt;</cmt>
    <desc>&lt;table&gt;
&lt;tr&gt;&lt;td&gt;Longitude: 32.862743 &lt;/td&gt;&lt;/tr&gt;
&lt;tr&gt;&lt;td&gt;Latitude: -18.291114 &lt;/td&gt;&lt;/tr&gt;
&lt;tr&gt;&lt;td&gt;Heading: 69.7 &lt;/td&gt;&lt;/tr&gt;
&lt;/table&gt;</desc>
    <sym>Flag, Blue</sym>
    <type>user</type>
    <extensions>
      <gpxx:WaypointExtension>
        <gpxx:DisplayMode>SymbolAndName</gpxx:DisplayMode>
      </gpxx:WaypointExtension>
      <wptx1:WaypointExtension>
        <wptx1:DisplayMode>SymbolAndName</wptx1:DisplayMode>
      </wptx1:WaypointExtension>
      <ctx:CreationTimeExtension>
        <ctx:CreationTime>2026-10-02T12:44:04Z</ctx:CreationTime>
      </ctx:CreationTimeExtension>
    </extensions>
  </wpt>
  <wpt lat="-18.291207030415535" lon="32.86302600055933">
    <ele>0</ele>
    <time>2026-10-02T12:44:04Z</time>
    <name>The Challenge 2025-201</name>
    <cmt>&lt;table&gt;
&lt;tr&gt;&lt;td&gt;Longitude: 32.863026 &lt;/td&gt;&lt;/tr&gt;
&lt;tr&gt;&lt;td&gt;Latitude: -18.291207 &lt;/td&gt;&lt;/tr&gt;
&lt;tr&gt;&lt;td&gt;Heading: 109.1 &lt;/td&gt;&lt;/tr&gt;
&lt;/table&gt;</cmt>
    <desc>&lt;table&gt;
&lt;tr&gt;&lt;td&gt;Longitude: 32.863026 &lt;/td&gt;&lt;/tr&gt;
&lt;tr&gt;&lt;td&gt;Latitude: -18.291207 &lt;/td&gt;&lt;/tr&gt;
&lt;tr&gt;&lt;td&gt;Heading: 109.1 &lt;/td&gt;&lt;/tr&gt;
&lt;/table&gt;</desc>
    <sym>Flag, Blue</sym>
    <type>user</type>
    <extensions>
      <gpxx:WaypointExtension>
        <gpxx:DisplayMode>SymbolAndName</gpxx:DisplayMode>
      </gpxx:WaypointExtension>
      <wptx1:WaypointExtension>
        <wptx1:DisplayMode>SymbolAndName</wptx1:DisplayMode>
      </wptx1:WaypointExtension>
      <ctx:CreationTimeExtension>
        <ctx:CreationTime>2026-10-02T12:44:04Z</ctx:CreationTime>
      </ctx:CreationTimeExtension>
    </extensions>
  </wpt>
  <wpt lat="-18.291196972131729" lon="32.86330402828753">
    <ele>0</ele>
    <time>2026-10-02T12:44:04Z</time>
    <name>The Challenge 2025-202</name>
    <cmt>&lt;table&gt;
&lt;tr&gt;&lt;td&gt;Longitude: 32.863304 &lt;/td&gt;&lt;/tr&gt;
&lt;tr&gt;&lt;td&gt;Latitude: -18.291197 &lt;/td&gt;&lt;/tr&gt;
&lt;tr&gt;&lt;td&gt;Heading: 87.9 &lt;/td&gt;&lt;/tr&gt;
&lt;/table&gt;</cmt>
    <desc>&lt;table&gt;
&lt;tr&gt;&lt;td&gt;Longitude: 32.863304 &lt;/td&gt;&lt;/tr&gt;
&lt;tr&gt;&lt;td&gt;Latitude: -18.291197 &lt;/td&gt;&lt;/tr&gt;
&lt;tr&gt;&lt;td&gt;Heading: 87.9 &lt;/td&gt;&lt;/tr&gt;
&lt;/table&gt;</desc>
    <sym>Flag, Blue</sym>
    <type>user</type>
    <extensions>
      <gpxx:WaypointExtension>
        <gpxx:DisplayMode>SymbolAndName</gpxx:DisplayMode>
      </gpxx:WaypointExtension>
      <wptx1:WaypointExtension>
        <wptx1:DisplayMode>SymbolAndName</wptx1:DisplayMode>
      </wptx1:WaypointExtension>
      <ctx:CreationTimeExtension>
        <ctx:CreationTime>2026-10-02T12:44:04Z</ctx:CreationTime>
      </ctx:CreationTimeExtension>
    </extensions>
  </wpt>
  <wpt lat="-18.291007038205862" lon="32.863706024363637">
    <ele>0</ele>
    <time>2026-10-02T12:44:04Z</time>
    <name>The Challenge 2025-203</name>
    <cmt>&lt;table&gt;
&lt;tr&gt;&lt;td&gt;Longitude: 32.863706 &lt;/td&gt;&lt;/tr&gt;
&lt;tr&gt;&lt;td&gt;Latitude: -18.291007 &lt;/td&gt;&lt;/tr&gt;
&lt;tr&gt;&lt;td&gt;Heading: 63.5 &lt;/td&gt;&lt;/tr&gt;
&lt;/table&gt;</cmt>
    <desc>&lt;table&gt;
&lt;tr&gt;&lt;td&gt;Longitude: 32.863706 &lt;/td&gt;&lt;/tr&gt;
&lt;tr&gt;&lt;td&gt;Latitude: -18.291007 &lt;/td&gt;&lt;/tr&gt;
&lt;tr&gt;&lt;td&gt;Heading: 63.5 &lt;/td&gt;&lt;/tr&gt;
&lt;/table&gt;</desc>
    <sym>Flag, Blue</sym>
    <type>user</type>
    <extensions>
      <gpxx:WaypointExtension>
        <gpxx:DisplayMode>SymbolAndName</gpxx:DisplayMode>
      </gpxx:WaypointExtension>
      <wptx1:WaypointExtension>
        <wptx1:DisplayMode>SymbolAndName</wptx1:DisplayMode>
      </wptx1:WaypointExtension>
      <ctx:CreationTimeExtension>
        <ctx:CreationTime>2026-10-02T12:44:04Z</ctx:CreationTime>
      </ctx:CreationTimeExtension>
    </extensions>
  </wpt>
  <wpt lat="-18.290974013507366" lon="32.864021016284823">
    <ele>0</ele>
    <time>2026-10-02T12:44:04Z</time>
    <name>The Challenge 2025-204</name>
    <cmt>&lt;table&gt;
&lt;tr&gt;&lt;td&gt;Longitude: 32.864021 &lt;/td&gt;&lt;/tr&gt;
&lt;tr&gt;&lt;td&gt;Latitude: -18.290974 &lt;/td&gt;&lt;/tr&gt;
&lt;tr&gt;&lt;td&gt;Heading: 83.7 &lt;/td&gt;&lt;/tr&gt;
&lt;/table&gt;</cmt>
    <desc>&lt;table&gt;
&lt;tr&gt;&lt;td&gt;Longitude: 32.864021 &lt;/td&gt;&lt;/tr&gt;
&lt;tr&gt;&lt;td&gt;Latitude: -18.290974 &lt;/td&gt;&lt;/tr&gt;
&lt;tr&gt;&lt;td&gt;Heading: 83.7 &lt;/td&gt;&lt;/tr&gt;
&lt;/table&gt;</desc>
    <sym>Flag, Blue</sym>
    <type>user</type>
    <extensions>
      <gpxx:WaypointExtension>
        <gpxx:DisplayMode>SymbolAndName</gpxx:DisplayMode>
      </gpxx:WaypointExtension>
      <wptx1:WaypointExtension>
        <wptx1:DisplayMode>SymbolAndName</wptx1:DisplayMode>
      </wptx1:WaypointExtension>
      <ctx:CreationTimeExtension>
        <ctx:CreationTime>2026-10-02T12:44:04Z</ctx:CreationTime>
      </ctx:CreationTimeExtension>
    </extensions>
  </wpt>
  <wpt lat="-18.290680982172489" lon="32.864385964348912">
    <ele>0</ele>
    <time>2026-10-02T12:44:04Z</time>
    <name>The Challenge 2025-205</name>
    <cmt>&lt;table&gt;
&lt;tr&gt;&lt;td&gt;Longitude: 32.864386 &lt;/td&gt;&lt;/tr&gt;
&lt;tr&gt;&lt;td&gt;Latitude: -18.290681 &lt;/td&gt;&lt;/tr&gt;
&lt;tr&gt;&lt;td&gt;Heading: 49.8 &lt;/td&gt;&lt;/tr&gt;
&lt;/table&gt;</cmt>
    <desc>&lt;table&gt;
&lt;tr&gt;&lt;td&gt;Longitude: 32.864386 &lt;/td&gt;&lt;/tr&gt;
&lt;tr&gt;&lt;td&gt;Latitude: -18.290681 &lt;/td&gt;&lt;/tr&gt;
&lt;tr&gt;&lt;td&gt;Heading: 49.8 &lt;/td&gt;&lt;/tr&gt;
&lt;/table&gt;</desc>
    <sym>Flag, Blue</sym>
    <type>user</type>
    <extensions>
      <gpxx:WaypointExtension>
        <gpxx:DisplayMode>SymbolAndName</gpxx:DisplayMode>
      </gpxx:WaypointExtension>
      <wptx1:WaypointExtension>
        <wptx1:DisplayMode>SymbolAndName</wptx1:DisplayMode>
      </wptx1:WaypointExtension>
      <ctx:CreationTimeExtension>
        <ctx:CreationTime>2026-10-02T12:44:04Z</ctx:CreationTime>
      </ctx:CreationTimeExtension>
    </extensions>
  </wpt>
  <wpt lat="-18.290621973574162" lon="32.865149974822998">
    <ele>0</ele>
    <time>2026-10-02T12:44:04Z</time>
    <name>The Challenge 2025-206</name>
    <cmt>&lt;table&gt;
&lt;tr&gt;&lt;td&gt;Longitude: 32.865150 &lt;/td&gt;&lt;/tr&gt;
&lt;tr&gt;&lt;td&gt;Latitude: -18.290622 &lt;/td&gt;&lt;/tr&gt;
&lt;tr&gt;&lt;td&gt;Heading: 85.3 &lt;/td&gt;&lt;/tr&gt;
&lt;/table&gt;</cmt>
    <desc>&lt;table&gt;
&lt;tr&gt;&lt;td&gt;Longitude: 32.865150 &lt;/td&gt;&lt;/tr&gt;
&lt;tr&gt;&lt;td&gt;Latitude: -18.290622 &lt;/td&gt;&lt;/tr&gt;
&lt;tr&gt;&lt;td&gt;Heading: 85.3 &lt;/td&gt;&lt;/tr&gt;
&lt;/table&gt;</desc>
    <sym>Flag, Blue</sym>
    <type>user</type>
    <extensions>
      <gpxx:WaypointExtension>
        <gpxx:DisplayMode>SymbolAndName</gpxx:DisplayMode>
      </gpxx:WaypointExtension>
      <wptx1:WaypointExtension>
        <wptx1:DisplayMode>SymbolAndName</wptx1:DisplayMode>
      </wptx1:WaypointExtension>
      <ctx:CreationTimeExtension>
        <ctx:CreationTime>2026-10-02T12:44:04Z</ctx:CreationTime>
      </ctx:CreationTimeExtension>
    </extensions>
  </wpt>
  <wpt lat="-18.29085499048233" lon="32.86568901501596">
    <ele>0</ele>
    <time>2026-10-02T12:44:04Z</time>
    <name>The Challenge 2025-207</name>
    <cmt>&lt;table&gt;
&lt;tr&gt;&lt;td&gt;Longitude: 32.865689 &lt;/td&gt;&lt;/tr&gt;
&lt;tr&gt;&lt;td&gt;Latitude: -18.290855 &lt;/td&gt;&lt;/tr&gt;
&lt;tr&gt;&lt;td&gt;Heading: 114.5 &lt;/td&gt;&lt;/tr&gt;
&lt;/table&gt;</cmt>
    <desc>&lt;table&gt;
&lt;tr&gt;&lt;td&gt;Longitude: 32.865689 &lt;/td&gt;&lt;/tr&gt;
&lt;tr&gt;&lt;td&gt;Latitude: -18.290855 &lt;/td&gt;&lt;/tr&gt;
&lt;tr&gt;&lt;td&gt;Heading: 114.5 &lt;/td&gt;&lt;/tr&gt;
&lt;/table&gt;</desc>
    <sym>Flag, Blue</sym>
    <type>user</type>
    <extensions>
      <gpxx:WaypointExtension>
        <gpxx:DisplayMode>SymbolAndName</gpxx:DisplayMode>
      </gpxx:WaypointExtension>
      <wptx1:WaypointExtension>
        <wptx1:DisplayMode>SymbolAndName</wptx1:DisplayMode>
      </wptx1:WaypointExtension>
      <ctx:CreationTimeExtension>
        <ctx:CreationTime>2026-10-02T12:44:04Z</ctx:CreationTime>
      </ctx:CreationTimeExtension>
    </extensions>
  </wpt>
  <wpt lat="-18.29119797796011" lon="32.865885989740491">
    <ele>0</ele>
    <time>2026-10-02T12:44:04Z</time>
    <name>The Challenge 2025-208</name>
    <cmt>&lt;table&gt;
&lt;tr&gt;&lt;td&gt;Longitude: 32.865886 &lt;/td&gt;&lt;/tr&gt;
&lt;tr&gt;&lt;td&gt;Latitude: -18.291198 &lt;/td&gt;&lt;/tr&gt;
&lt;tr&gt;&lt;td&gt;Heading: 151.4 &lt;/td&gt;&lt;/tr&gt;
&lt;/table&gt;</cmt>
    <desc>&lt;table&gt;
&lt;tr&gt;&lt;td&gt;Longitude: 32.865886 &lt;/td&gt;&lt;/tr&gt;
&lt;tr&gt;&lt;td&gt;Latitude: -18.291198 &lt;/td&gt;&lt;/tr&gt;
&lt;tr&gt;&lt;td&gt;Heading: 151.4 &lt;/td&gt;&lt;/tr&gt;
&lt;/table&gt;</desc>
    <sym>Flag, Blue</sym>
    <type>user</type>
    <extensions>
      <gpxx:WaypointExtension>
        <gpxx:DisplayMode>SymbolAndName</gpxx:DisplayMode>
      </gpxx:WaypointExtension>
      <wptx1:WaypointExtension>
        <wptx1:DisplayMode>SymbolAndName</wptx1:DisplayMode>
      </wptx1:WaypointExtension>
      <ctx:CreationTimeExtension>
        <ctx:CreationTime>2026-10-02T12:44:04Z</ctx:CreationTime>
      </ctx:CreationTimeExtension>
    </extensions>
  </wpt>
  <wpt lat="-18.291443986818194" lon="32.866070978343487">
    <ele>0</ele>
    <time>2026-10-02T12:44:04Z</time>
    <name>The Challenge 2025-209</name>
    <cmt>&lt;table&gt;
&lt;tr&gt;&lt;td&gt;Longitude: 32.866071 &lt;/td&gt;&lt;/tr&gt;
&lt;tr&gt;&lt;td&gt;Latitude: -18.291444 &lt;/td&gt;&lt;/tr&gt;
&lt;tr&gt;&lt;td&gt;Heading: 144.5 &lt;/td&gt;&lt;/tr&gt;
&lt;/table&gt;</cmt>
    <desc>&lt;table&gt;
&lt;tr&gt;&lt;td&gt;Longitude: 32.866071 &lt;/td&gt;&lt;/tr&gt;
&lt;tr&gt;&lt;td&gt;Latitude: -18.291444 &lt;/td&gt;&lt;/tr&gt;
&lt;tr&gt;&lt;td&gt;Heading: 144.5 &lt;/td&gt;&lt;/tr&gt;
&lt;/table&gt;</desc>
    <sym>Flag, Blue</sym>
    <type>user</type>
    <extensions>
      <gpxx:WaypointExtension>
        <gpxx:DisplayMode>SymbolAndName</gpxx:DisplayMode>
      </gpxx:WaypointExtension>
      <wptx1:WaypointExtension>
        <wptx1:DisplayMode>SymbolAndName</wptx1:DisplayMode>
      </wptx1:WaypointExtension>
      <ctx:CreationTimeExtension>
        <ctx:CreationTime>2026-10-02T12:44:04Z</ctx:CreationTime>
      </ctx:CreationTimeExtension>
    </extensions>
  </wpt>
  <wpt lat="-18.335355017334223" lon="32.840785039588809">
    <ele>0</ele>
    <time>2026-10-02T12:44:04Z</time>
    <name>The Challenge 2025-21</name>
    <cmt>&lt;table&gt;
&lt;tr&gt;&lt;td&gt;Longitude: 32.840785 &lt;/td&gt;&lt;/tr&gt;
&lt;tr&gt;&lt;td&gt;Latitude: -18.335355 &lt;/td&gt;&lt;/tr&gt;
&lt;tr&gt;&lt;td&gt;Heading: 164.1 &lt;/td&gt;&lt;/tr&gt;
&lt;/table&gt;</cmt>
    <desc>&lt;table&gt;
&lt;tr&gt;&lt;td&gt;Longitude: 32.840785 &lt;/td&gt;&lt;/tr&gt;
&lt;tr&gt;&lt;td&gt;Latitude: -18.335355 &lt;/td&gt;&lt;/tr&gt;
&lt;tr&gt;&lt;td&gt;Heading: 164.1 &lt;/td&gt;&lt;/tr&gt;
&lt;/table&gt;</desc>
    <sym>Flag, Blue</sym>
    <type>user</type>
    <extensions>
      <gpxx:WaypointExtension>
        <gpxx:DisplayMode>SymbolAndName</gpxx:DisplayMode>
      </gpxx:WaypointExtension>
      <wptx1:WaypointExtension>
        <wptx1:DisplayMode>SymbolAndName</wptx1:DisplayMode>
      </wptx1:WaypointExtension>
      <ctx:CreationTimeExtension>
        <ctx:CreationTime>2026-10-02T12:44:04Z</ctx:CreationTime>
      </ctx:CreationTimeExtension>
    </extensions>
  </wpt>
  <wpt lat="-18.291769037023187" lon="32.866176003590226">
    <ele>0</ele>
    <time>2026-10-02T12:44:04Z</time>
    <name>The Challenge 2025-210</name>
    <cmt>&lt;table&gt;
&lt;tr&gt;&lt;td&gt;Longitude: 32.866176 &lt;/td&gt;&lt;/tr&gt;
&lt;tr&gt;&lt;td&gt;Latitude: -18.291769 &lt;/td&gt;&lt;/tr&gt;
&lt;tr&gt;&lt;td&gt;Heading: 162.9 &lt;/td&gt;&lt;/tr&gt;
&lt;/table&gt;</cmt>
    <desc>&lt;table&gt;
&lt;tr&gt;&lt;td&gt;Longitude: 32.866176 &lt;/td&gt;&lt;/tr&gt;
&lt;tr&gt;&lt;td&gt;Latitude: -18.291769 &lt;/td&gt;&lt;/tr&gt;
&lt;tr&gt;&lt;td&gt;Heading: 162.9 &lt;/td&gt;&lt;/tr&gt;
&lt;/table&gt;</desc>
    <sym>Flag, Blue</sym>
    <type>user</type>
    <extensions>
      <gpxx:WaypointExtension>
        <gpxx:DisplayMode>SymbolAndName</gpxx:DisplayMode>
      </gpxx:WaypointExtension>
      <wptx1:WaypointExtension>
        <wptx1:DisplayMode>SymbolAndName</wptx1:DisplayMode>
      </wptx1:WaypointExtension>
      <ctx:CreationTimeExtension>
        <ctx:CreationTime>2026-10-02T12:44:04Z</ctx:CreationTime>
      </ctx:CreationTimeExtension>
    </extensions>
  </wpt>
  <wpt lat="-18.292042035609484" lon="32.866580011323094">
    <ele>0</ele>
    <time>2026-10-02T12:44:04Z</time>
    <name>The Challenge 2025-211</name>
    <cmt>&lt;table&gt;
&lt;tr&gt;&lt;td&gt;Longitude: 32.866580 &lt;/td&gt;&lt;/tr&gt;
&lt;tr&gt;&lt;td&gt;Latitude: -18.292042 &lt;/td&gt;&lt;/tr&gt;
&lt;tr&gt;&lt;td&gt;Heading: 125.5 &lt;/td&gt;&lt;/tr&gt;
&lt;/table&gt;</cmt>
    <desc>&lt;table&gt;
&lt;tr&gt;&lt;td&gt;Longitude: 32.866580 &lt;/td&gt;&lt;/tr&gt;
&lt;tr&gt;&lt;td&gt;Latitude: -18.292042 &lt;/td&gt;&lt;/tr&gt;
&lt;tr&gt;&lt;td&gt;Heading: 125.5 &lt;/td&gt;&lt;/tr&gt;
&lt;/table&gt;</desc>
    <sym>Flag, Blue</sym>
    <type>user</type>
    <extensions>
      <gpxx:WaypointExtension>
        <gpxx:DisplayMode>SymbolAndName</gpxx:DisplayMode>
      </gpxx:WaypointExtension>
      <wptx1:WaypointExtension>
        <wptx1:DisplayMode>SymbolAndName</wptx1:DisplayMode>
      </wptx1:WaypointExtension>
      <ctx:CreationTimeExtension>
        <ctx:CreationTime>2026-10-02T12:44:04Z</ctx:CreationTime>
      </ctx:CreationTimeExtension>
    </extensions>
  </wpt>
  <wpt lat="-18.292404972016811" lon="32.866791989654303">
    <ele>0</ele>
    <time>2026-10-02T12:44:04Z</time>
    <name>The Challenge 2025-212</name>
    <cmt>&lt;table&gt;
&lt;tr&gt;&lt;td&gt;Longitude: 32.866792 &lt;/td&gt;&lt;/tr&gt;
&lt;tr&gt;&lt;td&gt;Latitude: -18.292405 &lt;/td&gt;&lt;/tr&gt;
&lt;tr&gt;&lt;td&gt;Heading: 151.1 &lt;/td&gt;&lt;/tr&gt;
&lt;/table&gt;</cmt>
    <desc>&lt;table&gt;
&lt;tr&gt;&lt;td&gt;Longitude: 32.866792 &lt;/td&gt;&lt;/tr&gt;
&lt;tr&gt;&lt;td&gt;Latitude: -18.292405 &lt;/td&gt;&lt;/tr&gt;
&lt;tr&gt;&lt;td&gt;Heading: 151.1 &lt;/td&gt;&lt;/tr&gt;
&lt;/table&gt;</desc>
    <sym>Flag, Blue</sym>
    <type>user</type>
    <extensions>
      <gpxx:WaypointExtension>
        <gpxx:DisplayMode>SymbolAndName</gpxx:DisplayMode>
      </gpxx:WaypointExtension>
      <wptx1:WaypointExtension>
        <wptx1:DisplayMode>SymbolAndName</wptx1:DisplayMode>
      </wptx1:WaypointExtension>
      <ctx:CreationTimeExtension>
        <ctx:CreationTime>2026-10-02T12:44:04Z</ctx:CreationTime>
      </ctx:CreationTimeExtension>
    </extensions>
  </wpt>
  <wpt lat="-18.29233699478209" lon="32.867205971851945">
    <ele>0</ele>
    <time>2026-10-02T12:44:04Z</time>
    <name>The Challenge 2025-213</name>
    <cmt>&lt;table&gt;
&lt;tr&gt;&lt;td&gt;Longitude: 32.867206 &lt;/td&gt;&lt;/tr&gt;
&lt;tr&gt;&lt;td&gt;Latitude: -18.292337 &lt;/td&gt;&lt;/tr&gt;
&lt;tr&gt;&lt;td&gt;Heading: 80.1 &lt;/td&gt;&lt;/tr&gt;
&lt;/table&gt;</cmt>
    <desc>&lt;table&gt;
&lt;tr&gt;&lt;td&gt;Longitude: 32.867206 &lt;/td&gt;&lt;/tr&gt;
&lt;tr&gt;&lt;td&gt;Latitude: -18.292337 &lt;/td&gt;&lt;/tr&gt;
&lt;tr&gt;&lt;td&gt;Heading: 80.1 &lt;/td&gt;&lt;/tr&gt;
&lt;/table&gt;</desc>
    <sym>Flag, Blue</sym>
    <type>user</type>
    <extensions>
      <gpxx:WaypointExtension>
        <gpxx:DisplayMode>SymbolAndName</gpxx:DisplayMode>
      </gpxx:WaypointExtension>
      <wptx1:WaypointExtension>
        <wptx1:DisplayMode>SymbolAndName</wptx1:DisplayMode>
      </wptx1:WaypointExtension>
      <ctx:CreationTimeExtension>
        <ctx:CreationTime>2026-10-02T12:44:04Z</ctx:CreationTime>
      </ctx:CreationTimeExtension>
    </extensions>
  </wpt>
  <wpt lat="-18.292427016422153" lon="32.867616014555097">
    <ele>0</ele>
    <time>2026-10-02T12:44:04Z</time>
    <name>The Challenge 2025-214</name>
    <cmt>&lt;table&gt;
&lt;tr&gt;&lt;td&gt;Longitude: 32.867616 &lt;/td&gt;&lt;/tr&gt;
&lt;tr&gt;&lt;td&gt;Latitude: -18.292427 &lt;/td&gt;&lt;/tr&gt;
&lt;tr&gt;&lt;td&gt;Heading: 103.0 &lt;/td&gt;&lt;/tr&gt;
&lt;/table&gt;</cmt>
    <desc>&lt;table&gt;
&lt;tr&gt;&lt;td&gt;Longitude: 32.867616 &lt;/td&gt;&lt;/tr&gt;
&lt;tr&gt;&lt;td&gt;Latitude: -18.292427 &lt;/td&gt;&lt;/tr&gt;
&lt;tr&gt;&lt;td&gt;Heading: 103.0 &lt;/td&gt;&lt;/tr&gt;
&lt;/table&gt;</desc>
    <sym>Flag, Blue</sym>
    <type>user</type>
    <extensions>
      <gpxx:WaypointExtension>
        <gpxx:DisplayMode>SymbolAndName</gpxx:DisplayMode>
      </gpxx:WaypointExtension>
      <wptx1:WaypointExtension>
        <wptx1:DisplayMode>SymbolAndName</wptx1:DisplayMode>
      </wptx1:WaypointExtension>
      <ctx:CreationTimeExtension>
        <ctx:CreationTime>2026-10-02T12:44:04Z</ctx:CreationTime>
      </ctx:CreationTimeExtension>
    </extensions>
  </wpt>
  <wpt lat="-18.292839992791414" lon="32.867957996204495">
    <ele>0</ele>
    <time>2026-10-02T12:44:04Z</time>
    <name>The Challenge 2025-215</name>
    <cmt>&lt;table&gt;
&lt;tr&gt;&lt;td&gt;Longitude: 32.867958 &lt;/td&gt;&lt;/tr&gt;
&lt;tr&gt;&lt;td&gt;Latitude: -18.292840 &lt;/td&gt;&lt;/tr&gt;
&lt;tr&gt;&lt;td&gt;Heading: 141.8 &lt;/td&gt;&lt;/tr&gt;
&lt;/table&gt;</cmt>
    <desc>&lt;table&gt;
&lt;tr&gt;&lt;td&gt;Longitude: 32.867958 &lt;/td&gt;&lt;/tr&gt;
&lt;tr&gt;&lt;td&gt;Latitude: -18.292840 &lt;/td&gt;&lt;/tr&gt;
&lt;tr&gt;&lt;td&gt;Heading: 141.8 &lt;/td&gt;&lt;/tr&gt;
&lt;/table&gt;</desc>
    <sym>Flag, Blue</sym>
    <type>user</type>
    <extensions>
      <gpxx:WaypointExtension>
        <gpxx:DisplayMode>SymbolAndName</gpxx:DisplayMode>
      </gpxx:WaypointExtension>
      <wptx1:WaypointExtension>
        <wptx1:DisplayMode>SymbolAndName</wptx1:DisplayMode>
      </wptx1:WaypointExtension>
      <ctx:CreationTimeExtension>
        <ctx:CreationTime>2026-10-02T12:44:04Z</ctx:CreationTime>
      </ctx:CreationTimeExtension>
    </extensions>
  </wpt>
  <wpt lat="-18.293129000812769" lon="32.868200987577438">
    <ele>0</ele>
    <time>2026-10-02T12:44:04Z</time>
    <name>The Challenge 2025-216</name>
    <cmt>&lt;table&gt;
&lt;tr&gt;&lt;td&gt;Longitude: 32.868201 &lt;/td&gt;&lt;/tr&gt;
&lt;tr&gt;&lt;td&gt;Latitude: -18.293129 &lt;/td&gt;&lt;/tr&gt;
&lt;tr&gt;&lt;td&gt;Heading: 141.4 &lt;/td&gt;&lt;/tr&gt;
&lt;/table&gt;</cmt>
    <desc>&lt;table&gt;
&lt;tr&gt;&lt;td&gt;Longitude: 32.868201 &lt;/td&gt;&lt;/tr&gt;
&lt;tr&gt;&lt;td&gt;Latitude: -18.293129 &lt;/td&gt;&lt;/tr&gt;
&lt;tr&gt;&lt;td&gt;Heading: 141.4 &lt;/td&gt;&lt;/tr&gt;
&lt;/table&gt;</desc>
    <sym>Flag, Blue</sym>
    <type>user</type>
    <extensions>
      <gpxx:WaypointExtension>
        <gpxx:DisplayMode>SymbolAndName</gpxx:DisplayMode>
      </gpxx:WaypointExtension>
      <wptx1:WaypointExtension>
        <wptx1:DisplayMode>SymbolAndName</wptx1:DisplayMode>
      </wptx1:WaypointExtension>
      <ctx:CreationTimeExtension>
        <ctx:CreationTime>2026-10-02T12:44:04Z</ctx:CreationTime>
      </ctx:CreationTimeExtension>
    </extensions>
  </wpt>
  <wpt lat="-18.292903024703264" lon="32.868644976988435">
    <ele>0</ele>
    <time>2026-10-02T12:44:04Z</time>
    <name>The Challenge 2025-217</name>
    <cmt>&lt;table&gt;
&lt;tr&gt;&lt;td&gt;Longitude: 32.868645 &lt;/td&gt;&lt;/tr&gt;
&lt;tr&gt;&lt;td&gt;Latitude: -18.292903 &lt;/td&gt;&lt;/tr&gt;
&lt;tr&gt;&lt;td&gt;Heading: 61.9 &lt;/td&gt;&lt;/tr&gt;
&lt;/table&gt;</cmt>
    <desc>&lt;table&gt;
&lt;tr&gt;&lt;td&gt;Longitude: 32.868645 &lt;/td&gt;&lt;/tr&gt;
&lt;tr&gt;&lt;td&gt;Latitude: -18.292903 &lt;/td&gt;&lt;/tr&gt;
&lt;tr&gt;&lt;td&gt;Heading: 61.9 &lt;/td&gt;&lt;/tr&gt;
&lt;/table&gt;</desc>
    <sym>Flag, Blue</sym>
    <type>user</type>
    <extensions>
      <gpxx:WaypointExtension>
        <gpxx:DisplayMode>SymbolAndName</gpxx:DisplayMode>
      </gpxx:WaypointExtension>
      <wptx1:WaypointExtension>
        <wptx1:DisplayMode>SymbolAndName</wptx1:DisplayMode>
      </wptx1:WaypointExtension>
      <ctx:CreationTimeExtension>
        <ctx:CreationTime>2026-10-02T12:44:04Z</ctx:CreationTime>
      </ctx:CreationTimeExtension>
    </extensions>
  </wpt>
  <wpt lat="-18.29274301417172" lon="32.869196003302932">
    <ele>0</ele>
    <time>2026-10-02T12:44:04Z</time>
    <name>The Challenge 2025-218</name>
    <cmt>&lt;table&gt;
&lt;tr&gt;&lt;td&gt;Longitude: 32.869196 &lt;/td&gt;&lt;/tr&gt;
&lt;tr&gt;&lt;td&gt;Latitude: -18.292743 &lt;/td&gt;&lt;/tr&gt;
&lt;tr&gt;&lt;td&gt;Heading: 73.0 &lt;/td&gt;&lt;/tr&gt;
&lt;/table&gt;</cmt>
    <desc>&lt;table&gt;
&lt;tr&gt;&lt;td&gt;Longitude: 32.869196 &lt;/td&gt;&lt;/tr&gt;
&lt;tr&gt;&lt;td&gt;Latitude: -18.292743 &lt;/td&gt;&lt;/tr&gt;
&lt;tr&gt;&lt;td&gt;Heading: 73.0 &lt;/td&gt;&lt;/tr&gt;
&lt;/table&gt;</desc>
    <sym>Flag, Blue</sym>
    <type>user</type>
    <extensions>
      <gpxx:WaypointExtension>
        <gpxx:DisplayMode>SymbolAndName</gpxx:DisplayMode>
      </gpxx:WaypointExtension>
      <wptx1:WaypointExtension>
        <wptx1:DisplayMode>SymbolAndName</wptx1:DisplayMode>
      </wptx1:WaypointExtension>
      <ctx:CreationTimeExtension>
        <ctx:CreationTime>2026-10-02T12:44:04Z</ctx:CreationTime>
      </ctx:CreationTimeExtension>
    </extensions>
  </wpt>
  <wpt lat="-18.292263988405466" lon="32.869690032675862">
    <ele>0</ele>
    <time>2026-10-02T12:44:04Z</time>
    <name>The Challenge 2025-219</name>
    <cmt>&lt;table&gt;
&lt;tr&gt;&lt;td&gt;Longitude: 32.869690 &lt;/td&gt;&lt;/tr&gt;
&lt;tr&gt;&lt;td&gt;Latitude: -18.292264 &lt;/td&gt;&lt;/tr&gt;
&lt;tr&gt;&lt;td&gt;Heading: 44.4 &lt;/td&gt;&lt;/tr&gt;
&lt;/table&gt;</cmt>
    <desc>&lt;table&gt;
&lt;tr&gt;&lt;td&gt;Longitude: 32.869690 &lt;/td&gt;&lt;/tr&gt;
&lt;tr&gt;&lt;td&gt;Latitude: -18.292264 &lt;/td&gt;&lt;/tr&gt;
&lt;tr&gt;&lt;td&gt;Heading: 44.4 &lt;/td&gt;&lt;/tr&gt;
&lt;/table&gt;</desc>
    <sym>Flag, Blue</sym>
    <type>user</type>
    <extensions>
      <gpxx:WaypointExtension>
        <gpxx:DisplayMode>SymbolAndName</gpxx:DisplayMode>
      </gpxx:WaypointExtension>
      <wptx1:WaypointExtension>
        <wptx1:DisplayMode>SymbolAndName</wptx1:DisplayMode>
      </wptx1:WaypointExtension>
      <ctx:CreationTimeExtension>
        <ctx:CreationTime>2026-10-02T12:44:04Z</ctx:CreationTime>
      </ctx:CreationTimeExtension>
    </extensions>
  </wpt>
  <wpt lat="-18.335534976795316" lon="32.841128027066588">
    <ele>0</ele>
    <time>2026-10-02T12:44:04Z</time>
    <name>The Challenge 2025-22</name>
    <cmt>&lt;table&gt;
&lt;tr&gt;&lt;td&gt;Longitude: 32.841128 &lt;/td&gt;&lt;/tr&gt;
&lt;tr&gt;&lt;td&gt;Latitude: -18.335535 &lt;/td&gt;&lt;/tr&gt;
&lt;tr&gt;&lt;td&gt;Heading: 119.0 &lt;/td&gt;&lt;/tr&gt;
&lt;/table&gt;</cmt>
    <desc>&lt;table&gt;
&lt;tr&gt;&lt;td&gt;Longitude: 32.841128 &lt;/td&gt;&lt;/tr&gt;
&lt;tr&gt;&lt;td&gt;Latitude: -18.335535 &lt;/td&gt;&lt;/tr&gt;
&lt;tr&gt;&lt;td&gt;Heading: 119.0 &lt;/td&gt;&lt;/tr&gt;
&lt;/table&gt;</desc>
    <sym>Flag, Blue</sym>
    <type>user</type>
    <extensions>
      <gpxx:WaypointExtension>
        <gpxx:DisplayMode>SymbolAndName</gpxx:DisplayMode>
      </gpxx:WaypointExtension>
      <wptx1:WaypointExtension>
        <wptx1:DisplayMode>SymbolAndName</wptx1:DisplayMode>
      </wptx1:WaypointExtension>
      <ctx:CreationTimeExtension>
        <ctx:CreationTime>2026-10-02T12:44:04Z</ctx:CreationTime>
      </ctx:CreationTimeExtension>
    </extensions>
  </wpt>
  <wpt lat="-18.291439041495323" lon="32.870282968506217">
    <ele>0</ele>
    <time>2026-10-02T12:44:04Z</time>
    <name>The Challenge 2025-220</name>
    <cmt>&lt;table&gt;
&lt;tr&gt;&lt;td&gt;Longitude: 32.870283 &lt;/td&gt;&lt;/tr&gt;
&lt;tr&gt;&lt;td&gt;Latitude: -18.291439 &lt;/td&gt;&lt;/tr&gt;
&lt;tr&gt;&lt;td&gt;Heading: 34.3 &lt;/td&gt;&lt;/tr&gt;
&lt;/table&gt;</cmt>
    <desc>&lt;table&gt;
&lt;tr&gt;&lt;td&gt;Longitude: 32.870283 &lt;/td&gt;&lt;/tr&gt;
&lt;tr&gt;&lt;td&gt;Latitude: -18.291439 &lt;/td&gt;&lt;/tr&gt;
&lt;tr&gt;&lt;td&gt;Heading: 34.3 &lt;/td&gt;&lt;/tr&gt;
&lt;/table&gt;</desc>
    <sym>Flag, Blue</sym>
    <type>user</type>
    <extensions>
      <gpxx:WaypointExtension>
        <gpxx:DisplayMode>SymbolAndName</gpxx:DisplayMode>
      </gpxx:WaypointExtension>
      <wptx1:WaypointExtension>
        <wptx1:DisplayMode>SymbolAndName</wptx1:DisplayMode>
      </wptx1:WaypointExtension>
      <ctx:CreationTimeExtension>
        <ctx:CreationTime>2026-10-02T12:44:04Z</ctx:CreationTime>
      </ctx:CreationTimeExtension>
    </extensions>
  </wpt>
  <wpt lat="-18.290576040744781" lon="32.870931979268789">
    <ele>0</ele>
    <time>2026-10-02T12:44:04Z</time>
    <name>The Challenge 2025-221</name>
    <cmt>&lt;table&gt;
&lt;tr&gt;&lt;td&gt;Longitude: 32.870932 &lt;/td&gt;&lt;/tr&gt;
&lt;tr&gt;&lt;td&gt;Latitude: -18.290576 &lt;/td&gt;&lt;/tr&gt;
&lt;tr&gt;&lt;td&gt;Heading: 35.5 &lt;/td&gt;&lt;/tr&gt;
&lt;/table&gt;</cmt>
    <desc>&lt;table&gt;
&lt;tr&gt;&lt;td&gt;Longitude: 32.870932 &lt;/td&gt;&lt;/tr&gt;
&lt;tr&gt;&lt;td&gt;Latitude: -18.290576 &lt;/td&gt;&lt;/tr&gt;
&lt;tr&gt;&lt;td&gt;Heading: 35.5 &lt;/td&gt;&lt;/tr&gt;
&lt;/table&gt;</desc>
    <sym>Flag, Blue</sym>
    <type>user</type>
    <extensions>
      <gpxx:WaypointExtension>
        <gpxx:DisplayMode>SymbolAndName</gpxx:DisplayMode>
      </gpxx:WaypointExtension>
      <wptx1:WaypointExtension>
        <wptx1:DisplayMode>SymbolAndName</wptx1:DisplayMode>
      </wptx1:WaypointExtension>
      <ctx:CreationTimeExtension>
        <ctx:CreationTime>2026-10-02T12:44:04Z</ctx:CreationTime>
      </ctx:CreationTimeExtension>
    </extensions>
  </wpt>
  <wpt lat="-18.289842959493399" lon="32.871442018076777">
    <ele>0</ele>
    <time>2026-10-02T12:44:04Z</time>
    <name>The Challenge 2025-222</name>
    <cmt>&lt;table&gt;
&lt;tr&gt;&lt;td&gt;Longitude: 32.871442 &lt;/td&gt;&lt;/tr&gt;
&lt;tr&gt;&lt;td&gt;Latitude: -18.289843 &lt;/td&gt;&lt;/tr&gt;
&lt;tr&gt;&lt;td&gt;Heading: 33.5 &lt;/td&gt;&lt;/tr&gt;
&lt;/table&gt;</cmt>
    <desc>&lt;table&gt;
&lt;tr&gt;&lt;td&gt;Longitude: 32.871442 &lt;/td&gt;&lt;/tr&gt;
&lt;tr&gt;&lt;td&gt;Latitude: -18.289843 &lt;/td&gt;&lt;/tr&gt;
&lt;tr&gt;&lt;td&gt;Heading: 33.5 &lt;/td&gt;&lt;/tr&gt;
&lt;/table&gt;</desc>
    <sym>Flag, Blue</sym>
    <type>user</type>
    <extensions>
      <gpxx:WaypointExtension>
        <gpxx:DisplayMode>SymbolAndName</gpxx:DisplayMode>
      </gpxx:WaypointExtension>
      <wptx1:WaypointExtension>
        <wptx1:DisplayMode>SymbolAndName</wptx1:DisplayMode>
      </wptx1:WaypointExtension>
      <ctx:CreationTimeExtension>
        <ctx:CreationTime>2026-10-02T12:44:04Z</ctx:CreationTime>
      </ctx:CreationTimeExtension>
    </extensions>
  </wpt>
  <wpt lat="-18.289684960618615" lon="32.872032020241022">
    <ele>0</ele>
    <time>2026-10-02T12:44:04Z</time>
    <name>The Challenge 2025-223</name>
    <cmt>&lt;table&gt;
&lt;tr&gt;&lt;td&gt;Longitude: 32.872032 &lt;/td&gt;&lt;/tr&gt;
&lt;tr&gt;&lt;td&gt;Latitude: -18.289685 &lt;/td&gt;&lt;/tr&gt;
&lt;tr&gt;&lt;td&gt;Heading: 74.2 &lt;/td&gt;&lt;/tr&gt;
&lt;/table&gt;</cmt>
    <desc>&lt;table&gt;
&lt;tr&gt;&lt;td&gt;Longitude: 32.872032 &lt;/td&gt;&lt;/tr&gt;
&lt;tr&gt;&lt;td&gt;Latitude: -18.289685 &lt;/td&gt;&lt;/tr&gt;
&lt;tr&gt;&lt;td&gt;Heading: 74.2 &lt;/td&gt;&lt;/tr&gt;
&lt;/table&gt;</desc>
    <sym>Flag, Blue</sym>
    <type>user</type>
    <extensions>
      <gpxx:WaypointExtension>
        <gpxx:DisplayMode>SymbolAndName</gpxx:DisplayMode>
      </gpxx:WaypointExtension>
      <wptx1:WaypointExtension>
        <wptx1:DisplayMode>SymbolAndName</wptx1:DisplayMode>
      </wptx1:WaypointExtension>
      <ctx:CreationTimeExtension>
        <ctx:CreationTime>2026-10-02T12:44:04Z</ctx:CreationTime>
      </ctx:CreationTimeExtension>
    </extensions>
  </wpt>
  <wpt lat="-18.289455967023969" lon="32.872855961322784">
    <ele>0</ele>
    <time>2026-10-02T12:44:04Z</time>
    <name>The Challenge 2025-224</name>
    <cmt>&lt;table&gt;
&lt;tr&gt;&lt;td&gt;Longitude: 32.872856 &lt;/td&gt;&lt;/tr&gt;
&lt;tr&gt;&lt;td&gt;Latitude: -18.289456 &lt;/td&gt;&lt;/tr&gt;
&lt;tr&gt;&lt;td&gt;Heading: 73.7 &lt;/td&gt;&lt;/tr&gt;
&lt;/table&gt;</cmt>
    <desc>&lt;table&gt;
&lt;tr&gt;&lt;td&gt;Longitude: 32.872856 &lt;/td&gt;&lt;/tr&gt;
&lt;tr&gt;&lt;td&gt;Latitude: -18.289456 &lt;/td&gt;&lt;/tr&gt;
&lt;tr&gt;&lt;td&gt;Heading: 73.7 &lt;/td&gt;&lt;/tr&gt;
&lt;/table&gt;</desc>
    <sym>Flag, Blue</sym>
    <type>user</type>
    <extensions>
      <gpxx:WaypointExtension>
        <gpxx:DisplayMode>SymbolAndName</gpxx:DisplayMode>
      </gpxx:WaypointExtension>
      <wptx1:WaypointExtension>
        <wptx1:DisplayMode>SymbolAndName</wptx1:DisplayMode>
      </wptx1:WaypointExtension>
      <ctx:CreationTimeExtension>
        <ctx:CreationTime>2026-10-02T12:44:04Z</ctx:CreationTime>
      </ctx:CreationTimeExtension>
    </extensions>
  </wpt>
  <wpt lat="-18.288577040657401" lon="32.873634975403547">
    <ele>0</ele>
    <time>2026-10-02T12:44:04Z</time>
    <name>The Challenge 2025-225</name>
    <cmt>&lt;table&gt;
&lt;tr&gt;&lt;td&gt;Longitude: 32.873635 &lt;/td&gt;&lt;/tr&gt;
&lt;tr&gt;&lt;td&gt;Latitude: -18.288577 &lt;/td&gt;&lt;/tr&gt;
&lt;tr&gt;&lt;td&gt;Heading: 40.1 &lt;/td&gt;&lt;/tr&gt;
&lt;/table&gt;</cmt>
    <desc>&lt;table&gt;
&lt;tr&gt;&lt;td&gt;Longitude: 32.873635 &lt;/td&gt;&lt;/tr&gt;
&lt;tr&gt;&lt;td&gt;Latitude: -18.288577 &lt;/td&gt;&lt;/tr&gt;
&lt;tr&gt;&lt;td&gt;Heading: 40.1 &lt;/td&gt;&lt;/tr&gt;
&lt;/table&gt;</desc>
    <sym>Flag, Blue</sym>
    <type>user</type>
    <extensions>
      <gpxx:WaypointExtension>
        <gpxx:DisplayMode>SymbolAndName</gpxx:DisplayMode>
      </gpxx:WaypointExtension>
      <wptx1:WaypointExtension>
        <wptx1:DisplayMode>SymbolAndName</wptx1:DisplayMode>
      </wptx1:WaypointExtension>
      <ctx:CreationTimeExtension>
        <ctx:CreationTime>2026-10-02T12:44:04Z</ctx:CreationTime>
      </ctx:CreationTimeExtension>
    </extensions>
  </wpt>
  <wpt lat="-18.28816800378263" lon="32.874063039198518">
    <ele>0</ele>
    <time>2026-10-02T12:44:04Z</time>
    <name>The Challenge 2025-226</name>
    <cmt>&lt;table&gt;
&lt;tr&gt;&lt;td&gt;Longitude: 32.874063 &lt;/td&gt;&lt;/tr&gt;
&lt;tr&gt;&lt;td&gt;Latitude: -18.288168 &lt;/td&gt;&lt;/tr&gt;
&lt;tr&gt;&lt;td&gt;Heading: 44.8 &lt;/td&gt;&lt;/tr&gt;
&lt;/table&gt;</cmt>
    <desc>&lt;table&gt;
&lt;tr&gt;&lt;td&gt;Longitude: 32.874063 &lt;/td&gt;&lt;/tr&gt;
&lt;tr&gt;&lt;td&gt;Latitude: -18.288168 &lt;/td&gt;&lt;/tr&gt;
&lt;tr&gt;&lt;td&gt;Heading: 44.8 &lt;/td&gt;&lt;/tr&gt;
&lt;/table&gt;</desc>
    <sym>Flag, Blue</sym>
    <type>user</type>
    <extensions>
      <gpxx:WaypointExtension>
        <gpxx:DisplayMode>SymbolAndName</gpxx:DisplayMode>
      </gpxx:WaypointExtension>
      <wptx1:WaypointExtension>
        <wptx1:DisplayMode>SymbolAndName</wptx1:DisplayMode>
      </wptx1:WaypointExtension>
      <ctx:CreationTimeExtension>
        <ctx:CreationTime>2026-10-02T12:44:04Z</ctx:CreationTime>
      </ctx:CreationTimeExtension>
    </extensions>
  </wpt>
  <wpt lat="-18.288226006552577" lon="32.874382976442575">
    <ele>0</ele>
    <time>2026-10-02T12:44:04Z</time>
    <name>The Challenge 2025-227</name>
    <cmt>&lt;table&gt;
&lt;tr&gt;&lt;td&gt;Longitude: 32.874383 &lt;/td&gt;&lt;/tr&gt;
&lt;tr&gt;&lt;td&gt;Latitude: -18.288226 &lt;/td&gt;&lt;/tr&gt;
&lt;tr&gt;&lt;td&gt;Heading: 100.7 &lt;/td&gt;&lt;/tr&gt;
&lt;/table&gt;</cmt>
    <desc>&lt;table&gt;
&lt;tr&gt;&lt;td&gt;Longitude: 32.874383 &lt;/td&gt;&lt;/tr&gt;
&lt;tr&gt;&lt;td&gt;Latitude: -18.288226 &lt;/td&gt;&lt;/tr&gt;
&lt;tr&gt;&lt;td&gt;Heading: 100.7 &lt;/td&gt;&lt;/tr&gt;
&lt;/table&gt;</desc>
    <sym>Flag, Blue</sym>
    <type>user</type>
    <extensions>
      <gpxx:WaypointExtension>
        <gpxx:DisplayMode>SymbolAndName</gpxx:DisplayMode>
      </gpxx:WaypointExtension>
      <wptx1:WaypointExtension>
        <wptx1:DisplayMode>SymbolAndName</wptx1:DisplayMode>
      </wptx1:WaypointExtension>
      <ctx:CreationTimeExtension>
        <ctx:CreationTime>2026-10-02T12:44:04Z</ctx:CreationTime>
      </ctx:CreationTimeExtension>
    </extensions>
  </wpt>
  <wpt lat="-18.287848988547921" lon="32.874633008614182">
    <ele>0</ele>
    <time>2026-10-02T12:44:04Z</time>
    <name>The Challenge 2025-228</name>
    <cmt>&lt;table&gt;
&lt;tr&gt;&lt;td&gt;Longitude: 32.874633 &lt;/td&gt;&lt;/tr&gt;
&lt;tr&gt;&lt;td&gt;Latitude: -18.287849 &lt;/td&gt;&lt;/tr&gt;
&lt;tr&gt;&lt;td&gt;Heading: 32.3 &lt;/td&gt;&lt;/tr&gt;
&lt;/table&gt;</cmt>
    <desc>&lt;table&gt;
&lt;tr&gt;&lt;td&gt;Longitude: 32.874633 &lt;/td&gt;&lt;/tr&gt;
&lt;tr&gt;&lt;td&gt;Latitude: -18.287849 &lt;/td&gt;&lt;/tr&gt;
&lt;tr&gt;&lt;td&gt;Heading: 32.3 &lt;/td&gt;&lt;/tr&gt;
&lt;/table&gt;</desc>
    <sym>Flag, Blue</sym>
    <type>user</type>
    <extensions>
      <gpxx:WaypointExtension>
        <gpxx:DisplayMode>SymbolAndName</gpxx:DisplayMode>
      </gpxx:WaypointExtension>
      <wptx1:WaypointExtension>
        <wptx1:DisplayMode>SymbolAndName</wptx1:DisplayMode>
      </wptx1:WaypointExtension>
      <ctx:CreationTimeExtension>
        <ctx:CreationTime>2026-10-02T12:44:04Z</ctx:CreationTime>
      </ctx:CreationTimeExtension>
    </extensions>
  </wpt>
  <wpt lat="-18.287786040455103" lon="32.874936014413834">
    <ele>0</ele>
    <time>2026-10-02T12:44:04Z</time>
    <name>The Challenge 2025-229</name>
    <cmt>&lt;table&gt;
&lt;tr&gt;&lt;td&gt;Longitude: 32.874936 &lt;/td&gt;&lt;/tr&gt;
&lt;tr&gt;&lt;td&gt;Latitude: -18.287786 &lt;/td&gt;&lt;/tr&gt;
&lt;tr&gt;&lt;td&gt;Heading: 77.7 &lt;/td&gt;&lt;/tr&gt;
&lt;/table&gt;</cmt>
    <desc>&lt;table&gt;
&lt;tr&gt;&lt;td&gt;Longitude: 32.874936 &lt;/td&gt;&lt;/tr&gt;
&lt;tr&gt;&lt;td&gt;Latitude: -18.287786 &lt;/td&gt;&lt;/tr&gt;
&lt;tr&gt;&lt;td&gt;Heading: 77.7 &lt;/td&gt;&lt;/tr&gt;
&lt;/table&gt;</desc>
    <sym>Flag, Blue</sym>
    <type>user</type>
    <extensions>
      <gpxx:WaypointExtension>
        <gpxx:DisplayMode>SymbolAndName</gpxx:DisplayMode>
      </gpxx:WaypointExtension>
      <wptx1:WaypointExtension>
        <wptx1:DisplayMode>SymbolAndName</wptx1:DisplayMode>
      </wptx1:WaypointExtension>
      <ctx:CreationTimeExtension>
        <ctx:CreationTime>2026-10-02T12:44:04Z</ctx:CreationTime>
      </ctx:CreationTimeExtension>
    </extensions>
  </wpt>
  <wpt lat="-18.335755001753569" lon="32.841354003176093">
    <ele>0</ele>
    <time>2026-10-02T12:44:04Z</time>
    <name>The Challenge 2025-23</name>
    <cmt>&lt;table&gt;
&lt;tr&gt;&lt;td&gt;Longitude: 32.841354 &lt;/td&gt;&lt;/tr&gt;
&lt;tr&gt;&lt;td&gt;Latitude: -18.335755 &lt;/td&gt;&lt;/tr&gt;
&lt;tr&gt;&lt;td&gt;Heading: 135.8 &lt;/td&gt;&lt;/tr&gt;
&lt;/table&gt;</cmt>
    <desc>&lt;table&gt;
&lt;tr&gt;&lt;td&gt;Longitude: 32.841354 &lt;/td&gt;&lt;/tr&gt;
&lt;tr&gt;&lt;td&gt;Latitude: -18.335755 &lt;/td&gt;&lt;/tr&gt;
&lt;tr&gt;&lt;td&gt;Heading: 135.8 &lt;/td&gt;&lt;/tr&gt;
&lt;/table&gt;</desc>
    <sym>Flag, Blue</sym>
    <type>user</type>
    <extensions>
      <gpxx:WaypointExtension>
        <gpxx:DisplayMode>SymbolAndName</gpxx:DisplayMode>
      </gpxx:WaypointExtension>
      <wptx1:WaypointExtension>
        <wptx1:DisplayMode>SymbolAndName</wptx1:DisplayMode>
      </wptx1:WaypointExtension>
      <ctx:CreationTimeExtension>
        <ctx:CreationTime>2026-10-02T12:44:04Z</ctx:CreationTime>
      </ctx:CreationTimeExtension>
    </extensions>
  </wpt>
  <wpt lat="-18.287316989153624" lon="32.875346979126334">
    <ele>0</ele>
    <time>2026-10-02T12:44:04Z</time>
    <name>The Challenge 2025-230</name>
    <cmt>&lt;table&gt;
&lt;tr&gt;&lt;td&gt;Longitude: 32.875347 &lt;/td&gt;&lt;/tr&gt;
&lt;tr&gt;&lt;td&gt;Latitude: -18.287317 &lt;/td&gt;&lt;/tr&gt;
&lt;tr&gt;&lt;td&gt;Heading: 39.8 &lt;/td&gt;&lt;/tr&gt;
&lt;/table&gt;</cmt>
    <desc>&lt;table&gt;
&lt;tr&gt;&lt;td&gt;Longitude: 32.875347 &lt;/td&gt;&lt;/tr&gt;
&lt;tr&gt;&lt;td&gt;Latitude: -18.287317 &lt;/td&gt;&lt;/tr&gt;
&lt;tr&gt;&lt;td&gt;Heading: 39.8 &lt;/td&gt;&lt;/tr&gt;
&lt;/table&gt;</desc>
    <sym>Flag, Blue</sym>
    <type>user</type>
    <extensions>
      <gpxx:WaypointExtension>
        <gpxx:DisplayMode>SymbolAndName</gpxx:DisplayMode>
      </gpxx:WaypointExtension>
      <wptx1:WaypointExtension>
        <wptx1:DisplayMode>SymbolAndName</wptx1:DisplayMode>
      </wptx1:WaypointExtension>
      <ctx:CreationTimeExtension>
        <ctx:CreationTime>2026-10-02T12:44:04Z</ctx:CreationTime>
      </ctx:CreationTimeExtension>
    </extensions>
  </wpt>
  <wpt lat="-18.287084978073835" lon="32.875930024310946">
    <ele>0</ele>
    <time>2026-10-02T12:44:04Z</time>
    <name>The Challenge 2025-231</name>
    <cmt>&lt;table&gt;
&lt;tr&gt;&lt;td&gt;Longitude: 32.875930 &lt;/td&gt;&lt;/tr&gt;
&lt;tr&gt;&lt;td&gt;Latitude: -18.287085 &lt;/td&gt;&lt;/tr&gt;
&lt;tr&gt;&lt;td&gt;Heading: 67.3 &lt;/td&gt;&lt;/tr&gt;
&lt;/table&gt;</cmt>
    <desc>&lt;table&gt;
&lt;tr&gt;&lt;td&gt;Longitude: 32.875930 &lt;/td&gt;&lt;/tr&gt;
&lt;tr&gt;&lt;td&gt;Latitude: -18.287085 &lt;/td&gt;&lt;/tr&gt;
&lt;tr&gt;&lt;td&gt;Heading: 67.3 &lt;/td&gt;&lt;/tr&gt;
&lt;/table&gt;</desc>
    <sym>Flag, Blue</sym>
    <type>user</type>
    <extensions>
      <gpxx:WaypointExtension>
        <gpxx:DisplayMode>SymbolAndName</gpxx:DisplayMode>
      </gpxx:WaypointExtension>
      <wptx1:WaypointExtension>
        <wptx1:DisplayMode>SymbolAndName</wptx1:DisplayMode>
      </wptx1:WaypointExtension>
      <ctx:CreationTimeExtension>
        <ctx:CreationTime>2026-10-02T12:44:04Z</ctx:CreationTime>
      </ctx:CreationTimeExtension>
    </extensions>
  </wpt>
  <wpt lat="-18.286903006955981" lon="32.876263959333301">
    <ele>0</ele>
    <time>2026-10-02T12:44:04Z</time>
    <name>The Challenge 2025-232</name>
    <cmt>&lt;table&gt;
&lt;tr&gt;&lt;td&gt;Longitude: 32.876264 &lt;/td&gt;&lt;/tr&gt;
&lt;tr&gt;&lt;td&gt;Latitude: -18.286903 &lt;/td&gt;&lt;/tr&gt;
&lt;tr&gt;&lt;td&gt;Heading: 60.1 &lt;/td&gt;&lt;/tr&gt;
&lt;/table&gt;</cmt>
    <desc>&lt;table&gt;
&lt;tr&gt;&lt;td&gt;Longitude: 32.876264 &lt;/td&gt;&lt;/tr&gt;
&lt;tr&gt;&lt;td&gt;Latitude: -18.286903 &lt;/td&gt;&lt;/tr&gt;
&lt;tr&gt;&lt;td&gt;Heading: 60.1 &lt;/td&gt;&lt;/tr&gt;
&lt;/table&gt;</desc>
    <sym>Flag, Blue</sym>
    <type>user</type>
    <extensions>
      <gpxx:WaypointExtension>
        <gpxx:DisplayMode>SymbolAndName</gpxx:DisplayMode>
      </gpxx:WaypointExtension>
      <wptx1:WaypointExtension>
        <wptx1:DisplayMode>SymbolAndName</wptx1:DisplayMode>
      </wptx1:WaypointExtension>
      <ctx:CreationTimeExtension>
        <ctx:CreationTime>2026-10-02T12:44:04Z</ctx:CreationTime>
      </ctx:CreationTimeExtension>
    </extensions>
  </wpt>
  <wpt lat="-18.286574017256498" lon="32.876783972606063">
    <ele>0</ele>
    <time>2026-10-02T12:44:04Z</time>
    <name>The Challenge 2025-233</name>
    <cmt>&lt;table&gt;
&lt;tr&gt;&lt;td&gt;Longitude: 32.876784 &lt;/td&gt;&lt;/tr&gt;
&lt;tr&gt;&lt;td&gt;Latitude: -18.286574 &lt;/td&gt;&lt;/tr&gt;
&lt;tr&gt;&lt;td&gt;Heading: 56.3 &lt;/td&gt;&lt;/tr&gt;
&lt;/table&gt;</cmt>
    <desc>&lt;table&gt;
&lt;tr&gt;&lt;td&gt;Longitude: 32.876784 &lt;/td&gt;&lt;/tr&gt;
&lt;tr&gt;&lt;td&gt;Latitude: -18.286574 &lt;/td&gt;&lt;/tr&gt;
&lt;tr&gt;&lt;td&gt;Heading: 56.3 &lt;/td&gt;&lt;/tr&gt;
&lt;/table&gt;</desc>
    <sym>Flag, Blue</sym>
    <type>user</type>
    <extensions>
      <gpxx:WaypointExtension>
        <gpxx:DisplayMode>SymbolAndName</gpxx:DisplayMode>
      </gpxx:WaypointExtension>
      <wptx1:WaypointExtension>
        <wptx1:DisplayMode>SymbolAndName</wptx1:DisplayMode>
      </wptx1:WaypointExtension>
      <ctx:CreationTimeExtension>
        <ctx:CreationTime>2026-10-02T12:44:04Z</ctx:CreationTime>
      </ctx:CreationTimeExtension>
    </extensions>
  </wpt>
  <wpt lat="-18.286113012582064" lon="32.877476988360286">
    <ele>0</ele>
    <time>2026-10-02T12:44:04Z</time>
    <name>The Challenge 2025-234</name>
    <cmt>&lt;table&gt;
&lt;tr&gt;&lt;td&gt;Longitude: 32.877477 &lt;/td&gt;&lt;/tr&gt;
&lt;tr&gt;&lt;td&gt;Latitude: -18.286113 &lt;/td&gt;&lt;/tr&gt;
&lt;tr&gt;&lt;td&gt;Heading: 55.0 &lt;/td&gt;&lt;/tr&gt;
&lt;/table&gt;</cmt>
    <desc>&lt;table&gt;
&lt;tr&gt;&lt;td&gt;Longitude: 32.877477 &lt;/td&gt;&lt;/tr&gt;
&lt;tr&gt;&lt;td&gt;Latitude: -18.286113 &lt;/td&gt;&lt;/tr&gt;
&lt;tr&gt;&lt;td&gt;Heading: 55.0 &lt;/td&gt;&lt;/tr&gt;
&lt;/table&gt;</desc>
    <sym>Flag, Blue</sym>
    <type>user</type>
    <extensions>
      <gpxx:WaypointExtension>
        <gpxx:DisplayMode>SymbolAndName</gpxx:DisplayMode>
      </gpxx:WaypointExtension>
      <wptx1:WaypointExtension>
        <wptx1:DisplayMode>SymbolAndName</wptx1:DisplayMode>
      </wptx1:WaypointExtension>
      <ctx:CreationTimeExtension>
        <ctx:CreationTime>2026-10-02T12:44:04Z</ctx:CreationTime>
      </ctx:CreationTimeExtension>
    </extensions>
  </wpt>
  <wpt lat="-18.2859349809587" lon="32.878271006047726">
    <ele>0</ele>
    <time>2026-10-02T12:44:04Z</time>
    <name>The Challenge 2025-235</name>
    <cmt>&lt;table&gt;
&lt;tr&gt;&lt;td&gt;Longitude: 32.878271 &lt;/td&gt;&lt;/tr&gt;
&lt;tr&gt;&lt;td&gt;Latitude: -18.285935 &lt;/td&gt;&lt;/tr&gt;
&lt;tr&gt;&lt;td&gt;Heading: 76.7 &lt;/td&gt;&lt;/tr&gt;
&lt;/table&gt;</cmt>
    <desc>&lt;table&gt;
&lt;tr&gt;&lt;td&gt;Longitude: 32.878271 &lt;/td&gt;&lt;/tr&gt;
&lt;tr&gt;&lt;td&gt;Latitude: -18.285935 &lt;/td&gt;&lt;/tr&gt;
&lt;tr&gt;&lt;td&gt;Heading: 76.7 &lt;/td&gt;&lt;/tr&gt;
&lt;/table&gt;</desc>
    <sym>Flag, Blue</sym>
    <type>user</type>
    <extensions>
      <gpxx:WaypointExtension>
        <gpxx:DisplayMode>SymbolAndName</gpxx:DisplayMode>
      </gpxx:WaypointExtension>
      <wptx1:WaypointExtension>
        <wptx1:DisplayMode>SymbolAndName</wptx1:DisplayMode>
      </wptx1:WaypointExtension>
      <ctx:CreationTimeExtension>
        <ctx:CreationTime>2026-10-02T12:44:04Z</ctx:CreationTime>
      </ctx:CreationTimeExtension>
    </extensions>
  </wpt>
  <wpt lat="-18.285702969878912" lon="32.878545010462403">
    <ele>0</ele>
    <time>2026-10-02T12:44:04Z</time>
    <name>The Challenge 2025-236</name>
    <cmt>&lt;table&gt;
&lt;tr&gt;&lt;td&gt;Longitude: 32.878545 &lt;/td&gt;&lt;/tr&gt;
&lt;tr&gt;&lt;td&gt;Latitude: -18.285703 &lt;/td&gt;&lt;/tr&gt;
&lt;tr&gt;&lt;td&gt;Heading: 48.3 &lt;/td&gt;&lt;/tr&gt;
&lt;/table&gt;</cmt>
    <desc>&lt;table&gt;
&lt;tr&gt;&lt;td&gt;Longitude: 32.878545 &lt;/td&gt;&lt;/tr&gt;
&lt;tr&gt;&lt;td&gt;Latitude: -18.285703 &lt;/td&gt;&lt;/tr&gt;
&lt;tr&gt;&lt;td&gt;Heading: 48.3 &lt;/td&gt;&lt;/tr&gt;
&lt;/table&gt;</desc>
    <sym>Flag, Blue</sym>
    <type>user</type>
    <extensions>
      <gpxx:WaypointExtension>
        <gpxx:DisplayMode>SymbolAndName</gpxx:DisplayMode>
      </gpxx:WaypointExtension>
      <wptx1:WaypointExtension>
        <wptx1:DisplayMode>SymbolAndName</wptx1:DisplayMode>
      </wptx1:WaypointExtension>
      <ctx:CreationTimeExtension>
        <ctx:CreationTime>2026-10-02T12:44:04Z</ctx:CreationTime>
      </ctx:CreationTimeExtension>
    </extensions>
  </wpt>
  <wpt lat="-18.285713028162718" lon="32.879142975434661">
    <ele>0</ele>
    <time>2026-10-02T12:44:04Z</time>
    <name>The Challenge 2025-237</name>
    <cmt>&lt;table&gt;
&lt;tr&gt;&lt;td&gt;Longitude: 32.879143 &lt;/td&gt;&lt;/tr&gt;
&lt;tr&gt;&lt;td&gt;Latitude: -18.285713 &lt;/td&gt;&lt;/tr&gt;
&lt;tr&gt;&lt;td&gt;Heading: 91.0 &lt;/td&gt;&lt;/tr&gt;
&lt;/table&gt;</cmt>
    <desc>&lt;table&gt;
&lt;tr&gt;&lt;td&gt;Longitude: 32.879143 &lt;/td&gt;&lt;/tr&gt;
&lt;tr&gt;&lt;td&gt;Latitude: -18.285713 &lt;/td&gt;&lt;/tr&gt;
&lt;tr&gt;&lt;td&gt;Heading: 91.0 &lt;/td&gt;&lt;/tr&gt;
&lt;/table&gt;</desc>
    <sym>Flag, Blue</sym>
    <type>user</type>
    <extensions>
      <gpxx:WaypointExtension>
        <gpxx:DisplayMode>SymbolAndName</gpxx:DisplayMode>
      </gpxx:WaypointExtension>
      <wptx1:WaypointExtension>
        <wptx1:DisplayMode>SymbolAndName</wptx1:DisplayMode>
      </wptx1:WaypointExtension>
      <ctx:CreationTimeExtension>
        <ctx:CreationTime>2026-10-02T12:44:04Z</ctx:CreationTime>
      </ctx:CreationTimeExtension>
    </extensions>
  </wpt>
  <wpt lat="-18.285485962405801" lon="32.879581013694406">
    <ele>0</ele>
    <time>2026-10-02T12:44:04Z</time>
    <name>The Challenge 2025-238</name>
    <cmt>&lt;table&gt;
&lt;tr&gt;&lt;td&gt;Longitude: 32.879581 &lt;/td&gt;&lt;/tr&gt;
&lt;tr&gt;&lt;td&gt;Latitude: -18.285486 &lt;/td&gt;&lt;/tr&gt;
&lt;tr&gt;&lt;td&gt;Heading: 61.4 &lt;/td&gt;&lt;/tr&gt;
&lt;/table&gt;</cmt>
    <desc>&lt;table&gt;
&lt;tr&gt;&lt;td&gt;Longitude: 32.879581 &lt;/td&gt;&lt;/tr&gt;
&lt;tr&gt;&lt;td&gt;Latitude: -18.285486 &lt;/td&gt;&lt;/tr&gt;
&lt;tr&gt;&lt;td&gt;Heading: 61.4 &lt;/td&gt;&lt;/tr&gt;
&lt;/table&gt;</desc>
    <sym>Flag, Blue</sym>
    <type>user</type>
    <extensions>
      <gpxx:WaypointExtension>
        <gpxx:DisplayMode>SymbolAndName</gpxx:DisplayMode>
      </gpxx:WaypointExtension>
      <wptx1:WaypointExtension>
        <wptx1:DisplayMode>SymbolAndName</wptx1:DisplayMode>
      </wptx1:WaypointExtension>
      <ctx:CreationTimeExtension>
        <ctx:CreationTime>2026-10-02T12:44:04Z</ctx:CreationTime>
      </ctx:CreationTimeExtension>
    </extensions>
  </wpt>
  <wpt lat="-18.285468025133014" lon="32.880290960893035">
    <ele>0</ele>
    <time>2026-10-02T12:44:04Z</time>
    <name>The Challenge 2025-239</name>
    <cmt>&lt;table&gt;
&lt;tr&gt;&lt;td&gt;Longitude: 32.880291 &lt;/td&gt;&lt;/tr&gt;
&lt;tr&gt;&lt;td&gt;Latitude: -18.285468 &lt;/td&gt;&lt;/tr&gt;
&lt;tr&gt;&lt;td&gt;Heading: 88.5 &lt;/td&gt;&lt;/tr&gt;
&lt;/table&gt;</cmt>
    <desc>&lt;table&gt;
&lt;tr&gt;&lt;td&gt;Longitude: 32.880291 &lt;/td&gt;&lt;/tr&gt;
&lt;tr&gt;&lt;td&gt;Latitude: -18.285468 &lt;/td&gt;&lt;/tr&gt;
&lt;tr&gt;&lt;td&gt;Heading: 88.5 &lt;/td&gt;&lt;/tr&gt;
&lt;/table&gt;</desc>
    <sym>Flag, Blue</sym>
    <type>user</type>
    <extensions>
      <gpxx:WaypointExtension>
        <gpxx:DisplayMode>SymbolAndName</gpxx:DisplayMode>
      </gpxx:WaypointExtension>
      <wptx1:WaypointExtension>
        <wptx1:DisplayMode>SymbolAndName</wptx1:DisplayMode>
      </wptx1:WaypointExtension>
      <ctx:CreationTimeExtension>
        <ctx:CreationTime>2026-10-02T12:44:04Z</ctx:CreationTime>
      </ctx:CreationTimeExtension>
    </extensions>
  </wpt>
  <wpt lat="-18.33590998314321" lon="32.841529017314315">
    <ele>0</ele>
    <time>2026-10-02T12:44:04Z</time>
    <name>The Challenge 2025-24</name>
    <cmt>&lt;table&gt;
&lt;tr&gt;&lt;td&gt;Longitude: 32.841529 &lt;/td&gt;&lt;/tr&gt;
&lt;tr&gt;&lt;td&gt;Latitude: -18.335910 &lt;/td&gt;&lt;/tr&gt;
&lt;tr&gt;&lt;td&gt;Heading: 133.1 &lt;/td&gt;&lt;/tr&gt;
&lt;/table&gt;</cmt>
    <desc>&lt;table&gt;
&lt;tr&gt;&lt;td&gt;Longitude: 32.841529 &lt;/td&gt;&lt;/tr&gt;
&lt;tr&gt;&lt;td&gt;Latitude: -18.335910 &lt;/td&gt;&lt;/tr&gt;
&lt;tr&gt;&lt;td&gt;Heading: 133.1 &lt;/td&gt;&lt;/tr&gt;
&lt;/table&gt;</desc>
    <sym>Flag, Blue</sym>
    <type>user</type>
    <extensions>
      <gpxx:WaypointExtension>
        <gpxx:DisplayMode>SymbolAndName</gpxx:DisplayMode>
      </gpxx:WaypointExtension>
      <wptx1:WaypointExtension>
        <wptx1:DisplayMode>SymbolAndName</wptx1:DisplayMode>
      </wptx1:WaypointExtension>
      <ctx:CreationTimeExtension>
        <ctx:CreationTime>2026-10-02T12:44:04Z</ctx:CreationTime>
      </ctx:CreationTimeExtension>
    </extensions>
  </wpt>
  <wpt lat="-18.285623006522655" lon="32.8806640394032">
    <ele>0</ele>
    <time>2026-10-02T12:44:04Z</time>
    <name>The Challenge 2025-240</name>
    <cmt>&lt;table&gt;
&lt;tr&gt;&lt;td&gt;Longitude: 32.880664 &lt;/td&gt;&lt;/tr&gt;
&lt;tr&gt;&lt;td&gt;Latitude: -18.285623 &lt;/td&gt;&lt;/tr&gt;
&lt;tr&gt;&lt;td&gt;Heading: 113.6 &lt;/td&gt;&lt;/tr&gt;
&lt;/table&gt;</cmt>
    <desc>&lt;table&gt;
&lt;tr&gt;&lt;td&gt;Longitude: 32.880664 &lt;/td&gt;&lt;/tr&gt;
&lt;tr&gt;&lt;td&gt;Latitude: -18.285623 &lt;/td&gt;&lt;/tr&gt;
&lt;tr&gt;&lt;td&gt;Heading: 113.6 &lt;/td&gt;&lt;/tr&gt;
&lt;/table&gt;</desc>
    <sym>Flag, Blue</sym>
    <type>user</type>
    <extensions>
      <gpxx:WaypointExtension>
        <gpxx:DisplayMode>SymbolAndName</gpxx:DisplayMode>
      </gpxx:WaypointExtension>
      <wptx1:WaypointExtension>
        <wptx1:DisplayMode>SymbolAndName</wptx1:DisplayMode>
      </wptx1:WaypointExtension>
      <ctx:CreationTimeExtension>
        <ctx:CreationTime>2026-10-02T12:44:04Z</ctx:CreationTime>
      </ctx:CreationTimeExtension>
    </extensions>
  </wpt>
  <wpt lat="-18.285330981016159" lon="32.881068969145417">
    <ele>0</ele>
    <time>2026-10-02T12:44:04Z</time>
    <name>The Challenge 2025-241</name>
    <cmt>&lt;table&gt;
&lt;tr&gt;&lt;td&gt;Longitude: 32.881069 &lt;/td&gt;&lt;/tr&gt;
&lt;tr&gt;&lt;td&gt;Latitude: -18.285331 &lt;/td&gt;&lt;/tr&gt;
&lt;tr&gt;&lt;td&gt;Heading: 52.8 &lt;/td&gt;&lt;/tr&gt;
&lt;/table&gt;</cmt>
    <desc>&lt;table&gt;
&lt;tr&gt;&lt;td&gt;Longitude: 32.881069 &lt;/td&gt;&lt;/tr&gt;
&lt;tr&gt;&lt;td&gt;Latitude: -18.285331 &lt;/td&gt;&lt;/tr&gt;
&lt;tr&gt;&lt;td&gt;Heading: 52.8 &lt;/td&gt;&lt;/tr&gt;
&lt;/table&gt;</desc>
    <sym>Flag, Blue</sym>
    <type>user</type>
    <extensions>
      <gpxx:WaypointExtension>
        <gpxx:DisplayMode>SymbolAndName</gpxx:DisplayMode>
      </gpxx:WaypointExtension>
      <wptx1:WaypointExtension>
        <wptx1:DisplayMode>SymbolAndName</wptx1:DisplayMode>
      </wptx1:WaypointExtension>
      <ctx:CreationTimeExtension>
        <ctx:CreationTime>2026-10-02T12:44:04Z</ctx:CreationTime>
      </ctx:CreationTimeExtension>
    </extensions>
  </wpt>
  <wpt lat="-18.285242971032858" lon="32.881458979099989">
    <ele>0</ele>
    <time>2026-10-02T12:44:04Z</time>
    <name>The Challenge 2025-242</name>
    <cmt>&lt;table&gt;
&lt;tr&gt;&lt;td&gt;Longitude: 32.881459 &lt;/td&gt;&lt;/tr&gt;
&lt;tr&gt;&lt;td&gt;Latitude: -18.285243 &lt;/td&gt;&lt;/tr&gt;
&lt;tr&gt;&lt;td&gt;Heading: 76.7 &lt;/td&gt;&lt;/tr&gt;
&lt;/table&gt;</cmt>
    <desc>&lt;table&gt;
&lt;tr&gt;&lt;td&gt;Longitude: 32.881459 &lt;/td&gt;&lt;/tr&gt;
&lt;tr&gt;&lt;td&gt;Latitude: -18.285243 &lt;/td&gt;&lt;/tr&gt;
&lt;tr&gt;&lt;td&gt;Heading: 76.7 &lt;/td&gt;&lt;/tr&gt;
&lt;/table&gt;</desc>
    <sym>Flag, Blue</sym>
    <type>user</type>
    <extensions>
      <gpxx:WaypointExtension>
        <gpxx:DisplayMode>SymbolAndName</gpxx:DisplayMode>
      </gpxx:WaypointExtension>
      <wptx1:WaypointExtension>
        <wptx1:DisplayMode>SymbolAndName</wptx1:DisplayMode>
      </wptx1:WaypointExtension>
      <ctx:CreationTimeExtension>
        <ctx:CreationTime>2026-10-02T12:44:04Z</ctx:CreationTime>
      </ctx:CreationTimeExtension>
    </extensions>
  </wpt>
  <wpt lat="-18.285239031538367" lon="32.88169601932168">
    <ele>0</ele>
    <time>2026-10-02T12:44:04Z</time>
    <name>The Challenge 2025-243</name>
    <cmt>&lt;table&gt;
&lt;tr&gt;&lt;td&gt;Longitude: 32.881696 &lt;/td&gt;&lt;/tr&gt;
&lt;tr&gt;&lt;td&gt;Latitude: -18.285239 &lt;/td&gt;&lt;/tr&gt;
&lt;tr&gt;&lt;td&gt;Heading: 88.9 &lt;/td&gt;&lt;/tr&gt;
&lt;/table&gt;</cmt>
    <desc>&lt;table&gt;
&lt;tr&gt;&lt;td&gt;Longitude: 32.881696 &lt;/td&gt;&lt;/tr&gt;
&lt;tr&gt;&lt;td&gt;Latitude: -18.285239 &lt;/td&gt;&lt;/tr&gt;
&lt;tr&gt;&lt;td&gt;Heading: 88.9 &lt;/td&gt;&lt;/tr&gt;
&lt;/table&gt;</desc>
    <sym>Flag, Blue</sym>
    <type>user</type>
    <extensions>
      <gpxx:WaypointExtension>
        <gpxx:DisplayMode>SymbolAndName</gpxx:DisplayMode>
      </gpxx:WaypointExtension>
      <wptx1:WaypointExtension>
        <wptx1:DisplayMode>SymbolAndName</wptx1:DisplayMode>
      </wptx1:WaypointExtension>
      <ctx:CreationTimeExtension>
        <ctx:CreationTime>2026-10-02T12:44:04Z</ctx:CreationTime>
      </ctx:CreationTimeExtension>
    </extensions>
  </wpt>
  <wpt lat="-18.28526702709496" lon="32.881952002644539">
    <ele>0</ele>
    <time>2026-10-02T12:44:04Z</time>
    <name>The Challenge 2025-244</name>
    <cmt>&lt;table&gt;
&lt;tr&gt;&lt;td&gt;Longitude: 32.881952 &lt;/td&gt;&lt;/tr&gt;
&lt;tr&gt;&lt;td&gt;Latitude: -18.285267 &lt;/td&gt;&lt;/tr&gt;
&lt;tr&gt;&lt;td&gt;Heading: 96.5 &lt;/td&gt;&lt;/tr&gt;
&lt;/table&gt;</cmt>
    <desc>&lt;table&gt;
&lt;tr&gt;&lt;td&gt;Longitude: 32.881952 &lt;/td&gt;&lt;/tr&gt;
&lt;tr&gt;&lt;td&gt;Latitude: -18.285267 &lt;/td&gt;&lt;/tr&gt;
&lt;tr&gt;&lt;td&gt;Heading: 96.5 &lt;/td&gt;&lt;/tr&gt;
&lt;/table&gt;</desc>
    <sym>Flag, Blue</sym>
    <type>user</type>
    <extensions>
      <gpxx:WaypointExtension>
        <gpxx:DisplayMode>SymbolAndName</gpxx:DisplayMode>
      </gpxx:WaypointExtension>
      <wptx1:WaypointExtension>
        <wptx1:DisplayMode>SymbolAndName</wptx1:DisplayMode>
      </wptx1:WaypointExtension>
      <ctx:CreationTimeExtension>
        <ctx:CreationTime>2026-10-02T12:44:04Z</ctx:CreationTime>
      </ctx:CreationTimeExtension>
    </extensions>
  </wpt>
  <wpt lat="-18.285184968262911" lon="32.882203962653875">
    <ele>0</ele>
    <time>2026-10-02T12:44:04Z</time>
    <name>The Challenge 2025-245</name>
    <cmt>&lt;table&gt;
&lt;tr&gt;&lt;td&gt;Longitude: 32.882204 &lt;/td&gt;&lt;/tr&gt;
&lt;tr&gt;&lt;td&gt;Latitude: -18.285185 &lt;/td&gt;&lt;/tr&gt;
&lt;tr&gt;&lt;td&gt;Heading: 71.1 &lt;/td&gt;&lt;/tr&gt;
&lt;/table&gt;</cmt>
    <desc>&lt;table&gt;
&lt;tr&gt;&lt;td&gt;Longitude: 32.882204 &lt;/td&gt;&lt;/tr&gt;
&lt;tr&gt;&lt;td&gt;Latitude: -18.285185 &lt;/td&gt;&lt;/tr&gt;
&lt;tr&gt;&lt;td&gt;Heading: 71.1 &lt;/td&gt;&lt;/tr&gt;
&lt;/table&gt;</desc>
    <sym>Flag, Blue</sym>
    <type>user</type>
    <extensions>
      <gpxx:WaypointExtension>
        <gpxx:DisplayMode>SymbolAndName</gpxx:DisplayMode>
      </gpxx:WaypointExtension>
      <wptx1:WaypointExtension>
        <wptx1:DisplayMode>SymbolAndName</wptx1:DisplayMode>
      </wptx1:WaypointExtension>
      <ctx:CreationTimeExtension>
        <ctx:CreationTime>2026-10-02T12:44:04Z</ctx:CreationTime>
      </ctx:CreationTimeExtension>
    </extensions>
  </wpt>
  <wpt lat="-18.285215981304646" lon="32.882547033950686">
    <ele>0</ele>
    <time>2026-10-02T12:44:04Z</time>
    <name>The Challenge 2025-246</name>
    <cmt>&lt;table&gt;
&lt;tr&gt;&lt;td&gt;Longitude: 32.882547 &lt;/td&gt;&lt;/tr&gt;
&lt;tr&gt;&lt;td&gt;Latitude: -18.285216 &lt;/td&gt;&lt;/tr&gt;
&lt;tr&gt;&lt;td&gt;Heading: 95.5 &lt;/td&gt;&lt;/tr&gt;
&lt;/table&gt;</cmt>
    <desc>&lt;table&gt;
&lt;tr&gt;&lt;td&gt;Longitude: 32.882547 &lt;/td&gt;&lt;/tr&gt;
&lt;tr&gt;&lt;td&gt;Latitude: -18.285216 &lt;/td&gt;&lt;/tr&gt;
&lt;tr&gt;&lt;td&gt;Heading: 95.5 &lt;/td&gt;&lt;/tr&gt;
&lt;/table&gt;</desc>
    <sym>Flag, Blue</sym>
    <type>user</type>
    <extensions>
      <gpxx:WaypointExtension>
        <gpxx:DisplayMode>SymbolAndName</gpxx:DisplayMode>
      </gpxx:WaypointExtension>
      <wptx1:WaypointExtension>
        <wptx1:DisplayMode>SymbolAndName</wptx1:DisplayMode>
      </wptx1:WaypointExtension>
      <ctx:CreationTimeExtension>
        <ctx:CreationTime>2026-10-02T12:44:04Z</ctx:CreationTime>
      </ctx:CreationTimeExtension>
    </extensions>
  </wpt>
  <wpt lat="-18.285427959635854" lon="32.882792036980391">
    <ele>0</ele>
    <time>2026-10-02T12:44:04Z</time>
    <name>The Challenge 2025-247</name>
    <cmt>&lt;table&gt;
&lt;tr&gt;&lt;td&gt;Longitude: 32.882792 &lt;/td&gt;&lt;/tr&gt;
&lt;tr&gt;&lt;td&gt;Latitude: -18.285428 &lt;/td&gt;&lt;/tr&gt;
&lt;tr&gt;&lt;td&gt;Heading: 132.4 &lt;/td&gt;&lt;/tr&gt;
&lt;/table&gt;</cmt>
    <desc>&lt;table&gt;
&lt;tr&gt;&lt;td&gt;Longitude: 32.882792 &lt;/td&gt;&lt;/tr&gt;
&lt;tr&gt;&lt;td&gt;Latitude: -18.285428 &lt;/td&gt;&lt;/tr&gt;
&lt;tr&gt;&lt;td&gt;Heading: 132.4 &lt;/td&gt;&lt;/tr&gt;
&lt;/table&gt;</desc>
    <sym>Flag, Blue</sym>
    <type>user</type>
    <extensions>
      <gpxx:WaypointExtension>
        <gpxx:DisplayMode>SymbolAndName</gpxx:DisplayMode>
      </gpxx:WaypointExtension>
      <wptx1:WaypointExtension>
        <wptx1:DisplayMode>SymbolAndName</wptx1:DisplayMode>
      </wptx1:WaypointExtension>
      <ctx:CreationTimeExtension>
        <ctx:CreationTime>2026-10-02T12:44:04Z</ctx:CreationTime>
      </ctx:CreationTimeExtension>
    </extensions>
  </wpt>
  <wpt lat="-18.285167030990124" lon="32.883192021399736">
    <ele>0</ele>
    <time>2026-10-02T12:44:04Z</time>
    <name>The Challenge 2025-248</name>
    <cmt>&lt;table&gt;
&lt;tr&gt;&lt;td&gt;Longitude: 32.883192 &lt;/td&gt;&lt;/tr&gt;
&lt;tr&gt;&lt;td&gt;Latitude: -18.285167 &lt;/td&gt;&lt;/tr&gt;
&lt;tr&gt;&lt;td&gt;Heading: 55.5 &lt;/td&gt;&lt;/tr&gt;
&lt;/table&gt;</cmt>
    <desc>&lt;table&gt;
&lt;tr&gt;&lt;td&gt;Longitude: 32.883192 &lt;/td&gt;&lt;/tr&gt;
&lt;tr&gt;&lt;td&gt;Latitude: -18.285167 &lt;/td&gt;&lt;/tr&gt;
&lt;tr&gt;&lt;td&gt;Heading: 55.5 &lt;/td&gt;&lt;/tr&gt;
&lt;/table&gt;</desc>
    <sym>Flag, Blue</sym>
    <type>user</type>
    <extensions>
      <gpxx:WaypointExtension>
        <gpxx:DisplayMode>SymbolAndName</gpxx:DisplayMode>
      </gpxx:WaypointExtension>
      <wptx1:WaypointExtension>
        <wptx1:DisplayMode>SymbolAndName</wptx1:DisplayMode>
      </wptx1:WaypointExtension>
      <ctx:CreationTimeExtension>
        <ctx:CreationTime>2026-10-02T12:44:04Z</ctx:CreationTime>
      </ctx:CreationTimeExtension>
    </extensions>
  </wpt>
  <wpt lat="-18.28490199521184" lon="32.883297968655825">
    <ele>0</ele>
    <time>2026-10-02T12:44:04Z</time>
    <name>The Challenge 2025-249</name>
    <cmt>&lt;table&gt;
&lt;tr&gt;&lt;td&gt;Longitude: 32.883298 &lt;/td&gt;&lt;/tr&gt;
&lt;tr&gt;&lt;td&gt;Latitude: -18.284902 &lt;/td&gt;&lt;/tr&gt;
&lt;tr&gt;&lt;td&gt;Heading: 20.7 &lt;/td&gt;&lt;/tr&gt;
&lt;/table&gt;</cmt>
    <desc>&lt;table&gt;
&lt;tr&gt;&lt;td&gt;Longitude: 32.883298 &lt;/td&gt;&lt;/tr&gt;
&lt;tr&gt;&lt;td&gt;Latitude: -18.284902 &lt;/td&gt;&lt;/tr&gt;
&lt;tr&gt;&lt;td&gt;Heading: 20.7 &lt;/td&gt;&lt;/tr&gt;
&lt;/table&gt;</desc>
    <sym>Flag, Blue</sym>
    <type>user</type>
    <extensions>
      <gpxx:WaypointExtension>
        <gpxx:DisplayMode>SymbolAndName</gpxx:DisplayMode>
      </gpxx:WaypointExtension>
      <wptx1:WaypointExtension>
        <wptx1:DisplayMode>SymbolAndName</wptx1:DisplayMode>
      </wptx1:WaypointExtension>
      <ctx:CreationTimeExtension>
        <ctx:CreationTime>2026-10-02T12:44:04Z</ctx:CreationTime>
      </ctx:CreationTimeExtension>
    </extensions>
  </wpt>
  <wpt lat="-18.336409041658044" lon="32.841996978968382">
    <ele>0</ele>
    <time>2026-10-02T12:44:04Z</time>
    <name>The Challenge 2025-25</name>
    <cmt>&lt;table&gt;
&lt;tr&gt;&lt;td&gt;Longitude: 32.841997 &lt;/td&gt;&lt;/tr&gt;
&lt;tr&gt;&lt;td&gt;Latitude: -18.336409 &lt;/td&gt;&lt;/tr&gt;
&lt;tr&gt;&lt;td&gt;Heading: 138.3 &lt;/td&gt;&lt;/tr&gt;
&lt;/table&gt;</cmt>
    <desc>&lt;table&gt;
&lt;tr&gt;&lt;td&gt;Longitude: 32.841997 &lt;/td&gt;&lt;/tr&gt;
&lt;tr&gt;&lt;td&gt;Latitude: -18.336409 &lt;/td&gt;&lt;/tr&gt;
&lt;tr&gt;&lt;td&gt;Heading: 138.3 &lt;/td&gt;&lt;/tr&gt;
&lt;/table&gt;</desc>
    <sym>Flag, Blue</sym>
    <type>user</type>
    <extensions>
      <gpxx:WaypointExtension>
        <gpxx:DisplayMode>SymbolAndName</gpxx:DisplayMode>
      </gpxx:WaypointExtension>
      <wptx1:WaypointExtension>
        <wptx1:DisplayMode>SymbolAndName</wptx1:DisplayMode>
      </wptx1:WaypointExtension>
      <ctx:CreationTimeExtension>
        <ctx:CreationTime>2026-10-02T12:44:04Z</ctx:CreationTime>
      </ctx:CreationTimeExtension>
    </extensions>
  </wpt>
  <wpt lat="-18.284641988575459" lon="32.883488992229104">
    <ele>0</ele>
    <time>2026-10-02T12:44:04Z</time>
    <name>The Challenge 2025-250</name>
    <cmt>&lt;table&gt;
&lt;tr&gt;&lt;td&gt;Longitude: 32.883489 &lt;/td&gt;&lt;/tr&gt;
&lt;tr&gt;&lt;td&gt;Latitude: -18.284642 &lt;/td&gt;&lt;/tr&gt;
&lt;tr&gt;&lt;td&gt;Heading: 35.0 &lt;/td&gt;&lt;/tr&gt;
&lt;/table&gt;</cmt>
    <desc>&lt;table&gt;
&lt;tr&gt;&lt;td&gt;Longitude: 32.883489 &lt;/td&gt;&lt;/tr&gt;
&lt;tr&gt;&lt;td&gt;Latitude: -18.284642 &lt;/td&gt;&lt;/tr&gt;
&lt;tr&gt;&lt;td&gt;Heading: 35.0 &lt;/td&gt;&lt;/tr&gt;
&lt;/table&gt;</desc>
    <sym>Flag, Blue</sym>
    <type>user</type>
    <extensions>
      <gpxx:WaypointExtension>
        <gpxx:DisplayMode>SymbolAndName</gpxx:DisplayMode>
      </gpxx:WaypointExtension>
      <wptx1:WaypointExtension>
        <wptx1:DisplayMode>SymbolAndName</wptx1:DisplayMode>
      </wptx1:WaypointExtension>
      <ctx:CreationTimeExtension>
        <ctx:CreationTime>2026-10-02T12:44:04Z</ctx:CreationTime>
      </ctx:CreationTimeExtension>
    </extensions>
  </wpt>
  <wpt lat="-18.284422969445586" lon="32.883758973330259">
    <ele>0</ele>
    <time>2026-10-02T12:44:04Z</time>
    <name>The Challenge 2025-251</name>
    <cmt>&lt;table&gt;
&lt;tr&gt;&lt;td&gt;Longitude: 32.883759 &lt;/td&gt;&lt;/tr&gt;
&lt;tr&gt;&lt;td&gt;Latitude: -18.284423 &lt;/td&gt;&lt;/tr&gt;
&lt;tr&gt;&lt;td&gt;Heading: 49.5 &lt;/td&gt;&lt;/tr&gt;
&lt;/table&gt;</cmt>
    <desc>&lt;table&gt;
&lt;tr&gt;&lt;td&gt;Longitude: 32.883759 &lt;/td&gt;&lt;/tr&gt;
&lt;tr&gt;&lt;td&gt;Latitude: -18.284423 &lt;/td&gt;&lt;/tr&gt;
&lt;tr&gt;&lt;td&gt;Heading: 49.5 &lt;/td&gt;&lt;/tr&gt;
&lt;/table&gt;</desc>
    <sym>Flag, Blue</sym>
    <type>user</type>
    <extensions>
      <gpxx:WaypointExtension>
        <gpxx:DisplayMode>SymbolAndName</gpxx:DisplayMode>
      </gpxx:WaypointExtension>
      <wptx1:WaypointExtension>
        <wptx1:DisplayMode>SymbolAndName</wptx1:DisplayMode>
      </wptx1:WaypointExtension>
      <ctx:CreationTimeExtension>
        <ctx:CreationTime>2026-10-02T12:44:04Z</ctx:CreationTime>
      </ctx:CreationTimeExtension>
    </extensions>
  </wpt>
  <wpt lat="-18.2848159968853" lon="32.884174967184663">
    <ele>0</ele>
    <time>2026-10-02T12:44:04Z</time>
    <name>The Challenge 2025-252</name>
    <cmt>&lt;table&gt;
&lt;tr&gt;&lt;td&gt;Longitude: 32.884175 &lt;/td&gt;&lt;/tr&gt;
&lt;tr&gt;&lt;td&gt;Latitude: -18.284816 &lt;/td&gt;&lt;/tr&gt;
&lt;tr&gt;&lt;td&gt;Heading: 134.9 &lt;/td&gt;&lt;/tr&gt;
&lt;/table&gt;</cmt>
    <desc>&lt;table&gt;
&lt;tr&gt;&lt;td&gt;Longitude: 32.884175 &lt;/td&gt;&lt;/tr&gt;
&lt;tr&gt;&lt;td&gt;Latitude: -18.284816 &lt;/td&gt;&lt;/tr&gt;
&lt;tr&gt;&lt;td&gt;Heading: 134.9 &lt;/td&gt;&lt;/tr&gt;
&lt;/table&gt;</desc>
    <sym>Flag, Blue</sym>
    <type>user</type>
    <extensions>
      <gpxx:WaypointExtension>
        <gpxx:DisplayMode>SymbolAndName</gpxx:DisplayMode>
      </gpxx:WaypointExtension>
      <wptx1:WaypointExtension>
        <wptx1:DisplayMode>SymbolAndName</wptx1:DisplayMode>
      </wptx1:WaypointExtension>
      <ctx:CreationTimeExtension>
        <ctx:CreationTime>2026-10-02T12:44:04Z</ctx:CreationTime>
      </ctx:CreationTimeExtension>
    </extensions>
  </wpt>
  <wpt lat="-18.285275995731354" lon="32.884225007146597">
    <ele>0</ele>
    <time>2026-10-02T12:44:04Z</time>
    <name>The Challenge 2025-253</name>
    <cmt>&lt;table&gt;
&lt;tr&gt;&lt;td&gt;Longitude: 32.884225 &lt;/td&gt;&lt;/tr&gt;
&lt;tr&gt;&lt;td&gt;Latitude: -18.285276 &lt;/td&gt;&lt;/tr&gt;
&lt;tr&gt;&lt;td&gt;Heading: 174.2 &lt;/td&gt;&lt;/tr&gt;
&lt;/table&gt;</cmt>
    <desc>&lt;table&gt;
&lt;tr&gt;&lt;td&gt;Longitude: 32.884225 &lt;/td&gt;&lt;/tr&gt;
&lt;tr&gt;&lt;td&gt;Latitude: -18.285276 &lt;/td&gt;&lt;/tr&gt;
&lt;tr&gt;&lt;td&gt;Heading: 174.2 &lt;/td&gt;&lt;/tr&gt;
&lt;/table&gt;</desc>
    <sym>Flag, Blue</sym>
    <type>user</type>
    <extensions>
      <gpxx:WaypointExtension>
        <gpxx:DisplayMode>SymbolAndName</gpxx:DisplayMode>
      </gpxx:WaypointExtension>
      <wptx1:WaypointExtension>
        <wptx1:DisplayMode>SymbolAndName</wptx1:DisplayMode>
      </wptx1:WaypointExtension>
      <ctx:CreationTimeExtension>
        <ctx:CreationTime>2026-10-02T12:44:04Z</ctx:CreationTime>
      </ctx:CreationTimeExtension>
    </extensions>
  </wpt>
  <wpt lat="-18.28582501038909" lon="32.884317962452769">
    <ele>0</ele>
    <time>2026-10-02T12:44:04Z</time>
    <name>The Challenge 2025-254</name>
    <cmt>&lt;table&gt;
&lt;tr&gt;&lt;td&gt;Longitude: 32.884318 &lt;/td&gt;&lt;/tr&gt;
&lt;tr&gt;&lt;td&gt;Latitude: -18.285825 &lt;/td&gt;&lt;/tr&gt;
&lt;tr&gt;&lt;td&gt;Heading: 170.8 &lt;/td&gt;&lt;/tr&gt;
&lt;/table&gt;</cmt>
    <desc>&lt;table&gt;
&lt;tr&gt;&lt;td&gt;Longitude: 32.884318 &lt;/td&gt;&lt;/tr&gt;
&lt;tr&gt;&lt;td&gt;Latitude: -18.285825 &lt;/td&gt;&lt;/tr&gt;
&lt;tr&gt;&lt;td&gt;Heading: 170.8 &lt;/td&gt;&lt;/tr&gt;
&lt;/table&gt;</desc>
    <sym>Flag, Blue</sym>
    <type>user</type>
    <extensions>
      <gpxx:WaypointExtension>
        <gpxx:DisplayMode>SymbolAndName</gpxx:DisplayMode>
      </gpxx:WaypointExtension>
      <wptx1:WaypointExtension>
        <wptx1:DisplayMode>SymbolAndName</wptx1:DisplayMode>
      </wptx1:WaypointExtension>
      <ctx:CreationTimeExtension>
        <ctx:CreationTime>2026-10-02T12:44:04Z</ctx:CreationTime>
      </ctx:CreationTimeExtension>
    </extensions>
  </wpt>
  <wpt lat="-18.286332031711936" lon="32.884489959105849">
    <ele>0</ele>
    <time>2026-10-02T12:44:04Z</time>
    <name>The Challenge 2025-255</name>
    <cmt>&lt;table&gt;
&lt;tr&gt;&lt;td&gt;Longitude: 32.884490 &lt;/td&gt;&lt;/tr&gt;
&lt;tr&gt;&lt;td&gt;Latitude: -18.286332 &lt;/td&gt;&lt;/tr&gt;
&lt;tr&gt;&lt;td&gt;Heading: 162.2 &lt;/td&gt;&lt;/tr&gt;
&lt;/table&gt;</cmt>
    <desc>&lt;table&gt;
&lt;tr&gt;&lt;td&gt;Longitude: 32.884490 &lt;/td&gt;&lt;/tr&gt;
&lt;tr&gt;&lt;td&gt;Latitude: -18.286332 &lt;/td&gt;&lt;/tr&gt;
&lt;tr&gt;&lt;td&gt;Heading: 162.2 &lt;/td&gt;&lt;/tr&gt;
&lt;/table&gt;</desc>
    <sym>Flag, Blue</sym>
    <type>user</type>
    <extensions>
      <gpxx:WaypointExtension>
        <gpxx:DisplayMode>SymbolAndName</gpxx:DisplayMode>
      </gpxx:WaypointExtension>
      <wptx1:WaypointExtension>
        <wptx1:DisplayMode>SymbolAndName</wptx1:DisplayMode>
      </wptx1:WaypointExtension>
      <ctx:CreationTimeExtension>
        <ctx:CreationTime>2026-10-02T12:44:04Z</ctx:CreationTime>
      </ctx:CreationTimeExtension>
    </extensions>
  </wpt>
  <wpt lat="-18.286699997261167" lon="32.884701015427709">
    <ele>0</ele>
    <time>2026-10-02T12:44:04Z</time>
    <name>The Challenge 2025-256</name>
    <cmt>&lt;table&gt;
&lt;tr&gt;&lt;td&gt;Longitude: 32.884701 &lt;/td&gt;&lt;/tr&gt;
&lt;tr&gt;&lt;td&gt;Latitude: -18.286700 &lt;/td&gt;&lt;/tr&gt;
&lt;tr&gt;&lt;td&gt;Heading: 151.5 &lt;/td&gt;&lt;/tr&gt;
&lt;/table&gt;</cmt>
    <desc>&lt;table&gt;
&lt;tr&gt;&lt;td&gt;Longitude: 32.884701 &lt;/td&gt;&lt;/tr&gt;
&lt;tr&gt;&lt;td&gt;Latitude: -18.286700 &lt;/td&gt;&lt;/tr&gt;
&lt;tr&gt;&lt;td&gt;Heading: 151.5 &lt;/td&gt;&lt;/tr&gt;
&lt;/table&gt;</desc>
    <sym>Flag, Blue</sym>
    <type>user</type>
    <extensions>
      <gpxx:WaypointExtension>
        <gpxx:DisplayMode>SymbolAndName</gpxx:DisplayMode>
      </gpxx:WaypointExtension>
      <wptx1:WaypointExtension>
        <wptx1:DisplayMode>SymbolAndName</wptx1:DisplayMode>
      </wptx1:WaypointExtension>
      <ctx:CreationTimeExtension>
        <ctx:CreationTime>2026-10-02T12:44:04Z</ctx:CreationTime>
      </ctx:CreationTimeExtension>
    </extensions>
  </wpt>
  <wpt lat="-18.286862019449472" lon="32.885317001491785">
    <ele>0</ele>
    <time>2026-10-02T12:44:04Z</time>
    <name>The Challenge 2025-257</name>
    <cmt>&lt;table&gt;
&lt;tr&gt;&lt;td&gt;Longitude: 32.885317 &lt;/td&gt;&lt;/tr&gt;
&lt;tr&gt;&lt;td&gt;Latitude: -18.286862 &lt;/td&gt;&lt;/tr&gt;
&lt;tr&gt;&lt;td&gt;Heading: 105.5 &lt;/td&gt;&lt;/tr&gt;
&lt;/table&gt;</cmt>
    <desc>&lt;table&gt;
&lt;tr&gt;&lt;td&gt;Longitude: 32.885317 &lt;/td&gt;&lt;/tr&gt;
&lt;tr&gt;&lt;td&gt;Latitude: -18.286862 &lt;/td&gt;&lt;/tr&gt;
&lt;tr&gt;&lt;td&gt;Heading: 105.5 &lt;/td&gt;&lt;/tr&gt;
&lt;/table&gt;</desc>
    <sym>Flag, Blue</sym>
    <type>user</type>
    <extensions>
      <gpxx:WaypointExtension>
        <gpxx:DisplayMode>SymbolAndName</gpxx:DisplayMode>
      </gpxx:WaypointExtension>
      <wptx1:WaypointExtension>
        <wptx1:DisplayMode>SymbolAndName</wptx1:DisplayMode>
      </wptx1:WaypointExtension>
      <ctx:CreationTimeExtension>
        <ctx:CreationTime>2026-10-02T12:44:04Z</ctx:CreationTime>
      </ctx:CreationTimeExtension>
    </extensions>
  </wpt>
  <wpt lat="-18.287077015265822" lon="32.885932987555861">
    <ele>0</ele>
    <time>2026-10-02T12:44:04Z</time>
    <name>The Challenge 2025-258</name>
    <cmt>&lt;table&gt;
&lt;tr&gt;&lt;td&gt;Longitude: 32.885933 &lt;/td&gt;&lt;/tr&gt;
&lt;tr&gt;&lt;td&gt;Latitude: -18.287077 &lt;/td&gt;&lt;/tr&gt;
&lt;tr&gt;&lt;td&gt;Heading: 110.1 &lt;/td&gt;&lt;/tr&gt;
&lt;/table&gt;</cmt>
    <desc>&lt;table&gt;
&lt;tr&gt;&lt;td&gt;Longitude: 32.885933 &lt;/td&gt;&lt;/tr&gt;
&lt;tr&gt;&lt;td&gt;Latitude: -18.287077 &lt;/td&gt;&lt;/tr&gt;
&lt;tr&gt;&lt;td&gt;Heading: 110.1 &lt;/td&gt;&lt;/tr&gt;
&lt;/table&gt;</desc>
    <sym>Flag, Blue</sym>
    <type>user</type>
    <extensions>
      <gpxx:WaypointExtension>
        <gpxx:DisplayMode>SymbolAndName</gpxx:DisplayMode>
      </gpxx:WaypointExtension>
      <wptx1:WaypointExtension>
        <wptx1:DisplayMode>SymbolAndName</wptx1:DisplayMode>
      </wptx1:WaypointExtension>
      <ctx:CreationTimeExtension>
        <ctx:CreationTime>2026-10-02T12:44:04Z</ctx:CreationTime>
      </ctx:CreationTimeExtension>
    </extensions>
  </wpt>
  <wpt lat="-18.287580013275146" lon="32.887005032971501">
    <ele>0</ele>
    <time>2026-10-02T12:44:04Z</time>
    <name>The Challenge 2025-259</name>
    <cmt>&lt;table&gt;
&lt;tr&gt;&lt;td&gt;Longitude: 32.887005 &lt;/td&gt;&lt;/tr&gt;
&lt;tr&gt;&lt;td&gt;Latitude: -18.287580 &lt;/td&gt;&lt;/tr&gt;
&lt;tr&gt;&lt;td&gt;Heading: 116.3 &lt;/td&gt;&lt;/tr&gt;
&lt;/table&gt;</cmt>
    <desc>&lt;table&gt;
&lt;tr&gt;&lt;td&gt;Longitude: 32.887005 &lt;/td&gt;&lt;/tr&gt;
&lt;tr&gt;&lt;td&gt;Latitude: -18.287580 &lt;/td&gt;&lt;/tr&gt;
&lt;tr&gt;&lt;td&gt;Heading: 116.3 &lt;/td&gt;&lt;/tr&gt;
&lt;/table&gt;</desc>
    <sym>Flag, Blue</sym>
    <type>user</type>
    <extensions>
      <gpxx:WaypointExtension>
        <gpxx:DisplayMode>SymbolAndName</gpxx:DisplayMode>
      </gpxx:WaypointExtension>
      <wptx1:WaypointExtension>
        <wptx1:DisplayMode>SymbolAndName</wptx1:DisplayMode>
      </wptx1:WaypointExtension>
      <ctx:CreationTimeExtension>
        <ctx:CreationTime>2026-10-02T12:44:04Z</ctx:CreationTime>
      </ctx:CreationTimeExtension>
    </extensions>
  </wpt>
  <wpt lat="-18.336791004985571" lon="32.841720962896943">
    <ele>0</ele>
    <time>2026-10-02T12:44:04Z</time>
    <name>The Challenge 2025-26</name>
    <cmt>&lt;table&gt;
&lt;tr&gt;&lt;td&gt;Longitude: 32.841721 &lt;/td&gt;&lt;/tr&gt;
&lt;tr&gt;&lt;td&gt;Latitude: -18.336791 &lt;/td&gt;&lt;/tr&gt;
&lt;tr&gt;&lt;td&gt;Heading: 214.4 &lt;/td&gt;&lt;/tr&gt;
&lt;/table&gt;</cmt>
    <desc>&lt;table&gt;
&lt;tr&gt;&lt;td&gt;Longitude: 32.841721 &lt;/td&gt;&lt;/tr&gt;
&lt;tr&gt;&lt;td&gt;Latitude: -18.336791 &lt;/td&gt;&lt;/tr&gt;
&lt;tr&gt;&lt;td&gt;Heading: 214.4 &lt;/td&gt;&lt;/tr&gt;
&lt;/table&gt;</desc>
    <sym>Flag, Blue</sym>
    <type>user</type>
    <extensions>
      <gpxx:WaypointExtension>
        <gpxx:DisplayMode>SymbolAndName</gpxx:DisplayMode>
      </gpxx:WaypointExtension>
      <wptx1:WaypointExtension>
        <wptx1:DisplayMode>SymbolAndName</wptx1:DisplayMode>
      </wptx1:WaypointExtension>
      <ctx:CreationTimeExtension>
        <ctx:CreationTime>2026-10-02T12:44:04Z</ctx:CreationTime>
      </ctx:CreationTimeExtension>
    </extensions>
  </wpt>
  <wpt lat="-18.287952002137899" lon="32.887868033722043">
    <ele>0</ele>
    <time>2026-10-02T12:44:04Z</time>
    <name>The Challenge 2025-260</name>
    <cmt>&lt;table&gt;
&lt;tr&gt;&lt;td&gt;Longitude: 32.887868 &lt;/td&gt;&lt;/tr&gt;
&lt;tr&gt;&lt;td&gt;Latitude: -18.287952 &lt;/td&gt;&lt;/tr&gt;
&lt;tr&gt;&lt;td&gt;Heading: 114.4 &lt;/td&gt;&lt;/tr&gt;
&lt;/table&gt;</cmt>
    <desc>&lt;table&gt;
&lt;tr&gt;&lt;td&gt;Longitude: 32.887868 &lt;/td&gt;&lt;/tr&gt;
&lt;tr&gt;&lt;td&gt;Latitude: -18.287952 &lt;/td&gt;&lt;/tr&gt;
&lt;tr&gt;&lt;td&gt;Heading: 114.4 &lt;/td&gt;&lt;/tr&gt;
&lt;/table&gt;</desc>
    <sym>Flag, Blue</sym>
    <type>user</type>
    <extensions>
      <gpxx:WaypointExtension>
        <gpxx:DisplayMode>SymbolAndName</gpxx:DisplayMode>
      </gpxx:WaypointExtension>
      <wptx1:WaypointExtension>
        <wptx1:DisplayMode>SymbolAndName</wptx1:DisplayMode>
      </wptx1:WaypointExtension>
      <ctx:CreationTimeExtension>
        <ctx:CreationTime>2026-10-02T12:44:04Z</ctx:CreationTime>
      </ctx:CreationTimeExtension>
    </extensions>
  </wpt>
  <wpt lat="-18.287863992154598" lon="32.888275980949402">
    <ele>0</ele>
    <time>2026-10-02T12:44:04Z</time>
    <name>The Challenge 2025-261</name>
    <cmt>&lt;table&gt;
&lt;tr&gt;&lt;td&gt;Longitude: 32.888276 &lt;/td&gt;&lt;/tr&gt;
&lt;tr&gt;&lt;td&gt;Latitude: -18.287864 &lt;/td&gt;&lt;/tr&gt;
&lt;tr&gt;&lt;td&gt;Heading: 77.3 &lt;/td&gt;&lt;/tr&gt;
&lt;/table&gt;</cmt>
    <desc>&lt;table&gt;
&lt;tr&gt;&lt;td&gt;Longitude: 32.888276 &lt;/td&gt;&lt;/tr&gt;
&lt;tr&gt;&lt;td&gt;Latitude: -18.287864 &lt;/td&gt;&lt;/tr&gt;
&lt;tr&gt;&lt;td&gt;Heading: 77.3 &lt;/td&gt;&lt;/tr&gt;
&lt;/table&gt;</desc>
    <sym>Flag, Blue</sym>
    <type>user</type>
    <extensions>
      <gpxx:WaypointExtension>
        <gpxx:DisplayMode>SymbolAndName</gpxx:DisplayMode>
      </gpxx:WaypointExtension>
      <wptx1:WaypointExtension>
        <wptx1:DisplayMode>SymbolAndName</wptx1:DisplayMode>
      </wptx1:WaypointExtension>
      <ctx:CreationTimeExtension>
        <ctx:CreationTime>2026-10-02T12:44:04Z</ctx:CreationTime>
      </ctx:CreationTimeExtension>
    </extensions>
  </wpt>
  <wpt lat="-18.288070019334555" lon="32.888641012832522">
    <ele>0</ele>
    <time>2026-10-02T12:44:04Z</time>
    <name>The Challenge 2025-262</name>
    <cmt>&lt;table&gt;
&lt;tr&gt;&lt;td&gt;Longitude: 32.888641 &lt;/td&gt;&lt;/tr&gt;
&lt;tr&gt;&lt;td&gt;Latitude: -18.288070 &lt;/td&gt;&lt;/tr&gt;
&lt;tr&gt;&lt;td&gt;Heading: 120.7 &lt;/td&gt;&lt;/tr&gt;
&lt;/table&gt;</cmt>
    <desc>&lt;table&gt;
&lt;tr&gt;&lt;td&gt;Longitude: 32.888641 &lt;/td&gt;&lt;/tr&gt;
&lt;tr&gt;&lt;td&gt;Latitude: -18.288070 &lt;/td&gt;&lt;/tr&gt;
&lt;tr&gt;&lt;td&gt;Heading: 120.7 &lt;/td&gt;&lt;/tr&gt;
&lt;/table&gt;</desc>
    <sym>Flag, Blue</sym>
    <type>user</type>
    <extensions>
      <gpxx:WaypointExtension>
        <gpxx:DisplayMode>SymbolAndName</gpxx:DisplayMode>
      </gpxx:WaypointExtension>
      <wptx1:WaypointExtension>
        <wptx1:DisplayMode>SymbolAndName</wptx1:DisplayMode>
      </wptx1:WaypointExtension>
      <ctx:CreationTimeExtension>
        <ctx:CreationTime>2026-10-02T12:44:04Z</ctx:CreationTime>
      </ctx:CreationTimeExtension>
    </extensions>
  </wpt>
  <wpt lat="-18.288129027932882" lon="32.889029011130333">
    <ele>0</ele>
    <time>2026-10-02T12:44:04Z</time>
    <name>The Challenge 2025-263</name>
    <cmt>&lt;table&gt;
&lt;tr&gt;&lt;td&gt;Longitude: 32.889029 &lt;/td&gt;&lt;/tr&gt;
&lt;tr&gt;&lt;td&gt;Latitude: -18.288129 &lt;/td&gt;&lt;/tr&gt;
&lt;tr&gt;&lt;td&gt;Heading: 99.1 &lt;/td&gt;&lt;/tr&gt;
&lt;/table&gt;</cmt>
    <desc>&lt;table&gt;
&lt;tr&gt;&lt;td&gt;Longitude: 32.889029 &lt;/td&gt;&lt;/tr&gt;
&lt;tr&gt;&lt;td&gt;Latitude: -18.288129 &lt;/td&gt;&lt;/tr&gt;
&lt;tr&gt;&lt;td&gt;Heading: 99.1 &lt;/td&gt;&lt;/tr&gt;
&lt;/table&gt;</desc>
    <sym>Flag, Blue</sym>
    <type>user</type>
    <extensions>
      <gpxx:WaypointExtension>
        <gpxx:DisplayMode>SymbolAndName</gpxx:DisplayMode>
      </gpxx:WaypointExtension>
      <wptx1:WaypointExtension>
        <wptx1:DisplayMode>SymbolAndName</wptx1:DisplayMode>
      </wptx1:WaypointExtension>
      <ctx:CreationTimeExtension>
        <ctx:CreationTime>2026-10-02T12:44:04Z</ctx:CreationTime>
      </ctx:CreationTimeExtension>
    </extensions>
  </wpt>
  <wpt lat="-18.288260959088802" lon="32.889440981671214">
    <ele>0</ele>
    <time>2026-10-02T12:44:04Z</time>
    <name>The Challenge 2025-264</name>
    <cmt>&lt;table&gt;
&lt;tr&gt;&lt;td&gt;Longitude: 32.889441 &lt;/td&gt;&lt;/tr&gt;
&lt;tr&gt;&lt;td&gt;Latitude: -18.288261 &lt;/td&gt;&lt;/tr&gt;
&lt;tr&gt;&lt;td&gt;Heading: 108.7 &lt;/td&gt;&lt;/tr&gt;
&lt;/table&gt;</cmt>
    <desc>&lt;table&gt;
&lt;tr&gt;&lt;td&gt;Longitude: 32.889441 &lt;/td&gt;&lt;/tr&gt;
&lt;tr&gt;&lt;td&gt;Latitude: -18.288261 &lt;/td&gt;&lt;/tr&gt;
&lt;tr&gt;&lt;td&gt;Heading: 108.7 &lt;/td&gt;&lt;/tr&gt;
&lt;/table&gt;</desc>
    <sym>Flag, Blue</sym>
    <type>user</type>
    <extensions>
      <gpxx:WaypointExtension>
        <gpxx:DisplayMode>SymbolAndName</gpxx:DisplayMode>
      </gpxx:WaypointExtension>
      <wptx1:WaypointExtension>
        <wptx1:DisplayMode>SymbolAndName</wptx1:DisplayMode>
      </wptx1:WaypointExtension>
      <ctx:CreationTimeExtension>
        <ctx:CreationTime>2026-10-02T12:44:04Z</ctx:CreationTime>
      </ctx:CreationTimeExtension>
    </extensions>
  </wpt>
  <wpt lat="-18.288285015150905" lon="32.889974992722273">
    <ele>0</ele>
    <time>2026-10-02T12:44:04Z</time>
    <name>The Challenge 2025-265</name>
    <cmt>&lt;table&gt;
&lt;tr&gt;&lt;td&gt;Longitude: 32.889975 &lt;/td&gt;&lt;/tr&gt;
&lt;tr&gt;&lt;td&gt;Latitude: -18.288285 &lt;/td&gt;&lt;/tr&gt;
&lt;tr&gt;&lt;td&gt;Heading: 92.7 &lt;/td&gt;&lt;/tr&gt;
&lt;/table&gt;</cmt>
    <desc>&lt;table&gt;
&lt;tr&gt;&lt;td&gt;Longitude: 32.889975 &lt;/td&gt;&lt;/tr&gt;
&lt;tr&gt;&lt;td&gt;Latitude: -18.288285 &lt;/td&gt;&lt;/tr&gt;
&lt;tr&gt;&lt;td&gt;Heading: 92.7 &lt;/td&gt;&lt;/tr&gt;
&lt;/table&gt;</desc>
    <sym>Flag, Blue</sym>
    <type>user</type>
    <extensions>
      <gpxx:WaypointExtension>
        <gpxx:DisplayMode>SymbolAndName</gpxx:DisplayMode>
      </gpxx:WaypointExtension>
      <wptx1:WaypointExtension>
        <wptx1:DisplayMode>SymbolAndName</wptx1:DisplayMode>
      </wptx1:WaypointExtension>
      <ctx:CreationTimeExtension>
        <ctx:CreationTime>2026-10-02T12:44:04Z</ctx:CreationTime>
      </ctx:CreationTimeExtension>
    </extensions>
  </wpt>
  <wpt lat="-18.288412000983953" lon="32.890418982133269">
    <ele>0</ele>
    <time>2026-10-02T12:44:04Z</time>
    <name>The Challenge 2025-266</name>
    <cmt>&lt;table&gt;
&lt;tr&gt;&lt;td&gt;Longitude: 32.890419 &lt;/td&gt;&lt;/tr&gt;
&lt;tr&gt;&lt;td&gt;Latitude: -18.288412 &lt;/td&gt;&lt;/tr&gt;
&lt;tr&gt;&lt;td&gt;Heading: 106.7 &lt;/td&gt;&lt;/tr&gt;
&lt;/table&gt;</cmt>
    <desc>&lt;table&gt;
&lt;tr&gt;&lt;td&gt;Longitude: 32.890419 &lt;/td&gt;&lt;/tr&gt;
&lt;tr&gt;&lt;td&gt;Latitude: -18.288412 &lt;/td&gt;&lt;/tr&gt;
&lt;tr&gt;&lt;td&gt;Heading: 106.7 &lt;/td&gt;&lt;/tr&gt;
&lt;/table&gt;</desc>
    <sym>Flag, Blue</sym>
    <type>user</type>
    <extensions>
      <gpxx:WaypointExtension>
        <gpxx:DisplayMode>SymbolAndName</gpxx:DisplayMode>
      </gpxx:WaypointExtension>
      <wptx1:WaypointExtension>
        <wptx1:DisplayMode>SymbolAndName</wptx1:DisplayMode>
      </wptx1:WaypointExtension>
      <ctx:CreationTimeExtension>
        <ctx:CreationTime>2026-10-02T12:44:04Z</ctx:CreationTime>
      </ctx:CreationTimeExtension>
    </extensions>
  </wpt>
  <wpt lat="-18.28889898955822" lon="32.890689969062805">
    <ele>0</ele>
    <time>2026-10-02T12:44:04Z</time>
    <name>The Challenge 2025-267</name>
    <cmt>&lt;table&gt;
&lt;tr&gt;&lt;td&gt;Longitude: 32.890690 &lt;/td&gt;&lt;/tr&gt;
&lt;tr&gt;&lt;td&gt;Latitude: -18.288899 &lt;/td&gt;&lt;/tr&gt;
&lt;tr&gt;&lt;td&gt;Heading: 152.2 &lt;/td&gt;&lt;/tr&gt;
&lt;/table&gt;</cmt>
    <desc>&lt;table&gt;
&lt;tr&gt;&lt;td&gt;Longitude: 32.890690 &lt;/td&gt;&lt;/tr&gt;
&lt;tr&gt;&lt;td&gt;Latitude: -18.288899 &lt;/td&gt;&lt;/tr&gt;
&lt;tr&gt;&lt;td&gt;Heading: 152.2 &lt;/td&gt;&lt;/tr&gt;
&lt;/table&gt;</desc>
    <sym>Flag, Blue</sym>
    <type>user</type>
    <extensions>
      <gpxx:WaypointExtension>
        <gpxx:DisplayMode>SymbolAndName</gpxx:DisplayMode>
      </gpxx:WaypointExtension>
      <wptx1:WaypointExtension>
        <wptx1:DisplayMode>SymbolAndName</wptx1:DisplayMode>
      </wptx1:WaypointExtension>
      <ctx:CreationTimeExtension>
        <ctx:CreationTime>2026-10-02T12:44:04Z</ctx:CreationTime>
      </ctx:CreationTimeExtension>
    </extensions>
  </wpt>
  <wpt lat="-18.289642967283726" lon="32.89091401733458">
    <ele>0</ele>
    <time>2026-10-02T12:44:04Z</time>
    <name>The Challenge 2025-268</name>
    <cmt>&lt;table&gt;
&lt;tr&gt;&lt;td&gt;Longitude: 32.890914 &lt;/td&gt;&lt;/tr&gt;
&lt;tr&gt;&lt;td&gt;Latitude: -18.289643 &lt;/td&gt;&lt;/tr&gt;
&lt;tr&gt;&lt;td&gt;Heading: 164.0 &lt;/td&gt;&lt;/tr&gt;
&lt;/table&gt;</cmt>
    <desc>&lt;table&gt;
&lt;tr&gt;&lt;td&gt;Longitude: 32.890914 &lt;/td&gt;&lt;/tr&gt;
&lt;tr&gt;&lt;td&gt;Latitude: -18.289643 &lt;/td&gt;&lt;/tr&gt;
&lt;tr&gt;&lt;td&gt;Heading: 164.0 &lt;/td&gt;&lt;/tr&gt;
&lt;/table&gt;</desc>
    <sym>Flag, Blue</sym>
    <type>user</type>
    <extensions>
      <gpxx:WaypointExtension>
        <gpxx:DisplayMode>SymbolAndName</gpxx:DisplayMode>
      </gpxx:WaypointExtension>
      <wptx1:WaypointExtension>
        <wptx1:DisplayMode>SymbolAndName</wptx1:DisplayMode>
      </wptx1:WaypointExtension>
      <ctx:CreationTimeExtension>
        <ctx:CreationTime>2026-10-02T12:44:04Z</ctx:CreationTime>
      </ctx:CreationTimeExtension>
    </extensions>
  </wpt>
  <wpt lat="-18.290246967226267" lon="32.89119397290051">
    <ele>0</ele>
    <time>2026-10-02T12:44:04Z</time>
    <name>The Challenge 2025-269</name>
    <cmt>&lt;table&gt;
&lt;tr&gt;&lt;td&gt;Longitude: 32.891194 &lt;/td&gt;&lt;/tr&gt;
&lt;tr&gt;&lt;td&gt;Latitude: -18.290247 &lt;/td&gt;&lt;/tr&gt;
&lt;tr&gt;&lt;td&gt;Heading: 156.3 &lt;/td&gt;&lt;/tr&gt;
&lt;/table&gt;</cmt>
    <desc>&lt;table&gt;
&lt;tr&gt;&lt;td&gt;Longitude: 32.891194 &lt;/td&gt;&lt;/tr&gt;
&lt;tr&gt;&lt;td&gt;Latitude: -18.290247 &lt;/td&gt;&lt;/tr&gt;
&lt;tr&gt;&lt;td&gt;Heading: 156.3 &lt;/td&gt;&lt;/tr&gt;
&lt;/table&gt;</desc>
    <sym>Flag, Blue</sym>
    <type>user</type>
    <extensions>
      <gpxx:WaypointExtension>
        <gpxx:DisplayMode>SymbolAndName</gpxx:DisplayMode>
      </gpxx:WaypointExtension>
      <wptx1:WaypointExtension>
        <wptx1:DisplayMode>SymbolAndName</wptx1:DisplayMode>
      </wptx1:WaypointExtension>
      <ctx:CreationTimeExtension>
        <ctx:CreationTime>2026-10-02T12:44:04Z</ctx:CreationTime>
      </ctx:CreationTimeExtension>
    </extensions>
  </wpt>
  <wpt lat="-18.337102979421616" lon="32.841808972880244">
    <ele>0</ele>
    <time>2026-10-02T12:44:04Z</time>
    <name>The Challenge 2025-27</name>
    <cmt>&lt;table&gt;
&lt;tr&gt;&lt;td&gt;Longitude: 32.841809 &lt;/td&gt;&lt;/tr&gt;
&lt;tr&gt;&lt;td&gt;Latitude: -18.337103 &lt;/td&gt;&lt;/tr&gt;
&lt;tr&gt;&lt;td&gt;Heading: 165.2 &lt;/td&gt;&lt;/tr&gt;
&lt;/table&gt;</cmt>
    <desc>&lt;table&gt;
&lt;tr&gt;&lt;td&gt;Longitude: 32.841809 &lt;/td&gt;&lt;/tr&gt;
&lt;tr&gt;&lt;td&gt;Latitude: -18.337103 &lt;/td&gt;&lt;/tr&gt;
&lt;tr&gt;&lt;td&gt;Heading: 165.2 &lt;/td&gt;&lt;/tr&gt;
&lt;/table&gt;</desc>
    <sym>Flag, Blue</sym>
    <type>user</type>
    <extensions>
      <gpxx:WaypointExtension>
        <gpxx:DisplayMode>SymbolAndName</gpxx:DisplayMode>
      </gpxx:WaypointExtension>
      <wptx1:WaypointExtension>
        <wptx1:DisplayMode>SymbolAndName</wptx1:DisplayMode>
      </wptx1:WaypointExtension>
      <ctx:CreationTimeExtension>
        <ctx:CreationTime>2026-10-02T12:44:04Z</ctx:CreationTime>
      </ctx:CreationTimeExtension>
    </extensions>
  </wpt>
  <wpt lat="-18.29044503159821" lon="32.891785986721516">
    <ele>0</ele>
    <time>2026-10-02T12:44:04Z</time>
    <name>The Challenge 2025-270</name>
    <cmt>&lt;table&gt;
&lt;tr&gt;&lt;td&gt;Longitude: 32.891786 &lt;/td&gt;&lt;/tr&gt;
&lt;tr&gt;&lt;td&gt;Latitude: -18.290445 &lt;/td&gt;&lt;/tr&gt;
&lt;tr&gt;&lt;td&gt;Heading: 109.4 &lt;/td&gt;&lt;/tr&gt;
&lt;/table&gt;</cmt>
    <desc>&lt;table&gt;
&lt;tr&gt;&lt;td&gt;Longitude: 32.891786 &lt;/td&gt;&lt;/tr&gt;
&lt;tr&gt;&lt;td&gt;Latitude: -18.290445 &lt;/td&gt;&lt;/tr&gt;
&lt;tr&gt;&lt;td&gt;Heading: 109.4 &lt;/td&gt;&lt;/tr&gt;
&lt;/table&gt;</desc>
    <sym>Flag, Blue</sym>
    <type>user</type>
    <extensions>
      <gpxx:WaypointExtension>
        <gpxx:DisplayMode>SymbolAndName</gpxx:DisplayMode>
      </gpxx:WaypointExtension>
      <wptx1:WaypointExtension>
        <wptx1:DisplayMode>SymbolAndName</wptx1:DisplayMode>
      </wptx1:WaypointExtension>
      <ctx:CreationTimeExtension>
        <ctx:CreationTime>2026-10-02T12:44:04Z</ctx:CreationTime>
      </ctx:CreationTimeExtension>
    </extensions>
  </wpt>
  <wpt lat="-18.29057402908802" lon="32.892422005534172">
    <ele>0</ele>
    <time>2026-10-02T12:44:04Z</time>
    <name>The Challenge 2025-271</name>
    <cmt>&lt;table&gt;
&lt;tr&gt;&lt;td&gt;Longitude: 32.892422 &lt;/td&gt;&lt;/tr&gt;
&lt;tr&gt;&lt;td&gt;Latitude: -18.290574 &lt;/td&gt;&lt;/tr&gt;
&lt;tr&gt;&lt;td&gt;Heading: 102.1 &lt;/td&gt;&lt;/tr&gt;
&lt;/table&gt;</cmt>
    <desc>&lt;table&gt;
&lt;tr&gt;&lt;td&gt;Longitude: 32.892422 &lt;/td&gt;&lt;/tr&gt;
&lt;tr&gt;&lt;td&gt;Latitude: -18.290574 &lt;/td&gt;&lt;/tr&gt;
&lt;tr&gt;&lt;td&gt;Heading: 102.1 &lt;/td&gt;&lt;/tr&gt;
&lt;/table&gt;</desc>
    <sym>Flag, Blue</sym>
    <type>user</type>
    <extensions>
      <gpxx:WaypointExtension>
        <gpxx:DisplayMode>SymbolAndName</gpxx:DisplayMode>
      </gpxx:WaypointExtension>
      <wptx1:WaypointExtension>
        <wptx1:DisplayMode>SymbolAndName</wptx1:DisplayMode>
      </wptx1:WaypointExtension>
      <ctx:CreationTimeExtension>
        <ctx:CreationTime>2026-10-02T12:44:04Z</ctx:CreationTime>
      </ctx:CreationTimeExtension>
    </extensions>
  </wpt>
  <wpt lat="-18.290418963879347" lon="32.893159026280046">
    <ele>0</ele>
    <time>2026-10-02T12:44:04Z</time>
    <name>The Challenge 2025-272</name>
    <cmt>&lt;table&gt;
&lt;tr&gt;&lt;td&gt;Longitude: 32.893159 &lt;/td&gt;&lt;/tr&gt;
&lt;tr&gt;&lt;td&gt;Latitude: -18.290419 &lt;/td&gt;&lt;/tr&gt;
&lt;tr&gt;&lt;td&gt;Heading: 77.5 &lt;/td&gt;&lt;/tr&gt;
&lt;/table&gt;</cmt>
    <desc>&lt;table&gt;
&lt;tr&gt;&lt;td&gt;Longitude: 32.893159 &lt;/td&gt;&lt;/tr&gt;
&lt;tr&gt;&lt;td&gt;Latitude: -18.290419 &lt;/td&gt;&lt;/tr&gt;
&lt;tr&gt;&lt;td&gt;Heading: 77.5 &lt;/td&gt;&lt;/tr&gt;
&lt;/table&gt;</desc>
    <sym>Flag, Blue</sym>
    <type>user</type>
    <extensions>
      <gpxx:WaypointExtension>
        <gpxx:DisplayMode>SymbolAndName</gpxx:DisplayMode>
      </gpxx:WaypointExtension>
      <wptx1:WaypointExtension>
        <wptx1:DisplayMode>SymbolAndName</wptx1:DisplayMode>
      </wptx1:WaypointExtension>
      <ctx:CreationTimeExtension>
        <ctx:CreationTime>2026-10-02T12:44:04Z</ctx:CreationTime>
      </ctx:CreationTimeExtension>
    </extensions>
  </wpt>
  <wpt lat="-18.290313016623259" lon="32.894022027030587">
    <ele>0</ele>
    <time>2026-10-02T12:44:04Z</time>
    <name>The Challenge 2025-273</name>
    <cmt>&lt;table&gt;
&lt;tr&gt;&lt;td&gt;Longitude: 32.894022 &lt;/td&gt;&lt;/tr&gt;
&lt;tr&gt;&lt;td&gt;Latitude: -18.290313 &lt;/td&gt;&lt;/tr&gt;
&lt;tr&gt;&lt;td&gt;Heading: 82.6 &lt;/td&gt;&lt;/tr&gt;
&lt;/table&gt;</cmt>
    <desc>&lt;table&gt;
&lt;tr&gt;&lt;td&gt;Longitude: 32.894022 &lt;/td&gt;&lt;/tr&gt;
&lt;tr&gt;&lt;td&gt;Latitude: -18.290313 &lt;/td&gt;&lt;/tr&gt;
&lt;tr&gt;&lt;td&gt;Heading: 82.6 &lt;/td&gt;&lt;/tr&gt;
&lt;/table&gt;</desc>
    <sym>Flag, Blue</sym>
    <type>user</type>
    <extensions>
      <gpxx:WaypointExtension>
        <gpxx:DisplayMode>SymbolAndName</gpxx:DisplayMode>
      </gpxx:WaypointExtension>
      <wptx1:WaypointExtension>
        <wptx1:DisplayMode>SymbolAndName</wptx1:DisplayMode>
      </wptx1:WaypointExtension>
      <ctx:CreationTimeExtension>
        <ctx:CreationTime>2026-10-02T12:44:04Z</ctx:CreationTime>
      </ctx:CreationTimeExtension>
    </extensions>
  </wpt>
  <wpt lat="-18.290190976113081" lon="32.89480104111135">
    <ele>0</ele>
    <time>2026-10-02T12:44:04Z</time>
    <name>The Challenge 2025-274</name>
    <cmt>&lt;table&gt;
&lt;tr&gt;&lt;td&gt;Longitude: 32.894801 &lt;/td&gt;&lt;/tr&gt;
&lt;tr&gt;&lt;td&gt;Latitude: -18.290191 &lt;/td&gt;&lt;/tr&gt;
&lt;tr&gt;&lt;td&gt;Heading: 80.7 &lt;/td&gt;&lt;/tr&gt;
&lt;/table&gt;</cmt>
    <desc>&lt;table&gt;
&lt;tr&gt;&lt;td&gt;Longitude: 32.894801 &lt;/td&gt;&lt;/tr&gt;
&lt;tr&gt;&lt;td&gt;Latitude: -18.290191 &lt;/td&gt;&lt;/tr&gt;
&lt;tr&gt;&lt;td&gt;Heading: 80.7 &lt;/td&gt;&lt;/tr&gt;
&lt;/table&gt;</desc>
    <sym>Flag, Blue</sym>
    <type>user</type>
    <extensions>
      <gpxx:WaypointExtension>
        <gpxx:DisplayMode>SymbolAndName</gpxx:DisplayMode>
      </gpxx:WaypointExtension>
      <wptx1:WaypointExtension>
        <wptx1:DisplayMode>SymbolAndName</wptx1:DisplayMode>
      </wptx1:WaypointExtension>
      <ctx:CreationTimeExtension>
        <ctx:CreationTime>2026-10-02T12:44:04Z</ctx:CreationTime>
      </ctx:CreationTimeExtension>
    </extensions>
  </wpt>
  <wpt lat="-18.290303964167833" lon="32.895193984732032">
    <ele>0</ele>
    <time>2026-10-02T12:44:04Z</time>
    <name>The Challenge 2025-275</name>
    <cmt>&lt;table&gt;
&lt;tr&gt;&lt;td&gt;Longitude: 32.895194 &lt;/td&gt;&lt;/tr&gt;
&lt;tr&gt;&lt;td&gt;Latitude: -18.290304 &lt;/td&gt;&lt;/tr&gt;
&lt;tr&gt;&lt;td&gt;Heading: 106.8 &lt;/td&gt;&lt;/tr&gt;
&lt;/table&gt;</cmt>
    <desc>&lt;table&gt;
&lt;tr&gt;&lt;td&gt;Longitude: 32.895194 &lt;/td&gt;&lt;/tr&gt;
&lt;tr&gt;&lt;td&gt;Latitude: -18.290304 &lt;/td&gt;&lt;/tr&gt;
&lt;tr&gt;&lt;td&gt;Heading: 106.8 &lt;/td&gt;&lt;/tr&gt;
&lt;/table&gt;</desc>
    <sym>Flag, Blue</sym>
    <type>user</type>
    <extensions>
      <gpxx:WaypointExtension>
        <gpxx:DisplayMode>SymbolAndName</gpxx:DisplayMode>
      </gpxx:WaypointExtension>
      <wptx1:WaypointExtension>
        <wptx1:DisplayMode>SymbolAndName</wptx1:DisplayMode>
      </wptx1:WaypointExtension>
      <ctx:CreationTimeExtension>
        <ctx:CreationTime>2026-10-02T12:44:04Z</ctx:CreationTime>
      </ctx:CreationTimeExtension>
    </extensions>
  </wpt>
  <wpt lat="-18.289873972535133" lon="32.895948020741343">
    <ele>0</ele>
    <time>2026-10-02T12:44:04Z</time>
    <name>The Challenge 2025-276</name>
    <cmt>&lt;table&gt;
&lt;tr&gt;&lt;td&gt;Longitude: 32.895948 &lt;/td&gt;&lt;/tr&gt;
&lt;tr&gt;&lt;td&gt;Latitude: -18.289874 &lt;/td&gt;&lt;/tr&gt;
&lt;tr&gt;&lt;td&gt;Heading: 59.0 &lt;/td&gt;&lt;/tr&gt;
&lt;/table&gt;</cmt>
    <desc>&lt;table&gt;
&lt;tr&gt;&lt;td&gt;Longitude: 32.895948 &lt;/td&gt;&lt;/tr&gt;
&lt;tr&gt;&lt;td&gt;Latitude: -18.289874 &lt;/td&gt;&lt;/tr&gt;
&lt;tr&gt;&lt;td&gt;Heading: 59.0 &lt;/td&gt;&lt;/tr&gt;
&lt;/table&gt;</desc>
    <sym>Flag, Blue</sym>
    <type>user</type>
    <extensions>
      <gpxx:WaypointExtension>
        <gpxx:DisplayMode>SymbolAndName</gpxx:DisplayMode>
      </gpxx:WaypointExtension>
      <wptx1:WaypointExtension>
        <wptx1:DisplayMode>SymbolAndName</wptx1:DisplayMode>
      </wptx1:WaypointExtension>
      <ctx:CreationTimeExtension>
        <ctx:CreationTime>2026-10-02T12:44:04Z</ctx:CreationTime>
      </ctx:CreationTimeExtension>
    </extensions>
  </wpt>
  <wpt lat="-18.289727037772536" lon="32.896841028705239">
    <ele>0</ele>
    <time>2026-10-02T12:44:04Z</time>
    <name>The Challenge 2025-277</name>
    <cmt>&lt;table&gt;
&lt;tr&gt;&lt;td&gt;Longitude: 32.896841 &lt;/td&gt;&lt;/tr&gt;
&lt;tr&gt;&lt;td&gt;Latitude: -18.289727 &lt;/td&gt;&lt;/tr&gt;
&lt;tr&gt;&lt;td&gt;Heading: 80.2 &lt;/td&gt;&lt;/tr&gt;
&lt;/table&gt;</cmt>
    <desc>&lt;table&gt;
&lt;tr&gt;&lt;td&gt;Longitude: 32.896841 &lt;/td&gt;&lt;/tr&gt;
&lt;tr&gt;&lt;td&gt;Latitude: -18.289727 &lt;/td&gt;&lt;/tr&gt;
&lt;tr&gt;&lt;td&gt;Heading: 80.2 &lt;/td&gt;&lt;/tr&gt;
&lt;/table&gt;</desc>
    <sym>Flag, Blue</sym>
    <type>user</type>
    <extensions>
      <gpxx:WaypointExtension>
        <gpxx:DisplayMode>SymbolAndName</gpxx:DisplayMode>
      </gpxx:WaypointExtension>
      <wptx1:WaypointExtension>
        <wptx1:DisplayMode>SymbolAndName</wptx1:DisplayMode>
      </wptx1:WaypointExtension>
      <ctx:CreationTimeExtension>
        <ctx:CreationTime>2026-10-02T12:44:04Z</ctx:CreationTime>
      </ctx:CreationTimeExtension>
    </extensions>
  </wpt>
  <wpt lat="-18.289765007793903" lon="32.897665975615382">
    <ele>0</ele>
    <time>2026-10-02T12:44:04Z</time>
    <name>The Challenge 2025-278</name>
    <cmt>&lt;table&gt;
&lt;tr&gt;&lt;td&gt;Longitude: 32.897666 &lt;/td&gt;&lt;/tr&gt;
&lt;tr&gt;&lt;td&gt;Latitude: -18.289765 &lt;/td&gt;&lt;/tr&gt;
&lt;tr&gt;&lt;td&gt;Heading: 92.8 &lt;/td&gt;&lt;/tr&gt;
&lt;/table&gt;</cmt>
    <desc>&lt;table&gt;
&lt;tr&gt;&lt;td&gt;Longitude: 32.897666 &lt;/td&gt;&lt;/tr&gt;
&lt;tr&gt;&lt;td&gt;Latitude: -18.289765 &lt;/td&gt;&lt;/tr&gt;
&lt;tr&gt;&lt;td&gt;Heading: 92.8 &lt;/td&gt;&lt;/tr&gt;
&lt;/table&gt;</desc>
    <sym>Flag, Blue</sym>
    <type>user</type>
    <extensions>
      <gpxx:WaypointExtension>
        <gpxx:DisplayMode>SymbolAndName</gpxx:DisplayMode>
      </gpxx:WaypointExtension>
      <wptx1:WaypointExtension>
        <wptx1:DisplayMode>SymbolAndName</wptx1:DisplayMode>
      </wptx1:WaypointExtension>
      <ctx:CreationTimeExtension>
        <ctx:CreationTime>2026-10-02T12:44:04Z</ctx:CreationTime>
      </ctx:CreationTimeExtension>
    </extensions>
  </wpt>
  <wpt lat="-18.290048986673355" lon="32.898772973567247">
    <ele>0</ele>
    <time>2026-10-02T12:44:04Z</time>
    <name>The Challenge 2025-279</name>
    <cmt>&lt;table&gt;
&lt;tr&gt;&lt;td&gt;Longitude: 32.898773 &lt;/td&gt;&lt;/tr&gt;
&lt;tr&gt;&lt;td&gt;Latitude: -18.290049 &lt;/td&gt;&lt;/tr&gt;
&lt;tr&gt;&lt;td&gt;Heading: 105.1 &lt;/td&gt;&lt;/tr&gt;
&lt;/table&gt;</cmt>
    <desc>&lt;table&gt;
&lt;tr&gt;&lt;td&gt;Longitude: 32.898773 &lt;/td&gt;&lt;/tr&gt;
&lt;tr&gt;&lt;td&gt;Latitude: -18.290049 &lt;/td&gt;&lt;/tr&gt;
&lt;tr&gt;&lt;td&gt;Heading: 105.1 &lt;/td&gt;&lt;/tr&gt;
&lt;/table&gt;</desc>
    <sym>Flag, Blue</sym>
    <type>user</type>
    <extensions>
      <gpxx:WaypointExtension>
        <gpxx:DisplayMode>SymbolAndName</gpxx:DisplayMode>
      </gpxx:WaypointExtension>
      <wptx1:WaypointExtension>
        <wptx1:DisplayMode>SymbolAndName</wptx1:DisplayMode>
      </wptx1:WaypointExtension>
      <ctx:CreationTimeExtension>
        <ctx:CreationTime>2026-10-02T12:44:04Z</ctx:CreationTime>
      </ctx:CreationTimeExtension>
    </extensions>
  </wpt>
  <wpt lat="-18.337269024923444" lon="32.842190014198422">
    <ele>0</ele>
    <time>2026-10-02T12:44:04Z</time>
    <name>The Challenge 2025-28</name>
    <cmt>&lt;table&gt;
&lt;tr&gt;&lt;td&gt;Longitude: 32.842190 &lt;/td&gt;&lt;/tr&gt;
&lt;tr&gt;&lt;td&gt;Latitude: -18.337269 &lt;/td&gt;&lt;/tr&gt;
&lt;tr&gt;&lt;td&gt;Heading: 114.7 &lt;/td&gt;&lt;/tr&gt;
&lt;/table&gt;</cmt>
    <desc>&lt;table&gt;
&lt;tr&gt;&lt;td&gt;Longitude: 32.842190 &lt;/td&gt;&lt;/tr&gt;
&lt;tr&gt;&lt;td&gt;Latitude: -18.337269 &lt;/td&gt;&lt;/tr&gt;
&lt;tr&gt;&lt;td&gt;Heading: 114.7 &lt;/td&gt;&lt;/tr&gt;
&lt;/table&gt;</desc>
    <sym>Flag, Blue</sym>
    <type>user</type>
    <extensions>
      <gpxx:WaypointExtension>
        <gpxx:DisplayMode>SymbolAndName</gpxx:DisplayMode>
      </gpxx:WaypointExtension>
      <wptx1:WaypointExtension>
        <wptx1:DisplayMode>SymbolAndName</wptx1:DisplayMode>
      </wptx1:WaypointExtension>
      <ctx:CreationTimeExtension>
        <ctx:CreationTime>2026-10-02T12:44:04Z</ctx:CreationTime>
      </ctx:CreationTimeExtension>
    </extensions>
  </wpt>
  <wpt lat="-18.290185024961829" lon="32.899660030379891">
    <ele>0</ele>
    <time>2026-10-02T12:44:04Z</time>
    <name>The Challenge 2025-280</name>
    <cmt>&lt;table&gt;
&lt;tr&gt;&lt;td&gt;Longitude: 32.899660 &lt;/td&gt;&lt;/tr&gt;
&lt;tr&gt;&lt;td&gt;Latitude: -18.290185 &lt;/td&gt;&lt;/tr&gt;
&lt;tr&gt;&lt;td&gt;Heading: 99.2 &lt;/td&gt;&lt;/tr&gt;
&lt;/table&gt;</cmt>
    <desc>&lt;table&gt;
&lt;tr&gt;&lt;td&gt;Longitude: 32.899660 &lt;/td&gt;&lt;/tr&gt;
&lt;tr&gt;&lt;td&gt;Latitude: -18.290185 &lt;/td&gt;&lt;/tr&gt;
&lt;tr&gt;&lt;td&gt;Heading: 99.2 &lt;/td&gt;&lt;/tr&gt;
&lt;/table&gt;</desc>
    <sym>Flag, Blue</sym>
    <type>user</type>
    <extensions>
      <gpxx:WaypointExtension>
        <gpxx:DisplayMode>SymbolAndName</gpxx:DisplayMode>
      </gpxx:WaypointExtension>
      <wptx1:WaypointExtension>
        <wptx1:DisplayMode>SymbolAndName</wptx1:DisplayMode>
      </wptx1:WaypointExtension>
      <ctx:CreationTimeExtension>
        <ctx:CreationTime>2026-10-02T12:44:04Z</ctx:CreationTime>
      </ctx:CreationTimeExtension>
    </extensions>
  </wpt>
  <wpt lat="-18.290301030501723" lon="32.900298982858658">
    <ele>0</ele>
    <time>2026-10-02T12:44:04Z</time>
    <name>The Challenge 2025-281</name>
    <cmt>&lt;table&gt;
&lt;tr&gt;&lt;td&gt;Longitude: 32.900299 &lt;/td&gt;&lt;/tr&gt;
&lt;tr&gt;&lt;td&gt;Latitude: -18.290301 &lt;/td&gt;&lt;/tr&gt;
&lt;tr&gt;&lt;td&gt;Heading: 100.9 &lt;/td&gt;&lt;/tr&gt;
&lt;/table&gt;</cmt>
    <desc>&lt;table&gt;
&lt;tr&gt;&lt;td&gt;Longitude: 32.900299 &lt;/td&gt;&lt;/tr&gt;
&lt;tr&gt;&lt;td&gt;Latitude: -18.290301 &lt;/td&gt;&lt;/tr&gt;
&lt;tr&gt;&lt;td&gt;Heading: 100.9 &lt;/td&gt;&lt;/tr&gt;
&lt;/table&gt;</desc>
    <sym>Flag, Blue</sym>
    <type>user</type>
    <extensions>
      <gpxx:WaypointExtension>
        <gpxx:DisplayMode>SymbolAndName</gpxx:DisplayMode>
      </gpxx:WaypointExtension>
      <wptx1:WaypointExtension>
        <wptx1:DisplayMode>SymbolAndName</wptx1:DisplayMode>
      </wptx1:WaypointExtension>
      <ctx:CreationTimeExtension>
        <ctx:CreationTime>2026-10-02T12:44:04Z</ctx:CreationTime>
      </ctx:CreationTimeExtension>
    </extensions>
  </wpt>
  <wpt lat="-18.290608981624246" lon="32.900715982541442">
    <ele>0</ele>
    <time>2026-10-02T12:44:04Z</time>
    <name>The Challenge 2025-282</name>
    <cmt>&lt;table&gt;
&lt;tr&gt;&lt;td&gt;Longitude: 32.900716 &lt;/td&gt;&lt;/tr&gt;
&lt;tr&gt;&lt;td&gt;Latitude: -18.290609 &lt;/td&gt;&lt;/tr&gt;
&lt;tr&gt;&lt;td&gt;Heading: 127.9 &lt;/td&gt;&lt;/tr&gt;
&lt;/table&gt;</cmt>
    <desc>&lt;table&gt;
&lt;tr&gt;&lt;td&gt;Longitude: 32.900716 &lt;/td&gt;&lt;/tr&gt;
&lt;tr&gt;&lt;td&gt;Latitude: -18.290609 &lt;/td&gt;&lt;/tr&gt;
&lt;tr&gt;&lt;td&gt;Heading: 127.9 &lt;/td&gt;&lt;/tr&gt;
&lt;/table&gt;</desc>
    <sym>Flag, Blue</sym>
    <type>user</type>
    <extensions>
      <gpxx:WaypointExtension>
        <gpxx:DisplayMode>SymbolAndName</gpxx:DisplayMode>
      </gpxx:WaypointExtension>
      <wptx1:WaypointExtension>
        <wptx1:DisplayMode>SymbolAndName</wptx1:DisplayMode>
      </wptx1:WaypointExtension>
      <ctx:CreationTimeExtension>
        <ctx:CreationTime>2026-10-02T12:44:04Z</ctx:CreationTime>
      </ctx:CreationTimeExtension>
    </extensions>
  </wpt>
  <wpt lat="-18.291032016277313" lon="32.901262985542417">
    <ele>0</ele>
    <time>2026-10-02T12:44:04Z</time>
    <name>The Challenge 2025-283</name>
    <cmt>&lt;table&gt;
&lt;tr&gt;&lt;td&gt;Longitude: 32.901263 &lt;/td&gt;&lt;/tr&gt;
&lt;tr&gt;&lt;td&gt;Latitude: -18.291032 &lt;/td&gt;&lt;/tr&gt;
&lt;tr&gt;&lt;td&gt;Heading: 129.2 &lt;/td&gt;&lt;/tr&gt;
&lt;/table&gt;</cmt>
    <desc>&lt;table&gt;
&lt;tr&gt;&lt;td&gt;Longitude: 32.901263 &lt;/td&gt;&lt;/tr&gt;
&lt;tr&gt;&lt;td&gt;Latitude: -18.291032 &lt;/td&gt;&lt;/tr&gt;
&lt;tr&gt;&lt;td&gt;Heading: 129.2 &lt;/td&gt;&lt;/tr&gt;
&lt;/table&gt;</desc>
    <sym>Flag, Blue</sym>
    <type>user</type>
    <extensions>
      <gpxx:WaypointExtension>
        <gpxx:DisplayMode>SymbolAndName</gpxx:DisplayMode>
      </gpxx:WaypointExtension>
      <wptx1:WaypointExtension>
        <wptx1:DisplayMode>SymbolAndName</wptx1:DisplayMode>
      </wptx1:WaypointExtension>
      <ctx:CreationTimeExtension>
        <ctx:CreationTime>2026-10-02T12:44:04Z</ctx:CreationTime>
      </ctx:CreationTimeExtension>
    </extensions>
  </wpt>
  <wpt lat="-18.291554041206837" lon="32.902305023744702">
    <ele>0</ele>
    <time>2026-10-02T12:44:04Z</time>
    <name>The Challenge 2025-284</name>
    <cmt>&lt;table&gt;
&lt;tr&gt;&lt;td&gt;Longitude: 32.902305 &lt;/td&gt;&lt;/tr&gt;
&lt;tr&gt;&lt;td&gt;Latitude: -18.291554 &lt;/td&gt;&lt;/tr&gt;
&lt;tr&gt;&lt;td&gt;Heading: 117.8 &lt;/td&gt;&lt;/tr&gt;
&lt;/table&gt;</cmt>
    <desc>&lt;table&gt;
&lt;tr&gt;&lt;td&gt;Longitude: 32.902305 &lt;/td&gt;&lt;/tr&gt;
&lt;tr&gt;&lt;td&gt;Latitude: -18.291554 &lt;/td&gt;&lt;/tr&gt;
&lt;tr&gt;&lt;td&gt;Heading: 117.8 &lt;/td&gt;&lt;/tr&gt;
&lt;/table&gt;</desc>
    <sym>Flag, Blue</sym>
    <type>user</type>
    <extensions>
      <gpxx:WaypointExtension>
        <gpxx:DisplayMode>SymbolAndName</gpxx:DisplayMode>
      </gpxx:WaypointExtension>
      <wptx1:WaypointExtension>
        <wptx1:DisplayMode>SymbolAndName</wptx1:DisplayMode>
      </wptx1:WaypointExtension>
      <ctx:CreationTimeExtension>
        <ctx:CreationTime>2026-10-02T12:44:04Z</ctx:CreationTime>
      </ctx:CreationTimeExtension>
    </extensions>
  </wpt>
  <wpt lat="-18.292622985318303" lon="32.903861962258816">
    <ele>0</ele>
    <time>2026-10-02T12:44:04Z</time>
    <name>The Challenge 2025-285</name>
    <cmt>&lt;table&gt;
&lt;tr&gt;&lt;td&gt;Longitude: 32.903862 &lt;/td&gt;&lt;/tr&gt;
&lt;tr&gt;&lt;td&gt;Latitude: -18.292623 &lt;/td&gt;&lt;/tr&gt;
&lt;tr&gt;&lt;td&gt;Heading: 125.9 &lt;/td&gt;&lt;/tr&gt;
&lt;/table&gt;</cmt>
    <desc>&lt;table&gt;
&lt;tr&gt;&lt;td&gt;Longitude: 32.903862 &lt;/td&gt;&lt;/tr&gt;
&lt;tr&gt;&lt;td&gt;Latitude: -18.292623 &lt;/td&gt;&lt;/tr&gt;
&lt;tr&gt;&lt;td&gt;Heading: 125.9 &lt;/td&gt;&lt;/tr&gt;
&lt;/table&gt;</desc>
    <sym>Flag, Blue</sym>
    <type>user</type>
    <extensions>
      <gpxx:WaypointExtension>
        <gpxx:DisplayMode>SymbolAndName</gpxx:DisplayMode>
      </gpxx:WaypointExtension>
      <wptx1:WaypointExtension>
        <wptx1:DisplayMode>SymbolAndName</wptx1:DisplayMode>
      </wptx1:WaypointExtension>
      <ctx:CreationTimeExtension>
        <ctx:CreationTime>2026-10-02T12:44:04Z</ctx:CreationTime>
      </ctx:CreationTimeExtension>
    </extensions>
  </wpt>
  <wpt lat="-18.292839992791414" lon="32.904916992411017">
    <ele>0</ele>
    <time>2026-10-02T12:44:04Z</time>
    <name>The Challenge 2025-286</name>
    <cmt>&lt;table&gt;
&lt;tr&gt;&lt;td&gt;Longitude: 32.904917 &lt;/td&gt;&lt;/tr&gt;
&lt;tr&gt;&lt;td&gt;Latitude: -18.292840 &lt;/td&gt;&lt;/tr&gt;
&lt;tr&gt;&lt;td&gt;Heading: 102.2 &lt;/td&gt;&lt;/tr&gt;
&lt;/table&gt;</cmt>
    <desc>&lt;table&gt;
&lt;tr&gt;&lt;td&gt;Longitude: 32.904917 &lt;/td&gt;&lt;/tr&gt;
&lt;tr&gt;&lt;td&gt;Latitude: -18.292840 &lt;/td&gt;&lt;/tr&gt;
&lt;tr&gt;&lt;td&gt;Heading: 102.2 &lt;/td&gt;&lt;/tr&gt;
&lt;/table&gt;</desc>
    <sym>Flag, Blue</sym>
    <type>user</type>
    <extensions>
      <gpxx:WaypointExtension>
        <gpxx:DisplayMode>SymbolAndName</gpxx:DisplayMode>
      </gpxx:WaypointExtension>
      <wptx1:WaypointExtension>
        <wptx1:DisplayMode>SymbolAndName</wptx1:DisplayMode>
      </wptx1:WaypointExtension>
      <ctx:CreationTimeExtension>
        <ctx:CreationTime>2026-10-02T12:44:04Z</ctx:CreationTime>
      </ctx:CreationTimeExtension>
    </extensions>
  </wpt>
  <wpt lat="-18.292837981134653" lon="32.905779993161559">
    <ele>0</ele>
    <time>2026-10-02T12:44:04Z</time>
    <name>The Challenge 2025-287</name>
    <cmt>&lt;table&gt;
&lt;tr&gt;&lt;td&gt;Longitude: 32.905780 &lt;/td&gt;&lt;/tr&gt;
&lt;tr&gt;&lt;td&gt;Latitude: -18.292838 &lt;/td&gt;&lt;/tr&gt;
&lt;tr&gt;&lt;td&gt;Heading: 89.9 &lt;/td&gt;&lt;/tr&gt;
&lt;/table&gt;</cmt>
    <desc>&lt;table&gt;
&lt;tr&gt;&lt;td&gt;Longitude: 32.905780 &lt;/td&gt;&lt;/tr&gt;
&lt;tr&gt;&lt;td&gt;Latitude: -18.292838 &lt;/td&gt;&lt;/tr&gt;
&lt;tr&gt;&lt;td&gt;Heading: 89.9 &lt;/td&gt;&lt;/tr&gt;
&lt;/table&gt;</desc>
    <sym>Flag, Blue</sym>
    <type>user</type>
    <extensions>
      <gpxx:WaypointExtension>
        <gpxx:DisplayMode>SymbolAndName</gpxx:DisplayMode>
      </gpxx:WaypointExtension>
      <wptx1:WaypointExtension>
        <wptx1:DisplayMode>SymbolAndName</wptx1:DisplayMode>
      </wptx1:WaypointExtension>
      <ctx:CreationTimeExtension>
        <ctx:CreationTime>2026-10-02T12:44:04Z</ctx:CreationTime>
      </ctx:CreationTimeExtension>
    </extensions>
  </wpt>
  <wpt lat="-18.29235702753067" lon="32.90696200914681">
    <ele>0</ele>
    <time>2026-10-02T12:44:04Z</time>
    <name>The Challenge 2025-288</name>
    <cmt>&lt;table&gt;
&lt;tr&gt;&lt;td&gt;Longitude: 32.906962 &lt;/td&gt;&lt;/tr&gt;
&lt;tr&gt;&lt;td&gt;Latitude: -18.292357 &lt;/td&gt;&lt;/tr&gt;
&lt;tr&gt;&lt;td&gt;Heading: 66.8 &lt;/td&gt;&lt;/tr&gt;
&lt;/table&gt;</cmt>
    <desc>&lt;table&gt;
&lt;tr&gt;&lt;td&gt;Longitude: 32.906962 &lt;/td&gt;&lt;/tr&gt;
&lt;tr&gt;&lt;td&gt;Latitude: -18.292357 &lt;/td&gt;&lt;/tr&gt;
&lt;tr&gt;&lt;td&gt;Heading: 66.8 &lt;/td&gt;&lt;/tr&gt;
&lt;/table&gt;</desc>
    <sym>Flag, Blue</sym>
    <type>user</type>
    <extensions>
      <gpxx:WaypointExtension>
        <gpxx:DisplayMode>SymbolAndName</gpxx:DisplayMode>
      </gpxx:WaypointExtension>
      <wptx1:WaypointExtension>
        <wptx1:DisplayMode>SymbolAndName</wptx1:DisplayMode>
      </wptx1:WaypointExtension>
      <ctx:CreationTimeExtension>
        <ctx:CreationTime>2026-10-02T12:44:04Z</ctx:CreationTime>
      </ctx:CreationTimeExtension>
    </extensions>
  </wpt>
  <wpt lat="-18.292392985895276" lon="32.908083004876971">
    <ele>0</ele>
    <time>2026-10-02T12:44:04Z</time>
    <name>The Challenge 2025-289</name>
    <cmt>&lt;table&gt;
&lt;tr&gt;&lt;td&gt;Longitude: 32.908083 &lt;/td&gt;&lt;/tr&gt;
&lt;tr&gt;&lt;td&gt;Latitude: -18.292393 &lt;/td&gt;&lt;/tr&gt;
&lt;tr&gt;&lt;td&gt;Heading: 91.9 &lt;/td&gt;&lt;/tr&gt;
&lt;/table&gt;</cmt>
    <desc>&lt;table&gt;
&lt;tr&gt;&lt;td&gt;Longitude: 32.908083 &lt;/td&gt;&lt;/tr&gt;
&lt;tr&gt;&lt;td&gt;Latitude: -18.292393 &lt;/td&gt;&lt;/tr&gt;
&lt;tr&gt;&lt;td&gt;Heading: 91.9 &lt;/td&gt;&lt;/tr&gt;
&lt;/table&gt;</desc>
    <sym>Flag, Blue</sym>
    <type>user</type>
    <extensions>
      <gpxx:WaypointExtension>
        <gpxx:DisplayMode>SymbolAndName</gpxx:DisplayMode>
      </gpxx:WaypointExtension>
      <wptx1:WaypointExtension>
        <wptx1:DisplayMode>SymbolAndName</wptx1:DisplayMode>
      </wptx1:WaypointExtension>
      <ctx:CreationTimeExtension>
        <ctx:CreationTime>2026-10-02T12:44:04Z</ctx:CreationTime>
      </ctx:CreationTimeExtension>
    </extensions>
  </wpt>
  <wpt lat="-18.337405985221267" lon="32.842511041089892">
    <ele>0</ele>
    <time>2026-10-02T12:44:04Z</time>
    <name>The Challenge 2025-29</name>
    <cmt>&lt;table&gt;
&lt;tr&gt;&lt;td&gt;Longitude: 32.842511 &lt;/td&gt;&lt;/tr&gt;
&lt;tr&gt;&lt;td&gt;Latitude: -18.337406 &lt;/td&gt;&lt;/tr&gt;
&lt;tr&gt;&lt;td&gt;Heading: 114.1 &lt;/td&gt;&lt;/tr&gt;
&lt;/table&gt;</cmt>
    <desc>&lt;table&gt;
&lt;tr&gt;&lt;td&gt;Longitude: 32.842511 &lt;/td&gt;&lt;/tr&gt;
&lt;tr&gt;&lt;td&gt;Latitude: -18.337406 &lt;/td&gt;&lt;/tr&gt;
&lt;tr&gt;&lt;td&gt;Heading: 114.1 &lt;/td&gt;&lt;/tr&gt;
&lt;/table&gt;</desc>
    <sym>Flag, Blue</sym>
    <type>user</type>
    <extensions>
      <gpxx:WaypointExtension>
        <gpxx:DisplayMode>SymbolAndName</gpxx:DisplayMode>
      </gpxx:WaypointExtension>
      <wptx1:WaypointExtension>
        <wptx1:DisplayMode>SymbolAndName</wptx1:DisplayMode>
      </wptx1:WaypointExtension>
      <ctx:CreationTimeExtension>
        <ctx:CreationTime>2026-10-02T12:44:04Z</ctx:CreationTime>
      </ctx:CreationTimeExtension>
    </extensions>
  </wpt>
  <wpt lat="-18.292327020317316" lon="32.908991016447544">
    <ele>0</ele>
    <time>2026-10-02T12:44:04Z</time>
    <name>The Challenge 2025-290</name>
    <cmt>&lt;table&gt;
&lt;tr&gt;&lt;td&gt;Longitude: 32.908991 &lt;/td&gt;&lt;/tr&gt;
&lt;tr&gt;&lt;td&gt;Latitude: -18.292327 &lt;/td&gt;&lt;/tr&gt;
&lt;tr&gt;&lt;td&gt;Heading: 85.6 &lt;/td&gt;&lt;/tr&gt;
&lt;/table&gt;</cmt>
    <desc>&lt;table&gt;
&lt;tr&gt;&lt;td&gt;Longitude: 32.908991 &lt;/td&gt;&lt;/tr&gt;
&lt;tr&gt;&lt;td&gt;Latitude: -18.292327 &lt;/td&gt;&lt;/tr&gt;
&lt;tr&gt;&lt;td&gt;Heading: 85.6 &lt;/td&gt;&lt;/tr&gt;
&lt;/table&gt;</desc>
    <sym>Flag, Blue</sym>
    <type>user</type>
    <extensions>
      <gpxx:WaypointExtension>
        <gpxx:DisplayMode>SymbolAndName</gpxx:DisplayMode>
      </gpxx:WaypointExtension>
      <wptx1:WaypointExtension>
        <wptx1:DisplayMode>SymbolAndName</wptx1:DisplayMode>
      </wptx1:WaypointExtension>
      <ctx:CreationTimeExtension>
        <ctx:CreationTime>2026-10-02T12:44:04Z</ctx:CreationTime>
      </ctx:CreationTimeExtension>
    </extensions>
  </wpt>
  <wpt lat="-18.292037006467581" lon="32.909920988604426">
    <ele>0</ele>
    <time>2026-10-02T12:44:04Z</time>
    <name>The Challenge 2025-291</name>
    <cmt>&lt;table&gt;
&lt;tr&gt;&lt;td&gt;Longitude: 32.909921 &lt;/td&gt;&lt;/tr&gt;
&lt;tr&gt;&lt;td&gt;Latitude: -18.292037 &lt;/td&gt;&lt;/tr&gt;
&lt;tr&gt;&lt;td&gt;Heading: 71.8 &lt;/td&gt;&lt;/tr&gt;
&lt;/table&gt;</cmt>
    <desc>&lt;table&gt;
&lt;tr&gt;&lt;td&gt;Longitude: 32.909921 &lt;/td&gt;&lt;/tr&gt;
&lt;tr&gt;&lt;td&gt;Latitude: -18.292037 &lt;/td&gt;&lt;/tr&gt;
&lt;tr&gt;&lt;td&gt;Heading: 71.8 &lt;/td&gt;&lt;/tr&gt;
&lt;/table&gt;</desc>
    <sym>Flag, Blue</sym>
    <type>user</type>
    <extensions>
      <gpxx:WaypointExtension>
        <gpxx:DisplayMode>SymbolAndName</gpxx:DisplayMode>
      </gpxx:WaypointExtension>
      <wptx1:WaypointExtension>
        <wptx1:DisplayMode>SymbolAndName</wptx1:DisplayMode>
      </wptx1:WaypointExtension>
      <ctx:CreationTimeExtension>
        <ctx:CreationTime>2026-10-02T12:44:04Z</ctx:CreationTime>
      </ctx:CreationTimeExtension>
    </extensions>
  </wpt>
  <wpt lat="-18.291744980961084" lon="32.911312971264124">
    <ele>0</ele>
    <time>2026-10-02T12:44:04Z</time>
    <name>The Challenge 2025-292</name>
    <cmt>&lt;table&gt;
&lt;tr&gt;&lt;td&gt;Longitude: 32.911313 &lt;/td&gt;&lt;/tr&gt;
&lt;tr&gt;&lt;td&gt;Latitude: -18.291745 &lt;/td&gt;&lt;/tr&gt;
&lt;tr&gt;&lt;td&gt;Heading: 77.5 &lt;/td&gt;&lt;/tr&gt;
&lt;/table&gt;</cmt>
    <desc>&lt;table&gt;
&lt;tr&gt;&lt;td&gt;Longitude: 32.911313 &lt;/td&gt;&lt;/tr&gt;
&lt;tr&gt;&lt;td&gt;Latitude: -18.291745 &lt;/td&gt;&lt;/tr&gt;
&lt;tr&gt;&lt;td&gt;Heading: 77.5 &lt;/td&gt;&lt;/tr&gt;
&lt;/table&gt;</desc>
    <sym>Flag, Blue</sym>
    <type>user</type>
    <extensions>
      <gpxx:WaypointExtension>
        <gpxx:DisplayMode>SymbolAndName</gpxx:DisplayMode>
      </gpxx:WaypointExtension>
      <wptx1:WaypointExtension>
        <wptx1:DisplayMode>SymbolAndName</wptx1:DisplayMode>
      </wptx1:WaypointExtension>
      <ctx:CreationTimeExtension>
        <ctx:CreationTime>2026-10-02T12:44:04Z</ctx:CreationTime>
      </ctx:CreationTimeExtension>
    </extensions>
  </wpt>
  <wpt lat="-18.29171497374773" lon="32.912374958395958">
    <ele>0</ele>
    <time>2026-10-02T12:44:04Z</time>
    <name>The Challenge 2025-293</name>
    <cmt>&lt;table&gt;
&lt;tr&gt;&lt;td&gt;Longitude: 32.912375 &lt;/td&gt;&lt;/tr&gt;
&lt;tr&gt;&lt;td&gt;Latitude: -18.291715 &lt;/td&gt;&lt;/tr&gt;
&lt;tr&gt;&lt;td&gt;Heading: 88.3 &lt;/td&gt;&lt;/tr&gt;
&lt;/table&gt;</cmt>
    <desc>&lt;table&gt;
&lt;tr&gt;&lt;td&gt;Longitude: 32.912375 &lt;/td&gt;&lt;/tr&gt;
&lt;tr&gt;&lt;td&gt;Latitude: -18.291715 &lt;/td&gt;&lt;/tr&gt;
&lt;tr&gt;&lt;td&gt;Heading: 88.3 &lt;/td&gt;&lt;/tr&gt;
&lt;/table&gt;</desc>
    <sym>Flag, Blue</sym>
    <type>user</type>
    <extensions>
      <gpxx:WaypointExtension>
        <gpxx:DisplayMode>SymbolAndName</gpxx:DisplayMode>
      </gpxx:WaypointExtension>
      <wptx1:WaypointExtension>
        <wptx1:DisplayMode>SymbolAndName</wptx1:DisplayMode>
      </wptx1:WaypointExtension>
      <ctx:CreationTimeExtension>
        <ctx:CreationTime>2026-10-02T12:44:04Z</ctx:CreationTime>
      </ctx:CreationTimeExtension>
    </extensions>
  </wpt>
  <wpt lat="-18.291637022048235" lon="32.9130669683218">
    <ele>0</ele>
    <time>2026-10-02T12:44:04Z</time>
    <name>The Challenge 2025-294</name>
    <cmt>&lt;table&gt;
&lt;tr&gt;&lt;td&gt;Longitude: 32.913067 &lt;/td&gt;&lt;/tr&gt;
&lt;tr&gt;&lt;td&gt;Latitude: -18.291637 &lt;/td&gt;&lt;/tr&gt;
&lt;tr&gt;&lt;td&gt;Heading: 83.2 &lt;/td&gt;&lt;/tr&gt;
&lt;/table&gt;</cmt>
    <desc>&lt;table&gt;
&lt;tr&gt;&lt;td&gt;Longitude: 32.913067 &lt;/td&gt;&lt;/tr&gt;
&lt;tr&gt;&lt;td&gt;Latitude: -18.291637 &lt;/td&gt;&lt;/tr&gt;
&lt;tr&gt;&lt;td&gt;Heading: 83.2 &lt;/td&gt;&lt;/tr&gt;
&lt;/table&gt;</desc>
    <sym>Flag, Blue</sym>
    <type>user</type>
    <extensions>
      <gpxx:WaypointExtension>
        <gpxx:DisplayMode>SymbolAndName</gpxx:DisplayMode>
      </gpxx:WaypointExtension>
      <wptx1:WaypointExtension>
        <wptx1:DisplayMode>SymbolAndName</wptx1:DisplayMode>
      </wptx1:WaypointExtension>
      <ctx:CreationTimeExtension>
        <ctx:CreationTime>2026-10-02T12:44:04Z</ctx:CreationTime>
      </ctx:CreationTimeExtension>
    </extensions>
  </wpt>
  <wpt lat="-18.291571978479624" lon="32.91424697265029">
    <ele>0</ele>
    <time>2026-10-02T12:44:04Z</time>
    <name>The Challenge 2025-295</name>
    <cmt>&lt;table&gt;
&lt;tr&gt;&lt;td&gt;Longitude: 32.914247 &lt;/td&gt;&lt;/tr&gt;
&lt;tr&gt;&lt;td&gt;Latitude: -18.291572 &lt;/td&gt;&lt;/tr&gt;
&lt;tr&gt;&lt;td&gt;Heading: 86.6 &lt;/td&gt;&lt;/tr&gt;
&lt;/table&gt;</cmt>
    <desc>&lt;table&gt;
&lt;tr&gt;&lt;td&gt;Longitude: 32.914247 &lt;/td&gt;&lt;/tr&gt;
&lt;tr&gt;&lt;td&gt;Latitude: -18.291572 &lt;/td&gt;&lt;/tr&gt;
&lt;tr&gt;&lt;td&gt;Heading: 86.6 &lt;/td&gt;&lt;/tr&gt;
&lt;/table&gt;</desc>
    <sym>Flag, Blue</sym>
    <type>user</type>
    <extensions>
      <gpxx:WaypointExtension>
        <gpxx:DisplayMode>SymbolAndName</gpxx:DisplayMode>
      </gpxx:WaypointExtension>
      <wptx1:WaypointExtension>
        <wptx1:DisplayMode>SymbolAndName</wptx1:DisplayMode>
      </wptx1:WaypointExtension>
      <ctx:CreationTimeExtension>
        <ctx:CreationTime>2026-10-02T12:44:04Z</ctx:CreationTime>
      </ctx:CreationTimeExtension>
    </extensions>
  </wpt>
  <wpt lat="-18.291767025366426" lon="32.914603035897017">
    <ele>0</ele>
    <time>2026-10-02T12:44:04Z</time>
    <name>The Challenge 2025-296</name>
    <cmt>&lt;table&gt;
&lt;tr&gt;&lt;td&gt;Longitude: 32.914603 &lt;/td&gt;&lt;/tr&gt;
&lt;tr&gt;&lt;td&gt;Latitude: -18.291767 &lt;/td&gt;&lt;/tr&gt;
&lt;tr&gt;&lt;td&gt;Heading: 120.0 &lt;/td&gt;&lt;/tr&gt;
&lt;/table&gt;</cmt>
    <desc>&lt;table&gt;
&lt;tr&gt;&lt;td&gt;Longitude: 32.914603 &lt;/td&gt;&lt;/tr&gt;
&lt;tr&gt;&lt;td&gt;Latitude: -18.291767 &lt;/td&gt;&lt;/tr&gt;
&lt;tr&gt;&lt;td&gt;Heading: 120.0 &lt;/td&gt;&lt;/tr&gt;
&lt;/table&gt;</desc>
    <sym>Flag, Blue</sym>
    <type>user</type>
    <extensions>
      <gpxx:WaypointExtension>
        <gpxx:DisplayMode>SymbolAndName</gpxx:DisplayMode>
      </gpxx:WaypointExtension>
      <wptx1:WaypointExtension>
        <wptx1:DisplayMode>SymbolAndName</wptx1:DisplayMode>
      </wptx1:WaypointExtension>
      <ctx:CreationTimeExtension>
        <ctx:CreationTime>2026-10-02T12:44:04Z</ctx:CreationTime>
      </ctx:CreationTimeExtension>
    </extensions>
  </wpt>
  <wpt lat="-18.292488036677241" lon="32.914938982576132">
    <ele>0</ele>
    <time>2026-10-02T12:44:04Z</time>
    <name>The Challenge 2025-297</name>
    <cmt>&lt;table&gt;
&lt;tr&gt;&lt;td&gt;Longitude: 32.914939 &lt;/td&gt;&lt;/tr&gt;
&lt;tr&gt;&lt;td&gt;Latitude: -18.292488 &lt;/td&gt;&lt;/tr&gt;
&lt;tr&gt;&lt;td&gt;Heading: 156.1 &lt;/td&gt;&lt;/tr&gt;
&lt;/table&gt;</cmt>
    <desc>&lt;table&gt;
&lt;tr&gt;&lt;td&gt;Longitude: 32.914939 &lt;/td&gt;&lt;/tr&gt;
&lt;tr&gt;&lt;td&gt;Latitude: -18.292488 &lt;/td&gt;&lt;/tr&gt;
&lt;tr&gt;&lt;td&gt;Heading: 156.1 &lt;/td&gt;&lt;/tr&gt;
&lt;/table&gt;</desc>
    <sym>Flag, Blue</sym>
    <type>user</type>
    <extensions>
      <gpxx:WaypointExtension>
        <gpxx:DisplayMode>SymbolAndName</gpxx:DisplayMode>
      </gpxx:WaypointExtension>
      <wptx1:WaypointExtension>
        <wptx1:DisplayMode>SymbolAndName</wptx1:DisplayMode>
      </wptx1:WaypointExtension>
      <ctx:CreationTimeExtension>
        <ctx:CreationTime>2026-10-02T12:44:04Z</ctx:CreationTime>
      </ctx:CreationTimeExtension>
    </extensions>
  </wpt>
  <wpt lat="-18.293242994695902" lon="32.915354976430535">
    <ele>0</ele>
    <time>2026-10-02T12:44:04Z</time>
    <name>The Challenge 2025-298</name>
    <cmt>&lt;table&gt;
&lt;tr&gt;&lt;td&gt;Longitude: 32.915355 &lt;/td&gt;&lt;/tr&gt;
&lt;tr&gt;&lt;td&gt;Latitude: -18.293243 &lt;/td&gt;&lt;/tr&gt;
&lt;tr&gt;&lt;td&gt;Heading: 152.4 &lt;/td&gt;&lt;/tr&gt;
&lt;/table&gt;</cmt>
    <desc>&lt;table&gt;
&lt;tr&gt;&lt;td&gt;Longitude: 32.915355 &lt;/td&gt;&lt;/tr&gt;
&lt;tr&gt;&lt;td&gt;Latitude: -18.293243 &lt;/td&gt;&lt;/tr&gt;
&lt;tr&gt;&lt;td&gt;Heading: 152.4 &lt;/td&gt;&lt;/tr&gt;
&lt;/table&gt;</desc>
    <sym>Flag, Blue</sym>
    <type>user</type>
    <extensions>
      <gpxx:WaypointExtension>
        <gpxx:DisplayMode>SymbolAndName</gpxx:DisplayMode>
      </gpxx:WaypointExtension>
      <wptx1:WaypointExtension>
        <wptx1:DisplayMode>SymbolAndName</wptx1:DisplayMode>
      </wptx1:WaypointExtension>
      <ctx:CreationTimeExtension>
        <ctx:CreationTime>2026-10-02T12:44:04Z</ctx:CreationTime>
      </ctx:CreationTimeExtension>
    </extensions>
  </wpt>
  <wpt lat="-18.294027037918568" lon="32.915677009150386">
    <ele>0</ele>
    <time>2026-10-02T12:44:04Z</time>
    <name>The Challenge 2025-299</name>
    <cmt>&lt;table&gt;
&lt;tr&gt;&lt;td&gt;Longitude: 32.915677 &lt;/td&gt;&lt;/tr&gt;
&lt;tr&gt;&lt;td&gt;Latitude: -18.294027 &lt;/td&gt;&lt;/tr&gt;
&lt;tr&gt;&lt;td&gt;Heading: 158.7 &lt;/td&gt;&lt;/tr&gt;
&lt;/table&gt;</cmt>
    <desc>&lt;table&gt;
&lt;tr&gt;&lt;td&gt;Longitude: 32.915677 &lt;/td&gt;&lt;/tr&gt;
&lt;tr&gt;&lt;td&gt;Latitude: -18.294027 &lt;/td&gt;&lt;/tr&gt;
&lt;tr&gt;&lt;td&gt;Heading: 158.7 &lt;/td&gt;&lt;/tr&gt;
&lt;/table&gt;</desc>
    <sym>Flag, Blue</sym>
    <type>user</type>
    <extensions>
      <gpxx:WaypointExtension>
        <gpxx:DisplayMode>SymbolAndName</gpxx:DisplayMode>
      </gpxx:WaypointExtension>
      <wptx1:WaypointExtension>
        <wptx1:DisplayMode>SymbolAndName</wptx1:DisplayMode>
      </wptx1:WaypointExtension>
      <ctx:CreationTimeExtension>
        <ctx:CreationTime>2026-10-02T12:44:04Z</ctx:CreationTime>
      </ctx:CreationTimeExtension>
    </extensions>
  </wpt>
  <wpt lat="-18.344166995957494" lon="32.82933603040874">
    <ele>0</ele>
    <time>2026-10-02T12:44:04Z</time>
    <name>The Challenge 2025-3</name>
    <cmt>&lt;table&gt;
&lt;tr&gt;&lt;td&gt;Longitude: 32.829336 &lt;/td&gt;&lt;/tr&gt;
&lt;tr&gt;&lt;td&gt;Latitude: -18.344167 &lt;/td&gt;&lt;/tr&gt;
&lt;tr&gt;&lt;td&gt;Heading: 72.6 &lt;/td&gt;&lt;/tr&gt;
&lt;/table&gt;</cmt>
    <desc>&lt;table&gt;
&lt;tr&gt;&lt;td&gt;Longitude: 32.829336 &lt;/td&gt;&lt;/tr&gt;
&lt;tr&gt;&lt;td&gt;Latitude: -18.344167 &lt;/td&gt;&lt;/tr&gt;
&lt;tr&gt;&lt;td&gt;Heading: 72.6 &lt;/td&gt;&lt;/tr&gt;
&lt;/table&gt;</desc>
    <sym>Flag, Blue</sym>
    <type>user</type>
    <extensions>
      <gpxx:WaypointExtension>
        <gpxx:DisplayMode>SymbolAndName</gpxx:DisplayMode>
      </gpxx:WaypointExtension>
      <wptx1:WaypointExtension>
        <wptx1:DisplayMode>SymbolAndName</wptx1:DisplayMode>
      </wptx1:WaypointExtension>
      <ctx:CreationTimeExtension>
        <ctx:CreationTime>2026-10-02T12:44:04Z</ctx:CreationTime>
      </ctx:CreationTimeExtension>
    </extensions>
  </wpt>
  <wpt lat="-18.33760698325932" lon="32.842738023027778">
    <ele>0</ele>
    <time>2026-10-02T12:44:04Z</time>
    <name>The Challenge 2025-30</name>
    <cmt>&lt;table&gt;
&lt;tr&gt;&lt;td&gt;Longitude: 32.842738 &lt;/td&gt;&lt;/tr&gt;
&lt;tr&gt;&lt;td&gt;Latitude: -18.337607 &lt;/td&gt;&lt;/tr&gt;
&lt;tr&gt;&lt;td&gt;Heading: 133.1 &lt;/td&gt;&lt;/tr&gt;
&lt;/table&gt;</cmt>
    <desc>&lt;table&gt;
&lt;tr&gt;&lt;td&gt;Longitude: 32.842738 &lt;/td&gt;&lt;/tr&gt;
&lt;tr&gt;&lt;td&gt;Latitude: -18.337607 &lt;/td&gt;&lt;/tr&gt;
&lt;tr&gt;&lt;td&gt;Heading: 133.1 &lt;/td&gt;&lt;/tr&gt;
&lt;/table&gt;</desc>
    <sym>Flag, Blue</sym>
    <type>user</type>
    <extensions>
      <gpxx:WaypointExtension>
        <gpxx:DisplayMode>SymbolAndName</gpxx:DisplayMode>
      </gpxx:WaypointExtension>
      <wptx1:WaypointExtension>
        <wptx1:DisplayMode>SymbolAndName</wptx1:DisplayMode>
      </wptx1:WaypointExtension>
      <ctx:CreationTimeExtension>
        <ctx:CreationTime>2026-10-02T12:44:04Z</ctx:CreationTime>
      </ctx:CreationTimeExtension>
    </extensions>
  </wpt>
  <wpt lat="-18.294933037832379" lon="32.915599979460239">
    <ele>0</ele>
    <time>2026-10-02T12:44:04Z</time>
    <name>The Challenge 2025-300</name>
    <cmt>&lt;table&gt;
&lt;tr&gt;&lt;td&gt;Longitude: 32.915600 &lt;/td&gt;&lt;/tr&gt;
&lt;tr&gt;&lt;td&gt;Latitude: -18.294933 &lt;/td&gt;&lt;/tr&gt;
&lt;tr&gt;&lt;td&gt;Heading: 184.6 &lt;/td&gt;&lt;/tr&gt;
&lt;/table&gt;</cmt>
    <desc>&lt;table&gt;
&lt;tr&gt;&lt;td&gt;Longitude: 32.915600 &lt;/td&gt;&lt;/tr&gt;
&lt;tr&gt;&lt;td&gt;Latitude: -18.294933 &lt;/td&gt;&lt;/tr&gt;
&lt;tr&gt;&lt;td&gt;Heading: 184.6 &lt;/td&gt;&lt;/tr&gt;
&lt;/table&gt;</desc>
    <sym>Flag, Blue</sym>
    <type>user</type>
    <extensions>
      <gpxx:WaypointExtension>
        <gpxx:DisplayMode>SymbolAndName</gpxx:DisplayMode>
      </gpxx:WaypointExtension>
      <wptx1:WaypointExtension>
        <wptx1:DisplayMode>SymbolAndName</wptx1:DisplayMode>
      </wptx1:WaypointExtension>
      <ctx:CreationTimeExtension>
        <ctx:CreationTime>2026-10-02T12:44:04Z</ctx:CreationTime>
      </ctx:CreationTimeExtension>
    </extensions>
  </wpt>
  <wpt lat="-18.295604009181261" lon="32.916391985490918">
    <ele>0</ele>
    <time>2026-10-02T12:44:04Z</time>
    <name>The Challenge 2025-301</name>
    <cmt>&lt;table&gt;
&lt;tr&gt;&lt;td&gt;Longitude: 32.916392 &lt;/td&gt;&lt;/tr&gt;
&lt;tr&gt;&lt;td&gt;Latitude: -18.295604 &lt;/td&gt;&lt;/tr&gt;
&lt;tr&gt;&lt;td&gt;Heading: 131.8 &lt;/td&gt;&lt;/tr&gt;
&lt;/table&gt;</cmt>
    <desc>&lt;table&gt;
&lt;tr&gt;&lt;td&gt;Longitude: 32.916392 &lt;/td&gt;&lt;/tr&gt;
&lt;tr&gt;&lt;td&gt;Latitude: -18.295604 &lt;/td&gt;&lt;/tr&gt;
&lt;tr&gt;&lt;td&gt;Heading: 131.8 &lt;/td&gt;&lt;/tr&gt;
&lt;/table&gt;</desc>
    <sym>Flag, Blue</sym>
    <type>user</type>
    <extensions>
      <gpxx:WaypointExtension>
        <gpxx:DisplayMode>SymbolAndName</gpxx:DisplayMode>
      </gpxx:WaypointExtension>
      <wptx1:WaypointExtension>
        <wptx1:DisplayMode>SymbolAndName</wptx1:DisplayMode>
      </wptx1:WaypointExtension>
      <ctx:CreationTimeExtension>
        <ctx:CreationTime>2026-10-02T12:44:04Z</ctx:CreationTime>
      </ctx:CreationTimeExtension>
    </extensions>
  </wpt>
  <wpt lat="-18.296253019943833" lon="32.917163958773017">
    <ele>0</ele>
    <time>2026-10-02T12:44:04Z</time>
    <name>The Challenge 2025-302</name>
    <cmt>&lt;table&gt;
&lt;tr&gt;&lt;td&gt;Longitude: 32.917164 &lt;/td&gt;&lt;/tr&gt;
&lt;tr&gt;&lt;td&gt;Latitude: -18.296253 &lt;/td&gt;&lt;/tr&gt;
&lt;tr&gt;&lt;td&gt;Heading: 131.5 &lt;/td&gt;&lt;/tr&gt;
&lt;/table&gt;</cmt>
    <desc>&lt;table&gt;
&lt;tr&gt;&lt;td&gt;Longitude: 32.917164 &lt;/td&gt;&lt;/tr&gt;
&lt;tr&gt;&lt;td&gt;Latitude: -18.296253 &lt;/td&gt;&lt;/tr&gt;
&lt;tr&gt;&lt;td&gt;Heading: 131.5 &lt;/td&gt;&lt;/tr&gt;
&lt;/table&gt;</desc>
    <sym>Flag, Blue</sym>
    <type>user</type>
    <extensions>
      <gpxx:WaypointExtension>
        <gpxx:DisplayMode>SymbolAndName</gpxx:DisplayMode>
      </gpxx:WaypointExtension>
      <wptx1:WaypointExtension>
        <wptx1:DisplayMode>SymbolAndName</wptx1:DisplayMode>
      </wptx1:WaypointExtension>
      <ctx:CreationTimeExtension>
        <ctx:CreationTime>2026-10-02T12:44:04Z</ctx:CreationTime>
      </ctx:CreationTimeExtension>
    </extensions>
  </wpt>
  <wpt lat="-18.297376027330756" lon="32.917374009266496">
    <ele>0</ele>
    <time>2026-10-02T12:44:04Z</time>
    <name>The Challenge 2025-303</name>
    <cmt>&lt;table&gt;
&lt;tr&gt;&lt;td&gt;Longitude: 32.917374 &lt;/td&gt;&lt;/tr&gt;
&lt;tr&gt;&lt;td&gt;Latitude: -18.297376 &lt;/td&gt;&lt;/tr&gt;
&lt;tr&gt;&lt;td&gt;Heading: 169.9 &lt;/td&gt;&lt;/tr&gt;
&lt;/table&gt;</cmt>
    <desc>&lt;table&gt;
&lt;tr&gt;&lt;td&gt;Longitude: 32.917374 &lt;/td&gt;&lt;/tr&gt;
&lt;tr&gt;&lt;td&gt;Latitude: -18.297376 &lt;/td&gt;&lt;/tr&gt;
&lt;tr&gt;&lt;td&gt;Heading: 169.9 &lt;/td&gt;&lt;/tr&gt;
&lt;/table&gt;</desc>
    <sym>Flag, Blue</sym>
    <type>user</type>
    <extensions>
      <gpxx:WaypointExtension>
        <gpxx:DisplayMode>SymbolAndName</gpxx:DisplayMode>
      </gpxx:WaypointExtension>
      <wptx1:WaypointExtension>
        <wptx1:DisplayMode>SymbolAndName</wptx1:DisplayMode>
      </wptx1:WaypointExtension>
      <ctx:CreationTimeExtension>
        <ctx:CreationTime>2026-10-02T12:44:04Z</ctx:CreationTime>
      </ctx:CreationTimeExtension>
    </extensions>
  </wpt>
  <wpt lat="-18.298106007277966" lon="32.918153023347259">
    <ele>0</ele>
    <time>2026-10-02T12:44:04Z</time>
    <name>The Challenge 2025-304</name>
    <cmt>&lt;table&gt;
&lt;tr&gt;&lt;td&gt;Longitude: 32.918153 &lt;/td&gt;&lt;/tr&gt;
&lt;tr&gt;&lt;td&gt;Latitude: -18.298106 &lt;/td&gt;&lt;/tr&gt;
&lt;tr&gt;&lt;td&gt;Heading: 134.6 &lt;/td&gt;&lt;/tr&gt;
&lt;/table&gt;</cmt>
    <desc>&lt;table&gt;
&lt;tr&gt;&lt;td&gt;Longitude: 32.918153 &lt;/td&gt;&lt;/tr&gt;
&lt;tr&gt;&lt;td&gt;Latitude: -18.298106 &lt;/td&gt;&lt;/tr&gt;
&lt;tr&gt;&lt;td&gt;Heading: 134.6 &lt;/td&gt;&lt;/tr&gt;
&lt;/table&gt;</desc>
    <sym>Flag, Blue</sym>
    <type>user</type>
    <extensions>
      <gpxx:WaypointExtension>
        <gpxx:DisplayMode>SymbolAndName</gpxx:DisplayMode>
      </gpxx:WaypointExtension>
      <wptx1:WaypointExtension>
        <wptx1:DisplayMode>SymbolAndName</wptx1:DisplayMode>
      </wptx1:WaypointExtension>
      <ctx:CreationTimeExtension>
        <ctx:CreationTime>2026-10-02T12:44:04Z</ctx:CreationTime>
      </ctx:CreationTimeExtension>
    </extensions>
  </wpt>
  <wpt lat="-18.299136981368065" lon="32.918460974469781">
    <ele>0</ele>
    <time>2026-10-02T12:44:04Z</time>
    <name>The Challenge 2025-305</name>
    <cmt>&lt;table&gt;
&lt;tr&gt;&lt;td&gt;Longitude: 32.918461 &lt;/td&gt;&lt;/tr&gt;
&lt;tr&gt;&lt;td&gt;Latitude: -18.299137 &lt;/td&gt;&lt;/tr&gt;
&lt;tr&gt;&lt;td&gt;Heading: 164.1 &lt;/td&gt;&lt;/tr&gt;
&lt;/table&gt;</cmt>
    <desc>&lt;table&gt;
&lt;tr&gt;&lt;td&gt;Longitude: 32.918461 &lt;/td&gt;&lt;/tr&gt;
&lt;tr&gt;&lt;td&gt;Latitude: -18.299137 &lt;/td&gt;&lt;/tr&gt;
&lt;tr&gt;&lt;td&gt;Heading: 164.1 &lt;/td&gt;&lt;/tr&gt;
&lt;/table&gt;</desc>
    <sym>Flag, Blue</sym>
    <type>user</type>
    <extensions>
      <gpxx:WaypointExtension>
        <gpxx:DisplayMode>SymbolAndName</gpxx:DisplayMode>
      </gpxx:WaypointExtension>
      <wptx1:WaypointExtension>
        <wptx1:DisplayMode>SymbolAndName</wptx1:DisplayMode>
      </wptx1:WaypointExtension>
      <ctx:CreationTimeExtension>
        <ctx:CreationTime>2026-10-02T12:44:04Z</ctx:CreationTime>
      </ctx:CreationTimeExtension>
    </extensions>
  </wpt>
  <wpt lat="-18.299800995737314" lon="32.918924996629357">
    <ele>0</ele>
    <time>2026-10-02T12:44:04Z</time>
    <name>The Challenge 2025-306</name>
    <cmt>&lt;table&gt;
&lt;tr&gt;&lt;td&gt;Longitude: 32.918925 &lt;/td&gt;&lt;/tr&gt;
&lt;tr&gt;&lt;td&gt;Latitude: -18.299801 &lt;/td&gt;&lt;/tr&gt;
&lt;tr&gt;&lt;td&gt;Heading: 146.4 &lt;/td&gt;&lt;/tr&gt;
&lt;/table&gt;</cmt>
    <desc>&lt;table&gt;
&lt;tr&gt;&lt;td&gt;Longitude: 32.918925 &lt;/td&gt;&lt;/tr&gt;
&lt;tr&gt;&lt;td&gt;Latitude: -18.299801 &lt;/td&gt;&lt;/tr&gt;
&lt;tr&gt;&lt;td&gt;Heading: 146.4 &lt;/td&gt;&lt;/tr&gt;
&lt;/table&gt;</desc>
    <sym>Flag, Blue</sym>
    <type>user</type>
    <extensions>
      <gpxx:WaypointExtension>
        <gpxx:DisplayMode>SymbolAndName</gpxx:DisplayMode>
      </gpxx:WaypointExtension>
      <wptx1:WaypointExtension>
        <wptx1:DisplayMode>SymbolAndName</wptx1:DisplayMode>
      </wptx1:WaypointExtension>
      <ctx:CreationTimeExtension>
        <ctx:CreationTime>2026-10-02T12:44:04Z</ctx:CreationTime>
      </ctx:CreationTimeExtension>
    </extensions>
  </wpt>
  <wpt lat="-18.300316985696554" lon="32.919085007160902">
    <ele>0</ele>
    <time>2026-10-02T12:44:04Z</time>
    <name>The Challenge 2025-307</name>
    <cmt>&lt;table&gt;
&lt;tr&gt;&lt;td&gt;Longitude: 32.919085 &lt;/td&gt;&lt;/tr&gt;
&lt;tr&gt;&lt;td&gt;Latitude: -18.300317 &lt;/td&gt;&lt;/tr&gt;
&lt;tr&gt;&lt;td&gt;Heading: 163.6 &lt;/td&gt;&lt;/tr&gt;
&lt;/table&gt;</cmt>
    <desc>&lt;table&gt;
&lt;tr&gt;&lt;td&gt;Longitude: 32.919085 &lt;/td&gt;&lt;/tr&gt;
&lt;tr&gt;&lt;td&gt;Latitude: -18.300317 &lt;/td&gt;&lt;/tr&gt;
&lt;tr&gt;&lt;td&gt;Heading: 163.6 &lt;/td&gt;&lt;/tr&gt;
&lt;/table&gt;</desc>
    <sym>Flag, Blue</sym>
    <type>user</type>
    <extensions>
      <gpxx:WaypointExtension>
        <gpxx:DisplayMode>SymbolAndName</gpxx:DisplayMode>
      </gpxx:WaypointExtension>
      <wptx1:WaypointExtension>
        <wptx1:DisplayMode>SymbolAndName</wptx1:DisplayMode>
      </wptx1:WaypointExtension>
      <ctx:CreationTimeExtension>
        <ctx:CreationTime>2026-10-02T12:44:04Z</ctx:CreationTime>
      </ctx:CreationTimeExtension>
    </extensions>
  </wpt>
  <wpt lat="-18.301070015877485" lon="32.919353982433677">
    <ele>0</ele>
    <time>2026-10-02T12:44:04Z</time>
    <name>The Challenge 2025-308</name>
    <cmt>&lt;table&gt;
&lt;tr&gt;&lt;td&gt;Longitude: 32.919354 &lt;/td&gt;&lt;/tr&gt;
&lt;tr&gt;&lt;td&gt;Latitude: -18.301070 &lt;/td&gt;&lt;/tr&gt;
&lt;tr&gt;&lt;td&gt;Heading: 161.3 &lt;/td&gt;&lt;/tr&gt;
&lt;/table&gt;</cmt>
    <desc>&lt;table&gt;
&lt;tr&gt;&lt;td&gt;Longitude: 32.919354 &lt;/td&gt;&lt;/tr&gt;
&lt;tr&gt;&lt;td&gt;Latitude: -18.301070 &lt;/td&gt;&lt;/tr&gt;
&lt;tr&gt;&lt;td&gt;Heading: 161.3 &lt;/td&gt;&lt;/tr&gt;
&lt;/table&gt;</desc>
    <sym>Flag, Blue</sym>
    <type>user</type>
    <extensions>
      <gpxx:WaypointExtension>
        <gpxx:DisplayMode>SymbolAndName</gpxx:DisplayMode>
      </gpxx:WaypointExtension>
      <wptx1:WaypointExtension>
        <wptx1:DisplayMode>SymbolAndName</wptx1:DisplayMode>
      </wptx1:WaypointExtension>
      <ctx:CreationTimeExtension>
        <ctx:CreationTime>2026-10-02T12:44:04Z</ctx:CreationTime>
      </ctx:CreationTimeExtension>
    </extensions>
  </wpt>
  <wpt lat="-18.301767976954579" lon="32.91968397796154">
    <ele>0</ele>
    <time>2026-10-02T12:44:04Z</time>
    <name>The Challenge 2025-309</name>
    <cmt>&lt;table&gt;
&lt;tr&gt;&lt;td&gt;Longitude: 32.919684 &lt;/td&gt;&lt;/tr&gt;
&lt;tr&gt;&lt;td&gt;Latitude: -18.301768 &lt;/td&gt;&lt;/tr&gt;
&lt;tr&gt;&lt;td&gt;Heading: 155.8 &lt;/td&gt;&lt;/tr&gt;
&lt;/table&gt;</cmt>
    <desc>&lt;table&gt;
&lt;tr&gt;&lt;td&gt;Longitude: 32.919684 &lt;/td&gt;&lt;/tr&gt;
&lt;tr&gt;&lt;td&gt;Latitude: -18.301768 &lt;/td&gt;&lt;/tr&gt;
&lt;tr&gt;&lt;td&gt;Heading: 155.8 &lt;/td&gt;&lt;/tr&gt;
&lt;/table&gt;</desc>
    <sym>Flag, Blue</sym>
    <type>user</type>
    <extensions>
      <gpxx:WaypointExtension>
        <gpxx:DisplayMode>SymbolAndName</gpxx:DisplayMode>
      </gpxx:WaypointExtension>
      <wptx1:WaypointExtension>
        <wptx1:DisplayMode>SymbolAndName</wptx1:DisplayMode>
      </wptx1:WaypointExtension>
      <ctx:CreationTimeExtension>
        <ctx:CreationTime>2026-10-02T12:44:04Z</ctx:CreationTime>
      </ctx:CreationTimeExtension>
    </extensions>
  </wpt>
  <wpt lat="-18.337660040706396" lon="32.843047985807061">
    <ele>0</ele>
    <time>2026-10-02T12:44:04Z</time>
    <name>The Challenge 2025-31</name>
    <cmt>&lt;table&gt;
&lt;tr&gt;&lt;td&gt;Longitude: 32.843048 &lt;/td&gt;&lt;/tr&gt;
&lt;tr&gt;&lt;td&gt;Latitude: -18.337660 &lt;/td&gt;&lt;/tr&gt;
&lt;tr&gt;&lt;td&gt;Heading: 100.3 &lt;/td&gt;&lt;/tr&gt;
&lt;/table&gt;</cmt>
    <desc>&lt;table&gt;
&lt;tr&gt;&lt;td&gt;Longitude: 32.843048 &lt;/td&gt;&lt;/tr&gt;
&lt;tr&gt;&lt;td&gt;Latitude: -18.337660 &lt;/td&gt;&lt;/tr&gt;
&lt;tr&gt;&lt;td&gt;Heading: 100.3 &lt;/td&gt;&lt;/tr&gt;
&lt;/table&gt;</desc>
    <sym>Flag, Blue</sym>
    <type>user</type>
    <extensions>
      <gpxx:WaypointExtension>
        <gpxx:DisplayMode>SymbolAndName</gpxx:DisplayMode>
      </gpxx:WaypointExtension>
      <wptx1:WaypointExtension>
        <wptx1:DisplayMode>SymbolAndName</wptx1:DisplayMode>
      </wptx1:WaypointExtension>
      <ctx:CreationTimeExtension>
        <ctx:CreationTime>2026-10-02T12:44:04Z</ctx:CreationTime>
      </ctx:CreationTimeExtension>
    </extensions>
  </wpt>
  <wpt lat="-18.303371015936136" lon="32.919816998764873">
    <ele>0</ele>
    <time>2026-10-02T12:44:04Z</time>
    <name>The Challenge 2025-310</name>
    <cmt>&lt;table&gt;
&lt;tr&gt;&lt;td&gt;Longitude: 32.919817 &lt;/td&gt;&lt;/tr&gt;
&lt;tr&gt;&lt;td&gt;Latitude: -18.303371 &lt;/td&gt;&lt;/tr&gt;
&lt;tr&gt;&lt;td&gt;Heading: 175.5 &lt;/td&gt;&lt;/tr&gt;
&lt;/table&gt;</cmt>
    <desc>&lt;table&gt;
&lt;tr&gt;&lt;td&gt;Longitude: 32.919817 &lt;/td&gt;&lt;/tr&gt;
&lt;tr&gt;&lt;td&gt;Latitude: -18.303371 &lt;/td&gt;&lt;/tr&gt;
&lt;tr&gt;&lt;td&gt;Heading: 175.5 &lt;/td&gt;&lt;/tr&gt;
&lt;/table&gt;</desc>
    <sym>Flag, Blue</sym>
    <type>user</type>
    <extensions>
      <gpxx:WaypointExtension>
        <gpxx:DisplayMode>SymbolAndName</gpxx:DisplayMode>
      </gpxx:WaypointExtension>
      <wptx1:WaypointExtension>
        <wptx1:DisplayMode>SymbolAndName</wptx1:DisplayMode>
      </wptx1:WaypointExtension>
      <ctx:CreationTimeExtension>
        <ctx:CreationTime>2026-10-02T12:44:04Z</ctx:CreationTime>
      </ctx:CreationTimeExtension>
    </extensions>
  </wpt>
  <wpt lat="-18.305056029930711" lon="32.920313961803913">
    <ele>0</ele>
    <time>2026-10-02T12:44:04Z</time>
    <name>The Challenge 2025-311</name>
    <cmt>&lt;table&gt;
&lt;tr&gt;&lt;td&gt;Longitude: 32.920314 &lt;/td&gt;&lt;/tr&gt;
&lt;tr&gt;&lt;td&gt;Latitude: -18.305056 &lt;/td&gt;&lt;/tr&gt;
&lt;tr&gt;&lt;td&gt;Heading: 164.4 &lt;/td&gt;&lt;/tr&gt;
&lt;/table&gt;</cmt>
    <desc>&lt;table&gt;
&lt;tr&gt;&lt;td&gt;Longitude: 32.920314 &lt;/td&gt;&lt;/tr&gt;
&lt;tr&gt;&lt;td&gt;Latitude: -18.305056 &lt;/td&gt;&lt;/tr&gt;
&lt;tr&gt;&lt;td&gt;Heading: 164.4 &lt;/td&gt;&lt;/tr&gt;
&lt;/table&gt;</desc>
    <sym>Flag, Blue</sym>
    <type>user</type>
    <extensions>
      <gpxx:WaypointExtension>
        <gpxx:DisplayMode>SymbolAndName</gpxx:DisplayMode>
      </gpxx:WaypointExtension>
      <wptx1:WaypointExtension>
        <wptx1:DisplayMode>SymbolAndName</wptx1:DisplayMode>
      </wptx1:WaypointExtension>
      <ctx:CreationTimeExtension>
        <ctx:CreationTime>2026-10-02T12:44:04Z</ctx:CreationTime>
      </ctx:CreationTimeExtension>
    </extensions>
  </wpt>
  <wpt lat="-18.306226981803775" lon="32.921124994754791">
    <ele>0</ele>
    <time>2026-10-02T12:44:04Z</time>
    <name>The Challenge 2025-312</name>
    <cmt>&lt;table&gt;
&lt;tr&gt;&lt;td&gt;Longitude: 32.921125 &lt;/td&gt;&lt;/tr&gt;
&lt;tr&gt;&lt;td&gt;Latitude: -18.306227 &lt;/td&gt;&lt;/tr&gt;
&lt;tr&gt;&lt;td&gt;Heading: 146.7 &lt;/td&gt;&lt;/tr&gt;
&lt;/table&gt;</cmt>
    <desc>&lt;table&gt;
&lt;tr&gt;&lt;td&gt;Longitude: 32.921125 &lt;/td&gt;&lt;/tr&gt;
&lt;tr&gt;&lt;td&gt;Latitude: -18.306227 &lt;/td&gt;&lt;/tr&gt;
&lt;tr&gt;&lt;td&gt;Heading: 146.7 &lt;/td&gt;&lt;/tr&gt;
&lt;/table&gt;</desc>
    <sym>Flag, Blue</sym>
    <type>user</type>
    <extensions>
      <gpxx:WaypointExtension>
        <gpxx:DisplayMode>SymbolAndName</gpxx:DisplayMode>
      </gpxx:WaypointExtension>
      <wptx1:WaypointExtension>
        <wptx1:DisplayMode>SymbolAndName</wptx1:DisplayMode>
      </wptx1:WaypointExtension>
      <ctx:CreationTimeExtension>
        <ctx:CreationTime>2026-10-02T12:44:04Z</ctx:CreationTime>
      </ctx:CreationTimeExtension>
    </extensions>
  </wpt>
  <wpt lat="-18.307689037173986" lon="32.922187987715006">
    <ele>0</ele>
    <time>2026-10-02T12:44:04Z</time>
    <name>The Challenge 2025-313</name>
    <cmt>&lt;table&gt;
&lt;tr&gt;&lt;td&gt;Longitude: 32.922188 &lt;/td&gt;&lt;/tr&gt;
&lt;tr&gt;&lt;td&gt;Latitude: -18.307689 &lt;/td&gt;&lt;/tr&gt;
&lt;tr&gt;&lt;td&gt;Heading: 145.4 &lt;/td&gt;&lt;/tr&gt;
&lt;/table&gt;</cmt>
    <desc>&lt;table&gt;
&lt;tr&gt;&lt;td&gt;Longitude: 32.922188 &lt;/td&gt;&lt;/tr&gt;
&lt;tr&gt;&lt;td&gt;Latitude: -18.307689 &lt;/td&gt;&lt;/tr&gt;
&lt;tr&gt;&lt;td&gt;Heading: 145.4 &lt;/td&gt;&lt;/tr&gt;
&lt;/table&gt;</desc>
    <sym>Flag, Blue</sym>
    <type>user</type>
    <extensions>
      <gpxx:WaypointExtension>
        <gpxx:DisplayMode>SymbolAndName</gpxx:DisplayMode>
      </gpxx:WaypointExtension>
      <wptx1:WaypointExtension>
        <wptx1:DisplayMode>SymbolAndName</wptx1:DisplayMode>
      </wptx1:WaypointExtension>
      <ctx:CreationTimeExtension>
        <ctx:CreationTime>2026-10-02T12:44:04Z</ctx:CreationTime>
      </ctx:CreationTimeExtension>
    </extensions>
  </wpt>
  <wpt lat="-18.309065010398626" lon="32.923205969855189">
    <ele>0</ele>
    <time>2026-10-02T12:44:04Z</time>
    <name>The Challenge 2025-314</name>
    <cmt>&lt;table&gt;
&lt;tr&gt;&lt;td&gt;Longitude: 32.923206 &lt;/td&gt;&lt;/tr&gt;
&lt;tr&gt;&lt;td&gt;Latitude: -18.309065 &lt;/td&gt;&lt;/tr&gt;
&lt;tr&gt;&lt;td&gt;Heading: 144.9 &lt;/td&gt;&lt;/tr&gt;
&lt;/table&gt;</cmt>
    <desc>&lt;table&gt;
&lt;tr&gt;&lt;td&gt;Longitude: 32.923206 &lt;/td&gt;&lt;/tr&gt;
&lt;tr&gt;&lt;td&gt;Latitude: -18.309065 &lt;/td&gt;&lt;/tr&gt;
&lt;tr&gt;&lt;td&gt;Heading: 144.9 &lt;/td&gt;&lt;/tr&gt;
&lt;/table&gt;</desc>
    <sym>Flag, Blue</sym>
    <type>user</type>
    <extensions>
      <gpxx:WaypointExtension>
        <gpxx:DisplayMode>SymbolAndName</gpxx:DisplayMode>
      </gpxx:WaypointExtension>
      <wptx1:WaypointExtension>
        <wptx1:DisplayMode>SymbolAndName</wptx1:DisplayMode>
      </wptx1:WaypointExtension>
      <ctx:CreationTimeExtension>
        <ctx:CreationTime>2026-10-02T12:44:04Z</ctx:CreationTime>
      </ctx:CreationTimeExtension>
    </extensions>
  </wpt>
  <wpt lat="-18.309647971764207" lon="32.92372397147119">
    <ele>0</ele>
    <time>2026-10-02T12:44:04Z</time>
    <name>The Challenge 2025-315</name>
    <cmt>&lt;table&gt;
&lt;tr&gt;&lt;td&gt;Longitude: 32.923724 &lt;/td&gt;&lt;/tr&gt;
&lt;tr&gt;&lt;td&gt;Latitude: -18.309648 &lt;/td&gt;&lt;/tr&gt;
&lt;tr&gt;&lt;td&gt;Heading: 139.9 &lt;/td&gt;&lt;/tr&gt;
&lt;/table&gt;</cmt>
    <desc>&lt;table&gt;
&lt;tr&gt;&lt;td&gt;Longitude: 32.923724 &lt;/td&gt;&lt;/tr&gt;
&lt;tr&gt;&lt;td&gt;Latitude: -18.309648 &lt;/td&gt;&lt;/tr&gt;
&lt;tr&gt;&lt;td&gt;Heading: 139.9 &lt;/td&gt;&lt;/tr&gt;
&lt;/table&gt;</desc>
    <sym>Flag, Blue</sym>
    <type>user</type>
    <extensions>
      <gpxx:WaypointExtension>
        <gpxx:DisplayMode>SymbolAndName</gpxx:DisplayMode>
      </gpxx:WaypointExtension>
      <wptx1:WaypointExtension>
        <wptx1:DisplayMode>SymbolAndName</wptx1:DisplayMode>
      </wptx1:WaypointExtension>
      <ctx:CreationTimeExtension>
        <ctx:CreationTime>2026-10-02T12:44:04Z</ctx:CreationTime>
      </ctx:CreationTimeExtension>
    </extensions>
  </wpt>
  <wpt lat="-18.310163039714098" lon="32.923793960362673">
    <ele>0</ele>
    <time>2026-10-02T12:44:04Z</time>
    <name>The Challenge 2025-316</name>
    <cmt>&lt;table&gt;
&lt;tr&gt;&lt;td&gt;Longitude: 32.923794 &lt;/td&gt;&lt;/tr&gt;
&lt;tr&gt;&lt;td&gt;Latitude: -18.310163 &lt;/td&gt;&lt;/tr&gt;
&lt;tr&gt;&lt;td&gt;Heading: 172.6 &lt;/td&gt;&lt;/tr&gt;
&lt;/table&gt;</cmt>
    <desc>&lt;table&gt;
&lt;tr&gt;&lt;td&gt;Longitude: 32.923794 &lt;/td&gt;&lt;/tr&gt;
&lt;tr&gt;&lt;td&gt;Latitude: -18.310163 &lt;/td&gt;&lt;/tr&gt;
&lt;tr&gt;&lt;td&gt;Heading: 172.6 &lt;/td&gt;&lt;/tr&gt;
&lt;/table&gt;</desc>
    <sym>Flag, Blue</sym>
    <type>user</type>
    <extensions>
      <gpxx:WaypointExtension>
        <gpxx:DisplayMode>SymbolAndName</gpxx:DisplayMode>
      </gpxx:WaypointExtension>
      <wptx1:WaypointExtension>
        <wptx1:DisplayMode>SymbolAndName</wptx1:DisplayMode>
      </wptx1:WaypointExtension>
      <ctx:CreationTimeExtension>
        <ctx:CreationTime>2026-10-02T12:44:04Z</ctx:CreationTime>
      </ctx:CreationTimeExtension>
    </extensions>
  </wpt>
  <wpt lat="-18.310729991644621" lon="32.924723010510206">
    <ele>0</ele>
    <time>2026-10-02T12:44:04Z</time>
    <name>The Challenge 2025-317</name>
    <cmt>&lt;table&gt;
&lt;tr&gt;&lt;td&gt;Longitude: 32.924723 &lt;/td&gt;&lt;/tr&gt;
&lt;tr&gt;&lt;td&gt;Latitude: -18.310730 &lt;/td&gt;&lt;/tr&gt;
&lt;tr&gt;&lt;td&gt;Heading: 122.7 &lt;/td&gt;&lt;/tr&gt;
&lt;/table&gt;</cmt>
    <desc>&lt;table&gt;
&lt;tr&gt;&lt;td&gt;Longitude: 32.924723 &lt;/td&gt;&lt;/tr&gt;
&lt;tr&gt;&lt;td&gt;Latitude: -18.310730 &lt;/td&gt;&lt;/tr&gt;
&lt;tr&gt;&lt;td&gt;Heading: 122.7 &lt;/td&gt;&lt;/tr&gt;
&lt;/table&gt;</desc>
    <sym>Flag, Blue</sym>
    <type>user</type>
    <extensions>
      <gpxx:WaypointExtension>
        <gpxx:DisplayMode>SymbolAndName</gpxx:DisplayMode>
      </gpxx:WaypointExtension>
      <wptx1:WaypointExtension>
        <wptx1:DisplayMode>SymbolAndName</wptx1:DisplayMode>
      </wptx1:WaypointExtension>
      <ctx:CreationTimeExtension>
        <ctx:CreationTime>2026-10-02T12:44:04Z</ctx:CreationTime>
      </ctx:CreationTimeExtension>
    </extensions>
  </wpt>
  <wpt lat="-18.311310019344091" lon="32.925389958545566">
    <ele>0</ele>
    <time>2026-10-02T12:44:04Z</time>
    <name>The Challenge 2025-318</name>
    <cmt>&lt;table&gt;
&lt;tr&gt;&lt;td&gt;Longitude: 32.925390 &lt;/td&gt;&lt;/tr&gt;
&lt;tr&gt;&lt;td&gt;Latitude: -18.311310 &lt;/td&gt;&lt;/tr&gt;
&lt;tr&gt;&lt;td&gt;Heading: 132.5 &lt;/td&gt;&lt;/tr&gt;
&lt;/table&gt;</cmt>
    <desc>&lt;table&gt;
&lt;tr&gt;&lt;td&gt;Longitude: 32.925390 &lt;/td&gt;&lt;/tr&gt;
&lt;tr&gt;&lt;td&gt;Latitude: -18.311310 &lt;/td&gt;&lt;/tr&gt;
&lt;tr&gt;&lt;td&gt;Heading: 132.5 &lt;/td&gt;&lt;/tr&gt;
&lt;/table&gt;</desc>
    <sym>Flag, Blue</sym>
    <type>user</type>
    <extensions>
      <gpxx:WaypointExtension>
        <gpxx:DisplayMode>SymbolAndName</gpxx:DisplayMode>
      </gpxx:WaypointExtension>
      <wptx1:WaypointExtension>
        <wptx1:DisplayMode>SymbolAndName</wptx1:DisplayMode>
      </wptx1:WaypointExtension>
      <ctx:CreationTimeExtension>
        <ctx:CreationTime>2026-10-02T12:44:04Z</ctx:CreationTime>
      </ctx:CreationTimeExtension>
    </extensions>
  </wpt>
  <wpt lat="-18.311721989884973" lon="32.92546397075057">
    <ele>0</ele>
    <time>2026-10-02T12:44:04Z</time>
    <name>The Challenge 2025-319</name>
    <cmt>&lt;table&gt;
&lt;tr&gt;&lt;td&gt;Longitude: 32.925464 &lt;/td&gt;&lt;/tr&gt;
&lt;tr&gt;&lt;td&gt;Latitude: -18.311722 &lt;/td&gt;&lt;/tr&gt;
&lt;tr&gt;&lt;td&gt;Heading: 170.3 &lt;/td&gt;&lt;/tr&gt;
&lt;/table&gt;</cmt>
    <desc>&lt;table&gt;
&lt;tr&gt;&lt;td&gt;Longitude: 32.925464 &lt;/td&gt;&lt;/tr&gt;
&lt;tr&gt;&lt;td&gt;Latitude: -18.311722 &lt;/td&gt;&lt;/tr&gt;
&lt;tr&gt;&lt;td&gt;Heading: 170.3 &lt;/td&gt;&lt;/tr&gt;
&lt;/table&gt;</desc>
    <sym>Flag, Blue</sym>
    <type>user</type>
    <extensions>
      <gpxx:WaypointExtension>
        <gpxx:DisplayMode>SymbolAndName</gpxx:DisplayMode>
      </gpxx:WaypointExtension>
      <wptx1:WaypointExtension>
        <wptx1:DisplayMode>SymbolAndName</wptx1:DisplayMode>
      </wptx1:WaypointExtension>
      <ctx:CreationTimeExtension>
        <ctx:CreationTime>2026-10-02T12:44:04Z</ctx:CreationTime>
      </ctx:CreationTimeExtension>
    </extensions>
  </wpt>
  <wpt lat="-18.337335996329784" lon="32.843941999599338">
    <ele>0</ele>
    <time>2026-10-02T12:44:04Z</time>
    <name>The Challenge 2025-32</name>
    <cmt>&lt;table&gt;
&lt;tr&gt;&lt;td&gt;Longitude: 32.843942 &lt;/td&gt;&lt;/tr&gt;
&lt;tr&gt;&lt;td&gt;Latitude: -18.337336 &lt;/td&gt;&lt;/tr&gt;
&lt;tr&gt;&lt;td&gt;Heading: 69.1 &lt;/td&gt;&lt;/tr&gt;
&lt;/table&gt;</cmt>
    <desc>&lt;table&gt;
&lt;tr&gt;&lt;td&gt;Longitude: 32.843942 &lt;/td&gt;&lt;/tr&gt;
&lt;tr&gt;&lt;td&gt;Latitude: -18.337336 &lt;/td&gt;&lt;/tr&gt;
&lt;tr&gt;&lt;td&gt;Heading: 69.1 &lt;/td&gt;&lt;/tr&gt;
&lt;/table&gt;</desc>
    <sym>Flag, Blue</sym>
    <type>user</type>
    <extensions>
      <gpxx:WaypointExtension>
        <gpxx:DisplayMode>SymbolAndName</gpxx:DisplayMode>
      </gpxx:WaypointExtension>
      <wptx1:WaypointExtension>
        <wptx1:DisplayMode>SymbolAndName</wptx1:DisplayMode>
      </wptx1:WaypointExtension>
      <ctx:CreationTimeExtension>
        <ctx:CreationTime>2026-10-02T12:44:04Z</ctx:CreationTime>
      </ctx:CreationTimeExtension>
    </extensions>
  </wpt>
  <wpt lat="-18.311719978228211" lon="32.925965962931514">
    <ele>0</ele>
    <time>2026-10-02T12:44:04Z</time>
    <name>The Challenge 2025-320</name>
    <cmt>&lt;table&gt;
&lt;tr&gt;&lt;td&gt;Longitude: 32.925966 &lt;/td&gt;&lt;/tr&gt;
&lt;tr&gt;&lt;td&gt;Latitude: -18.311720 &lt;/td&gt;&lt;/tr&gt;
&lt;tr&gt;&lt;td&gt;Heading: 89.8 &lt;/td&gt;&lt;/tr&gt;
&lt;/table&gt;</cmt>
    <desc>&lt;table&gt;
&lt;tr&gt;&lt;td&gt;Longitude: 32.925966 &lt;/td&gt;&lt;/tr&gt;
&lt;tr&gt;&lt;td&gt;Latitude: -18.311720 &lt;/td&gt;&lt;/tr&gt;
&lt;tr&gt;&lt;td&gt;Heading: 89.8 &lt;/td&gt;&lt;/tr&gt;
&lt;/table&gt;</desc>
    <sym>Flag, Blue</sym>
    <type>user</type>
    <extensions>
      <gpxx:WaypointExtension>
        <gpxx:DisplayMode>SymbolAndName</gpxx:DisplayMode>
      </gpxx:WaypointExtension>
      <wptx1:WaypointExtension>
        <wptx1:DisplayMode>SymbolAndName</wptx1:DisplayMode>
      </wptx1:WaypointExtension>
      <ctx:CreationTimeExtension>
        <ctx:CreationTime>2026-10-02T12:44:04Z</ctx:CreationTime>
      </ctx:CreationTimeExtension>
    </extensions>
  </wpt>
  <wpt lat="-18.312320038676262" lon="32.926398972049356">
    <ele>0</ele>
    <time>2026-10-02T12:44:04Z</time>
    <name>The Challenge 2025-321</name>
    <cmt>&lt;table&gt;
&lt;tr&gt;&lt;td&gt;Longitude: 32.926399 &lt;/td&gt;&lt;/tr&gt;
&lt;tr&gt;&lt;td&gt;Latitude: -18.312320 &lt;/td&gt;&lt;/tr&gt;
&lt;tr&gt;&lt;td&gt;Heading: 145.6 &lt;/td&gt;&lt;/tr&gt;
&lt;/table&gt;</cmt>
    <desc>&lt;table&gt;
&lt;tr&gt;&lt;td&gt;Longitude: 32.926399 &lt;/td&gt;&lt;/tr&gt;
&lt;tr&gt;&lt;td&gt;Latitude: -18.312320 &lt;/td&gt;&lt;/tr&gt;
&lt;tr&gt;&lt;td&gt;Heading: 145.6 &lt;/td&gt;&lt;/tr&gt;
&lt;/table&gt;</desc>
    <sym>Flag, Blue</sym>
    <type>user</type>
    <extensions>
      <gpxx:WaypointExtension>
        <gpxx:DisplayMode>SymbolAndName</gpxx:DisplayMode>
      </gpxx:WaypointExtension>
      <wptx1:WaypointExtension>
        <wptx1:DisplayMode>SymbolAndName</wptx1:DisplayMode>
      </wptx1:WaypointExtension>
      <ctx:CreationTimeExtension>
        <ctx:CreationTime>2026-10-02T12:44:04Z</ctx:CreationTime>
      </ctx:CreationTimeExtension>
    </extensions>
  </wpt>
  <wpt lat="-18.312697978690267" lon="32.926916973665357">
    <ele>0</ele>
    <time>2026-10-02T12:44:04Z</time>
    <name>The Challenge 2025-322</name>
    <cmt>&lt;table&gt;
&lt;tr&gt;&lt;td&gt;Longitude: 32.926917 &lt;/td&gt;&lt;/tr&gt;
&lt;tr&gt;&lt;td&gt;Latitude: -18.312698 &lt;/td&gt;&lt;/tr&gt;
&lt;tr&gt;&lt;td&gt;Heading: 127.5 &lt;/td&gt;&lt;/tr&gt;
&lt;/table&gt;</cmt>
    <desc>&lt;table&gt;
&lt;tr&gt;&lt;td&gt;Longitude: 32.926917 &lt;/td&gt;&lt;/tr&gt;
&lt;tr&gt;&lt;td&gt;Latitude: -18.312698 &lt;/td&gt;&lt;/tr&gt;
&lt;tr&gt;&lt;td&gt;Heading: 127.5 &lt;/td&gt;&lt;/tr&gt;
&lt;/table&gt;</desc>
    <sym>Flag, Blue</sym>
    <type>user</type>
    <extensions>
      <gpxx:WaypointExtension>
        <gpxx:DisplayMode>SymbolAndName</gpxx:DisplayMode>
      </gpxx:WaypointExtension>
      <wptx1:WaypointExtension>
        <wptx1:DisplayMode>SymbolAndName</wptx1:DisplayMode>
      </wptx1:WaypointExtension>
      <ctx:CreationTimeExtension>
        <ctx:CreationTime>2026-10-02T12:44:04Z</ctx:CreationTime>
      </ctx:CreationTimeExtension>
    </extensions>
  </wpt>
  <wpt lat="-18.313164012506604" lon="32.927863961085677">
    <ele>0</ele>
    <time>2026-10-02T12:44:04Z</time>
    <name>The Challenge 2025-323</name>
    <cmt>&lt;table&gt;
&lt;tr&gt;&lt;td&gt;Longitude: 32.927864 &lt;/td&gt;&lt;/tr&gt;
&lt;tr&gt;&lt;td&gt;Latitude: -18.313164 &lt;/td&gt;&lt;/tr&gt;
&lt;tr&gt;&lt;td&gt;Heading: 117.4 &lt;/td&gt;&lt;/tr&gt;
&lt;/table&gt;</cmt>
    <desc>&lt;table&gt;
&lt;tr&gt;&lt;td&gt;Longitude: 32.927864 &lt;/td&gt;&lt;/tr&gt;
&lt;tr&gt;&lt;td&gt;Latitude: -18.313164 &lt;/td&gt;&lt;/tr&gt;
&lt;tr&gt;&lt;td&gt;Heading: 117.4 &lt;/td&gt;&lt;/tr&gt;
&lt;/table&gt;</desc>
    <sym>Flag, Blue</sym>
    <type>user</type>
    <extensions>
      <gpxx:WaypointExtension>
        <gpxx:DisplayMode>SymbolAndName</gpxx:DisplayMode>
      </gpxx:WaypointExtension>
      <wptx1:WaypointExtension>
        <wptx1:DisplayMode>SymbolAndName</wptx1:DisplayMode>
      </wptx1:WaypointExtension>
      <ctx:CreationTimeExtension>
        <ctx:CreationTime>2026-10-02T12:44:04Z</ctx:CreationTime>
      </ctx:CreationTimeExtension>
    </extensions>
  </wpt>
  <wpt lat="-18.3137789927423" lon="32.928272997960448">
    <ele>0</ele>
    <time>2026-10-02T12:44:04Z</time>
    <name>The Challenge 2025-324</name>
    <cmt>&lt;table&gt;
&lt;tr&gt;&lt;td&gt;Longitude: 32.928273 &lt;/td&gt;&lt;/tr&gt;
&lt;tr&gt;&lt;td&gt;Latitude: -18.313779 &lt;/td&gt;&lt;/tr&gt;
&lt;tr&gt;&lt;td&gt;Heading: 147.7 &lt;/td&gt;&lt;/tr&gt;
&lt;/table&gt;</cmt>
    <desc>&lt;table&gt;
&lt;tr&gt;&lt;td&gt;Longitude: 32.928273 &lt;/td&gt;&lt;/tr&gt;
&lt;tr&gt;&lt;td&gt;Latitude: -18.313779 &lt;/td&gt;&lt;/tr&gt;
&lt;tr&gt;&lt;td&gt;Heading: 147.7 &lt;/td&gt;&lt;/tr&gt;
&lt;/table&gt;</desc>
    <sym>Flag, Blue</sym>
    <type>user</type>
    <extensions>
      <gpxx:WaypointExtension>
        <gpxx:DisplayMode>SymbolAndName</gpxx:DisplayMode>
      </gpxx:WaypointExtension>
      <wptx1:WaypointExtension>
        <wptx1:DisplayMode>SymbolAndName</wptx1:DisplayMode>
      </wptx1:WaypointExtension>
      <ctx:CreationTimeExtension>
        <ctx:CreationTime>2026-10-02T12:44:04Z</ctx:CreationTime>
      </ctx:CreationTimeExtension>
    </extensions>
  </wpt>
  <wpt lat="-18.313979990780354" lon="32.928671976551414">
    <ele>0</ele>
    <time>2026-10-02T12:44:04Z</time>
    <name>The Challenge 2025-325</name>
    <cmt>&lt;table&gt;
&lt;tr&gt;&lt;td&gt;Longitude: 32.928672 &lt;/td&gt;&lt;/tr&gt;
&lt;tr&gt;&lt;td&gt;Latitude: -18.313980 &lt;/td&gt;&lt;/tr&gt;
&lt;tr&gt;&lt;td&gt;Heading: 117.9 &lt;/td&gt;&lt;/tr&gt;
&lt;/table&gt;</cmt>
    <desc>&lt;table&gt;
&lt;tr&gt;&lt;td&gt;Longitude: 32.928672 &lt;/td&gt;&lt;/tr&gt;
&lt;tr&gt;&lt;td&gt;Latitude: -18.313980 &lt;/td&gt;&lt;/tr&gt;
&lt;tr&gt;&lt;td&gt;Heading: 117.9 &lt;/td&gt;&lt;/tr&gt;
&lt;/table&gt;</desc>
    <sym>Flag, Blue</sym>
    <type>user</type>
    <extensions>
      <gpxx:WaypointExtension>
        <gpxx:DisplayMode>SymbolAndName</gpxx:DisplayMode>
      </gpxx:WaypointExtension>
      <wptx1:WaypointExtension>
        <wptx1:DisplayMode>SymbolAndName</wptx1:DisplayMode>
      </wptx1:WaypointExtension>
      <ctx:CreationTimeExtension>
        <ctx:CreationTime>2026-10-02T12:44:04Z</ctx:CreationTime>
      </ctx:CreationTimeExtension>
    </extensions>
  </wpt>
  <wpt lat="-18.31397102214396" lon="32.928970037028193">
    <ele>0</ele>
    <time>2026-10-02T12:44:04Z</time>
    <name>The Challenge 2025-326</name>
    <cmt>&lt;table&gt;
&lt;tr&gt;&lt;td&gt;Longitude: 32.928970 &lt;/td&gt;&lt;/tr&gt;
&lt;tr&gt;&lt;td&gt;Latitude: -18.313971 &lt;/td&gt;&lt;/tr&gt;
&lt;tr&gt;&lt;td&gt;Heading: 88.3 &lt;/td&gt;&lt;/tr&gt;
&lt;/table&gt;</cmt>
    <desc>&lt;table&gt;
&lt;tr&gt;&lt;td&gt;Longitude: 32.928970 &lt;/td&gt;&lt;/tr&gt;
&lt;tr&gt;&lt;td&gt;Latitude: -18.313971 &lt;/td&gt;&lt;/tr&gt;
&lt;tr&gt;&lt;td&gt;Heading: 88.3 &lt;/td&gt;&lt;/tr&gt;
&lt;/table&gt;</desc>
    <sym>Flag, Blue</sym>
    <type>user</type>
    <extensions>
      <gpxx:WaypointExtension>
        <gpxx:DisplayMode>SymbolAndName</gpxx:DisplayMode>
      </gpxx:WaypointExtension>
      <wptx1:WaypointExtension>
        <wptx1:DisplayMode>SymbolAndName</wptx1:DisplayMode>
      </wptx1:WaypointExtension>
      <ctx:CreationTimeExtension>
        <ctx:CreationTime>2026-10-02T12:44:04Z</ctx:CreationTime>
      </ctx:CreationTimeExtension>
    </extensions>
  </wpt>
  <wpt lat="-18.313641026616096" lon="32.929218979552388">
    <ele>0</ele>
    <time>2026-10-02T12:44:04Z</time>
    <name>The Challenge 2025-327</name>
    <cmt>&lt;table&gt;
&lt;tr&gt;&lt;td&gt;Longitude: 32.929219 &lt;/td&gt;&lt;/tr&gt;
&lt;tr&gt;&lt;td&gt;Latitude: -18.313641 &lt;/td&gt;&lt;/tr&gt;
&lt;tr&gt;&lt;td&gt;Heading: 35.7 &lt;/td&gt;&lt;/tr&gt;
&lt;/table&gt;</cmt>
    <desc>&lt;table&gt;
&lt;tr&gt;&lt;td&gt;Longitude: 32.929219 &lt;/td&gt;&lt;/tr&gt;
&lt;tr&gt;&lt;td&gt;Latitude: -18.313641 &lt;/td&gt;&lt;/tr&gt;
&lt;tr&gt;&lt;td&gt;Heading: 35.7 &lt;/td&gt;&lt;/tr&gt;
&lt;/table&gt;</desc>
    <sym>Flag, Blue</sym>
    <type>user</type>
    <extensions>
      <gpxx:WaypointExtension>
        <gpxx:DisplayMode>SymbolAndName</gpxx:DisplayMode>
      </gpxx:WaypointExtension>
      <wptx1:WaypointExtension>
        <wptx1:DisplayMode>SymbolAndName</wptx1:DisplayMode>
      </wptx1:WaypointExtension>
      <ctx:CreationTimeExtension>
        <ctx:CreationTime>2026-10-02T12:44:04Z</ctx:CreationTime>
      </ctx:CreationTimeExtension>
    </extensions>
  </wpt>
  <wpt lat="-18.313150014728308" lon="32.929478986188769">
    <ele>0</ele>
    <time>2026-10-02T12:44:04Z</time>
    <name>The Challenge 2025-328</name>
    <cmt>&lt;table&gt;
&lt;tr&gt;&lt;td&gt;Longitude: 32.929479 &lt;/td&gt;&lt;/tr&gt;
&lt;tr&gt;&lt;td&gt;Latitude: -18.313150 &lt;/td&gt;&lt;/tr&gt;
&lt;tr&gt;&lt;td&gt;Heading: 26.7 &lt;/td&gt;&lt;/tr&gt;
&lt;/table&gt;</cmt>
    <desc>&lt;table&gt;
&lt;tr&gt;&lt;td&gt;Longitude: 32.929479 &lt;/td&gt;&lt;/tr&gt;
&lt;tr&gt;&lt;td&gt;Latitude: -18.313150 &lt;/td&gt;&lt;/tr&gt;
&lt;tr&gt;&lt;td&gt;Heading: 26.7 &lt;/td&gt;&lt;/tr&gt;
&lt;/table&gt;</desc>
    <sym>Flag, Blue</sym>
    <type>user</type>
    <extensions>
      <gpxx:WaypointExtension>
        <gpxx:DisplayMode>SymbolAndName</gpxx:DisplayMode>
      </gpxx:WaypointExtension>
      <wptx1:WaypointExtension>
        <wptx1:DisplayMode>SymbolAndName</wptx1:DisplayMode>
      </wptx1:WaypointExtension>
      <ctx:CreationTimeExtension>
        <ctx:CreationTime>2026-10-02T12:44:04Z</ctx:CreationTime>
      </ctx:CreationTimeExtension>
    </extensions>
  </wpt>
  <wpt lat="-18.31287500448525" lon="32.929646037518978">
    <ele>0</ele>
    <time>2026-10-02T12:44:04Z</time>
    <name>The Challenge 2025-329</name>
    <cmt>&lt;table&gt;
&lt;tr&gt;&lt;td&gt;Longitude: 32.929646 &lt;/td&gt;&lt;/tr&gt;
&lt;tr&gt;&lt;td&gt;Latitude: -18.312875 &lt;/td&gt;&lt;/tr&gt;
&lt;tr&gt;&lt;td&gt;Heading: 29.9 &lt;/td&gt;&lt;/tr&gt;
&lt;/table&gt;</cmt>
    <desc>&lt;table&gt;
&lt;tr&gt;&lt;td&gt;Longitude: 32.929646 &lt;/td&gt;&lt;/tr&gt;
&lt;tr&gt;&lt;td&gt;Latitude: -18.312875 &lt;/td&gt;&lt;/tr&gt;
&lt;tr&gt;&lt;td&gt;Heading: 29.9 &lt;/td&gt;&lt;/tr&gt;
&lt;/table&gt;</desc>
    <sym>Flag, Blue</sym>
    <type>user</type>
    <extensions>
      <gpxx:WaypointExtension>
        <gpxx:DisplayMode>SymbolAndName</gpxx:DisplayMode>
      </gpxx:WaypointExtension>
      <wptx1:WaypointExtension>
        <wptx1:DisplayMode>SymbolAndName</wptx1:DisplayMode>
      </wptx1:WaypointExtension>
      <ctx:CreationTimeExtension>
        <ctx:CreationTime>2026-10-02T12:44:04Z</ctx:CreationTime>
      </ctx:CreationTimeExtension>
    </extensions>
  </wpt>
  <wpt lat="-18.33663996309042" lon="32.844873983412981">
    <ele>0</ele>
    <time>2026-10-02T12:44:04Z</time>
    <name>The Challenge 2025-33</name>
    <cmt>&lt;table&gt;
&lt;tr&gt;&lt;td&gt;Longitude: 32.844874 &lt;/td&gt;&lt;/tr&gt;
&lt;tr&gt;&lt;td&gt;Latitude: -18.336640 &lt;/td&gt;&lt;/tr&gt;
&lt;tr&gt;&lt;td&gt;Heading: 51.8 &lt;/td&gt;&lt;/tr&gt;
&lt;/table&gt;</cmt>
    <desc>&lt;table&gt;
&lt;tr&gt;&lt;td&gt;Longitude: 32.844874 &lt;/td&gt;&lt;/tr&gt;
&lt;tr&gt;&lt;td&gt;Latitude: -18.336640 &lt;/td&gt;&lt;/tr&gt;
&lt;tr&gt;&lt;td&gt;Heading: 51.8 &lt;/td&gt;&lt;/tr&gt;
&lt;/table&gt;</desc>
    <sym>Flag, Blue</sym>
    <type>user</type>
    <extensions>
      <gpxx:WaypointExtension>
        <gpxx:DisplayMode>SymbolAndName</gpxx:DisplayMode>
      </gpxx:WaypointExtension>
      <wptx1:WaypointExtension>
        <wptx1:DisplayMode>SymbolAndName</wptx1:DisplayMode>
      </wptx1:WaypointExtension>
      <ctx:CreationTimeExtension>
        <ctx:CreationTime>2026-10-02T12:44:04Z</ctx:CreationTime>
      </ctx:CreationTimeExtension>
    </extensions>
  </wpt>
  <wpt lat="-18.312938958406448" lon="32.930308962240815">
    <ele>0</ele>
    <time>2026-10-02T12:44:04Z</time>
    <name>The Challenge 2025-330</name>
    <cmt>&lt;table&gt;
&lt;tr&gt;&lt;td&gt;Longitude: 32.930309 &lt;/td&gt;&lt;/tr&gt;
&lt;tr&gt;&lt;td&gt;Latitude: -18.312939 &lt;/td&gt;&lt;/tr&gt;
&lt;tr&gt;&lt;td&gt;Heading: 95.7 &lt;/td&gt;&lt;/tr&gt;
&lt;/table&gt;</cmt>
    <desc>&lt;table&gt;
&lt;tr&gt;&lt;td&gt;Longitude: 32.930309 &lt;/td&gt;&lt;/tr&gt;
&lt;tr&gt;&lt;td&gt;Latitude: -18.312939 &lt;/td&gt;&lt;/tr&gt;
&lt;tr&gt;&lt;td&gt;Heading: 95.7 &lt;/td&gt;&lt;/tr&gt;
&lt;/table&gt;</desc>
    <sym>Flag, Blue</sym>
    <type>user</type>
    <extensions>
      <gpxx:WaypointExtension>
        <gpxx:DisplayMode>SymbolAndName</gpxx:DisplayMode>
      </gpxx:WaypointExtension>
      <wptx1:WaypointExtension>
        <wptx1:DisplayMode>SymbolAndName</wptx1:DisplayMode>
      </wptx1:WaypointExtension>
      <ctx:CreationTimeExtension>
        <ctx:CreationTime>2026-10-02T12:44:04Z</ctx:CreationTime>
      </ctx:CreationTimeExtension>
    </extensions>
  </wpt>
  <wpt lat="-18.312449036166072" lon="32.930556982755661">
    <ele>0</ele>
    <time>2026-10-02T12:44:04Z</time>
    <name>The Challenge 2025-331</name>
    <cmt>&lt;table&gt;
&lt;tr&gt;&lt;td&gt;Longitude: 32.930557 &lt;/td&gt;&lt;/tr&gt;
&lt;tr&gt;&lt;td&gt;Latitude: -18.312449 &lt;/td&gt;&lt;/tr&gt;
&lt;tr&gt;&lt;td&gt;Heading: 25.7 &lt;/td&gt;&lt;/tr&gt;
&lt;/table&gt;</cmt>
    <desc>&lt;table&gt;
&lt;tr&gt;&lt;td&gt;Longitude: 32.930557 &lt;/td&gt;&lt;/tr&gt;
&lt;tr&gt;&lt;td&gt;Latitude: -18.312449 &lt;/td&gt;&lt;/tr&gt;
&lt;tr&gt;&lt;td&gt;Heading: 25.7 &lt;/td&gt;&lt;/tr&gt;
&lt;/table&gt;</desc>
    <sym>Flag, Blue</sym>
    <type>user</type>
    <extensions>
      <gpxx:WaypointExtension>
        <gpxx:DisplayMode>SymbolAndName</gpxx:DisplayMode>
      </gpxx:WaypointExtension>
      <wptx1:WaypointExtension>
        <wptx1:DisplayMode>SymbolAndName</wptx1:DisplayMode>
      </wptx1:WaypointExtension>
      <ctx:CreationTimeExtension>
        <ctx:CreationTime>2026-10-02T12:44:04Z</ctx:CreationTime>
      </ctx:CreationTimeExtension>
    </extensions>
  </wpt>
  <wpt lat="-18.311541024595499" lon="32.930741971358657">
    <ele>0</ele>
    <time>2026-10-02T12:44:04Z</time>
    <name>The Challenge 2025-332</name>
    <cmt>&lt;table&gt;
&lt;tr&gt;&lt;td&gt;Longitude: 32.930742 &lt;/td&gt;&lt;/tr&gt;
&lt;tr&gt;&lt;td&gt;Latitude: -18.311541 &lt;/td&gt;&lt;/tr&gt;
&lt;tr&gt;&lt;td&gt;Heading: 10.9 &lt;/td&gt;&lt;/tr&gt;
&lt;/table&gt;</cmt>
    <desc>&lt;table&gt;
&lt;tr&gt;&lt;td&gt;Longitude: 32.930742 &lt;/td&gt;&lt;/tr&gt;
&lt;tr&gt;&lt;td&gt;Latitude: -18.311541 &lt;/td&gt;&lt;/tr&gt;
&lt;tr&gt;&lt;td&gt;Heading: 10.9 &lt;/td&gt;&lt;/tr&gt;
&lt;/table&gt;</desc>
    <sym>Flag, Blue</sym>
    <type>user</type>
    <extensions>
      <gpxx:WaypointExtension>
        <gpxx:DisplayMode>SymbolAndName</gpxx:DisplayMode>
      </gpxx:WaypointExtension>
      <wptx1:WaypointExtension>
        <wptx1:DisplayMode>SymbolAndName</wptx1:DisplayMode>
      </wptx1:WaypointExtension>
      <ctx:CreationTimeExtension>
        <ctx:CreationTime>2026-10-02T12:44:04Z</ctx:CreationTime>
      </ctx:CreationTimeExtension>
    </extensions>
  </wpt>
  <wpt lat="-18.311256039887667" lon="32.93128696270287">
    <ele>0</ele>
    <time>2026-10-02T12:44:04Z</time>
    <name>The Challenge 2025-333</name>
    <cmt>&lt;table&gt;
&lt;tr&gt;&lt;td&gt;Longitude: 32.931287 &lt;/td&gt;&lt;/tr&gt;
&lt;tr&gt;&lt;td&gt;Latitude: -18.311256 &lt;/td&gt;&lt;/tr&gt;
&lt;tr&gt;&lt;td&gt;Heading: 61.2 &lt;/td&gt;&lt;/tr&gt;
&lt;/table&gt;</cmt>
    <desc>&lt;table&gt;
&lt;tr&gt;&lt;td&gt;Longitude: 32.931287 &lt;/td&gt;&lt;/tr&gt;
&lt;tr&gt;&lt;td&gt;Latitude: -18.311256 &lt;/td&gt;&lt;/tr&gt;
&lt;tr&gt;&lt;td&gt;Heading: 61.2 &lt;/td&gt;&lt;/tr&gt;
&lt;/table&gt;</desc>
    <sym>Flag, Blue</sym>
    <type>user</type>
    <extensions>
      <gpxx:WaypointExtension>
        <gpxx:DisplayMode>SymbolAndName</gpxx:DisplayMode>
      </gpxx:WaypointExtension>
      <wptx1:WaypointExtension>
        <wptx1:DisplayMode>SymbolAndName</wptx1:DisplayMode>
      </wptx1:WaypointExtension>
      <ctx:CreationTimeExtension>
        <ctx:CreationTime>2026-10-02T12:44:04Z</ctx:CreationTime>
      </ctx:CreationTimeExtension>
    </extensions>
  </wpt>
  <wpt lat="-18.311133999377489" lon="32.931787027046084">
    <ele>0</ele>
    <time>2026-10-02T12:44:04Z</time>
    <name>The Challenge 2025-334</name>
    <cmt>&lt;table&gt;
&lt;tr&gt;&lt;td&gt;Longitude: 32.931787 &lt;/td&gt;&lt;/tr&gt;
&lt;tr&gt;&lt;td&gt;Latitude: -18.311134 &lt;/td&gt;&lt;/tr&gt;
&lt;tr&gt;&lt;td&gt;Heading: 75.6 &lt;/td&gt;&lt;/tr&gt;
&lt;/table&gt;</cmt>
    <desc>&lt;table&gt;
&lt;tr&gt;&lt;td&gt;Longitude: 32.931787 &lt;/td&gt;&lt;/tr&gt;
&lt;tr&gt;&lt;td&gt;Latitude: -18.311134 &lt;/td&gt;&lt;/tr&gt;
&lt;tr&gt;&lt;td&gt;Heading: 75.6 &lt;/td&gt;&lt;/tr&gt;
&lt;/table&gt;</desc>
    <sym>Flag, Blue</sym>
    <type>user</type>
    <extensions>
      <gpxx:WaypointExtension>
        <gpxx:DisplayMode>SymbolAndName</gpxx:DisplayMode>
      </gpxx:WaypointExtension>
      <wptx1:WaypointExtension>
        <wptx1:DisplayMode>SymbolAndName</wptx1:DisplayMode>
      </wptx1:WaypointExtension>
      <ctx:CreationTimeExtension>
        <ctx:CreationTime>2026-10-02T12:44:04Z</ctx:CreationTime>
      </ctx:CreationTimeExtension>
    </extensions>
  </wpt>
  <wpt lat="-18.310087015852332" lon="32.932142000645399">
    <ele>0</ele>
    <time>2026-10-02T12:44:04Z</time>
    <name>The Challenge 2025-335</name>
    <cmt>&lt;table&gt;
&lt;tr&gt;&lt;td&gt;Longitude: 32.932142 &lt;/td&gt;&lt;/tr&gt;
&lt;tr&gt;&lt;td&gt;Latitude: -18.310087 &lt;/td&gt;&lt;/tr&gt;
&lt;tr&gt;&lt;td&gt;Heading: 17.8 &lt;/td&gt;&lt;/tr&gt;
&lt;/table&gt;</cmt>
    <desc>&lt;table&gt;
&lt;tr&gt;&lt;td&gt;Longitude: 32.932142 &lt;/td&gt;&lt;/tr&gt;
&lt;tr&gt;&lt;td&gt;Latitude: -18.310087 &lt;/td&gt;&lt;/tr&gt;
&lt;tr&gt;&lt;td&gt;Heading: 17.8 &lt;/td&gt;&lt;/tr&gt;
&lt;/table&gt;</desc>
    <sym>Flag, Blue</sym>
    <type>user</type>
    <extensions>
      <gpxx:WaypointExtension>
        <gpxx:DisplayMode>SymbolAndName</gpxx:DisplayMode>
      </gpxx:WaypointExtension>
      <wptx1:WaypointExtension>
        <wptx1:DisplayMode>SymbolAndName</wptx1:DisplayMode>
      </wptx1:WaypointExtension>
      <ctx:CreationTimeExtension>
        <ctx:CreationTime>2026-10-02T12:44:04Z</ctx:CreationTime>
      </ctx:CreationTimeExtension>
    </extensions>
  </wpt>
  <wpt lat="-18.308990998193622" lon="32.932629995048046">
    <ele>0</ele>
    <time>2026-10-02T12:44:04Z</time>
    <name>The Challenge 2025-336</name>
    <cmt>&lt;table&gt;
&lt;tr&gt;&lt;td&gt;Longitude: 32.932630 &lt;/td&gt;&lt;/tr&gt;
&lt;tr&gt;&lt;td&gt;Latitude: -18.308991 &lt;/td&gt;&lt;/tr&gt;
&lt;tr&gt;&lt;td&gt;Heading: 22.9 &lt;/td&gt;&lt;/tr&gt;
&lt;/table&gt;</cmt>
    <desc>&lt;table&gt;
&lt;tr&gt;&lt;td&gt;Longitude: 32.932630 &lt;/td&gt;&lt;/tr&gt;
&lt;tr&gt;&lt;td&gt;Latitude: -18.308991 &lt;/td&gt;&lt;/tr&gt;
&lt;tr&gt;&lt;td&gt;Heading: 22.9 &lt;/td&gt;&lt;/tr&gt;
&lt;/table&gt;</desc>
    <sym>Flag, Blue</sym>
    <type>user</type>
    <extensions>
      <gpxx:WaypointExtension>
        <gpxx:DisplayMode>SymbolAndName</gpxx:DisplayMode>
      </gpxx:WaypointExtension>
      <wptx1:WaypointExtension>
        <wptx1:DisplayMode>SymbolAndName</wptx1:DisplayMode>
      </wptx1:WaypointExtension>
      <ctx:CreationTimeExtension>
        <ctx:CreationTime>2026-10-02T12:44:04Z</ctx:CreationTime>
      </ctx:CreationTimeExtension>
    </extensions>
  </wpt>
  <wpt lat="-18.307487033307552" lon="32.932453975081444">
    <ele>0</ele>
    <time>2026-10-02T12:44:04Z</time>
    <name>The Challenge 2025-337</name>
    <cmt>&lt;table&gt;
&lt;tr&gt;&lt;td&gt;Longitude: 32.932454 &lt;/td&gt;&lt;/tr&gt;
&lt;tr&gt;&lt;td&gt;Latitude: -18.307487 &lt;/td&gt;&lt;/tr&gt;
&lt;tr&gt;&lt;td&gt;Heading: 353.7 &lt;/td&gt;&lt;/tr&gt;
&lt;/table&gt;</cmt>
    <desc>&lt;table&gt;
&lt;tr&gt;&lt;td&gt;Longitude: 32.932454 &lt;/td&gt;&lt;/tr&gt;
&lt;tr&gt;&lt;td&gt;Latitude: -18.307487 &lt;/td&gt;&lt;/tr&gt;
&lt;tr&gt;&lt;td&gt;Heading: 353.7 &lt;/td&gt;&lt;/tr&gt;
&lt;/table&gt;</desc>
    <sym>Flag, Blue</sym>
    <type>user</type>
    <extensions>
      <gpxx:WaypointExtension>
        <gpxx:DisplayMode>SymbolAndName</gpxx:DisplayMode>
      </gpxx:WaypointExtension>
      <wptx1:WaypointExtension>
        <wptx1:DisplayMode>SymbolAndName</wptx1:DisplayMode>
      </wptx1:WaypointExtension>
      <ctx:CreationTimeExtension>
        <ctx:CreationTime>2026-10-02T12:44:04Z</ctx:CreationTime>
      </ctx:CreationTimeExtension>
    </extensions>
  </wpt>
  <wpt lat="-18.307685013860464" lon="32.933341031894088">
    <ele>0</ele>
    <time>2026-10-02T12:44:04Z</time>
    <name>The Challenge 2025-338</name>
    <cmt>&lt;table&gt;
&lt;tr&gt;&lt;td&gt;Longitude: 32.933341 &lt;/td&gt;&lt;/tr&gt;
&lt;tr&gt;&lt;td&gt;Latitude: -18.307685 &lt;/td&gt;&lt;/tr&gt;
&lt;tr&gt;&lt;td&gt;Heading: 103.2 &lt;/td&gt;&lt;/tr&gt;
&lt;/table&gt;</cmt>
    <desc>&lt;table&gt;
&lt;tr&gt;&lt;td&gt;Longitude: 32.933341 &lt;/td&gt;&lt;/tr&gt;
&lt;tr&gt;&lt;td&gt;Latitude: -18.307685 &lt;/td&gt;&lt;/tr&gt;
&lt;tr&gt;&lt;td&gt;Heading: 103.2 &lt;/td&gt;&lt;/tr&gt;
&lt;/table&gt;</desc>
    <sym>Flag, Blue</sym>
    <type>user</type>
    <extensions>
      <gpxx:WaypointExtension>
        <gpxx:DisplayMode>SymbolAndName</gpxx:DisplayMode>
      </gpxx:WaypointExtension>
      <wptx1:WaypointExtension>
        <wptx1:DisplayMode>SymbolAndName</wptx1:DisplayMode>
      </wptx1:WaypointExtension>
      <ctx:CreationTimeExtension>
        <ctx:CreationTime>2026-10-02T12:44:04Z</ctx:CreationTime>
      </ctx:CreationTimeExtension>
    </extensions>
  </wpt>
  <wpt lat="-18.307489966973662" lon="32.934044022113085">
    <ele>0</ele>
    <time>2026-10-02T12:44:04Z</time>
    <name>The Challenge 2025-339</name>
    <cmt>&lt;table&gt;
&lt;tr&gt;&lt;td&gt;Longitude: 32.934044 &lt;/td&gt;&lt;/tr&gt;
&lt;tr&gt;&lt;td&gt;Latitude: -18.307490 &lt;/td&gt;&lt;/tr&gt;
&lt;tr&gt;&lt;td&gt;Heading: 73.8 &lt;/td&gt;&lt;/tr&gt;
&lt;/table&gt;</cmt>
    <desc>&lt;table&gt;
&lt;tr&gt;&lt;td&gt;Longitude: 32.934044 &lt;/td&gt;&lt;/tr&gt;
&lt;tr&gt;&lt;td&gt;Latitude: -18.307490 &lt;/td&gt;&lt;/tr&gt;
&lt;tr&gt;&lt;td&gt;Heading: 73.8 &lt;/td&gt;&lt;/tr&gt;
&lt;/table&gt;</desc>
    <sym>Flag, Blue</sym>
    <type>user</type>
    <extensions>
      <gpxx:WaypointExtension>
        <gpxx:DisplayMode>SymbolAndName</gpxx:DisplayMode>
      </gpxx:WaypointExtension>
      <wptx1:WaypointExtension>
        <wptx1:DisplayMode>SymbolAndName</wptx1:DisplayMode>
      </wptx1:WaypointExtension>
      <ctx:CreationTimeExtension>
        <ctx:CreationTime>2026-10-02T12:44:04Z</ctx:CreationTime>
      </ctx:CreationTimeExtension>
    </extensions>
  </wpt>
  <wpt lat="-18.335853992030025" lon="32.845617039129138">
    <ele>0</ele>
    <time>2026-10-02T12:44:04Z</time>
    <name>The Challenge 2025-34</name>
    <cmt>&lt;table&gt;
&lt;tr&gt;&lt;td&gt;Longitude: 32.845617 &lt;/td&gt;&lt;/tr&gt;
&lt;tr&gt;&lt;td&gt;Latitude: -18.335854 &lt;/td&gt;&lt;/tr&gt;
&lt;tr&gt;&lt;td&gt;Heading: 41.9 &lt;/td&gt;&lt;/tr&gt;
&lt;/table&gt;</cmt>
    <desc>&lt;table&gt;
&lt;tr&gt;&lt;td&gt;Longitude: 32.845617 &lt;/td&gt;&lt;/tr&gt;
&lt;tr&gt;&lt;td&gt;Latitude: -18.335854 &lt;/td&gt;&lt;/tr&gt;
&lt;tr&gt;&lt;td&gt;Heading: 41.9 &lt;/td&gt;&lt;/tr&gt;
&lt;/table&gt;</desc>
    <sym>Flag, Blue</sym>
    <type>user</type>
    <extensions>
      <gpxx:WaypointExtension>
        <gpxx:DisplayMode>SymbolAndName</gpxx:DisplayMode>
      </gpxx:WaypointExtension>
      <wptx1:WaypointExtension>
        <wptx1:DisplayMode>SymbolAndName</wptx1:DisplayMode>
      </wptx1:WaypointExtension>
      <ctx:CreationTimeExtension>
        <ctx:CreationTime>2026-10-02T12:44:04Z</ctx:CreationTime>
      </ctx:CreationTimeExtension>
    </extensions>
  </wpt>
  <wpt lat="-18.306961990892887" lon="32.934341998770833">
    <ele>0</ele>
    <time>2026-10-02T12:44:04Z</time>
    <name>The Challenge 2025-340</name>
    <cmt>&lt;table&gt;
&lt;tr&gt;&lt;td&gt;Longitude: 32.934342 &lt;/td&gt;&lt;/tr&gt;
&lt;tr&gt;&lt;td&gt;Latitude: -18.306962 &lt;/td&gt;&lt;/tr&gt;
&lt;tr&gt;&lt;td&gt;Heading: 28.2 &lt;/td&gt;&lt;/tr&gt;
&lt;/table&gt;</cmt>
    <desc>&lt;table&gt;
&lt;tr&gt;&lt;td&gt;Longitude: 32.934342 &lt;/td&gt;&lt;/tr&gt;
&lt;tr&gt;&lt;td&gt;Latitude: -18.306962 &lt;/td&gt;&lt;/tr&gt;
&lt;tr&gt;&lt;td&gt;Heading: 28.2 &lt;/td&gt;&lt;/tr&gt;
&lt;/table&gt;</desc>
    <sym>Flag, Blue</sym>
    <type>user</type>
    <extensions>
      <gpxx:WaypointExtension>
        <gpxx:DisplayMode>SymbolAndName</gpxx:DisplayMode>
      </gpxx:WaypointExtension>
      <wptx1:WaypointExtension>
        <wptx1:DisplayMode>SymbolAndName</wptx1:DisplayMode>
      </wptx1:WaypointExtension>
      <ctx:CreationTimeExtension>
        <ctx:CreationTime>2026-10-02T12:44:04Z</ctx:CreationTime>
      </ctx:CreationTimeExtension>
    </extensions>
  </wpt>
  <wpt lat="-18.30636503174901" lon="32.934065982699394">
    <ele>0</ele>
    <time>2026-10-02T12:44:04Z</time>
    <name>The Challenge 2025-341</name>
    <cmt>&lt;table&gt;
&lt;tr&gt;&lt;td&gt;Longitude: 32.934066 &lt;/td&gt;&lt;/tr&gt;
&lt;tr&gt;&lt;td&gt;Latitude: -18.306365 &lt;/td&gt;&lt;/tr&gt;
&lt;tr&gt;&lt;td&gt;Heading: 336.3 &lt;/td&gt;&lt;/tr&gt;
&lt;/table&gt;</cmt>
    <desc>&lt;table&gt;
&lt;tr&gt;&lt;td&gt;Longitude: 32.934066 &lt;/td&gt;&lt;/tr&gt;
&lt;tr&gt;&lt;td&gt;Latitude: -18.306365 &lt;/td&gt;&lt;/tr&gt;
&lt;tr&gt;&lt;td&gt;Heading: 336.3 &lt;/td&gt;&lt;/tr&gt;
&lt;/table&gt;</desc>
    <sym>Flag, Blue</sym>
    <type>user</type>
    <extensions>
      <gpxx:WaypointExtension>
        <gpxx:DisplayMode>SymbolAndName</gpxx:DisplayMode>
      </gpxx:WaypointExtension>
      <wptx1:WaypointExtension>
        <wptx1:DisplayMode>SymbolAndName</wptx1:DisplayMode>
      </wptx1:WaypointExtension>
      <ctx:CreationTimeExtension>
        <ctx:CreationTime>2026-10-02T12:44:04Z</ctx:CreationTime>
      </ctx:CreationTimeExtension>
    </extensions>
  </wpt>
  <wpt lat="-18.305717026814818" lon="32.933801030740142">
    <ele>0</ele>
    <time>2026-10-02T12:44:04Z</time>
    <name>The Challenge 2025-342</name>
    <cmt>&lt;table&gt;
&lt;tr&gt;&lt;td&gt;Longitude: 32.933801 &lt;/td&gt;&lt;/tr&gt;
&lt;tr&gt;&lt;td&gt;Latitude: -18.305717 &lt;/td&gt;&lt;/tr&gt;
&lt;tr&gt;&lt;td&gt;Heading: 338.8 &lt;/td&gt;&lt;/tr&gt;
&lt;/table&gt;</cmt>
    <desc>&lt;table&gt;
&lt;tr&gt;&lt;td&gt;Longitude: 32.933801 &lt;/td&gt;&lt;/tr&gt;
&lt;tr&gt;&lt;td&gt;Latitude: -18.305717 &lt;/td&gt;&lt;/tr&gt;
&lt;tr&gt;&lt;td&gt;Heading: 338.8 &lt;/td&gt;&lt;/tr&gt;
&lt;/table&gt;</desc>
    <sym>Flag, Blue</sym>
    <type>user</type>
    <extensions>
      <gpxx:WaypointExtension>
        <gpxx:DisplayMode>SymbolAndName</gpxx:DisplayMode>
      </gpxx:WaypointExtension>
      <wptx1:WaypointExtension>
        <wptx1:DisplayMode>SymbolAndName</wptx1:DisplayMode>
      </wptx1:WaypointExtension>
      <ctx:CreationTimeExtension>
        <ctx:CreationTime>2026-10-02T12:44:04Z</ctx:CreationTime>
      </ctx:CreationTimeExtension>
    </extensions>
  </wpt>
  <wpt lat="-18.305211011320353" lon="32.933430969715118">
    <ele>0</ele>
    <time>2026-10-02T12:44:04Z</time>
    <name>The Challenge 2025-343</name>
    <cmt>&lt;table&gt;
&lt;tr&gt;&lt;td&gt;Longitude: 32.933431 &lt;/td&gt;&lt;/tr&gt;
&lt;tr&gt;&lt;td&gt;Latitude: -18.305211 &lt;/td&gt;&lt;/tr&gt;
&lt;tr&gt;&lt;td&gt;Heading: 325.2 &lt;/td&gt;&lt;/tr&gt;
&lt;/table&gt;</cmt>
    <desc>&lt;table&gt;
&lt;tr&gt;&lt;td&gt;Longitude: 32.933431 &lt;/td&gt;&lt;/tr&gt;
&lt;tr&gt;&lt;td&gt;Latitude: -18.305211 &lt;/td&gt;&lt;/tr&gt;
&lt;tr&gt;&lt;td&gt;Heading: 325.2 &lt;/td&gt;&lt;/tr&gt;
&lt;/table&gt;</desc>
    <sym>Flag, Blue</sym>
    <type>user</type>
    <extensions>
      <gpxx:WaypointExtension>
        <gpxx:DisplayMode>SymbolAndName</gpxx:DisplayMode>
      </gpxx:WaypointExtension>
      <wptx1:WaypointExtension>
        <wptx1:DisplayMode>SymbolAndName</wptx1:DisplayMode>
      </wptx1:WaypointExtension>
      <ctx:CreationTimeExtension>
        <ctx:CreationTime>2026-10-02T12:44:04Z</ctx:CreationTime>
      </ctx:CreationTimeExtension>
    </extensions>
  </wpt>
  <wpt lat="-18.304699966683984" lon="32.933008018881083">
    <ele>0</ele>
    <time>2026-10-02T12:44:04Z</time>
    <name>The Challenge 2025-344</name>
    <cmt>&lt;table&gt;
&lt;tr&gt;&lt;td&gt;Longitude: 32.933008 &lt;/td&gt;&lt;/tr&gt;
&lt;tr&gt;&lt;td&gt;Latitude: -18.304700 &lt;/td&gt;&lt;/tr&gt;
&lt;tr&gt;&lt;td&gt;Heading: 321.9 &lt;/td&gt;&lt;/tr&gt;
&lt;/table&gt;</cmt>
    <desc>&lt;table&gt;
&lt;tr&gt;&lt;td&gt;Longitude: 32.933008 &lt;/td&gt;&lt;/tr&gt;
&lt;tr&gt;&lt;td&gt;Latitude: -18.304700 &lt;/td&gt;&lt;/tr&gt;
&lt;tr&gt;&lt;td&gt;Heading: 321.9 &lt;/td&gt;&lt;/tr&gt;
&lt;/table&gt;</desc>
    <sym>Flag, Blue</sym>
    <type>user</type>
    <extensions>
      <gpxx:WaypointExtension>
        <gpxx:DisplayMode>SymbolAndName</gpxx:DisplayMode>
      </gpxx:WaypointExtension>
      <wptx1:WaypointExtension>
        <wptx1:DisplayMode>SymbolAndName</wptx1:DisplayMode>
      </wptx1:WaypointExtension>
      <ctx:CreationTimeExtension>
        <ctx:CreationTime>2026-10-02T12:44:04Z</ctx:CreationTime>
      </ctx:CreationTimeExtension>
    </extensions>
  </wpt>
  <wpt lat="-18.30441196449101" lon="32.933310018852353">
    <ele>0</ele>
    <time>2026-10-02T12:44:04Z</time>
    <name>The Challenge 2025-345</name>
    <cmt>&lt;table&gt;
&lt;tr&gt;&lt;td&gt;Longitude: 32.933310 &lt;/td&gt;&lt;/tr&gt;
&lt;tr&gt;&lt;td&gt;Latitude: -18.304412 &lt;/td&gt;&lt;/tr&gt;
&lt;tr&gt;&lt;td&gt;Heading: 44.7 &lt;/td&gt;&lt;/tr&gt;
&lt;/table&gt;</cmt>
    <desc>&lt;table&gt;
&lt;tr&gt;&lt;td&gt;Longitude: 32.933310 &lt;/td&gt;&lt;/tr&gt;
&lt;tr&gt;&lt;td&gt;Latitude: -18.304412 &lt;/td&gt;&lt;/tr&gt;
&lt;tr&gt;&lt;td&gt;Heading: 44.7 &lt;/td&gt;&lt;/tr&gt;
&lt;/table&gt;</desc>
    <sym>Flag, Blue</sym>
    <type>user</type>
    <extensions>
      <gpxx:WaypointExtension>
        <gpxx:DisplayMode>SymbolAndName</gpxx:DisplayMode>
      </gpxx:WaypointExtension>
      <wptx1:WaypointExtension>
        <wptx1:DisplayMode>SymbolAndName</wptx1:DisplayMode>
      </wptx1:WaypointExtension>
      <ctx:CreationTimeExtension>
        <ctx:CreationTime>2026-10-02T12:44:04Z</ctx:CreationTime>
      </ctx:CreationTimeExtension>
    </extensions>
  </wpt>
  <wpt lat="-18.30348601564765" lon="32.933642026036978">
    <ele>0</ele>
    <time>2026-10-02T12:44:04Z</time>
    <name>The Challenge 2025-346</name>
    <cmt>&lt;table&gt;
&lt;tr&gt;&lt;td&gt;Longitude: 32.933642 &lt;/td&gt;&lt;/tr&gt;
&lt;tr&gt;&lt;td&gt;Latitude: -18.303486 &lt;/td&gt;&lt;/tr&gt;
&lt;tr&gt;&lt;td&gt;Heading: 18.8 &lt;/td&gt;&lt;/tr&gt;
&lt;/table&gt;</cmt>
    <desc>&lt;table&gt;
&lt;tr&gt;&lt;td&gt;Longitude: 32.933642 &lt;/td&gt;&lt;/tr&gt;
&lt;tr&gt;&lt;td&gt;Latitude: -18.303486 &lt;/td&gt;&lt;/tr&gt;
&lt;tr&gt;&lt;td&gt;Heading: 18.8 &lt;/td&gt;&lt;/tr&gt;
&lt;/table&gt;</desc>
    <sym>Flag, Blue</sym>
    <type>user</type>
    <extensions>
      <gpxx:WaypointExtension>
        <gpxx:DisplayMode>SymbolAndName</gpxx:DisplayMode>
      </gpxx:WaypointExtension>
      <wptx1:WaypointExtension>
        <wptx1:DisplayMode>SymbolAndName</wptx1:DisplayMode>
      </wptx1:WaypointExtension>
      <ctx:CreationTimeExtension>
        <ctx:CreationTime>2026-10-02T12:44:04Z</ctx:CreationTime>
      </ctx:CreationTimeExtension>
    </extensions>
  </wpt>
  <wpt lat="-18.302688980475068" lon="32.934234039857984">
    <ele>0</ele>
    <time>2026-10-02T12:44:04Z</time>
    <name>The Challenge 2025-347</name>
    <cmt>&lt;table&gt;
&lt;tr&gt;&lt;td&gt;Longitude: 32.934234 &lt;/td&gt;&lt;/tr&gt;
&lt;tr&gt;&lt;td&gt;Latitude: -18.302689 &lt;/td&gt;&lt;/tr&gt;
&lt;tr&gt;&lt;td&gt;Heading: 35.2 &lt;/td&gt;&lt;/tr&gt;
&lt;/table&gt;</cmt>
    <desc>&lt;table&gt;
&lt;tr&gt;&lt;td&gt;Longitude: 32.934234 &lt;/td&gt;&lt;/tr&gt;
&lt;tr&gt;&lt;td&gt;Latitude: -18.302689 &lt;/td&gt;&lt;/tr&gt;
&lt;tr&gt;&lt;td&gt;Heading: 35.2 &lt;/td&gt;&lt;/tr&gt;
&lt;/table&gt;</desc>
    <sym>Flag, Blue</sym>
    <type>user</type>
    <extensions>
      <gpxx:WaypointExtension>
        <gpxx:DisplayMode>SymbolAndName</gpxx:DisplayMode>
      </gpxx:WaypointExtension>
      <wptx1:WaypointExtension>
        <wptx1:DisplayMode>SymbolAndName</wptx1:DisplayMode>
      </wptx1:WaypointExtension>
      <ctx:CreationTimeExtension>
        <ctx:CreationTime>2026-10-02T12:44:04Z</ctx:CreationTime>
      </ctx:CreationTimeExtension>
    </extensions>
  </wpt>
  <wpt lat="-18.301979033276439" lon="32.934652967378497">
    <ele>0</ele>
    <time>2026-10-02T12:44:04Z</time>
    <name>The Challenge 2025-348</name>
    <cmt>&lt;table&gt;
&lt;tr&gt;&lt;td&gt;Longitude: 32.934653 &lt;/td&gt;&lt;/tr&gt;
&lt;tr&gt;&lt;td&gt;Latitude: -18.301979 &lt;/td&gt;&lt;/tr&gt;
&lt;tr&gt;&lt;td&gt;Heading: 29.3 &lt;/td&gt;&lt;/tr&gt;
&lt;/table&gt;</cmt>
    <desc>&lt;table&gt;
&lt;tr&gt;&lt;td&gt;Longitude: 32.934653 &lt;/td&gt;&lt;/tr&gt;
&lt;tr&gt;&lt;td&gt;Latitude: -18.301979 &lt;/td&gt;&lt;/tr&gt;
&lt;tr&gt;&lt;td&gt;Heading: 29.3 &lt;/td&gt;&lt;/tr&gt;
&lt;/table&gt;</desc>
    <sym>Flag, Blue</sym>
    <type>user</type>
    <extensions>
      <gpxx:WaypointExtension>
        <gpxx:DisplayMode>SymbolAndName</gpxx:DisplayMode>
      </gpxx:WaypointExtension>
      <wptx1:WaypointExtension>
        <wptx1:DisplayMode>SymbolAndName</wptx1:DisplayMode>
      </wptx1:WaypointExtension>
      <ctx:CreationTimeExtension>
        <ctx:CreationTime>2026-10-02T12:44:04Z</ctx:CreationTime>
      </ctx:CreationTimeExtension>
    </extensions>
  </wpt>
  <wpt lat="-18.300863988697529" lon="32.934364965185523">
    <ele>0</ele>
    <time>2026-10-02T12:44:04Z</time>
    <name>The Challenge 2025-349</name>
    <cmt>&lt;table&gt;
&lt;tr&gt;&lt;td&gt;Longitude: 32.934365 &lt;/td&gt;&lt;/tr&gt;
&lt;tr&gt;&lt;td&gt;Latitude: -18.300864 &lt;/td&gt;&lt;/tr&gt;
&lt;tr&gt;&lt;td&gt;Heading: 346.2 &lt;/td&gt;&lt;/tr&gt;
&lt;/table&gt;</cmt>
    <desc>&lt;table&gt;
&lt;tr&gt;&lt;td&gt;Longitude: 32.934365 &lt;/td&gt;&lt;/tr&gt;
&lt;tr&gt;&lt;td&gt;Latitude: -18.300864 &lt;/td&gt;&lt;/tr&gt;
&lt;tr&gt;&lt;td&gt;Heading: 346.2 &lt;/td&gt;&lt;/tr&gt;
&lt;/table&gt;</desc>
    <sym>Flag, Blue</sym>
    <type>user</type>
    <extensions>
      <gpxx:WaypointExtension>
        <gpxx:DisplayMode>SymbolAndName</gpxx:DisplayMode>
      </gpxx:WaypointExtension>
      <wptx1:WaypointExtension>
        <wptx1:DisplayMode>SymbolAndName</wptx1:DisplayMode>
      </wptx1:WaypointExtension>
      <ctx:CreationTimeExtension>
        <ctx:CreationTime>2026-10-02T12:44:04Z</ctx:CreationTime>
      </ctx:CreationTimeExtension>
    </extensions>
  </wpt>
  <wpt lat="-18.335604965686798" lon="32.846045019105077">
    <ele>0</ele>
    <time>2026-10-02T12:44:04Z</time>
    <name>The Challenge 2025-35</name>
    <cmt>&lt;table&gt;
&lt;tr&gt;&lt;td&gt;Longitude: 32.846045 &lt;/td&gt;&lt;/tr&gt;
&lt;tr&gt;&lt;td&gt;Latitude: -18.335605 &lt;/td&gt;&lt;/tr&gt;
&lt;tr&gt;&lt;td&gt;Heading: 58.5 &lt;/td&gt;&lt;/tr&gt;
&lt;/table&gt;</cmt>
    <desc>&lt;table&gt;
&lt;tr&gt;&lt;td&gt;Longitude: 32.846045 &lt;/td&gt;&lt;/tr&gt;
&lt;tr&gt;&lt;td&gt;Latitude: -18.335605 &lt;/td&gt;&lt;/tr&gt;
&lt;tr&gt;&lt;td&gt;Heading: 58.5 &lt;/td&gt;&lt;/tr&gt;
&lt;/table&gt;</desc>
    <sym>Flag, Blue</sym>
    <type>user</type>
    <extensions>
      <gpxx:WaypointExtension>
        <gpxx:DisplayMode>SymbolAndName</gpxx:DisplayMode>
      </gpxx:WaypointExtension>
      <wptx1:WaypointExtension>
        <wptx1:DisplayMode>SymbolAndName</wptx1:DisplayMode>
      </wptx1:WaypointExtension>
      <ctx:CreationTimeExtension>
        <ctx:CreationTime>2026-10-02T12:44:04Z</ctx:CreationTime>
      </ctx:CreationTimeExtension>
    </extensions>
  </wpt>
  <wpt lat="-18.299895040690899" lon="32.934455992653966">
    <ele>0</ele>
    <time>2026-10-02T12:44:04Z</time>
    <name>The Challenge 2025-350</name>
    <cmt>&lt;table&gt;
&lt;tr&gt;&lt;td&gt;Longitude: 32.934456 &lt;/td&gt;&lt;/tr&gt;
&lt;tr&gt;&lt;td&gt;Latitude: -18.299895 &lt;/td&gt;&lt;/tr&gt;
&lt;tr&gt;&lt;td&gt;Heading: 5.1 &lt;/td&gt;&lt;/tr&gt;
&lt;/table&gt;</cmt>
    <desc>&lt;table&gt;
&lt;tr&gt;&lt;td&gt;Longitude: 32.934456 &lt;/td&gt;&lt;/tr&gt;
&lt;tr&gt;&lt;td&gt;Latitude: -18.299895 &lt;/td&gt;&lt;/tr&gt;
&lt;tr&gt;&lt;td&gt;Heading: 5.1 &lt;/td&gt;&lt;/tr&gt;
&lt;/table&gt;</desc>
    <sym>Flag, Blue</sym>
    <type>user</type>
    <extensions>
      <gpxx:WaypointExtension>
        <gpxx:DisplayMode>SymbolAndName</gpxx:DisplayMode>
      </gpxx:WaypointExtension>
      <wptx1:WaypointExtension>
        <wptx1:DisplayMode>SymbolAndName</wptx1:DisplayMode>
      </wptx1:WaypointExtension>
      <ctx:CreationTimeExtension>
        <ctx:CreationTime>2026-10-02T12:44:04Z</ctx:CreationTime>
      </ctx:CreationTimeExtension>
    </extensions>
  </wpt>
  <wpt lat="-18.299415009096265" lon="32.934902999550104">
    <ele>0</ele>
    <time>2026-10-02T12:44:04Z</time>
    <name>The Challenge 2025-351</name>
    <cmt>&lt;table&gt;
&lt;tr&gt;&lt;td&gt;Longitude: 32.934903 &lt;/td&gt;&lt;/tr&gt;
&lt;tr&gt;&lt;td&gt;Latitude: -18.299415 &lt;/td&gt;&lt;/tr&gt;
&lt;tr&gt;&lt;td&gt;Heading: 41.5 &lt;/td&gt;&lt;/tr&gt;
&lt;/table&gt;</cmt>
    <desc>&lt;table&gt;
&lt;tr&gt;&lt;td&gt;Longitude: 32.934903 &lt;/td&gt;&lt;/tr&gt;
&lt;tr&gt;&lt;td&gt;Latitude: -18.299415 &lt;/td&gt;&lt;/tr&gt;
&lt;tr&gt;&lt;td&gt;Heading: 41.5 &lt;/td&gt;&lt;/tr&gt;
&lt;/table&gt;</desc>
    <sym>Flag, Blue</sym>
    <type>user</type>
    <extensions>
      <gpxx:WaypointExtension>
        <gpxx:DisplayMode>SymbolAndName</gpxx:DisplayMode>
      </gpxx:WaypointExtension>
      <wptx1:WaypointExtension>
        <wptx1:DisplayMode>SymbolAndName</wptx1:DisplayMode>
      </wptx1:WaypointExtension>
      <ctx:CreationTimeExtension>
        <ctx:CreationTime>2026-10-02T12:44:04Z</ctx:CreationTime>
      </ctx:CreationTimeExtension>
    </extensions>
  </wpt>
  <wpt lat="-18.299080990254879" lon="32.935585035011172">
    <ele>0</ele>
    <time>2026-10-02T12:44:04Z</time>
    <name>The Challenge 2025-352</name>
    <cmt>&lt;table&gt;
&lt;tr&gt;&lt;td&gt;Longitude: 32.935585 &lt;/td&gt;&lt;/tr&gt;
&lt;tr&gt;&lt;td&gt;Latitude: -18.299081 &lt;/td&gt;&lt;/tr&gt;
&lt;tr&gt;&lt;td&gt;Heading: 62.7 &lt;/td&gt;&lt;/tr&gt;
&lt;/table&gt;</cmt>
    <desc>&lt;table&gt;
&lt;tr&gt;&lt;td&gt;Longitude: 32.935585 &lt;/td&gt;&lt;/tr&gt;
&lt;tr&gt;&lt;td&gt;Latitude: -18.299081 &lt;/td&gt;&lt;/tr&gt;
&lt;tr&gt;&lt;td&gt;Heading: 62.7 &lt;/td&gt;&lt;/tr&gt;
&lt;/table&gt;</desc>
    <sym>Flag, Blue</sym>
    <type>user</type>
    <extensions>
      <gpxx:WaypointExtension>
        <gpxx:DisplayMode>SymbolAndName</gpxx:DisplayMode>
      </gpxx:WaypointExtension>
      <wptx1:WaypointExtension>
        <wptx1:DisplayMode>SymbolAndName</wptx1:DisplayMode>
      </wptx1:WaypointExtension>
      <ctx:CreationTimeExtension>
        <ctx:CreationTime>2026-10-02T12:44:04Z</ctx:CreationTime>
      </ctx:CreationTimeExtension>
    </extensions>
  </wpt>
  <wpt lat="-18.298814026638865" lon="32.936166990548372">
    <ele>0</ele>
    <time>2026-10-02T12:44:04Z</time>
    <name>The Challenge 2025-353</name>
    <cmt>&lt;table&gt;
&lt;tr&gt;&lt;td&gt;Longitude: 32.936167 &lt;/td&gt;&lt;/tr&gt;
&lt;tr&gt;&lt;td&gt;Latitude: -18.298814 &lt;/td&gt;&lt;/tr&gt;
&lt;tr&gt;&lt;td&gt;Heading: 64.2 &lt;/td&gt;&lt;/tr&gt;
&lt;/table&gt;</cmt>
    <desc>&lt;table&gt;
&lt;tr&gt;&lt;td&gt;Longitude: 32.936167 &lt;/td&gt;&lt;/tr&gt;
&lt;tr&gt;&lt;td&gt;Latitude: -18.298814 &lt;/td&gt;&lt;/tr&gt;
&lt;tr&gt;&lt;td&gt;Heading: 64.2 &lt;/td&gt;&lt;/tr&gt;
&lt;/table&gt;</desc>
    <sym>Flag, Blue</sym>
    <type>user</type>
    <extensions>
      <gpxx:WaypointExtension>
        <gpxx:DisplayMode>SymbolAndName</gpxx:DisplayMode>
      </gpxx:WaypointExtension>
      <wptx1:WaypointExtension>
        <wptx1:DisplayMode>SymbolAndName</wptx1:DisplayMode>
      </wptx1:WaypointExtension>
      <ctx:CreationTimeExtension>
        <ctx:CreationTime>2026-10-02T12:44:04Z</ctx:CreationTime>
      </ctx:CreationTimeExtension>
    </extensions>
  </wpt>
  <wpt lat="-18.298080023378134" lon="32.936736037954688">
    <ele>0</ele>
    <time>2026-10-02T12:44:04Z</time>
    <name>The Challenge 2025-354</name>
    <cmt>&lt;table&gt;
&lt;tr&gt;&lt;td&gt;Longitude: 32.936736 &lt;/td&gt;&lt;/tr&gt;
&lt;tr&gt;&lt;td&gt;Latitude: -18.298080 &lt;/td&gt;&lt;/tr&gt;
&lt;tr&gt;&lt;td&gt;Heading: 36.4 &lt;/td&gt;&lt;/tr&gt;
&lt;/table&gt;</cmt>
    <desc>&lt;table&gt;
&lt;tr&gt;&lt;td&gt;Longitude: 32.936736 &lt;/td&gt;&lt;/tr&gt;
&lt;tr&gt;&lt;td&gt;Latitude: -18.298080 &lt;/td&gt;&lt;/tr&gt;
&lt;tr&gt;&lt;td&gt;Heading: 36.4 &lt;/td&gt;&lt;/tr&gt;
&lt;/table&gt;</desc>
    <sym>Flag, Blue</sym>
    <type>user</type>
    <extensions>
      <gpxx:WaypointExtension>
        <gpxx:DisplayMode>SymbolAndName</gpxx:DisplayMode>
      </gpxx:WaypointExtension>
      <wptx1:WaypointExtension>
        <wptx1:DisplayMode>SymbolAndName</wptx1:DisplayMode>
      </wptx1:WaypointExtension>
      <ctx:CreationTimeExtension>
        <ctx:CreationTime>2026-10-02T12:44:04Z</ctx:CreationTime>
      </ctx:CreationTimeExtension>
    </extensions>
  </wpt>
  <wpt lat="-18.297487003728747" lon="32.937886035069823">
    <ele>0</ele>
    <time>2026-10-02T12:44:04Z</time>
    <name>The Challenge 2025-355</name>
    <cmt>&lt;table&gt;
&lt;tr&gt;&lt;td&gt;Longitude: 32.937886 &lt;/td&gt;&lt;/tr&gt;
&lt;tr&gt;&lt;td&gt;Latitude: -18.297487 &lt;/td&gt;&lt;/tr&gt;
&lt;tr&gt;&lt;td&gt;Heading: 61.5 &lt;/td&gt;&lt;/tr&gt;
&lt;/table&gt;</cmt>
    <desc>&lt;table&gt;
&lt;tr&gt;&lt;td&gt;Longitude: 32.937886 &lt;/td&gt;&lt;/tr&gt;
&lt;tr&gt;&lt;td&gt;Latitude: -18.297487 &lt;/td&gt;&lt;/tr&gt;
&lt;tr&gt;&lt;td&gt;Heading: 61.5 &lt;/td&gt;&lt;/tr&gt;
&lt;/table&gt;</desc>
    <sym>Flag, Blue</sym>
    <type>user</type>
    <extensions>
      <gpxx:WaypointExtension>
        <gpxx:DisplayMode>SymbolAndName</gpxx:DisplayMode>
      </gpxx:WaypointExtension>
      <wptx1:WaypointExtension>
        <wptx1:DisplayMode>SymbolAndName</wptx1:DisplayMode>
      </wptx1:WaypointExtension>
      <ctx:CreationTimeExtension>
        <ctx:CreationTime>2026-10-02T12:44:04Z</ctx:CreationTime>
      </ctx:CreationTimeExtension>
    </extensions>
  </wpt>
  <wpt lat="-18.29734300263226" lon="32.938492968678474">
    <ele>0</ele>
    <time>2026-10-02T12:44:04Z</time>
    <name>The Challenge 2025-356</name>
    <cmt>&lt;table&gt;
&lt;tr&gt;&lt;td&gt;Longitude: 32.938493 &lt;/td&gt;&lt;/tr&gt;
&lt;tr&gt;&lt;td&gt;Latitude: -18.297343 &lt;/td&gt;&lt;/tr&gt;
&lt;tr&gt;&lt;td&gt;Heading: 76.0 &lt;/td&gt;&lt;/tr&gt;
&lt;/table&gt;</cmt>
    <desc>&lt;table&gt;
&lt;tr&gt;&lt;td&gt;Longitude: 32.938493 &lt;/td&gt;&lt;/tr&gt;
&lt;tr&gt;&lt;td&gt;Latitude: -18.297343 &lt;/td&gt;&lt;/tr&gt;
&lt;tr&gt;&lt;td&gt;Heading: 76.0 &lt;/td&gt;&lt;/tr&gt;
&lt;/table&gt;</desc>
    <sym>Flag, Blue</sym>
    <type>user</type>
    <extensions>
      <gpxx:WaypointExtension>
        <gpxx:DisplayMode>SymbolAndName</gpxx:DisplayMode>
      </gpxx:WaypointExtension>
      <wptx1:WaypointExtension>
        <wptx1:DisplayMode>SymbolAndName</wptx1:DisplayMode>
      </wptx1:WaypointExtension>
      <ctx:CreationTimeExtension>
        <ctx:CreationTime>2026-10-02T12:44:04Z</ctx:CreationTime>
      </ctx:CreationTimeExtension>
    </extensions>
  </wpt>
  <wpt lat="-18.297723960131407" lon="32.939687976613641">
    <ele>0</ele>
    <time>2026-10-02T12:44:04Z</time>
    <name>The Challenge 2025-357</name>
    <cmt>&lt;table&gt;
&lt;tr&gt;&lt;td&gt;Longitude: 32.939688 &lt;/td&gt;&lt;/tr&gt;
&lt;tr&gt;&lt;td&gt;Latitude: -18.297724 &lt;/td&gt;&lt;/tr&gt;
&lt;tr&gt;&lt;td&gt;Heading: 108.6 &lt;/td&gt;&lt;/tr&gt;
&lt;/table&gt;</cmt>
    <desc>&lt;table&gt;
&lt;tr&gt;&lt;td&gt;Longitude: 32.939688 &lt;/td&gt;&lt;/tr&gt;
&lt;tr&gt;&lt;td&gt;Latitude: -18.297724 &lt;/td&gt;&lt;/tr&gt;
&lt;tr&gt;&lt;td&gt;Heading: 108.6 &lt;/td&gt;&lt;/tr&gt;
&lt;/table&gt;</desc>
    <sym>Flag, Blue</sym>
    <type>user</type>
    <extensions>
      <gpxx:WaypointExtension>
        <gpxx:DisplayMode>SymbolAndName</gpxx:DisplayMode>
      </gpxx:WaypointExtension>
      <wptx1:WaypointExtension>
        <wptx1:DisplayMode>SymbolAndName</wptx1:DisplayMode>
      </wptx1:WaypointExtension>
      <ctx:CreationTimeExtension>
        <ctx:CreationTime>2026-10-02T12:44:04Z</ctx:CreationTime>
      </ctx:CreationTimeExtension>
    </extensions>
  </wpt>
  <wpt lat="-18.298035012558103" lon="32.940251994878054">
    <ele>0</ele>
    <time>2026-10-02T12:44:04Z</time>
    <name>The Challenge 2025-358</name>
    <cmt>&lt;table&gt;
&lt;tr&gt;&lt;td&gt;Longitude: 32.940252 &lt;/td&gt;&lt;/tr&gt;
&lt;tr&gt;&lt;td&gt;Latitude: -18.298035 &lt;/td&gt;&lt;/tr&gt;
&lt;tr&gt;&lt;td&gt;Heading: 120.1 &lt;/td&gt;&lt;/tr&gt;
&lt;/table&gt;</cmt>
    <desc>&lt;table&gt;
&lt;tr&gt;&lt;td&gt;Longitude: 32.940252 &lt;/td&gt;&lt;/tr&gt;
&lt;tr&gt;&lt;td&gt;Latitude: -18.298035 &lt;/td&gt;&lt;/tr&gt;
&lt;tr&gt;&lt;td&gt;Heading: 120.1 &lt;/td&gt;&lt;/tr&gt;
&lt;/table&gt;</desc>
    <sym>Flag, Blue</sym>
    <type>user</type>
    <extensions>
      <gpxx:WaypointExtension>
        <gpxx:DisplayMode>SymbolAndName</gpxx:DisplayMode>
      </gpxx:WaypointExtension>
      <wptx1:WaypointExtension>
        <wptx1:DisplayMode>SymbolAndName</wptx1:DisplayMode>
      </wptx1:WaypointExtension>
      <ctx:CreationTimeExtension>
        <ctx:CreationTime>2026-10-02T12:44:04Z</ctx:CreationTime>
      </ctx:CreationTimeExtension>
    </extensions>
  </wpt>
  <wpt lat="-18.29749203287065" lon="32.940679974853992">
    <ele>0</ele>
    <time>2026-10-02T12:44:04Z</time>
    <name>The Challenge 2025-359</name>
    <cmt>&lt;table&gt;
&lt;tr&gt;&lt;td&gt;Longitude: 32.940680 &lt;/td&gt;&lt;/tr&gt;
&lt;tr&gt;&lt;td&gt;Latitude: -18.297492 &lt;/td&gt;&lt;/tr&gt;
&lt;tr&gt;&lt;td&gt;Heading: 36.8 &lt;/td&gt;&lt;/tr&gt;
&lt;/table&gt;</cmt>
    <desc>&lt;table&gt;
&lt;tr&gt;&lt;td&gt;Longitude: 32.940680 &lt;/td&gt;&lt;/tr&gt;
&lt;tr&gt;&lt;td&gt;Latitude: -18.297492 &lt;/td&gt;&lt;/tr&gt;
&lt;tr&gt;&lt;td&gt;Heading: 36.8 &lt;/td&gt;&lt;/tr&gt;
&lt;/table&gt;</desc>
    <sym>Flag, Blue</sym>
    <type>user</type>
    <extensions>
      <gpxx:WaypointExtension>
        <gpxx:DisplayMode>SymbolAndName</gpxx:DisplayMode>
      </gpxx:WaypointExtension>
      <wptx1:WaypointExtension>
        <wptx1:DisplayMode>SymbolAndName</wptx1:DisplayMode>
      </wptx1:WaypointExtension>
      <ctx:CreationTimeExtension>
        <ctx:CreationTime>2026-10-02T12:44:04Z</ctx:CreationTime>
      </ctx:CreationTimeExtension>
    </extensions>
  </wpt>
  <wpt lat="-18.335060980170965" lon="32.846368979662657">
    <ele>0</ele>
    <time>2026-10-02T12:44:04Z</time>
    <name>The Challenge 2025-36</name>
    <cmt>&lt;table&gt;
&lt;tr&gt;&lt;td&gt;Longitude: 32.846369 &lt;/td&gt;&lt;/tr&gt;
&lt;tr&gt;&lt;td&gt;Latitude: -18.335061 &lt;/td&gt;&lt;/tr&gt;
&lt;tr&gt;&lt;td&gt;Heading: 29.4 &lt;/td&gt;&lt;/tr&gt;
&lt;/table&gt;</cmt>
    <desc>&lt;table&gt;
&lt;tr&gt;&lt;td&gt;Longitude: 32.846369 &lt;/td&gt;&lt;/tr&gt;
&lt;tr&gt;&lt;td&gt;Latitude: -18.335061 &lt;/td&gt;&lt;/tr&gt;
&lt;tr&gt;&lt;td&gt;Heading: 29.4 &lt;/td&gt;&lt;/tr&gt;
&lt;/table&gt;</desc>
    <sym>Flag, Blue</sym>
    <type>user</type>
    <extensions>
      <gpxx:WaypointExtension>
        <gpxx:DisplayMode>SymbolAndName</gpxx:DisplayMode>
      </gpxx:WaypointExtension>
      <wptx1:WaypointExtension>
        <wptx1:DisplayMode>SymbolAndName</wptx1:DisplayMode>
      </wptx1:WaypointExtension>
      <ctx:CreationTimeExtension>
        <ctx:CreationTime>2026-10-02T12:44:04Z</ctx:CreationTime>
      </ctx:CreationTimeExtension>
    </extensions>
  </wpt>
  <wpt lat="-18.29721299931407" lon="32.941223960369825">
    <ele>0</ele>
    <time>2026-10-02T12:44:04Z</time>
    <name>The Challenge 2025-360</name>
    <cmt>&lt;table&gt;
&lt;tr&gt;&lt;td&gt;Longitude: 32.941224 &lt;/td&gt;&lt;/tr&gt;
&lt;tr&gt;&lt;td&gt;Latitude: -18.297213 &lt;/td&gt;&lt;/tr&gt;
&lt;tr&gt;&lt;td&gt;Heading: 61.6 &lt;/td&gt;&lt;/tr&gt;
&lt;/table&gt;</cmt>
    <desc>&lt;table&gt;
&lt;tr&gt;&lt;td&gt;Longitude: 32.941224 &lt;/td&gt;&lt;/tr&gt;
&lt;tr&gt;&lt;td&gt;Latitude: -18.297213 &lt;/td&gt;&lt;/tr&gt;
&lt;tr&gt;&lt;td&gt;Heading: 61.6 &lt;/td&gt;&lt;/tr&gt;
&lt;/table&gt;</desc>
    <sym>Flag, Blue</sym>
    <type>user</type>
    <extensions>
      <gpxx:WaypointExtension>
        <gpxx:DisplayMode>SymbolAndName</gpxx:DisplayMode>
      </gpxx:WaypointExtension>
      <wptx1:WaypointExtension>
        <wptx1:DisplayMode>SymbolAndName</wptx1:DisplayMode>
      </wptx1:WaypointExtension>
      <ctx:CreationTimeExtension>
        <ctx:CreationTime>2026-10-02T12:44:04Z</ctx:CreationTime>
      </ctx:CreationTimeExtension>
    </extensions>
  </wpt>
  <wpt lat="-18.296734979376197" lon="32.94159896671772">
    <ele>0</ele>
    <time>2026-10-02T12:44:04Z</time>
    <name>The Challenge 2025-361</name>
    <cmt>&lt;table&gt;
&lt;tr&gt;&lt;td&gt;Longitude: 32.941599 &lt;/td&gt;&lt;/tr&gt;
&lt;tr&gt;&lt;td&gt;Latitude: -18.296735 &lt;/td&gt;&lt;/tr&gt;
&lt;tr&gt;&lt;td&gt;Heading: 36.6 &lt;/td&gt;&lt;/tr&gt;
&lt;/table&gt;</cmt>
    <desc>&lt;table&gt;
&lt;tr&gt;&lt;td&gt;Longitude: 32.941599 &lt;/td&gt;&lt;/tr&gt;
&lt;tr&gt;&lt;td&gt;Latitude: -18.296735 &lt;/td&gt;&lt;/tr&gt;
&lt;tr&gt;&lt;td&gt;Heading: 36.6 &lt;/td&gt;&lt;/tr&gt;
&lt;/table&gt;</desc>
    <sym>Flag, Blue</sym>
    <type>user</type>
    <extensions>
      <gpxx:WaypointExtension>
        <gpxx:DisplayMode>SymbolAndName</gpxx:DisplayMode>
      </gpxx:WaypointExtension>
      <wptx1:WaypointExtension>
        <wptx1:DisplayMode>SymbolAndName</wptx1:DisplayMode>
      </wptx1:WaypointExtension>
      <ctx:CreationTimeExtension>
        <ctx:CreationTime>2026-10-02T12:44:04Z</ctx:CreationTime>
      </ctx:CreationTimeExtension>
    </extensions>
  </wpt>
  <wpt lat="-18.296920973807573" lon="32.941901972517371">
    <ele>0</ele>
    <time>2026-10-02T12:44:04Z</time>
    <name>The Challenge 2025-362</name>
    <cmt>&lt;table&gt;
&lt;tr&gt;&lt;td&gt;Longitude: 32.941902 &lt;/td&gt;&lt;/tr&gt;
&lt;tr&gt;&lt;td&gt;Latitude: -18.296921 &lt;/td&gt;&lt;/tr&gt;
&lt;tr&gt;&lt;td&gt;Heading: 122.9 &lt;/td&gt;&lt;/tr&gt;
&lt;/table&gt;</cmt>
    <desc>&lt;table&gt;
&lt;tr&gt;&lt;td&gt;Longitude: 32.941902 &lt;/td&gt;&lt;/tr&gt;
&lt;tr&gt;&lt;td&gt;Latitude: -18.296921 &lt;/td&gt;&lt;/tr&gt;
&lt;tr&gt;&lt;td&gt;Heading: 122.9 &lt;/td&gt;&lt;/tr&gt;
&lt;/table&gt;</desc>
    <sym>Flag, Blue</sym>
    <type>user</type>
    <extensions>
      <gpxx:WaypointExtension>
        <gpxx:DisplayMode>SymbolAndName</gpxx:DisplayMode>
      </gpxx:WaypointExtension>
      <wptx1:WaypointExtension>
        <wptx1:DisplayMode>SymbolAndName</wptx1:DisplayMode>
      </wptx1:WaypointExtension>
      <ctx:CreationTimeExtension>
        <ctx:CreationTime>2026-10-02T12:44:04Z</ctx:CreationTime>
      </ctx:CreationTimeExtension>
    </extensions>
  </wpt>
  <wpt lat="-18.296689968556166" lon="32.942104982212186">
    <ele>0</ele>
    <time>2026-10-02T12:44:04Z</time>
    <name>The Challenge 2025-363</name>
    <cmt>&lt;table&gt;
&lt;tr&gt;&lt;td&gt;Longitude: 32.942105 &lt;/td&gt;&lt;/tr&gt;
&lt;tr&gt;&lt;td&gt;Latitude: -18.296690 &lt;/td&gt;&lt;/tr&gt;
&lt;tr&gt;&lt;td&gt;Heading: 39.8 &lt;/td&gt;&lt;/tr&gt;
&lt;/table&gt;</cmt>
    <desc>&lt;table&gt;
&lt;tr&gt;&lt;td&gt;Longitude: 32.942105 &lt;/td&gt;&lt;/tr&gt;
&lt;tr&gt;&lt;td&gt;Latitude: -18.296690 &lt;/td&gt;&lt;/tr&gt;
&lt;tr&gt;&lt;td&gt;Heading: 39.8 &lt;/td&gt;&lt;/tr&gt;
&lt;/table&gt;</desc>
    <sym>Flag, Blue</sym>
    <type>user</type>
    <extensions>
      <gpxx:WaypointExtension>
        <gpxx:DisplayMode>SymbolAndName</gpxx:DisplayMode>
      </gpxx:WaypointExtension>
      <wptx1:WaypointExtension>
        <wptx1:DisplayMode>SymbolAndName</wptx1:DisplayMode>
      </wptx1:WaypointExtension>
      <ctx:CreationTimeExtension>
        <ctx:CreationTime>2026-10-02T12:44:04Z</ctx:CreationTime>
      </ctx:CreationTimeExtension>
    </extensions>
  </wpt>
  <wpt lat="-18.296573041006923" lon="32.942311009392142">
    <ele>0</ele>
    <time>2026-10-02T12:44:04Z</time>
    <name>The Challenge 2025-364</name>
    <cmt>&lt;table&gt;
&lt;tr&gt;&lt;td&gt;Longitude: 32.942311 &lt;/td&gt;&lt;/tr&gt;
&lt;tr&gt;&lt;td&gt;Latitude: -18.296573 &lt;/td&gt;&lt;/tr&gt;
&lt;tr&gt;&lt;td&gt;Heading: 59.3 &lt;/td&gt;&lt;/tr&gt;
&lt;/table&gt;</cmt>
    <desc>&lt;table&gt;
&lt;tr&gt;&lt;td&gt;Longitude: 32.942311 &lt;/td&gt;&lt;/tr&gt;
&lt;tr&gt;&lt;td&gt;Latitude: -18.296573 &lt;/td&gt;&lt;/tr&gt;
&lt;tr&gt;&lt;td&gt;Heading: 59.3 &lt;/td&gt;&lt;/tr&gt;
&lt;/table&gt;</desc>
    <sym>Flag, Blue</sym>
    <type>user</type>
    <extensions>
      <gpxx:WaypointExtension>
        <gpxx:DisplayMode>SymbolAndName</gpxx:DisplayMode>
      </gpxx:WaypointExtension>
      <wptx1:WaypointExtension>
        <wptx1:DisplayMode>SymbolAndName</wptx1:DisplayMode>
      </wptx1:WaypointExtension>
      <ctx:CreationTimeExtension>
        <ctx:CreationTime>2026-10-02T12:44:04Z</ctx:CreationTime>
      </ctx:CreationTimeExtension>
    </extensions>
  </wpt>
  <wpt lat="-18.29663397744298" lon="32.942620972171426">
    <ele>0</ele>
    <time>2026-10-02T12:44:04Z</time>
    <name>The Challenge 2025-365</name>
    <cmt>&lt;table&gt;
&lt;tr&gt;&lt;td&gt;Longitude: 32.942621 &lt;/td&gt;&lt;/tr&gt;
&lt;tr&gt;&lt;td&gt;Latitude: -18.296634 &lt;/td&gt;&lt;/tr&gt;
&lt;tr&gt;&lt;td&gt;Heading: 101.7 &lt;/td&gt;&lt;/tr&gt;
&lt;/table&gt;</cmt>
    <desc>&lt;table&gt;
&lt;tr&gt;&lt;td&gt;Longitude: 32.942621 &lt;/td&gt;&lt;/tr&gt;
&lt;tr&gt;&lt;td&gt;Latitude: -18.296634 &lt;/td&gt;&lt;/tr&gt;
&lt;tr&gt;&lt;td&gt;Heading: 101.7 &lt;/td&gt;&lt;/tr&gt;
&lt;/table&gt;</desc>
    <sym>Flag, Blue</sym>
    <type>user</type>
    <extensions>
      <gpxx:WaypointExtension>
        <gpxx:DisplayMode>SymbolAndName</gpxx:DisplayMode>
      </gpxx:WaypointExtension>
      <wptx1:WaypointExtension>
        <wptx1:DisplayMode>SymbolAndName</wptx1:DisplayMode>
      </wptx1:WaypointExtension>
      <ctx:CreationTimeExtension>
        <ctx:CreationTime>2026-10-02T12:44:04Z</ctx:CreationTime>
      </ctx:CreationTimeExtension>
    </extensions>
  </wpt>
  <wpt lat="-18.296701032668352" lon="32.942659026011825">
    <ele>0</ele>
    <time>2026-10-02T12:44:04Z</time>
    <name>The Challenge 2025-366</name>
    <cmt>&lt;table&gt;
&lt;tr&gt;&lt;td&gt;Longitude: 32.942659 &lt;/td&gt;&lt;/tr&gt;
&lt;tr&gt;&lt;td&gt;Latitude: -18.296701 &lt;/td&gt;&lt;/tr&gt;
&lt;tr&gt;&lt;td&gt;Heading: 151.6 &lt;/td&gt;&lt;/tr&gt;
&lt;/table&gt;</cmt>
    <desc>&lt;table&gt;
&lt;tr&gt;&lt;td&gt;Longitude: 32.942659 &lt;/td&gt;&lt;/tr&gt;
&lt;tr&gt;&lt;td&gt;Latitude: -18.296701 &lt;/td&gt;&lt;/tr&gt;
&lt;tr&gt;&lt;td&gt;Heading: 151.6 &lt;/td&gt;&lt;/tr&gt;
&lt;/table&gt;</desc>
    <sym>Flag, Blue</sym>
    <type>user</type>
    <extensions>
      <gpxx:WaypointExtension>
        <gpxx:DisplayMode>SymbolAndName</gpxx:DisplayMode>
      </gpxx:WaypointExtension>
      <wptx1:WaypointExtension>
        <wptx1:DisplayMode>SymbolAndName</wptx1:DisplayMode>
      </wptx1:WaypointExtension>
      <ctx:CreationTimeExtension>
        <ctx:CreationTime>2026-10-02T12:44:04Z</ctx:CreationTime>
      </ctx:CreationTimeExtension>
    </extensions>
  </wpt>
  <wpt lat="-18.296723999083042" lon="32.942724991589785">
    <ele>0</ele>
    <time>2026-10-02T12:44:04Z</time>
    <name>The Challenge 2025-367</name>
    <cmt>&lt;table&gt;
&lt;tr&gt;&lt;td&gt;Longitude: 32.942725 &lt;/td&gt;&lt;/tr&gt;
&lt;tr&gt;&lt;td&gt;Latitude: -18.296724 &lt;/td&gt;&lt;/tr&gt;
&lt;tr&gt;&lt;td&gt;Heading: 110.2 &lt;/td&gt;&lt;/tr&gt;
&lt;/table&gt;</cmt>
    <desc>&lt;table&gt;
&lt;tr&gt;&lt;td&gt;Longitude: 32.942725 &lt;/td&gt;&lt;/tr&gt;
&lt;tr&gt;&lt;td&gt;Latitude: -18.296724 &lt;/td&gt;&lt;/tr&gt;
&lt;tr&gt;&lt;td&gt;Heading: 110.2 &lt;/td&gt;&lt;/tr&gt;
&lt;/table&gt;</desc>
    <sym>Flag, Blue</sym>
    <type>user</type>
    <extensions>
      <gpxx:WaypointExtension>
        <gpxx:DisplayMode>SymbolAndName</gpxx:DisplayMode>
      </gpxx:WaypointExtension>
      <wptx1:WaypointExtension>
        <wptx1:DisplayMode>SymbolAndName</wptx1:DisplayMode>
      </wptx1:WaypointExtension>
      <ctx:CreationTimeExtension>
        <ctx:CreationTime>2026-10-02T12:44:04Z</ctx:CreationTime>
      </ctx:CreationTimeExtension>
    </extensions>
  </wpt>
  <wpt lat="-18.296702960506082" lon="32.942818030714989">
    <ele>0</ele>
    <time>2026-10-02T12:44:04Z</time>
    <name>The Challenge 2025-368</name>
    <cmt>&lt;table&gt;
&lt;tr&gt;&lt;td&gt;Longitude: 32.942818 &lt;/td&gt;&lt;/tr&gt;
&lt;tr&gt;&lt;td&gt;Latitude: -18.296703 &lt;/td&gt;&lt;/tr&gt;
&lt;tr&gt;&lt;td&gt;Heading: 76.6 &lt;/td&gt;&lt;/tr&gt;
&lt;/table&gt;</cmt>
    <desc>&lt;table&gt;
&lt;tr&gt;&lt;td&gt;Longitude: 32.942818 &lt;/td&gt;&lt;/tr&gt;
&lt;tr&gt;&lt;td&gt;Latitude: -18.296703 &lt;/td&gt;&lt;/tr&gt;
&lt;tr&gt;&lt;td&gt;Heading: 76.6 &lt;/td&gt;&lt;/tr&gt;
&lt;/table&gt;</desc>
    <sym>Flag, Blue</sym>
    <type>user</type>
    <extensions>
      <gpxx:WaypointExtension>
        <gpxx:DisplayMode>SymbolAndName</gpxx:DisplayMode>
      </gpxx:WaypointExtension>
      <wptx1:WaypointExtension>
        <wptx1:DisplayMode>SymbolAndName</wptx1:DisplayMode>
      </wptx1:WaypointExtension>
      <ctx:CreationTimeExtension>
        <ctx:CreationTime>2026-10-02T12:44:04Z</ctx:CreationTime>
      </ctx:CreationTimeExtension>
    </extensions>
  </wpt>
  <wpt lat="-18.296726010739803" lon="32.942883996292949">
    <ele>0</ele>
    <time>2026-10-02T12:44:04Z</time>
    <name>The Challenge 2025-369</name>
    <cmt>&lt;table&gt;
&lt;tr&gt;&lt;td&gt;Longitude: 32.942884 &lt;/td&gt;&lt;/tr&gt;
&lt;tr&gt;&lt;td&gt;Latitude: -18.296726 &lt;/td&gt;&lt;/tr&gt;
&lt;tr&gt;&lt;td&gt;Heading: 110.3 &lt;/td&gt;&lt;/tr&gt;
&lt;/table&gt;</cmt>
    <desc>&lt;table&gt;
&lt;tr&gt;&lt;td&gt;Longitude: 32.942884 &lt;/td&gt;&lt;/tr&gt;
&lt;tr&gt;&lt;td&gt;Latitude: -18.296726 &lt;/td&gt;&lt;/tr&gt;
&lt;tr&gt;&lt;td&gt;Heading: 110.3 &lt;/td&gt;&lt;/tr&gt;
&lt;/table&gt;</desc>
    <sym>Flag, Blue</sym>
    <type>user</type>
    <extensions>
      <gpxx:WaypointExtension>
        <gpxx:DisplayMode>SymbolAndName</gpxx:DisplayMode>
      </gpxx:WaypointExtension>
      <wptx1:WaypointExtension>
        <wptx1:DisplayMode>SymbolAndName</wptx1:DisplayMode>
      </wptx1:WaypointExtension>
      <ctx:CreationTimeExtension>
        <ctx:CreationTime>2026-10-02T12:44:04Z</ctx:CreationTime>
      </ctx:CreationTimeExtension>
    </extensions>
  </wpt>
  <wpt lat="-18.334147017449141" lon="32.846813974902034">
    <ele>0</ele>
    <time>2026-10-02T12:44:04Z</time>
    <name>The Challenge 2025-37</name>
    <cmt>&lt;table&gt;
&lt;tr&gt;&lt;td&gt;Longitude: 32.846814 &lt;/td&gt;&lt;/tr&gt;
&lt;tr&gt;&lt;td&gt;Latitude: -18.334147 &lt;/td&gt;&lt;/tr&gt;
&lt;tr&gt;&lt;td&gt;Heading: 24.8 &lt;/td&gt;&lt;/tr&gt;
&lt;/table&gt;</cmt>
    <desc>&lt;table&gt;
&lt;tr&gt;&lt;td&gt;Longitude: 32.846814 &lt;/td&gt;&lt;/tr&gt;
&lt;tr&gt;&lt;td&gt;Latitude: -18.334147 &lt;/td&gt;&lt;/tr&gt;
&lt;tr&gt;&lt;td&gt;Heading: 24.8 &lt;/td&gt;&lt;/tr&gt;
&lt;/table&gt;</desc>
    <sym>Flag, Blue</sym>
    <type>user</type>
    <extensions>
      <gpxx:WaypointExtension>
        <gpxx:DisplayMode>SymbolAndName</gpxx:DisplayMode>
      </gpxx:WaypointExtension>
      <wptx1:WaypointExtension>
        <wptx1:DisplayMode>SymbolAndName</wptx1:DisplayMode>
      </wptx1:WaypointExtension>
      <ctx:CreationTimeExtension>
        <ctx:CreationTime>2026-10-02T12:44:04Z</ctx:CreationTime>
      </ctx:CreationTimeExtension>
    </extensions>
  </wpt>
  <wpt lat="-18.29676297493279" lon="32.94297301210463">
    <ele>0</ele>
    <time>2026-10-02T12:44:04Z</time>
    <name>The Challenge 2025-370</name>
    <cmt>&lt;table&gt;
&lt;tr&gt;&lt;td&gt;Longitude: 32.942973 &lt;/td&gt;&lt;/tr&gt;
&lt;tr&gt;&lt;td&gt;Latitude: -18.296763 &lt;/td&gt;&lt;/tr&gt;
&lt;tr&gt;&lt;td&gt;Heading: 113.4 &lt;/td&gt;&lt;/tr&gt;
&lt;/table&gt;</cmt>
    <desc>&lt;table&gt;
&lt;tr&gt;&lt;td&gt;Longitude: 32.942973 &lt;/td&gt;&lt;/tr&gt;
&lt;tr&gt;&lt;td&gt;Latitude: -18.296763 &lt;/td&gt;&lt;/tr&gt;
&lt;tr&gt;&lt;td&gt;Heading: 113.4 &lt;/td&gt;&lt;/tr&gt;
&lt;/table&gt;</desc>
    <sym>Flag, Blue</sym>
    <type>user</type>
    <extensions>
      <gpxx:WaypointExtension>
        <gpxx:DisplayMode>SymbolAndName</gpxx:DisplayMode>
      </gpxx:WaypointExtension>
      <wptx1:WaypointExtension>
        <wptx1:DisplayMode>SymbolAndName</wptx1:DisplayMode>
      </wptx1:WaypointExtension>
      <ctx:CreationTimeExtension>
        <ctx:CreationTime>2026-10-02T12:44:04Z</ctx:CreationTime>
      </ctx:CreationTimeExtension>
    </extensions>
  </wpt>
  <wpt lat="-18.29680304042995" lon="32.943043000996113">
    <ele>0</ele>
    <time>2026-10-02T12:44:04Z</time>
    <name>The Challenge 2025-371</name>
    <cmt>&lt;table&gt;
&lt;tr&gt;&lt;td&gt;Longitude: 32.943043 &lt;/td&gt;&lt;/tr&gt;
&lt;tr&gt;&lt;td&gt;Latitude: -18.296803 &lt;/td&gt;&lt;/tr&gt;
&lt;tr&gt;&lt;td&gt;Heading: 121.4 &lt;/td&gt;&lt;/tr&gt;
&lt;/table&gt;</cmt>
    <desc>&lt;table&gt;
&lt;tr&gt;&lt;td&gt;Longitude: 32.943043 &lt;/td&gt;&lt;/tr&gt;
&lt;tr&gt;&lt;td&gt;Latitude: -18.296803 &lt;/td&gt;&lt;/tr&gt;
&lt;tr&gt;&lt;td&gt;Heading: 121.4 &lt;/td&gt;&lt;/tr&gt;
&lt;/table&gt;</desc>
    <sym>Flag, Blue</sym>
    <type>user</type>
    <extensions>
      <gpxx:WaypointExtension>
        <gpxx:DisplayMode>SymbolAndName</gpxx:DisplayMode>
      </gpxx:WaypointExtension>
      <wptx1:WaypointExtension>
        <wptx1:DisplayMode>SymbolAndName</wptx1:DisplayMode>
      </wptx1:WaypointExtension>
      <ctx:CreationTimeExtension>
        <ctx:CreationTime>2026-10-02T12:44:04Z</ctx:CreationTime>
      </ctx:CreationTimeExtension>
    </extensions>
  </wpt>
  <wpt lat="-18.296803962439299" lon="32.943122964352369">
    <ele>0</ele>
    <time>2026-10-02T12:44:04Z</time>
    <name>The Challenge 2025-372</name>
    <cmt>&lt;table&gt;
&lt;tr&gt;&lt;td&gt;Longitude: 32.943123 &lt;/td&gt;&lt;/tr&gt;
&lt;tr&gt;&lt;td&gt;Latitude: -18.296804 &lt;/td&gt;&lt;/tr&gt;
&lt;tr&gt;&lt;td&gt;Heading: 90.7 &lt;/td&gt;&lt;/tr&gt;
&lt;/table&gt;</cmt>
    <desc>&lt;table&gt;
&lt;tr&gt;&lt;td&gt;Longitude: 32.943123 &lt;/td&gt;&lt;/tr&gt;
&lt;tr&gt;&lt;td&gt;Latitude: -18.296804 &lt;/td&gt;&lt;/tr&gt;
&lt;tr&gt;&lt;td&gt;Heading: 90.7 &lt;/td&gt;&lt;/tr&gt;
&lt;/table&gt;</desc>
    <sym>Flag, Blue</sym>
    <type>user</type>
    <extensions>
      <gpxx:WaypointExtension>
        <gpxx:DisplayMode>SymbolAndName</gpxx:DisplayMode>
      </gpxx:WaypointExtension>
      <wptx1:WaypointExtension>
        <wptx1:DisplayMode>SymbolAndName</wptx1:DisplayMode>
      </wptx1:WaypointExtension>
      <ctx:CreationTimeExtension>
        <ctx:CreationTime>2026-10-02T12:44:04Z</ctx:CreationTime>
      </ctx:CreationTimeExtension>
    </extensions>
  </wpt>
  <wpt lat="-18.296751994639635" lon="32.9431870020926">
    <ele>0</ele>
    <time>2026-10-02T12:44:04Z</time>
    <name>The Challenge 2025-373</name>
    <cmt>&lt;table&gt;
&lt;tr&gt;&lt;td&gt;Longitude: 32.943187 &lt;/td&gt;&lt;/tr&gt;
&lt;tr&gt;&lt;td&gt;Latitude: -18.296752 &lt;/td&gt;&lt;/tr&gt;
&lt;tr&gt;&lt;td&gt;Heading: 49.3 &lt;/td&gt;&lt;/tr&gt;
&lt;/table&gt;</cmt>
    <desc>&lt;table&gt;
&lt;tr&gt;&lt;td&gt;Longitude: 32.943187 &lt;/td&gt;&lt;/tr&gt;
&lt;tr&gt;&lt;td&gt;Latitude: -18.296752 &lt;/td&gt;&lt;/tr&gt;
&lt;tr&gt;&lt;td&gt;Heading: 49.3 &lt;/td&gt;&lt;/tr&gt;
&lt;/table&gt;</desc>
    <sym>Flag, Blue</sym>
    <type>user</type>
    <extensions>
      <gpxx:WaypointExtension>
        <gpxx:DisplayMode>SymbolAndName</gpxx:DisplayMode>
      </gpxx:WaypointExtension>
      <wptx1:WaypointExtension>
        <wptx1:DisplayMode>SymbolAndName</wptx1:DisplayMode>
      </wptx1:WaypointExtension>
      <ctx:CreationTimeExtension>
        <ctx:CreationTime>2026-10-02T12:44:04Z</ctx:CreationTime>
      </ctx:CreationTimeExtension>
    </extensions>
  </wpt>
  <wpt lat="-18.296680999919772" lon="32.94316696934402">
    <ele>0</ele>
    <time>2026-10-02T12:44:04Z</time>
    <name>The Challenge 2025-374</name>
    <cmt>&lt;table&gt;
&lt;tr&gt;&lt;td&gt;Longitude: 32.943167 &lt;/td&gt;&lt;/tr&gt;
&lt;tr&gt;&lt;td&gt;Latitude: -18.296681 &lt;/td&gt;&lt;/tr&gt;
&lt;tr&gt;&lt;td&gt;Heading: 345.3 &lt;/td&gt;&lt;/tr&gt;
&lt;/table&gt;</cmt>
    <desc>&lt;table&gt;
&lt;tr&gt;&lt;td&gt;Longitude: 32.943167 &lt;/td&gt;&lt;/tr&gt;
&lt;tr&gt;&lt;td&gt;Latitude: -18.296681 &lt;/td&gt;&lt;/tr&gt;
&lt;tr&gt;&lt;td&gt;Heading: 345.3 &lt;/td&gt;&lt;/tr&gt;
&lt;/table&gt;</desc>
    <sym>Flag, Blue</sym>
    <type>user</type>
    <extensions>
      <gpxx:WaypointExtension>
        <gpxx:DisplayMode>SymbolAndName</gpxx:DisplayMode>
      </gpxx:WaypointExtension>
      <wptx1:WaypointExtension>
        <wptx1:DisplayMode>SymbolAndName</wptx1:DisplayMode>
      </wptx1:WaypointExtension>
      <ctx:CreationTimeExtension>
        <ctx:CreationTime>2026-10-02T12:44:04Z</ctx:CreationTime>
      </ctx:CreationTimeExtension>
    </extensions>
  </wpt>
  <wpt lat="-18.296614028513432" lon="32.943128999322653">
    <ele>0</ele>
    <time>2026-10-02T12:44:04Z</time>
    <name>The Challenge 2025-375</name>
    <cmt>&lt;table&gt;
&lt;tr&gt;&lt;td&gt;Longitude: 32.943129 &lt;/td&gt;&lt;/tr&gt;
&lt;tr&gt;&lt;td&gt;Latitude: -18.296614 &lt;/td&gt;&lt;/tr&gt;
&lt;tr&gt;&lt;td&gt;Heading: 331.6 &lt;/td&gt;&lt;/tr&gt;
&lt;/table&gt;</cmt>
    <desc>&lt;table&gt;
&lt;tr&gt;&lt;td&gt;Longitude: 32.943129 &lt;/td&gt;&lt;/tr&gt;
&lt;tr&gt;&lt;td&gt;Latitude: -18.296614 &lt;/td&gt;&lt;/tr&gt;
&lt;tr&gt;&lt;td&gt;Heading: 331.6 &lt;/td&gt;&lt;/tr&gt;
&lt;/table&gt;</desc>
    <sym>Flag, Blue</sym>
    <type>user</type>
    <extensions>
      <gpxx:WaypointExtension>
        <gpxx:DisplayMode>SymbolAndName</gpxx:DisplayMode>
      </gpxx:WaypointExtension>
      <wptx1:WaypointExtension>
        <wptx1:DisplayMode>SymbolAndName</wptx1:DisplayMode>
      </wptx1:WaypointExtension>
      <ctx:CreationTimeExtension>
        <ctx:CreationTime>2026-10-02T12:44:04Z</ctx:CreationTime>
      </ctx:CreationTimeExtension>
    </extensions>
  </wpt>
  <wpt lat="-18.296546973288059" lon="32.943091029301286">
    <ele>0</ele>
    <time>2026-10-02T12:44:04Z</time>
    <name>The Challenge 2025-376</name>
    <cmt>&lt;table&gt;
&lt;tr&gt;&lt;td&gt;Longitude: 32.943091 &lt;/td&gt;&lt;/tr&gt;
&lt;tr&gt;&lt;td&gt;Latitude: -18.296547 &lt;/td&gt;&lt;/tr&gt;
&lt;tr&gt;&lt;td&gt;Heading: 331.5 &lt;/td&gt;&lt;/tr&gt;
&lt;/table&gt;</cmt>
    <desc>&lt;table&gt;
&lt;tr&gt;&lt;td&gt;Longitude: 32.943091 &lt;/td&gt;&lt;/tr&gt;
&lt;tr&gt;&lt;td&gt;Latitude: -18.296547 &lt;/td&gt;&lt;/tr&gt;
&lt;tr&gt;&lt;td&gt;Heading: 331.5 &lt;/td&gt;&lt;/tr&gt;
&lt;/table&gt;</desc>
    <sym>Flag, Blue</sym>
    <type>user</type>
    <extensions>
      <gpxx:WaypointExtension>
        <gpxx:DisplayMode>SymbolAndName</gpxx:DisplayMode>
      </gpxx:WaypointExtension>
      <wptx1:WaypointExtension>
        <wptx1:DisplayMode>SymbolAndName</wptx1:DisplayMode>
      </wptx1:WaypointExtension>
      <ctx:CreationTimeExtension>
        <ctx:CreationTime>2026-10-02T12:44:04Z</ctx:CreationTime>
      </ctx:CreationTimeExtension>
    </extensions>
  </wpt>
  <wpt lat="-18.296488970518112" lon="32.9430160112679">
    <ele>0</ele>
    <time>2026-10-02T12:44:04Z</time>
    <name>The Challenge 2025-377</name>
    <cmt>&lt;table&gt;
&lt;tr&gt;&lt;td&gt;Longitude: 32.943016 &lt;/td&gt;&lt;/tr&gt;
&lt;tr&gt;&lt;td&gt;Latitude: -18.296489 &lt;/td&gt;&lt;/tr&gt;
&lt;tr&gt;&lt;td&gt;Heading: 309.1 &lt;/td&gt;&lt;/tr&gt;
&lt;/table&gt;</cmt>
    <desc>&lt;table&gt;
&lt;tr&gt;&lt;td&gt;Longitude: 32.943016 &lt;/td&gt;&lt;/tr&gt;
&lt;tr&gt;&lt;td&gt;Latitude: -18.296489 &lt;/td&gt;&lt;/tr&gt;
&lt;tr&gt;&lt;td&gt;Heading: 309.1 &lt;/td&gt;&lt;/tr&gt;
&lt;/table&gt;</desc>
    <sym>Flag, Blue</sym>
    <type>user</type>
    <extensions>
      <gpxx:WaypointExtension>
        <gpxx:DisplayMode>SymbolAndName</gpxx:DisplayMode>
      </gpxx:WaypointExtension>
      <wptx1:WaypointExtension>
        <wptx1:DisplayMode>SymbolAndName</wptx1:DisplayMode>
      </wptx1:WaypointExtension>
      <ctx:CreationTimeExtension>
        <ctx:CreationTime>2026-10-02T12:44:04Z</ctx:CreationTime>
      </ctx:CreationTimeExtension>
    </extensions>
  </wpt>
  <wpt lat="-18.296443959698081" lon="32.942963959649205">
    <ele>0</ele>
    <time>2026-10-02T12:44:04Z</time>
    <name>The Challenge 2025-378</name>
    <cmt>&lt;table&gt;
&lt;tr&gt;&lt;td&gt;Longitude: 32.942964 &lt;/td&gt;&lt;/tr&gt;
&lt;tr&gt;&lt;td&gt;Latitude: -18.296444 &lt;/td&gt;&lt;/tr&gt;
&lt;tr&gt;&lt;td&gt;Heading: 312.1 &lt;/td&gt;&lt;/tr&gt;
&lt;/table&gt;</cmt>
    <desc>&lt;table&gt;
&lt;tr&gt;&lt;td&gt;Longitude: 32.942964 &lt;/td&gt;&lt;/tr&gt;
&lt;tr&gt;&lt;td&gt;Latitude: -18.296444 &lt;/td&gt;&lt;/tr&gt;
&lt;tr&gt;&lt;td&gt;Heading: 312.1 &lt;/td&gt;&lt;/tr&gt;
&lt;/table&gt;</desc>
    <sym>Flag, Blue</sym>
    <type>user</type>
    <extensions>
      <gpxx:WaypointExtension>
        <gpxx:DisplayMode>SymbolAndName</gpxx:DisplayMode>
      </gpxx:WaypointExtension>
      <wptx1:WaypointExtension>
        <wptx1:DisplayMode>SymbolAndName</wptx1:DisplayMode>
      </wptx1:WaypointExtension>
      <ctx:CreationTimeExtension>
        <ctx:CreationTime>2026-10-02T12:44:04Z</ctx:CreationTime>
      </ctx:CreationTimeExtension>
    </extensions>
  </wpt>
  <wpt lat="-18.296382017433643" lon="32.942906962707639">
    <ele>0</ele>
    <time>2026-10-02T12:44:04Z</time>
    <name>The Challenge 2025-379</name>
    <cmt>&lt;table&gt;
&lt;tr&gt;&lt;td&gt;Longitude: 32.942907 &lt;/td&gt;&lt;/tr&gt;
&lt;tr&gt;&lt;td&gt;Latitude: -18.296382 &lt;/td&gt;&lt;/tr&gt;
&lt;tr&gt;&lt;td&gt;Heading: 319.0 &lt;/td&gt;&lt;/tr&gt;
&lt;/table&gt;</cmt>
    <desc>&lt;table&gt;
&lt;tr&gt;&lt;td&gt;Longitude: 32.942907 &lt;/td&gt;&lt;/tr&gt;
&lt;tr&gt;&lt;td&gt;Latitude: -18.296382 &lt;/td&gt;&lt;/tr&gt;
&lt;tr&gt;&lt;td&gt;Heading: 319.0 &lt;/td&gt;&lt;/tr&gt;
&lt;/table&gt;</desc>
    <sym>Flag, Blue</sym>
    <type>user</type>
    <extensions>
      <gpxx:WaypointExtension>
        <gpxx:DisplayMode>SymbolAndName</gpxx:DisplayMode>
      </gpxx:WaypointExtension>
      <wptx1:WaypointExtension>
        <wptx1:DisplayMode>SymbolAndName</wptx1:DisplayMode>
      </wptx1:WaypointExtension>
      <ctx:CreationTimeExtension>
        <ctx:CreationTime>2026-10-02T12:44:04Z</ctx:CreationTime>
      </ctx:CreationTimeExtension>
    </extensions>
  </wpt>
  <wpt lat="-18.333015963435173" lon="32.847644034773111">
    <ele>0</ele>
    <time>2026-10-02T12:44:04Z</time>
    <name>The Challenge 2025-38</name>
    <cmt>&lt;table&gt;
&lt;tr&gt;&lt;td&gt;Longitude: 32.847644 &lt;/td&gt;&lt;/tr&gt;
&lt;tr&gt;&lt;td&gt;Latitude: -18.333016 &lt;/td&gt;&lt;/tr&gt;
&lt;tr&gt;&lt;td&gt;Heading: 34.8 &lt;/td&gt;&lt;/tr&gt;
&lt;/table&gt;</cmt>
    <desc>&lt;table&gt;
&lt;tr&gt;&lt;td&gt;Longitude: 32.847644 &lt;/td&gt;&lt;/tr&gt;
&lt;tr&gt;&lt;td&gt;Latitude: -18.333016 &lt;/td&gt;&lt;/tr&gt;
&lt;tr&gt;&lt;td&gt;Heading: 34.8 &lt;/td&gt;&lt;/tr&gt;
&lt;/table&gt;</desc>
    <sym>Flag, Blue</sym>
    <type>user</type>
    <extensions>
      <gpxx:WaypointExtension>
        <gpxx:DisplayMode>SymbolAndName</gpxx:DisplayMode>
      </gpxx:WaypointExtension>
      <wptx1:WaypointExtension>
        <wptx1:DisplayMode>SymbolAndName</wptx1:DisplayMode>
      </wptx1:WaypointExtension>
      <ctx:CreationTimeExtension>
        <ctx:CreationTime>2026-10-02T12:44:04Z</ctx:CreationTime>
      </ctx:CreationTimeExtension>
    </extensions>
  </wpt>
  <wpt lat="-18.296315968036652" lon="32.942869998514652">
    <ele>0</ele>
    <time>2026-10-02T12:44:04Z</time>
    <name>The Challenge 2025-380</name>
    <cmt>&lt;table&gt;
&lt;tr&gt;&lt;td&gt;Longitude: 32.942870 &lt;/td&gt;&lt;/tr&gt;
&lt;tr&gt;&lt;td&gt;Latitude: -18.296316 &lt;/td&gt;&lt;/tr&gt;
&lt;tr&gt;&lt;td&gt;Heading: 332.0 &lt;/td&gt;&lt;/tr&gt;
&lt;/table&gt;</cmt>
    <desc>&lt;table&gt;
&lt;tr&gt;&lt;td&gt;Longitude: 32.942870 &lt;/td&gt;&lt;/tr&gt;
&lt;tr&gt;&lt;td&gt;Latitude: -18.296316 &lt;/td&gt;&lt;/tr&gt;
&lt;tr&gt;&lt;td&gt;Heading: 332.0 &lt;/td&gt;&lt;/tr&gt;
&lt;/table&gt;</desc>
    <sym>Flag, Blue</sym>
    <type>user</type>
    <extensions>
      <gpxx:WaypointExtension>
        <gpxx:DisplayMode>SymbolAndName</gpxx:DisplayMode>
      </gpxx:WaypointExtension>
      <wptx1:WaypointExtension>
        <wptx1:DisplayMode>SymbolAndName</wptx1:DisplayMode>
      </wptx1:WaypointExtension>
      <ctx:CreationTimeExtension>
        <ctx:CreationTime>2026-10-02T12:44:04Z</ctx:CreationTime>
      </ctx:CreationTimeExtension>
    </extensions>
  </wpt>
  <wpt lat="-18.296248996630311" lon="32.942833034321666">
    <ele>0</ele>
    <time>2026-10-02T12:44:04Z</time>
    <name>The Challenge 2025-381</name>
    <cmt>&lt;table&gt;
&lt;tr&gt;&lt;td&gt;Longitude: 32.942833 &lt;/td&gt;&lt;/tr&gt;
&lt;tr&gt;&lt;td&gt;Latitude: -18.296249 &lt;/td&gt;&lt;/tr&gt;
&lt;tr&gt;&lt;td&gt;Heading: 332.5 &lt;/td&gt;&lt;/tr&gt;
&lt;/table&gt;</cmt>
    <desc>&lt;table&gt;
&lt;tr&gt;&lt;td&gt;Longitude: 32.942833 &lt;/td&gt;&lt;/tr&gt;
&lt;tr&gt;&lt;td&gt;Latitude: -18.296249 &lt;/td&gt;&lt;/tr&gt;
&lt;tr&gt;&lt;td&gt;Heading: 332.5 &lt;/td&gt;&lt;/tr&gt;
&lt;/table&gt;</desc>
    <sym>Flag, Blue</sym>
    <type>user</type>
    <extensions>
      <gpxx:WaypointExtension>
        <gpxx:DisplayMode>SymbolAndName</gpxx:DisplayMode>
      </gpxx:WaypointExtension>
      <wptx1:WaypointExtension>
        <wptx1:DisplayMode>SymbolAndName</wptx1:DisplayMode>
      </wptx1:WaypointExtension>
      <ctx:CreationTimeExtension>
        <ctx:CreationTime>2026-10-02T12:44:04Z</ctx:CreationTime>
      </ctx:CreationTimeExtension>
    </extensions>
  </wpt>
  <wpt lat="-18.29616098664701" lon="32.942810989916325">
    <ele>0</ele>
    <time>2026-10-02T12:44:04Z</time>
    <name>The Challenge 2025-382</name>
    <cmt>&lt;table&gt;
&lt;tr&gt;&lt;td&gt;Longitude: 32.942811 &lt;/td&gt;&lt;/tr&gt;
&lt;tr&gt;&lt;td&gt;Latitude: -18.296161 &lt;/td&gt;&lt;/tr&gt;
&lt;tr&gt;&lt;td&gt;Heading: 346.6 &lt;/td&gt;&lt;/tr&gt;
&lt;/table&gt;</cmt>
    <desc>&lt;table&gt;
&lt;tr&gt;&lt;td&gt;Longitude: 32.942811 &lt;/td&gt;&lt;/tr&gt;
&lt;tr&gt;&lt;td&gt;Latitude: -18.296161 &lt;/td&gt;&lt;/tr&gt;
&lt;tr&gt;&lt;td&gt;Heading: 346.6 &lt;/td&gt;&lt;/tr&gt;
&lt;/table&gt;</desc>
    <sym>Flag, Blue</sym>
    <type>user</type>
    <extensions>
      <gpxx:WaypointExtension>
        <gpxx:DisplayMode>SymbolAndName</gpxx:DisplayMode>
      </gpxx:WaypointExtension>
      <wptx1:WaypointExtension>
        <wptx1:DisplayMode>SymbolAndName</wptx1:DisplayMode>
      </wptx1:WaypointExtension>
      <ctx:CreationTimeExtension>
        <ctx:CreationTime>2026-10-02T12:44:04Z</ctx:CreationTime>
      </ctx:CreationTimeExtension>
    </extensions>
  </wpt>
  <wpt lat="-18.296089991927147" lon="32.942793974652886">
    <ele>0</ele>
    <time>2026-10-02T12:44:04Z</time>
    <name>The Challenge 2025-383</name>
    <cmt>&lt;table&gt;
&lt;tr&gt;&lt;td&gt;Longitude: 32.942794 &lt;/td&gt;&lt;/tr&gt;
&lt;tr&gt;&lt;td&gt;Latitude: -18.296090 &lt;/td&gt;&lt;/tr&gt;
&lt;tr&gt;&lt;td&gt;Heading: 346.6 &lt;/td&gt;&lt;/tr&gt;
&lt;/table&gt;</cmt>
    <desc>&lt;table&gt;
&lt;tr&gt;&lt;td&gt;Longitude: 32.942794 &lt;/td&gt;&lt;/tr&gt;
&lt;tr&gt;&lt;td&gt;Latitude: -18.296090 &lt;/td&gt;&lt;/tr&gt;
&lt;tr&gt;&lt;td&gt;Heading: 346.6 &lt;/td&gt;&lt;/tr&gt;
&lt;/table&gt;</desc>
    <sym>Flag, Blue</sym>
    <type>user</type>
    <extensions>
      <gpxx:WaypointExtension>
        <gpxx:DisplayMode>SymbolAndName</gpxx:DisplayMode>
      </gpxx:WaypointExtension>
      <wptx1:WaypointExtension>
        <wptx1:DisplayMode>SymbolAndName</wptx1:DisplayMode>
      </wptx1:WaypointExtension>
      <ctx:CreationTimeExtension>
        <ctx:CreationTime>2026-10-02T12:44:04Z</ctx:CreationTime>
      </ctx:CreationTimeExtension>
    </extensions>
  </wpt>
  <wpt lat="-18.296014973893762" lon="32.942794980481267">
    <ele>0</ele>
    <time>2026-10-02T12:44:04Z</time>
    <name>The Challenge 2025-384</name>
    <cmt>&lt;table&gt;
&lt;tr&gt;&lt;td&gt;Longitude: 32.942795 &lt;/td&gt;&lt;/tr&gt;
&lt;tr&gt;&lt;td&gt;Latitude: -18.296015 &lt;/td&gt;&lt;/tr&gt;
&lt;tr&gt;&lt;td&gt;Heading: 0.9 &lt;/td&gt;&lt;/tr&gt;
&lt;/table&gt;</cmt>
    <desc>&lt;table&gt;
&lt;tr&gt;&lt;td&gt;Longitude: 32.942795 &lt;/td&gt;&lt;/tr&gt;
&lt;tr&gt;&lt;td&gt;Latitude: -18.296015 &lt;/td&gt;&lt;/tr&gt;
&lt;tr&gt;&lt;td&gt;Heading: 0.9 &lt;/td&gt;&lt;/tr&gt;
&lt;/table&gt;</desc>
    <sym>Flag, Blue</sym>
    <type>user</type>
    <extensions>
      <gpxx:WaypointExtension>
        <gpxx:DisplayMode>SymbolAndName</gpxx:DisplayMode>
      </gpxx:WaypointExtension>
      <wptx1:WaypointExtension>
        <wptx1:DisplayMode>SymbolAndName</wptx1:DisplayMode>
      </wptx1:WaypointExtension>
      <ctx:CreationTimeExtension>
        <ctx:CreationTime>2026-10-02T12:44:04Z</ctx:CreationTime>
      </ctx:CreationTimeExtension>
    </extensions>
  </wpt>
  <wpt lat="-18.295940961688757" lon="32.942795986309648">
    <ele>0</ele>
    <time>2026-10-02T12:44:04Z</time>
    <name>The Challenge 2025-385</name>
    <cmt>&lt;table&gt;
&lt;tr&gt;&lt;td&gt;Longitude: 32.942796 &lt;/td&gt;&lt;/tr&gt;
&lt;tr&gt;&lt;td&gt;Latitude: -18.295941 &lt;/td&gt;&lt;/tr&gt;
&lt;tr&gt;&lt;td&gt;Heading: 0.9 &lt;/td&gt;&lt;/tr&gt;
&lt;/table&gt;</cmt>
    <desc>&lt;table&gt;
&lt;tr&gt;&lt;td&gt;Longitude: 32.942796 &lt;/td&gt;&lt;/tr&gt;
&lt;tr&gt;&lt;td&gt;Latitude: -18.295941 &lt;/td&gt;&lt;/tr&gt;
&lt;tr&gt;&lt;td&gt;Heading: 0.9 &lt;/td&gt;&lt;/tr&gt;
&lt;/table&gt;</desc>
    <sym>Flag, Blue</sym>
    <type>user</type>
    <extensions>
      <gpxx:WaypointExtension>
        <gpxx:DisplayMode>SymbolAndName</gpxx:DisplayMode>
      </gpxx:WaypointExtension>
      <wptx1:WaypointExtension>
        <wptx1:DisplayMode>SymbolAndName</wptx1:DisplayMode>
      </wptx1:WaypointExtension>
      <ctx:CreationTimeExtension>
        <ctx:CreationTime>2026-10-02T12:44:04Z</ctx:CreationTime>
      </ctx:CreationTimeExtension>
    </extensions>
  </wpt>
  <wpt lat="-18.2958609983325" lon="32.942816019058228">
    <ele>0</ele>
    <time>2026-10-02T12:44:04Z</time>
    <name>The Challenge 2025-386</name>
    <cmt>&lt;table&gt;
&lt;tr&gt;&lt;td&gt;Longitude: 32.942816 &lt;/td&gt;&lt;/tr&gt;
&lt;tr&gt;&lt;td&gt;Latitude: -18.295861 &lt;/td&gt;&lt;/tr&gt;
&lt;tr&gt;&lt;td&gt;Heading: 13.4 &lt;/td&gt;&lt;/tr&gt;
&lt;/table&gt;</cmt>
    <desc>&lt;table&gt;
&lt;tr&gt;&lt;td&gt;Longitude: 32.942816 &lt;/td&gt;&lt;/tr&gt;
&lt;tr&gt;&lt;td&gt;Latitude: -18.295861 &lt;/td&gt;&lt;/tr&gt;
&lt;tr&gt;&lt;td&gt;Heading: 13.4 &lt;/td&gt;&lt;/tr&gt;
&lt;/table&gt;</desc>
    <sym>Flag, Blue</sym>
    <type>user</type>
    <extensions>
      <gpxx:WaypointExtension>
        <gpxx:DisplayMode>SymbolAndName</gpxx:DisplayMode>
      </gpxx:WaypointExtension>
      <wptx1:WaypointExtension>
        <wptx1:DisplayMode>SymbolAndName</wptx1:DisplayMode>
      </wptx1:WaypointExtension>
      <ctx:CreationTimeExtension>
        <ctx:CreationTime>2026-10-02T12:44:04Z</ctx:CreationTime>
      </ctx:CreationTimeExtension>
    </extensions>
  </wpt>
  <wpt lat="-18.295782040804625" lon="32.942835967987776">
    <ele>0</ele>
    <time>2026-10-02T12:44:04Z</time>
    <name>The Challenge 2025-387</name>
    <cmt>&lt;table&gt;
&lt;tr&gt;&lt;td&gt;Longitude: 32.942836 &lt;/td&gt;&lt;/tr&gt;
&lt;tr&gt;&lt;td&gt;Latitude: -18.295782 &lt;/td&gt;&lt;/tr&gt;
&lt;tr&gt;&lt;td&gt;Heading: 13.4 &lt;/td&gt;&lt;/tr&gt;
&lt;/table&gt;</cmt>
    <desc>&lt;table&gt;
&lt;tr&gt;&lt;td&gt;Longitude: 32.942836 &lt;/td&gt;&lt;/tr&gt;
&lt;tr&gt;&lt;td&gt;Latitude: -18.295782 &lt;/td&gt;&lt;/tr&gt;
&lt;tr&gt;&lt;td&gt;Heading: 13.4 &lt;/td&gt;&lt;/tr&gt;
&lt;/table&gt;</desc>
    <sym>Flag, Blue</sym>
    <type>user</type>
    <extensions>
      <gpxx:WaypointExtension>
        <gpxx:DisplayMode>SymbolAndName</gpxx:DisplayMode>
      </gpxx:WaypointExtension>
      <wptx1:WaypointExtension>
        <wptx1:DisplayMode>SymbolAndName</wptx1:DisplayMode>
      </wptx1:WaypointExtension>
      <ctx:CreationTimeExtension>
        <ctx:CreationTime>2026-10-02T12:44:04Z</ctx:CreationTime>
      </ctx:CreationTimeExtension>
    </extensions>
  </wpt>
  <wpt lat="-18.295702999457717" lon="32.942856000736356">
    <ele>0</ele>
    <time>2026-10-02T12:44:04Z</time>
    <name>The Challenge 2025-388</name>
    <cmt>&lt;table&gt;
&lt;tr&gt;&lt;td&gt;Longitude: 32.942856 &lt;/td&gt;&lt;/tr&gt;
&lt;tr&gt;&lt;td&gt;Latitude: -18.295703 &lt;/td&gt;&lt;/tr&gt;
&lt;tr&gt;&lt;td&gt;Heading: 13.4 &lt;/td&gt;&lt;/tr&gt;
&lt;/table&gt;</cmt>
    <desc>&lt;table&gt;
&lt;tr&gt;&lt;td&gt;Longitude: 32.942856 &lt;/td&gt;&lt;/tr&gt;
&lt;tr&gt;&lt;td&gt;Latitude: -18.295703 &lt;/td&gt;&lt;/tr&gt;
&lt;tr&gt;&lt;td&gt;Heading: 13.4 &lt;/td&gt;&lt;/tr&gt;
&lt;/table&gt;</desc>
    <sym>Flag, Blue</sym>
    <type>user</type>
    <extensions>
      <gpxx:WaypointExtension>
        <gpxx:DisplayMode>SymbolAndName</gpxx:DisplayMode>
      </gpxx:WaypointExtension>
      <wptx1:WaypointExtension>
        <wptx1:DisplayMode>SymbolAndName</wptx1:DisplayMode>
      </wptx1:WaypointExtension>
      <ctx:CreationTimeExtension>
        <ctx:CreationTime>2026-10-02T12:44:04Z</ctx:CreationTime>
      </ctx:CreationTimeExtension>
    </extensions>
  </wpt>
  <wpt lat="-18.29562303610146" lon="32.942876033484936">
    <ele>0</ele>
    <time>2026-10-02T12:44:04Z</time>
    <name>The Challenge 2025-389</name>
    <cmt>&lt;table&gt;
&lt;tr&gt;&lt;td&gt;Longitude: 32.942876 &lt;/td&gt;&lt;/tr&gt;
&lt;tr&gt;&lt;td&gt;Latitude: -18.295623 &lt;/td&gt;&lt;/tr&gt;
&lt;tr&gt;&lt;td&gt;Heading: 13.5 &lt;/td&gt;&lt;/tr&gt;
&lt;/table&gt;</cmt>
    <desc>&lt;table&gt;
&lt;tr&gt;&lt;td&gt;Longitude: 32.942876 &lt;/td&gt;&lt;/tr&gt;
&lt;tr&gt;&lt;td&gt;Latitude: -18.295623 &lt;/td&gt;&lt;/tr&gt;
&lt;tr&gt;&lt;td&gt;Heading: 13.5 &lt;/td&gt;&lt;/tr&gt;
&lt;/table&gt;</desc>
    <sym>Flag, Blue</sym>
    <type>user</type>
    <extensions>
      <gpxx:WaypointExtension>
        <gpxx:DisplayMode>SymbolAndName</gpxx:DisplayMode>
      </gpxx:WaypointExtension>
      <wptx1:WaypointExtension>
        <wptx1:DisplayMode>SymbolAndName</wptx1:DisplayMode>
      </wptx1:WaypointExtension>
      <ctx:CreationTimeExtension>
        <ctx:CreationTime>2026-10-02T12:44:04Z</ctx:CreationTime>
      </ctx:CreationTimeExtension>
    </extensions>
  </wpt>
  <wpt lat="-18.33195498213172" lon="32.84822003915906">
    <ele>0</ele>
    <time>2026-10-02T12:44:04Z</time>
    <name>The Challenge 2025-39</name>
    <cmt>&lt;table&gt;
&lt;tr&gt;&lt;td&gt;Longitude: 32.848220 &lt;/td&gt;&lt;/tr&gt;
&lt;tr&gt;&lt;td&gt;Latitude: -18.331955 &lt;/td&gt;&lt;/tr&gt;
&lt;tr&gt;&lt;td&gt;Heading: 27.3 &lt;/td&gt;&lt;/tr&gt;
&lt;/table&gt;</cmt>
    <desc>&lt;table&gt;
&lt;tr&gt;&lt;td&gt;Longitude: 32.848220 &lt;/td&gt;&lt;/tr&gt;
&lt;tr&gt;&lt;td&gt;Latitude: -18.331955 &lt;/td&gt;&lt;/tr&gt;
&lt;tr&gt;&lt;td&gt;Heading: 27.3 &lt;/td&gt;&lt;/tr&gt;
&lt;/table&gt;</desc>
    <sym>Flag, Blue</sym>
    <type>user</type>
    <extensions>
      <gpxx:WaypointExtension>
        <gpxx:DisplayMode>SymbolAndName</gpxx:DisplayMode>
      </gpxx:WaypointExtension>
      <wptx1:WaypointExtension>
        <wptx1:DisplayMode>SymbolAndName</wptx1:DisplayMode>
      </wptx1:WaypointExtension>
      <ctx:CreationTimeExtension>
        <ctx:CreationTime>2026-10-02T12:44:04Z</ctx:CreationTime>
      </ctx:CreationTimeExtension>
    </extensions>
  </wpt>
  <wpt lat="-18.295522034168243" lon="32.94290998019278">
    <ele>0</ele>
    <time>2026-10-02T12:44:04Z</time>
    <name>The Challenge 2025-390</name>
    <cmt>&lt;table&gt;
&lt;tr&gt;&lt;td&gt;Longitude: 32.942910 &lt;/td&gt;&lt;/tr&gt;
&lt;tr&gt;&lt;td&gt;Latitude: -18.295522 &lt;/td&gt;&lt;/tr&gt;
&lt;tr&gt;&lt;td&gt;Heading: 17.9 &lt;/td&gt;&lt;/tr&gt;
&lt;/table&gt;</cmt>
    <desc>&lt;table&gt;
&lt;tr&gt;&lt;td&gt;Longitude: 32.942910 &lt;/td&gt;&lt;/tr&gt;
&lt;tr&gt;&lt;td&gt;Latitude: -18.295522 &lt;/td&gt;&lt;/tr&gt;
&lt;tr&gt;&lt;td&gt;Heading: 17.9 &lt;/td&gt;&lt;/tr&gt;
&lt;/table&gt;</desc>
    <sym>Flag, Blue</sym>
    <type>user</type>
    <extensions>
      <gpxx:WaypointExtension>
        <gpxx:DisplayMode>SymbolAndName</gpxx:DisplayMode>
      </gpxx:WaypointExtension>
      <wptx1:WaypointExtension>
        <wptx1:DisplayMode>SymbolAndName</wptx1:DisplayMode>
      </wptx1:WaypointExtension>
      <ctx:CreationTimeExtension>
        <ctx:CreationTime>2026-10-02T12:44:04Z</ctx:CreationTime>
      </ctx:CreationTimeExtension>
    </extensions>
  </wpt>
  <wpt lat="-18.295460008084774" lon="32.942934958264232">
    <ele>0</ele>
    <time>2026-10-02T12:44:04Z</time>
    <name>The Challenge 2025-391</name>
    <cmt>&lt;table&gt;
&lt;tr&gt;&lt;td&gt;Longitude: 32.942935 &lt;/td&gt;&lt;/tr&gt;
&lt;tr&gt;&lt;td&gt;Latitude: -18.295460 &lt;/td&gt;&lt;/tr&gt;
&lt;tr&gt;&lt;td&gt;Heading: 20.7 &lt;/td&gt;&lt;/tr&gt;
&lt;/table&gt;</cmt>
    <desc>&lt;table&gt;
&lt;tr&gt;&lt;td&gt;Longitude: 32.942935 &lt;/td&gt;&lt;/tr&gt;
&lt;tr&gt;&lt;td&gt;Latitude: -18.295460 &lt;/td&gt;&lt;/tr&gt;
&lt;tr&gt;&lt;td&gt;Heading: 20.7 &lt;/td&gt;&lt;/tr&gt;
&lt;/table&gt;</desc>
    <sym>Flag, Blue</sym>
    <type>user</type>
    <extensions>
      <gpxx:WaypointExtension>
        <gpxx:DisplayMode>SymbolAndName</gpxx:DisplayMode>
      </gpxx:WaypointExtension>
      <wptx1:WaypointExtension>
        <wptx1:DisplayMode>SymbolAndName</wptx1:DisplayMode>
      </wptx1:WaypointExtension>
      <ctx:CreationTimeExtension>
        <ctx:CreationTime>2026-10-02T12:44:04Z</ctx:CreationTime>
      </ctx:CreationTimeExtension>
    </extensions>
  </wpt>
  <wpt lat="-18.295379960909486" lon="32.942954991012812">
    <ele>0</ele>
    <time>2026-10-02T12:44:04Z</time>
    <name>The Challenge 2025-392</name>
    <cmt>&lt;table&gt;
&lt;tr&gt;&lt;td&gt;Longitude: 32.942955 &lt;/td&gt;&lt;/tr&gt;
&lt;tr&gt;&lt;td&gt;Latitude: -18.295380 &lt;/td&gt;&lt;/tr&gt;
&lt;tr&gt;&lt;td&gt;Heading: 13.5 &lt;/td&gt;&lt;/tr&gt;
&lt;/table&gt;</cmt>
    <desc>&lt;table&gt;
&lt;tr&gt;&lt;td&gt;Longitude: 32.942955 &lt;/td&gt;&lt;/tr&gt;
&lt;tr&gt;&lt;td&gt;Latitude: -18.295380 &lt;/td&gt;&lt;/tr&gt;
&lt;tr&gt;&lt;td&gt;Heading: 13.5 &lt;/td&gt;&lt;/tr&gt;
&lt;/table&gt;</desc>
    <sym>Flag, Blue</sym>
    <type>user</type>
    <extensions>
      <gpxx:WaypointExtension>
        <gpxx:DisplayMode>SymbolAndName</gpxx:DisplayMode>
      </gpxx:WaypointExtension>
      <wptx1:WaypointExtension>
        <wptx1:DisplayMode>SymbolAndName</wptx1:DisplayMode>
      </wptx1:WaypointExtension>
      <ctx:CreationTimeExtension>
        <ctx:CreationTime>2026-10-02T12:44:04Z</ctx:CreationTime>
      </ctx:CreationTimeExtension>
    </extensions>
  </wpt>
  <wpt lat="-18.295322963967919" lon="32.942961025983095">
    <ele>0</ele>
    <time>2026-10-02T12:44:04Z</time>
    <name>The Challenge 2025-393</name>
    <cmt>&lt;table&gt;
&lt;tr&gt;&lt;td&gt;Longitude: 32.942961 &lt;/td&gt;&lt;/tr&gt;
&lt;tr&gt;&lt;td&gt;Latitude: -18.295323 &lt;/td&gt;&lt;/tr&gt;
&lt;tr&gt;&lt;td&gt;Heading: 5.6 &lt;/td&gt;&lt;/tr&gt;
&lt;/table&gt;</cmt>
    <desc>&lt;table&gt;
&lt;tr&gt;&lt;td&gt;Longitude: 32.942961 &lt;/td&gt;&lt;/tr&gt;
&lt;tr&gt;&lt;td&gt;Latitude: -18.295323 &lt;/td&gt;&lt;/tr&gt;
&lt;tr&gt;&lt;td&gt;Heading: 5.6 &lt;/td&gt;&lt;/tr&gt;
&lt;/table&gt;</desc>
    <sym>Flag, Blue</sym>
    <type>user</type>
    <extensions>
      <gpxx:WaypointExtension>
        <gpxx:DisplayMode>SymbolAndName</gpxx:DisplayMode>
      </gpxx:WaypointExtension>
      <wptx1:WaypointExtension>
        <wptx1:DisplayMode>SymbolAndName</wptx1:DisplayMode>
      </wptx1:WaypointExtension>
      <ctx:CreationTimeExtension>
        <ctx:CreationTime>2026-10-02T12:44:04Z</ctx:CreationTime>
      </ctx:CreationTimeExtension>
    </extensions>
  </wpt>
  <wpt lat="-18.295221040025353" lon="32.94299597851932">
    <ele>0</ele>
    <time>2026-10-02T12:44:04Z</time>
    <name>The Challenge 2025-394</name>
    <cmt>&lt;table&gt;
&lt;tr&gt;&lt;td&gt;Longitude: 32.942996 &lt;/td&gt;&lt;/tr&gt;
&lt;tr&gt;&lt;td&gt;Latitude: -18.295221 &lt;/td&gt;&lt;/tr&gt;
&lt;tr&gt;&lt;td&gt;Heading: 17.9 &lt;/td&gt;&lt;/tr&gt;
&lt;/table&gt;</cmt>
    <desc>&lt;table&gt;
&lt;tr&gt;&lt;td&gt;Longitude: 32.942996 &lt;/td&gt;&lt;/tr&gt;
&lt;tr&gt;&lt;td&gt;Latitude: -18.295221 &lt;/td&gt;&lt;/tr&gt;
&lt;tr&gt;&lt;td&gt;Heading: 17.9 &lt;/td&gt;&lt;/tr&gt;
&lt;/table&gt;</desc>
    <sym>Flag, Blue</sym>
    <type>user</type>
    <extensions>
      <gpxx:WaypointExtension>
        <gpxx:DisplayMode>SymbolAndName</gpxx:DisplayMode>
      </gpxx:WaypointExtension>
      <wptx1:WaypointExtension>
        <wptx1:DisplayMode>SymbolAndName</wptx1:DisplayMode>
      </wptx1:WaypointExtension>
      <ctx:CreationTimeExtension>
        <ctx:CreationTime>2026-10-02T12:44:04Z</ctx:CreationTime>
      </ctx:CreationTimeExtension>
    </extensions>
  </wpt>
  <wpt lat="-18.295145016163588" lon="32.942997990176082">
    <ele>0</ele>
    <time>2026-10-02T12:44:04Z</time>
    <name>The Challenge 2025-395</name>
    <cmt>&lt;table&gt;
&lt;tr&gt;&lt;td&gt;Longitude: 32.942998 &lt;/td&gt;&lt;/tr&gt;
&lt;tr&gt;&lt;td&gt;Latitude: -18.295145 &lt;/td&gt;&lt;/tr&gt;
&lt;tr&gt;&lt;td&gt;Heading: 1.3 &lt;/td&gt;&lt;/tr&gt;
&lt;/table&gt;</cmt>
    <desc>&lt;table&gt;
&lt;tr&gt;&lt;td&gt;Longitude: 32.942998 &lt;/td&gt;&lt;/tr&gt;
&lt;tr&gt;&lt;td&gt;Latitude: -18.295145 &lt;/td&gt;&lt;/tr&gt;
&lt;tr&gt;&lt;td&gt;Heading: 1.3 &lt;/td&gt;&lt;/tr&gt;
&lt;/table&gt;</desc>
    <sym>Flag, Blue</sym>
    <type>user</type>
    <extensions>
      <gpxx:WaypointExtension>
        <gpxx:DisplayMode>SymbolAndName</gpxx:DisplayMode>
      </gpxx:WaypointExtension>
      <wptx1:WaypointExtension>
        <wptx1:DisplayMode>SymbolAndName</wptx1:DisplayMode>
      </wptx1:WaypointExtension>
      <ctx:CreationTimeExtension>
        <ctx:CreationTime>2026-10-02T12:44:04Z</ctx:CreationTime>
      </ctx:CreationTimeExtension>
    </extensions>
  </wpt>
  <wpt lat="-18.295091036707163" lon="32.942984998226166">
    <ele>0</ele>
    <time>2026-10-02T12:44:04Z</time>
    <name>The Challenge 2025-396</name>
    <cmt>&lt;table&gt;
&lt;tr&gt;&lt;td&gt;Longitude: 32.942985 &lt;/td&gt;&lt;/tr&gt;
&lt;tr&gt;&lt;td&gt;Latitude: -18.295091 &lt;/td&gt;&lt;/tr&gt;
&lt;tr&gt;&lt;td&gt;Heading: 347.8 &lt;/td&gt;&lt;/tr&gt;
&lt;/table&gt;</cmt>
    <desc>&lt;table&gt;
&lt;tr&gt;&lt;td&gt;Longitude: 32.942985 &lt;/td&gt;&lt;/tr&gt;
&lt;tr&gt;&lt;td&gt;Latitude: -18.295091 &lt;/td&gt;&lt;/tr&gt;
&lt;tr&gt;&lt;td&gt;Heading: 347.8 &lt;/td&gt;&lt;/tr&gt;
&lt;/table&gt;</desc>
    <sym>Flag, Blue</sym>
    <type>user</type>
    <extensions>
      <gpxx:WaypointExtension>
        <gpxx:DisplayMode>SymbolAndName</gpxx:DisplayMode>
      </gpxx:WaypointExtension>
      <wptx1:WaypointExtension>
        <wptx1:DisplayMode>SymbolAndName</wptx1:DisplayMode>
      </wptx1:WaypointExtension>
      <ctx:CreationTimeExtension>
        <ctx:CreationTime>2026-10-02T12:44:04Z</ctx:CreationTime>
      </ctx:CreationTimeExtension>
    </extensions>
  </wpt>
  <wpt lat="-18.29500000923872" lon="32.942964965477586">
    <ele>0</ele>
    <time>2026-10-02T12:44:04Z</time>
    <name>The Challenge 2025-397</name>
    <cmt>&lt;table&gt;
&lt;tr&gt;&lt;td&gt;Longitude: 32.942965 &lt;/td&gt;&lt;/tr&gt;
&lt;tr&gt;&lt;td&gt;Latitude: -18.295000 &lt;/td&gt;&lt;/tr&gt;
&lt;tr&gt;&lt;td&gt;Heading: 347.9 &lt;/td&gt;&lt;/tr&gt;
&lt;/table&gt;</cmt>
    <desc>&lt;table&gt;
&lt;tr&gt;&lt;td&gt;Longitude: 32.942965 &lt;/td&gt;&lt;/tr&gt;
&lt;tr&gt;&lt;td&gt;Latitude: -18.295000 &lt;/td&gt;&lt;/tr&gt;
&lt;tr&gt;&lt;td&gt;Heading: 347.9 &lt;/td&gt;&lt;/tr&gt;
&lt;/table&gt;</desc>
    <sym>Flag, Blue</sym>
    <type>user</type>
    <extensions>
      <gpxx:WaypointExtension>
        <gpxx:DisplayMode>SymbolAndName</gpxx:DisplayMode>
      </gpxx:WaypointExtension>
      <wptx1:WaypointExtension>
        <wptx1:DisplayMode>SymbolAndName</wptx1:DisplayMode>
      </wptx1:WaypointExtension>
      <ctx:CreationTimeExtension>
        <ctx:CreationTime>2026-10-02T12:44:04Z</ctx:CreationTime>
      </ctx:CreationTimeExtension>
    </extensions>
  </wpt>
  <wpt lat="-18.294923985376954" lon="32.942965971305966">
    <ele>0</ele>
    <time>2026-10-02T12:44:04Z</time>
    <name>The Challenge 2025-398</name>
    <cmt>&lt;table&gt;
&lt;tr&gt;&lt;td&gt;Longitude: 32.942966 &lt;/td&gt;&lt;/tr&gt;
&lt;tr&gt;&lt;td&gt;Latitude: -18.294924 &lt;/td&gt;&lt;/tr&gt;
&lt;tr&gt;&lt;td&gt;Heading: 1.1 &lt;/td&gt;&lt;/tr&gt;
&lt;/table&gt;</cmt>
    <desc>&lt;table&gt;
&lt;tr&gt;&lt;td&gt;Longitude: 32.942966 &lt;/td&gt;&lt;/tr&gt;
&lt;tr&gt;&lt;td&gt;Latitude: -18.294924 &lt;/td&gt;&lt;/tr&gt;
&lt;tr&gt;&lt;td&gt;Heading: 1.1 &lt;/td&gt;&lt;/tr&gt;
&lt;/table&gt;</desc>
    <sym>Flag, Blue</sym>
    <type>user</type>
    <extensions>
      <gpxx:WaypointExtension>
        <gpxx:DisplayMode>SymbolAndName</gpxx:DisplayMode>
      </gpxx:WaypointExtension>
      <wptx1:WaypointExtension>
        <wptx1:DisplayMode>SymbolAndName</wptx1:DisplayMode>
      </wptx1:WaypointExtension>
      <ctx:CreationTimeExtension>
        <ctx:CreationTime>2026-10-02T12:44:04Z</ctx:CreationTime>
      </ctx:CreationTimeExtension>
    </extensions>
  </wpt>
  <wpt lat="-18.294834969565272" lon="32.942945016548038">
    <ele>0</ele>
    <time>2026-10-02T12:44:04Z</time>
    <name>The Challenge 2025-399</name>
    <cmt>&lt;table&gt;
&lt;tr&gt;&lt;td&gt;Longitude: 32.942945 &lt;/td&gt;&lt;/tr&gt;
&lt;tr&gt;&lt;td&gt;Latitude: -18.294835 &lt;/td&gt;&lt;/tr&gt;
&lt;tr&gt;&lt;td&gt;Heading: 347.1 &lt;/td&gt;&lt;/tr&gt;
&lt;/table&gt;</cmt>
    <desc>&lt;table&gt;
&lt;tr&gt;&lt;td&gt;Longitude: 32.942945 &lt;/td&gt;&lt;/tr&gt;
&lt;tr&gt;&lt;td&gt;Latitude: -18.294835 &lt;/td&gt;&lt;/tr&gt;
&lt;tr&gt;&lt;td&gt;Heading: 347.1 &lt;/td&gt;&lt;/tr&gt;
&lt;/table&gt;</desc>
    <sym>Flag, Blue</sym>
    <type>user</type>
    <extensions>
      <gpxx:WaypointExtension>
        <gpxx:DisplayMode>SymbolAndName</gpxx:DisplayMode>
      </gpxx:WaypointExtension>
      <wptx1:WaypointExtension>
        <wptx1:DisplayMode>SymbolAndName</wptx1:DisplayMode>
      </wptx1:WaypointExtension>
      <ctx:CreationTimeExtension>
        <ctx:CreationTime>2026-10-02T12:44:04Z</ctx:CreationTime>
      </ctx:CreationTimeExtension>
    </extensions>
  </wpt>
  <wpt lat="-18.343775980174541" lon="32.830054024234414">
    <ele>0</ele>
    <time>2026-10-02T12:44:04Z</time>
    <name>The Challenge 2025-4</name>
    <cmt>&lt;table&gt;
&lt;tr&gt;&lt;td&gt;Longitude: 32.830054 &lt;/td&gt;&lt;/tr&gt;
&lt;tr&gt;&lt;td&gt;Latitude: -18.343776 &lt;/td&gt;&lt;/tr&gt;
&lt;tr&gt;&lt;td&gt;Heading: 60.1 &lt;/td&gt;&lt;/tr&gt;
&lt;/table&gt;</cmt>
    <desc>&lt;table&gt;
&lt;tr&gt;&lt;td&gt;Longitude: 32.830054 &lt;/td&gt;&lt;/tr&gt;
&lt;tr&gt;&lt;td&gt;Latitude: -18.343776 &lt;/td&gt;&lt;/tr&gt;
&lt;tr&gt;&lt;td&gt;Heading: 60.1 &lt;/td&gt;&lt;/tr&gt;
&lt;/table&gt;</desc>
    <sym>Flag, Blue</sym>
    <type>user</type>
    <extensions>
      <gpxx:WaypointExtension>
        <gpxx:DisplayMode>SymbolAndName</gpxx:DisplayMode>
      </gpxx:WaypointExtension>
      <wptx1:WaypointExtension>
        <wptx1:DisplayMode>SymbolAndName</wptx1:DisplayMode>
      </wptx1:WaypointExtension>
      <ctx:CreationTimeExtension>
        <ctx:CreationTime>2026-10-02T12:44:04Z</ctx:CreationTime>
      </ctx:CreationTimeExtension>
    </extensions>
  </wpt>
  <wpt lat="-18.331477968022227" lon="32.84865103662014">
    <ele>0</ele>
    <time>2026-10-02T12:44:04Z</time>
    <name>The Challenge 2025-40</name>
    <cmt>&lt;table&gt;
&lt;tr&gt;&lt;td&gt;Longitude: 32.848651 &lt;/td&gt;&lt;/tr&gt;
&lt;tr&gt;&lt;td&gt;Latitude: -18.331478 &lt;/td&gt;&lt;/tr&gt;
&lt;tr&gt;&lt;td&gt;Heading: 40.6 &lt;/td&gt;&lt;/tr&gt;
&lt;/table&gt;</cmt>
    <desc>&lt;table&gt;
&lt;tr&gt;&lt;td&gt;Longitude: 32.848651 &lt;/td&gt;&lt;/tr&gt;
&lt;tr&gt;&lt;td&gt;Latitude: -18.331478 &lt;/td&gt;&lt;/tr&gt;
&lt;tr&gt;&lt;td&gt;Heading: 40.6 &lt;/td&gt;&lt;/tr&gt;
&lt;/table&gt;</desc>
    <sym>Flag, Blue</sym>
    <type>user</type>
    <extensions>
      <gpxx:WaypointExtension>
        <gpxx:DisplayMode>SymbolAndName</gpxx:DisplayMode>
      </gpxx:WaypointExtension>
      <wptx1:WaypointExtension>
        <wptx1:DisplayMode>SymbolAndName</wptx1:DisplayMode>
      </wptx1:WaypointExtension>
      <ctx:CreationTimeExtension>
        <ctx:CreationTime>2026-10-02T12:44:04Z</ctx:CreationTime>
      </ctx:CreationTimeExtension>
    </extensions>
  </wpt>
  <wpt lat="-18.294745031744242" lon="32.942922972142696">
    <ele>0</ele>
    <time>2026-10-02T12:44:04Z</time>
    <name>The Challenge 2025-400</name>
    <cmt>&lt;table&gt;
&lt;tr&gt;&lt;td&gt;Longitude: 32.942923 &lt;/td&gt;&lt;/tr&gt;
&lt;tr&gt;&lt;td&gt;Latitude: -18.294745 &lt;/td&gt;&lt;/tr&gt;
&lt;tr&gt;&lt;td&gt;Heading: 347.2 &lt;/td&gt;&lt;/tr&gt;
&lt;/table&gt;</cmt>
    <desc>&lt;table&gt;
&lt;tr&gt;&lt;td&gt;Longitude: 32.942923 &lt;/td&gt;&lt;/tr&gt;
&lt;tr&gt;&lt;td&gt;Latitude: -18.294745 &lt;/td&gt;&lt;/tr&gt;
&lt;tr&gt;&lt;td&gt;Heading: 347.2 &lt;/td&gt;&lt;/tr&gt;
&lt;/table&gt;</desc>
    <sym>Flag, Blue</sym>
    <type>user</type>
    <extensions>
      <gpxx:WaypointExtension>
        <gpxx:DisplayMode>SymbolAndName</gpxx:DisplayMode>
      </gpxx:WaypointExtension>
      <wptx1:WaypointExtension>
        <wptx1:DisplayMode>SymbolAndName</wptx1:DisplayMode>
      </wptx1:WaypointExtension>
      <ctx:CreationTimeExtension>
        <ctx:CreationTime>2026-10-02T12:44:04Z</ctx:CreationTime>
      </ctx:CreationTimeExtension>
    </extensions>
  </wpt>
  <wpt lat="-18.294669007882476" lon="32.942924983799458">
    <ele>0</ele>
    <time>2026-10-02T12:44:04Z</time>
    <name>The Challenge 2025-401</name>
    <cmt>&lt;table&gt;
&lt;tr&gt;&lt;td&gt;Longitude: 32.942925 &lt;/td&gt;&lt;/tr&gt;
&lt;tr&gt;&lt;td&gt;Latitude: -18.294669 &lt;/td&gt;&lt;/tr&gt;
&lt;tr&gt;&lt;td&gt;Heading: 1.0 &lt;/td&gt;&lt;/tr&gt;
&lt;/table&gt;</cmt>
    <desc>&lt;table&gt;
&lt;tr&gt;&lt;td&gt;Longitude: 32.942925 &lt;/td&gt;&lt;/tr&gt;
&lt;tr&gt;&lt;td&gt;Latitude: -18.294669 &lt;/td&gt;&lt;/tr&gt;
&lt;tr&gt;&lt;td&gt;Heading: 1.0 &lt;/td&gt;&lt;/tr&gt;
&lt;/table&gt;</desc>
    <sym>Flag, Blue</sym>
    <type>user</type>
    <extensions>
      <gpxx:WaypointExtension>
        <gpxx:DisplayMode>SymbolAndName</gpxx:DisplayMode>
      </gpxx:WaypointExtension>
      <wptx1:WaypointExtension>
        <wptx1:DisplayMode>SymbolAndName</wptx1:DisplayMode>
      </wptx1:WaypointExtension>
      <ctx:CreationTimeExtension>
        <ctx:CreationTime>2026-10-02T12:44:04Z</ctx:CreationTime>
      </ctx:CreationTimeExtension>
    </extensions>
  </wpt>
  <wpt lat="-18.294579992070794" lon="32.942903023213148">
    <ele>0</ele>
    <time>2026-10-02T12:44:04Z</time>
    <name>The Challenge 2025-402</name>
    <cmt>&lt;table&gt;
&lt;tr&gt;&lt;td&gt;Longitude: 32.942903 &lt;/td&gt;&lt;/tr&gt;
&lt;tr&gt;&lt;td&gt;Latitude: -18.294580 &lt;/td&gt;&lt;/tr&gt;
&lt;tr&gt;&lt;td&gt;Heading: 347.2 &lt;/td&gt;&lt;/tr&gt;
&lt;/table&gt;</cmt>
    <desc>&lt;table&gt;
&lt;tr&gt;&lt;td&gt;Longitude: 32.942903 &lt;/td&gt;&lt;/tr&gt;
&lt;tr&gt;&lt;td&gt;Latitude: -18.294580 &lt;/td&gt;&lt;/tr&gt;
&lt;tr&gt;&lt;td&gt;Heading: 347.2 &lt;/td&gt;&lt;/tr&gt;
&lt;/table&gt;</desc>
    <sym>Flag, Blue</sym>
    <type>user</type>
    <extensions>
      <gpxx:WaypointExtension>
        <gpxx:DisplayMode>SymbolAndName</gpxx:DisplayMode>
      </gpxx:WaypointExtension>
      <wptx1:WaypointExtension>
        <wptx1:DisplayMode>SymbolAndName</wptx1:DisplayMode>
      </wptx1:WaypointExtension>
      <ctx:CreationTimeExtension>
        <ctx:CreationTime>2026-10-02T12:44:04Z</ctx:CreationTime>
      </ctx:CreationTimeExtension>
    </extensions>
  </wpt>
  <wpt lat="-18.294502962380648" lon="32.942905034869909">
    <ele>0</ele>
    <time>2026-10-02T12:44:04Z</time>
    <name>The Challenge 2025-403</name>
    <cmt>&lt;table&gt;
&lt;tr&gt;&lt;td&gt;Longitude: 32.942905 &lt;/td&gt;&lt;/tr&gt;
&lt;tr&gt;&lt;td&gt;Latitude: -18.294503 &lt;/td&gt;&lt;/tr&gt;
&lt;tr&gt;&lt;td&gt;Heading: 1.3 &lt;/td&gt;&lt;/tr&gt;
&lt;/table&gt;</cmt>
    <desc>&lt;table&gt;
&lt;tr&gt;&lt;td&gt;Longitude: 32.942905 &lt;/td&gt;&lt;/tr&gt;
&lt;tr&gt;&lt;td&gt;Latitude: -18.294503 &lt;/td&gt;&lt;/tr&gt;
&lt;tr&gt;&lt;td&gt;Heading: 1.3 &lt;/td&gt;&lt;/tr&gt;
&lt;/table&gt;</desc>
    <sym>Flag, Blue</sym>
    <type>user</type>
    <extensions>
      <gpxx:WaypointExtension>
        <gpxx:DisplayMode>SymbolAndName</gpxx:DisplayMode>
      </gpxx:WaypointExtension>
      <wptx1:WaypointExtension>
        <wptx1:DisplayMode>SymbolAndName</wptx1:DisplayMode>
      </wptx1:WaypointExtension>
      <ctx:CreationTimeExtension>
        <ctx:CreationTime>2026-10-02T12:44:04Z</ctx:CreationTime>
      </ctx:CreationTimeExtension>
    </extensions>
  </wpt>
  <wpt lat="-18.294426016509533" lon="32.942906962707639">
    <ele>0</ele>
    <time>2026-10-02T12:44:04Z</time>
    <name>The Challenge 2025-404</name>
    <cmt>&lt;table&gt;
&lt;tr&gt;&lt;td&gt;Longitude: 32.942907 &lt;/td&gt;&lt;/tr&gt;
&lt;tr&gt;&lt;td&gt;Latitude: -18.294426 &lt;/td&gt;&lt;/tr&gt;
&lt;tr&gt;&lt;td&gt;Heading: 1.4 &lt;/td&gt;&lt;/tr&gt;
&lt;/table&gt;</cmt>
    <desc>&lt;table&gt;
&lt;tr&gt;&lt;td&gt;Longitude: 32.942907 &lt;/td&gt;&lt;/tr&gt;
&lt;tr&gt;&lt;td&gt;Latitude: -18.294426 &lt;/td&gt;&lt;/tr&gt;
&lt;tr&gt;&lt;td&gt;Heading: 1.4 &lt;/td&gt;&lt;/tr&gt;
&lt;/table&gt;</desc>
    <sym>Flag, Blue</sym>
    <type>user</type>
    <extensions>
      <gpxx:WaypointExtension>
        <gpxx:DisplayMode>SymbolAndName</gpxx:DisplayMode>
      </gpxx:WaypointExtension>
      <wptx1:WaypointExtension>
        <wptx1:DisplayMode>SymbolAndName</wptx1:DisplayMode>
      </wptx1:WaypointExtension>
      <ctx:CreationTimeExtension>
        <ctx:CreationTime>2026-10-02T12:44:04Z</ctx:CreationTime>
      </ctx:CreationTimeExtension>
    </extensions>
  </wpt>
  <wpt lat="-18.29433498904109" lon="32.94288600794971">
    <ele>0</ele>
    <time>2026-10-02T12:44:04Z</time>
    <name>The Challenge 2025-405</name>
    <cmt>&lt;table&gt;
&lt;tr&gt;&lt;td&gt;Longitude: 32.942886 &lt;/td&gt;&lt;/tr&gt;
&lt;tr&gt;&lt;td&gt;Latitude: -18.294335 &lt;/td&gt;&lt;/tr&gt;
&lt;tr&gt;&lt;td&gt;Heading: 347.8 &lt;/td&gt;&lt;/tr&gt;
&lt;/table&gt;</cmt>
    <desc>&lt;table&gt;
&lt;tr&gt;&lt;td&gt;Longitude: 32.942886 &lt;/td&gt;&lt;/tr&gt;
&lt;tr&gt;&lt;td&gt;Latitude: -18.294335 &lt;/td&gt;&lt;/tr&gt;
&lt;tr&gt;&lt;td&gt;Heading: 347.8 &lt;/td&gt;&lt;/tr&gt;
&lt;/table&gt;</desc>
    <sym>Flag, Blue</sym>
    <type>user</type>
    <extensions>
      <gpxx:WaypointExtension>
        <gpxx:DisplayMode>SymbolAndName</gpxx:DisplayMode>
      </gpxx:WaypointExtension>
      <wptx1:WaypointExtension>
        <wptx1:DisplayMode>SymbolAndName</wptx1:DisplayMode>
      </wptx1:WaypointExtension>
      <ctx:CreationTimeExtension>
        <ctx:CreationTime>2026-10-02T12:44:04Z</ctx:CreationTime>
      </ctx:CreationTimeExtension>
    </extensions>
  </wpt>
  <wpt lat="-18.29422602429986" lon="32.942861029878259">
    <ele>0</ele>
    <time>2026-10-02T12:44:04Z</time>
    <name>The Challenge 2025-406</name>
    <cmt>&lt;table&gt;
&lt;tr&gt;&lt;td&gt;Longitude: 32.942861 &lt;/td&gt;&lt;/tr&gt;
&lt;tr&gt;&lt;td&gt;Latitude: -18.294226 &lt;/td&gt;&lt;/tr&gt;
&lt;tr&gt;&lt;td&gt;Heading: 347.6 &lt;/td&gt;&lt;/tr&gt;
&lt;/table&gt;</cmt>
    <desc>&lt;table&gt;
&lt;tr&gt;&lt;td&gt;Longitude: 32.942861 &lt;/td&gt;&lt;/tr&gt;
&lt;tr&gt;&lt;td&gt;Latitude: -18.294226 &lt;/td&gt;&lt;/tr&gt;
&lt;tr&gt;&lt;td&gt;Heading: 347.6 &lt;/td&gt;&lt;/tr&gt;
&lt;/table&gt;</desc>
    <sym>Flag, Blue</sym>
    <type>user</type>
    <extensions>
      <gpxx:WaypointExtension>
        <gpxx:DisplayMode>SymbolAndName</gpxx:DisplayMode>
      </gpxx:WaypointExtension>
      <wptx1:WaypointExtension>
        <wptx1:DisplayMode>SymbolAndName</wptx1:DisplayMode>
      </wptx1:WaypointExtension>
      <ctx:CreationTimeExtension>
        <ctx:CreationTime>2026-10-02T12:44:04Z</ctx:CreationTime>
      </ctx:CreationTimeExtension>
    </extensions>
  </wpt>
  <wpt lat="-18.294134996831417" lon="32.942839991301298">
    <ele>0</ele>
    <time>2026-10-02T12:44:04Z</time>
    <name>The Challenge 2025-407</name>
    <cmt>&lt;table&gt;
&lt;tr&gt;&lt;td&gt;Longitude: 32.942840 &lt;/td&gt;&lt;/tr&gt;
&lt;tr&gt;&lt;td&gt;Latitude: -18.294135 &lt;/td&gt;&lt;/tr&gt;
&lt;tr&gt;&lt;td&gt;Heading: 347.5 &lt;/td&gt;&lt;/tr&gt;
&lt;/table&gt;</cmt>
    <desc>&lt;table&gt;
&lt;tr&gt;&lt;td&gt;Longitude: 32.942840 &lt;/td&gt;&lt;/tr&gt;
&lt;tr&gt;&lt;td&gt;Latitude: -18.294135 &lt;/td&gt;&lt;/tr&gt;
&lt;tr&gt;&lt;td&gt;Heading: 347.5 &lt;/td&gt;&lt;/tr&gt;
&lt;/table&gt;</desc>
    <sym>Flag, Blue</sym>
    <type>user</type>
    <extensions>
      <gpxx:WaypointExtension>
        <gpxx:DisplayMode>SymbolAndName</gpxx:DisplayMode>
      </gpxx:WaypointExtension>
      <wptx1:WaypointExtension>
        <wptx1:DisplayMode>SymbolAndName</wptx1:DisplayMode>
      </wptx1:WaypointExtension>
      <ctx:CreationTimeExtension>
        <ctx:CreationTime>2026-10-02T12:44:04Z</ctx:CreationTime>
      </ctx:CreationTimeExtension>
    </extensions>
  </wpt>
  <wpt lat="-18.294025026261806" lon="32.942814007401466">
    <ele>0</ele>
    <time>2026-10-02T12:44:04Z</time>
    <name>The Challenge 2025-408</name>
    <cmt>&lt;table&gt;
&lt;tr&gt;&lt;td&gt;Longitude: 32.942814 &lt;/td&gt;&lt;/tr&gt;
&lt;tr&gt;&lt;td&gt;Latitude: -18.294025 &lt;/td&gt;&lt;/tr&gt;
&lt;tr&gt;&lt;td&gt;Heading: 347.5 &lt;/td&gt;&lt;/tr&gt;
&lt;/table&gt;</cmt>
    <desc>&lt;table&gt;
&lt;tr&gt;&lt;td&gt;Longitude: 32.942814 &lt;/td&gt;&lt;/tr&gt;
&lt;tr&gt;&lt;td&gt;Latitude: -18.294025 &lt;/td&gt;&lt;/tr&gt;
&lt;tr&gt;&lt;td&gt;Heading: 347.5 &lt;/td&gt;&lt;/tr&gt;
&lt;/table&gt;</desc>
    <sym>Flag, Blue</sym>
    <type>user</type>
    <extensions>
      <gpxx:WaypointExtension>
        <gpxx:DisplayMode>SymbolAndName</gpxx:DisplayMode>
      </gpxx:WaypointExtension>
      <wptx1:WaypointExtension>
        <wptx1:DisplayMode>SymbolAndName</wptx1:DisplayMode>
      </wptx1:WaypointExtension>
      <ctx:CreationTimeExtension>
        <ctx:CreationTime>2026-10-02T12:44:04Z</ctx:CreationTime>
      </ctx:CreationTimeExtension>
    </extensions>
  </wpt>
  <wpt lat="-18.293953025713563" lon="32.942796992138028">
    <ele>0</ele>
    <time>2026-10-02T12:44:04Z</time>
    <name>The Challenge 2025-409</name>
    <cmt>&lt;table&gt;
&lt;tr&gt;&lt;td&gt;Longitude: 32.942797 &lt;/td&gt;&lt;/tr&gt;
&lt;tr&gt;&lt;td&gt;Latitude: -18.293953 &lt;/td&gt;&lt;/tr&gt;
&lt;tr&gt;&lt;td&gt;Heading: 347.3 &lt;/td&gt;&lt;/tr&gt;
&lt;/table&gt;</cmt>
    <desc>&lt;table&gt;
&lt;tr&gt;&lt;td&gt;Longitude: 32.942797 &lt;/td&gt;&lt;/tr&gt;
&lt;tr&gt;&lt;td&gt;Latitude: -18.293953 &lt;/td&gt;&lt;/tr&gt;
&lt;tr&gt;&lt;td&gt;Heading: 347.3 &lt;/td&gt;&lt;/tr&gt;
&lt;/table&gt;</desc>
    <sym>Flag, Blue</sym>
    <type>user</type>
    <extensions>
      <gpxx:WaypointExtension>
        <gpxx:DisplayMode>SymbolAndName</gpxx:DisplayMode>
      </gpxx:WaypointExtension>
      <wptx1:WaypointExtension>
        <wptx1:DisplayMode>SymbolAndName</wptx1:DisplayMode>
      </wptx1:WaypointExtension>
      <ctx:CreationTimeExtension>
        <ctx:CreationTime>2026-10-02T12:44:04Z</ctx:CreationTime>
      </ctx:CreationTimeExtension>
    </extensions>
  </wpt>
  <wpt lat="-18.330513965338469" lon="32.848935015499592">
    <ele>0</ele>
    <time>2026-10-02T12:44:04Z</time>
    <name>The Challenge 2025-41</name>
    <cmt>&lt;table&gt;
&lt;tr&gt;&lt;td&gt;Longitude: 32.848935 &lt;/td&gt;&lt;/tr&gt;
&lt;tr&gt;&lt;td&gt;Latitude: -18.330514 &lt;/td&gt;&lt;/tr&gt;
&lt;tr&gt;&lt;td&gt;Heading: 15.7 &lt;/td&gt;&lt;/tr&gt;
&lt;/table&gt;</cmt>
    <desc>&lt;table&gt;
&lt;tr&gt;&lt;td&gt;Longitude: 32.848935 &lt;/td&gt;&lt;/tr&gt;
&lt;tr&gt;&lt;td&gt;Latitude: -18.330514 &lt;/td&gt;&lt;/tr&gt;
&lt;tr&gt;&lt;td&gt;Heading: 15.7 &lt;/td&gt;&lt;/tr&gt;
&lt;/table&gt;</desc>
    <sym>Flag, Blue</sym>
    <type>user</type>
    <extensions>
      <gpxx:WaypointExtension>
        <gpxx:DisplayMode>SymbolAndName</gpxx:DisplayMode>
      </gpxx:WaypointExtension>
      <wptx1:WaypointExtension>
        <wptx1:DisplayMode>SymbolAndName</wptx1:DisplayMode>
      </wptx1:WaypointExtension>
      <ctx:CreationTimeExtension>
        <ctx:CreationTime>2026-10-02T12:44:04Z</ctx:CreationTime>
      </ctx:CreationTimeExtension>
    </extensions>
  </wpt>
  <wpt lat="-18.293887982144952" lon="32.942742006853223">
    <ele>0</ele>
    <time>2026-10-02T12:44:04Z</time>
    <name>The Challenge 2025-410</name>
    <cmt>&lt;table&gt;
&lt;tr&gt;&lt;td&gt;Longitude: 32.942742 &lt;/td&gt;&lt;/tr&gt;
&lt;tr&gt;&lt;td&gt;Latitude: -18.293888 &lt;/td&gt;&lt;/tr&gt;
&lt;tr&gt;&lt;td&gt;Heading: 321.3 &lt;/td&gt;&lt;/tr&gt;
&lt;/table&gt;</cmt>
    <desc>&lt;table&gt;
&lt;tr&gt;&lt;td&gt;Longitude: 32.942742 &lt;/td&gt;&lt;/tr&gt;
&lt;tr&gt;&lt;td&gt;Latitude: -18.293888 &lt;/td&gt;&lt;/tr&gt;
&lt;tr&gt;&lt;td&gt;Heading: 321.3 &lt;/td&gt;&lt;/tr&gt;
&lt;/table&gt;</desc>
    <sym>Flag, Blue</sym>
    <type>user</type>
    <extensions>
      <gpxx:WaypointExtension>
        <gpxx:DisplayMode>SymbolAndName</gpxx:DisplayMode>
      </gpxx:WaypointExtension>
      <wptx1:WaypointExtension>
        <wptx1:DisplayMode>SymbolAndName</wptx1:DisplayMode>
      </wptx1:WaypointExtension>
      <ctx:CreationTimeExtension>
        <ctx:CreationTime>2026-10-02T12:44:04Z</ctx:CreationTime>
      </ctx:CreationTimeExtension>
    </extensions>
  </wpt>
  <wpt lat="-18.29388496465981" lon="32.942662965506315">
    <ele>0</ele>
    <time>2026-10-02T12:44:04Z</time>
    <name>The Challenge 2025-411</name>
    <cmt>&lt;table&gt;
&lt;tr&gt;&lt;td&gt;Longitude: 32.942663 &lt;/td&gt;&lt;/tr&gt;
&lt;tr&gt;&lt;td&gt;Latitude: -18.293885 &lt;/td&gt;&lt;/tr&gt;
&lt;tr&gt;&lt;td&gt;Heading: 272.0 &lt;/td&gt;&lt;/tr&gt;
&lt;/table&gt;</cmt>
    <desc>&lt;table&gt;
&lt;tr&gt;&lt;td&gt;Longitude: 32.942663 &lt;/td&gt;&lt;/tr&gt;
&lt;tr&gt;&lt;td&gt;Latitude: -18.293885 &lt;/td&gt;&lt;/tr&gt;
&lt;tr&gt;&lt;td&gt;Heading: 272.0 &lt;/td&gt;&lt;/tr&gt;
&lt;/table&gt;</desc>
    <sym>Flag, Blue</sym>
    <type>user</type>
    <extensions>
      <gpxx:WaypointExtension>
        <gpxx:DisplayMode>SymbolAndName</gpxx:DisplayMode>
      </gpxx:WaypointExtension>
      <wptx1:WaypointExtension>
        <wptx1:DisplayMode>SymbolAndName</wptx1:DisplayMode>
      </wptx1:WaypointExtension>
      <ctx:CreationTimeExtension>
        <ctx:CreationTime>2026-10-02T12:44:04Z</ctx:CreationTime>
      </ctx:CreationTimeExtension>
    </extensions>
  </wpt>
  <wpt lat="-18.293914971873164" lon="32.942610997706652">
    <ele>0</ele>
    <time>2026-10-02T12:44:04Z</time>
    <name>The Challenge 2025-412</name>
    <cmt>&lt;table&gt;
&lt;tr&gt;&lt;td&gt;Longitude: 32.942611 &lt;/td&gt;&lt;/tr&gt;
&lt;tr&gt;&lt;td&gt;Latitude: -18.293915 &lt;/td&gt;&lt;/tr&gt;
&lt;tr&gt;&lt;td&gt;Heading: 238.7 &lt;/td&gt;&lt;/tr&gt;
&lt;/table&gt;</cmt>
    <desc>&lt;table&gt;
&lt;tr&gt;&lt;td&gt;Longitude: 32.942611 &lt;/td&gt;&lt;/tr&gt;
&lt;tr&gt;&lt;td&gt;Latitude: -18.293915 &lt;/td&gt;&lt;/tr&gt;
&lt;tr&gt;&lt;td&gt;Heading: 238.7 &lt;/td&gt;&lt;/tr&gt;
&lt;/table&gt;</desc>
    <sym>Flag, Blue</sym>
    <type>user</type>
    <extensions>
      <gpxx:WaypointExtension>
        <gpxx:DisplayMode>SymbolAndName</gpxx:DisplayMode>
      </gpxx:WaypointExtension>
      <wptx1:WaypointExtension>
        <wptx1:DisplayMode>SymbolAndName</wptx1:DisplayMode>
      </wptx1:WaypointExtension>
      <ctx:CreationTimeExtension>
        <ctx:CreationTime>2026-10-02T12:44:04Z</ctx:CreationTime>
      </ctx:CreationTimeExtension>
    </extensions>
  </wpt>
  <wpt lat="-18.293984960764647" lon="32.942549977451563">
    <ele>0</ele>
    <time>2026-10-02T12:44:04Z</time>
    <name>The Challenge 2025-413</name>
    <cmt>&lt;table&gt;
&lt;tr&gt;&lt;td&gt;Longitude: 32.942550 &lt;/td&gt;&lt;/tr&gt;
&lt;tr&gt;&lt;td&gt;Latitude: -18.293985 &lt;/td&gt;&lt;/tr&gt;
&lt;tr&gt;&lt;td&gt;Heading: 219.9 &lt;/td&gt;&lt;/tr&gt;
&lt;/table&gt;</cmt>
    <desc>&lt;table&gt;
&lt;tr&gt;&lt;td&gt;Longitude: 32.942550 &lt;/td&gt;&lt;/tr&gt;
&lt;tr&gt;&lt;td&gt;Latitude: -18.293985 &lt;/td&gt;&lt;/tr&gt;
&lt;tr&gt;&lt;td&gt;Heading: 219.9 &lt;/td&gt;&lt;/tr&gt;
&lt;/table&gt;</desc>
    <sym>Flag, Blue</sym>
    <type>user</type>
    <extensions>
      <gpxx:WaypointExtension>
        <gpxx:DisplayMode>SymbolAndName</gpxx:DisplayMode>
      </gpxx:WaypointExtension>
      <wptx1:WaypointExtension>
        <wptx1:DisplayMode>SymbolAndName</wptx1:DisplayMode>
      </wptx1:WaypointExtension>
      <ctx:CreationTimeExtension>
        <ctx:CreationTime>2026-10-02T12:44:04Z</ctx:CreationTime>
      </ctx:CreationTimeExtension>
    </extensions>
  </wpt>
  <wpt lat="-18.294036006554961" lon="32.942484011873603">
    <ele>0</ele>
    <time>2026-10-02T12:44:04Z</time>
    <name>The Challenge 2025-414</name>
    <cmt>&lt;table&gt;
&lt;tr&gt;&lt;td&gt;Longitude: 32.942484 &lt;/td&gt;&lt;/tr&gt;
&lt;tr&gt;&lt;td&gt;Latitude: -18.294036 &lt;/td&gt;&lt;/tr&gt;
&lt;tr&gt;&lt;td&gt;Heading: 230.7 &lt;/td&gt;&lt;/tr&gt;
&lt;/table&gt;</cmt>
    <desc>&lt;table&gt;
&lt;tr&gt;&lt;td&gt;Longitude: 32.942484 &lt;/td&gt;&lt;/tr&gt;
&lt;tr&gt;&lt;td&gt;Latitude: -18.294036 &lt;/td&gt;&lt;/tr&gt;
&lt;tr&gt;&lt;td&gt;Heading: 230.7 &lt;/td&gt;&lt;/tr&gt;
&lt;/table&gt;</desc>
    <sym>Flag, Blue</sym>
    <type>user</type>
    <extensions>
      <gpxx:WaypointExtension>
        <gpxx:DisplayMode>SymbolAndName</gpxx:DisplayMode>
      </gpxx:WaypointExtension>
      <wptx1:WaypointExtension>
        <wptx1:DisplayMode>SymbolAndName</wptx1:DisplayMode>
      </wptx1:WaypointExtension>
      <ctx:CreationTimeExtension>
        <ctx:CreationTime>2026-10-02T12:44:04Z</ctx:CreationTime>
      </ctx:CreationTimeExtension>
    </extensions>
  </wpt>
  <wpt lat="-18.294048998504877" lon="32.942409999668598">
    <ele>0</ele>
    <time>2026-10-02T12:44:04Z</time>
    <name>The Challenge 2025-415</name>
    <cmt>&lt;table&gt;
&lt;tr&gt;&lt;td&gt;Longitude: 32.942410 &lt;/td&gt;&lt;/tr&gt;
&lt;tr&gt;&lt;td&gt;Latitude: -18.294049 &lt;/td&gt;&lt;/tr&gt;
&lt;tr&gt;&lt;td&gt;Heading: 259.4 &lt;/td&gt;&lt;/tr&gt;
&lt;/table&gt;</cmt>
    <desc>&lt;table&gt;
&lt;tr&gt;&lt;td&gt;Longitude: 32.942410 &lt;/td&gt;&lt;/tr&gt;
&lt;tr&gt;&lt;td&gt;Latitude: -18.294049 &lt;/td&gt;&lt;/tr&gt;
&lt;tr&gt;&lt;td&gt;Heading: 259.4 &lt;/td&gt;&lt;/tr&gt;
&lt;/table&gt;</desc>
    <sym>Flag, Blue</sym>
    <type>user</type>
    <extensions>
      <gpxx:WaypointExtension>
        <gpxx:DisplayMode>SymbolAndName</gpxx:DisplayMode>
      </gpxx:WaypointExtension>
      <wptx1:WaypointExtension>
        <wptx1:DisplayMode>SymbolAndName</wptx1:DisplayMode>
      </wptx1:WaypointExtension>
      <ctx:CreationTimeExtension>
        <ctx:CreationTime>2026-10-02T12:44:04Z</ctx:CreationTime>
      </ctx:CreationTimeExtension>
    </extensions>
  </wpt>
  <wpt lat="-18.294046986848116" lon="32.942313021048903">
    <ele>0</ele>
    <time>2026-10-02T12:44:04Z</time>
    <name>The Challenge 2025-416</name>
    <cmt>&lt;table&gt;
&lt;tr&gt;&lt;td&gt;Longitude: 32.942313 &lt;/td&gt;&lt;/tr&gt;
&lt;tr&gt;&lt;td&gt;Latitude: -18.294047 &lt;/td&gt;&lt;/tr&gt;
&lt;tr&gt;&lt;td&gt;Heading: 271.2 &lt;/td&gt;&lt;/tr&gt;
&lt;/table&gt;</cmt>
    <desc>&lt;table&gt;
&lt;tr&gt;&lt;td&gt;Longitude: 32.942313 &lt;/td&gt;&lt;/tr&gt;
&lt;tr&gt;&lt;td&gt;Latitude: -18.294047 &lt;/td&gt;&lt;/tr&gt;
&lt;tr&gt;&lt;td&gt;Heading: 271.2 &lt;/td&gt;&lt;/tr&gt;
&lt;/table&gt;</desc>
    <sym>Flag, Blue</sym>
    <type>user</type>
    <extensions>
      <gpxx:WaypointExtension>
        <gpxx:DisplayMode>SymbolAndName</gpxx:DisplayMode>
      </gpxx:WaypointExtension>
      <wptx1:WaypointExtension>
        <wptx1:DisplayMode>SymbolAndName</wptx1:DisplayMode>
      </wptx1:WaypointExtension>
      <ctx:CreationTimeExtension>
        <ctx:CreationTime>2026-10-02T12:44:04Z</ctx:CreationTime>
      </ctx:CreationTimeExtension>
    </extensions>
  </wpt>
  <wpt lat="-18.294024020433426" lon="32.942230040207505">
    <ele>0</ele>
    <time>2026-10-02T12:44:04Z</time>
    <name>The Challenge 2025-417</name>
    <cmt>&lt;table&gt;
&lt;tr&gt;&lt;td&gt;Longitude: 32.942230 &lt;/td&gt;&lt;/tr&gt;
&lt;tr&gt;&lt;td&gt;Latitude: -18.294024 &lt;/td&gt;&lt;/tr&gt;
&lt;tr&gt;&lt;td&gt;Heading: 286.7 &lt;/td&gt;&lt;/tr&gt;
&lt;/table&gt;</cmt>
    <desc>&lt;table&gt;
&lt;tr&gt;&lt;td&gt;Longitude: 32.942230 &lt;/td&gt;&lt;/tr&gt;
&lt;tr&gt;&lt;td&gt;Latitude: -18.294024 &lt;/td&gt;&lt;/tr&gt;
&lt;tr&gt;&lt;td&gt;Heading: 286.7 &lt;/td&gt;&lt;/tr&gt;
&lt;/table&gt;</desc>
    <sym>Flag, Blue</sym>
    <type>user</type>
    <extensions>
      <gpxx:WaypointExtension>
        <gpxx:DisplayMode>SymbolAndName</gpxx:DisplayMode>
      </gpxx:WaypointExtension>
      <wptx1:WaypointExtension>
        <wptx1:DisplayMode>SymbolAndName</wptx1:DisplayMode>
      </wptx1:WaypointExtension>
      <ctx:CreationTimeExtension>
        <ctx:CreationTime>2026-10-02T12:44:04Z</ctx:CreationTime>
      </ctx:CreationTimeExtension>
    </extensions>
  </wpt>
  <wpt lat="-18.293953025713563" lon="32.942192992195487">
    <ele>0</ele>
    <time>2026-10-02T12:44:04Z</time>
    <name>The Challenge 2025-418</name>
    <cmt>&lt;table&gt;
&lt;tr&gt;&lt;td&gt;Longitude: 32.942193 &lt;/td&gt;&lt;/tr&gt;
&lt;tr&gt;&lt;td&gt;Latitude: -18.293953 &lt;/td&gt;&lt;/tr&gt;
&lt;tr&gt;&lt;td&gt;Heading: 334.0 &lt;/td&gt;&lt;/tr&gt;
&lt;/table&gt;</cmt>
    <desc>&lt;table&gt;
&lt;tr&gt;&lt;td&gt;Longitude: 32.942193 &lt;/td&gt;&lt;/tr&gt;
&lt;tr&gt;&lt;td&gt;Latitude: -18.293953 &lt;/td&gt;&lt;/tr&gt;
&lt;tr&gt;&lt;td&gt;Heading: 334.0 &lt;/td&gt;&lt;/tr&gt;
&lt;/table&gt;</desc>
    <sym>Flag, Blue</sym>
    <type>user</type>
    <extensions>
      <gpxx:WaypointExtension>
        <gpxx:DisplayMode>SymbolAndName</gpxx:DisplayMode>
      </gpxx:WaypointExtension>
      <wptx1:WaypointExtension>
        <wptx1:DisplayMode>SymbolAndName</wptx1:DisplayMode>
      </wptx1:WaypointExtension>
      <ctx:CreationTimeExtension>
        <ctx:CreationTime>2026-10-02T12:44:04Z</ctx:CreationTime>
      </ctx:CreationTimeExtension>
    </extensions>
  </wpt>
  <wpt lat="-18.2938820309937" lon="32.942157033830881">
    <ele>0</ele>
    <time>2026-10-02T12:44:04Z</time>
    <name>The Challenge 2025-419</name>
    <cmt>&lt;table&gt;
&lt;tr&gt;&lt;td&gt;Longitude: 32.942157 &lt;/td&gt;&lt;/tr&gt;
&lt;tr&gt;&lt;td&gt;Latitude: -18.293882 &lt;/td&gt;&lt;/tr&gt;
&lt;tr&gt;&lt;td&gt;Heading: 334.0 &lt;/td&gt;&lt;/tr&gt;
&lt;/table&gt;</cmt>
    <desc>&lt;table&gt;
&lt;tr&gt;&lt;td&gt;Longitude: 32.942157 &lt;/td&gt;&lt;/tr&gt;
&lt;tr&gt;&lt;td&gt;Latitude: -18.293882 &lt;/td&gt;&lt;/tr&gt;
&lt;tr&gt;&lt;td&gt;Heading: 334.0 &lt;/td&gt;&lt;/tr&gt;
&lt;/table&gt;</desc>
    <sym>Flag, Blue</sym>
    <type>user</type>
    <extensions>
      <gpxx:WaypointExtension>
        <gpxx:DisplayMode>SymbolAndName</gpxx:DisplayMode>
      </gpxx:WaypointExtension>
      <wptx1:WaypointExtension>
        <wptx1:DisplayMode>SymbolAndName</wptx1:DisplayMode>
      </wptx1:WaypointExtension>
      <ctx:CreationTimeExtension>
        <ctx:CreationTime>2026-10-02T12:44:04Z</ctx:CreationTime>
      </ctx:CreationTimeExtension>
    </extensions>
  </wpt>
  <wpt lat="-18.330071987584233" lon="32.849251013249159">
    <ele>0</ele>
    <time>2026-10-02T12:44:04Z</time>
    <name>The Challenge 2025-42</name>
    <cmt>&lt;table&gt;
&lt;tr&gt;&lt;td&gt;Longitude: 32.849251 &lt;/td&gt;&lt;/tr&gt;
&lt;tr&gt;&lt;td&gt;Latitude: -18.330072 &lt;/td&gt;&lt;/tr&gt;
&lt;tr&gt;&lt;td&gt;Heading: 34.1 &lt;/td&gt;&lt;/tr&gt;
&lt;/table&gt;</cmt>
    <desc>&lt;table&gt;
&lt;tr&gt;&lt;td&gt;Longitude: 32.849251 &lt;/td&gt;&lt;/tr&gt;
&lt;tr&gt;&lt;td&gt;Latitude: -18.330072 &lt;/td&gt;&lt;/tr&gt;
&lt;tr&gt;&lt;td&gt;Heading: 34.1 &lt;/td&gt;&lt;/tr&gt;
&lt;/table&gt;</desc>
    <sym>Flag, Blue</sym>
    <type>user</type>
    <extensions>
      <gpxx:WaypointExtension>
        <gpxx:DisplayMode>SymbolAndName</gpxx:DisplayMode>
      </gpxx:WaypointExtension>
      <wptx1:WaypointExtension>
        <wptx1:DisplayMode>SymbolAndName</wptx1:DisplayMode>
      </wptx1:WaypointExtension>
      <ctx:CreationTimeExtension>
        <ctx:CreationTime>2026-10-02T12:44:04Z</ctx:CreationTime>
      </ctx:CreationTimeExtension>
    </extensions>
  </wpt>
  <wpt lat="-18.293826961889863" lon="32.942144041880965">
    <ele>0</ele>
    <time>2026-10-02T12:44:04Z</time>
    <name>The Challenge 2025-420</name>
    <cmt>&lt;table&gt;
&lt;tr&gt;&lt;td&gt;Longitude: 32.942144 &lt;/td&gt;&lt;/tr&gt;
&lt;tr&gt;&lt;td&gt;Latitude: -18.293827 &lt;/td&gt;&lt;/tr&gt;
&lt;tr&gt;&lt;td&gt;Heading: 347.3 &lt;/td&gt;&lt;/tr&gt;
&lt;/table&gt;</cmt>
    <desc>&lt;table&gt;
&lt;tr&gt;&lt;td&gt;Longitude: 32.942144 &lt;/td&gt;&lt;/tr&gt;
&lt;tr&gt;&lt;td&gt;Latitude: -18.293827 &lt;/td&gt;&lt;/tr&gt;
&lt;tr&gt;&lt;td&gt;Heading: 347.3 &lt;/td&gt;&lt;/tr&gt;
&lt;/table&gt;</desc>
    <sym>Flag, Blue</sym>
    <type>user</type>
    <extensions>
      <gpxx:WaypointExtension>
        <gpxx:DisplayMode>SymbolAndName</gpxx:DisplayMode>
      </gpxx:WaypointExtension>
      <wptx1:WaypointExtension>
        <wptx1:DisplayMode>SymbolAndName</wptx1:DisplayMode>
      </wptx1:WaypointExtension>
      <ctx:CreationTimeExtension>
        <ctx:CreationTime>2026-10-02T12:44:04Z</ctx:CreationTime>
      </ctx:CreationTimeExtension>
    </extensions>
  </wpt>
  <wpt lat="-18.293725037947297" lon="32.94217798858881">
    <ele>0</ele>
    <time>2026-10-02T12:44:04Z</time>
    <name>The Challenge 2025-421</name>
    <cmt>&lt;table&gt;
&lt;tr&gt;&lt;td&gt;Longitude: 32.942178 &lt;/td&gt;&lt;/tr&gt;
&lt;tr&gt;&lt;td&gt;Latitude: -18.293725 &lt;/td&gt;&lt;/tr&gt;
&lt;tr&gt;&lt;td&gt;Heading: 17.6 &lt;/td&gt;&lt;/tr&gt;
&lt;/table&gt;</cmt>
    <desc>&lt;table&gt;
&lt;tr&gt;&lt;td&gt;Longitude: 32.942178 &lt;/td&gt;&lt;/tr&gt;
&lt;tr&gt;&lt;td&gt;Latitude: -18.293725 &lt;/td&gt;&lt;/tr&gt;
&lt;tr&gt;&lt;td&gt;Heading: 17.6 &lt;/td&gt;&lt;/tr&gt;
&lt;/table&gt;</desc>
    <sym>Flag, Blue</sym>
    <type>user</type>
    <extensions>
      <gpxx:WaypointExtension>
        <gpxx:DisplayMode>SymbolAndName</gpxx:DisplayMode>
      </gpxx:WaypointExtension>
      <wptx1:WaypointExtension>
        <wptx1:DisplayMode>SymbolAndName</wptx1:DisplayMode>
      </wptx1:WaypointExtension>
      <ctx:CreationTimeExtension>
        <ctx:CreationTime>2026-10-02T12:44:04Z</ctx:CreationTime>
      </ctx:CreationTimeExtension>
    </extensions>
  </wpt>
  <wpt lat="-18.293676003813744" lon="32.942128032445908">
    <ele>0</ele>
    <time>2026-10-02T12:44:04Z</time>
    <name>The Challenge 2025-422</name>
    <cmt>&lt;table&gt;
&lt;tr&gt;&lt;td&gt;Longitude: 32.942128 &lt;/td&gt;&lt;/tr&gt;
&lt;tr&gt;&lt;td&gt;Latitude: -18.293676 &lt;/td&gt;&lt;/tr&gt;
&lt;tr&gt;&lt;td&gt;Heading: 315.7 &lt;/td&gt;&lt;/tr&gt;
&lt;/table&gt;</cmt>
    <desc>&lt;table&gt;
&lt;tr&gt;&lt;td&gt;Longitude: 32.942128 &lt;/td&gt;&lt;/tr&gt;
&lt;tr&gt;&lt;td&gt;Latitude: -18.293676 &lt;/td&gt;&lt;/tr&gt;
&lt;tr&gt;&lt;td&gt;Heading: 315.7 &lt;/td&gt;&lt;/tr&gt;
&lt;/table&gt;</desc>
    <sym>Flag, Blue</sym>
    <type>user</type>
    <extensions>
      <gpxx:WaypointExtension>
        <gpxx:DisplayMode>SymbolAndName</gpxx:DisplayMode>
      </gpxx:WaypointExtension>
      <wptx1:WaypointExtension>
        <wptx1:DisplayMode>SymbolAndName</wptx1:DisplayMode>
      </wptx1:WaypointExtension>
      <ctx:CreationTimeExtension>
        <ctx:CreationTime>2026-10-02T12:44:04Z</ctx:CreationTime>
      </ctx:CreationTimeExtension>
    </extensions>
  </wpt>
  <wpt lat="-18.293687989935279" lon="32.942052008584142">
    <ele>0</ele>
    <time>2026-10-02T12:44:04Z</time>
    <name>The Challenge 2025-423</name>
    <cmt>&lt;table&gt;
&lt;tr&gt;&lt;td&gt;Longitude: 32.942052 &lt;/td&gt;&lt;/tr&gt;
&lt;tr&gt;&lt;td&gt;Latitude: -18.293688 &lt;/td&gt;&lt;/tr&gt;
&lt;tr&gt;&lt;td&gt;Heading: 259.9 &lt;/td&gt;&lt;/tr&gt;
&lt;/table&gt;</cmt>
    <desc>&lt;table&gt;
&lt;tr&gt;&lt;td&gt;Longitude: 32.942052 &lt;/td&gt;&lt;/tr&gt;
&lt;tr&gt;&lt;td&gt;Latitude: -18.293688 &lt;/td&gt;&lt;/tr&gt;
&lt;tr&gt;&lt;td&gt;Heading: 259.9 &lt;/td&gt;&lt;/tr&gt;
&lt;/table&gt;</desc>
    <sym>Flag, Blue</sym>
    <type>user</type>
    <extensions>
      <gpxx:WaypointExtension>
        <gpxx:DisplayMode>SymbolAndName</gpxx:DisplayMode>
      </gpxx:WaypointExtension>
      <wptx1:WaypointExtension>
        <wptx1:DisplayMode>SymbolAndName</wptx1:DisplayMode>
      </wptx1:WaypointExtension>
      <ctx:CreationTimeExtension>
        <ctx:CreationTime>2026-10-02T12:44:04Z</ctx:CreationTime>
      </ctx:CreationTimeExtension>
    </extensions>
  </wpt>
  <wpt lat="-18.293723026290536" lon="32.94196299277246">
    <ele>0</ele>
    <time>2026-10-02T12:44:04Z</time>
    <name>The Challenge 2025-424</name>
    <cmt>&lt;table&gt;
&lt;tr&gt;&lt;td&gt;Longitude: 32.941963 &lt;/td&gt;&lt;/tr&gt;
&lt;tr&gt;&lt;td&gt;Latitude: -18.293723 &lt;/td&gt;&lt;/tr&gt;
&lt;tr&gt;&lt;td&gt;Heading: 248.0 &lt;/td&gt;&lt;/tr&gt;
&lt;/table&gt;</cmt>
    <desc>&lt;table&gt;
&lt;tr&gt;&lt;td&gt;Longitude: 32.941963 &lt;/td&gt;&lt;/tr&gt;
&lt;tr&gt;&lt;td&gt;Latitude: -18.293723 &lt;/td&gt;&lt;/tr&gt;
&lt;tr&gt;&lt;td&gt;Heading: 248.0 &lt;/td&gt;&lt;/tr&gt;
&lt;/table&gt;</desc>
    <sym>Flag, Blue</sym>
    <type>user</type>
    <extensions>
      <gpxx:WaypointExtension>
        <gpxx:DisplayMode>SymbolAndName</gpxx:DisplayMode>
      </gpxx:WaypointExtension>
      <wptx1:WaypointExtension>
        <wptx1:DisplayMode>SymbolAndName</wptx1:DisplayMode>
      </wptx1:WaypointExtension>
      <ctx:CreationTimeExtension>
        <ctx:CreationTime>2026-10-02T12:44:04Z</ctx:CreationTime>
      </ctx:CreationTimeExtension>
    </extensions>
  </wpt>
  <wpt lat="-18.293739035725594" lon="32.941868025809526">
    <ele>0</ele>
    <time>2026-10-02T12:44:04Z</time>
    <name>The Challenge 2025-425</name>
    <cmt>&lt;table&gt;
&lt;tr&gt;&lt;td&gt;Longitude: 32.941868 &lt;/td&gt;&lt;/tr&gt;
&lt;tr&gt;&lt;td&gt;Latitude: -18.293739 &lt;/td&gt;&lt;/tr&gt;
&lt;tr&gt;&lt;td&gt;Heading: 259.9 &lt;/td&gt;&lt;/tr&gt;
&lt;/table&gt;</cmt>
    <desc>&lt;table&gt;
&lt;tr&gt;&lt;td&gt;Longitude: 32.941868 &lt;/td&gt;&lt;/tr&gt;
&lt;tr&gt;&lt;td&gt;Latitude: -18.293739 &lt;/td&gt;&lt;/tr&gt;
&lt;tr&gt;&lt;td&gt;Heading: 259.9 &lt;/td&gt;&lt;/tr&gt;
&lt;/table&gt;</desc>
    <sym>Flag, Blue</sym>
    <type>user</type>
    <extensions>
      <gpxx:WaypointExtension>
        <gpxx:DisplayMode>SymbolAndName</gpxx:DisplayMode>
      </gpxx:WaypointExtension>
      <wptx1:WaypointExtension>
        <wptx1:DisplayMode>SymbolAndName</wptx1:DisplayMode>
      </wptx1:WaypointExtension>
      <ctx:CreationTimeExtension>
        <ctx:CreationTime>2026-10-02T12:44:04Z</ctx:CreationTime>
      </ctx:CreationTimeExtension>
    </extensions>
  </wpt>
  <wpt lat="-18.293714979663491" lon="32.941783033311367">
    <ele>0</ele>
    <time>2026-10-02T12:44:04Z</time>
    <name>The Challenge 2025-426</name>
    <cmt>&lt;table&gt;
&lt;tr&gt;&lt;td&gt;Longitude: 32.941783 &lt;/td&gt;&lt;/tr&gt;
&lt;tr&gt;&lt;td&gt;Latitude: -18.293715 &lt;/td&gt;&lt;/tr&gt;
&lt;tr&gt;&lt;td&gt;Heading: 286.6 &lt;/td&gt;&lt;/tr&gt;
&lt;/table&gt;</cmt>
    <desc>&lt;table&gt;
&lt;tr&gt;&lt;td&gt;Longitude: 32.941783 &lt;/td&gt;&lt;/tr&gt;
&lt;tr&gt;&lt;td&gt;Latitude: -18.293715 &lt;/td&gt;&lt;/tr&gt;
&lt;tr&gt;&lt;td&gt;Heading: 286.6 &lt;/td&gt;&lt;/tr&gt;
&lt;/table&gt;</desc>
    <sym>Flag, Blue</sym>
    <type>user</type>
    <extensions>
      <gpxx:WaypointExtension>
        <gpxx:DisplayMode>SymbolAndName</gpxx:DisplayMode>
      </gpxx:WaypointExtension>
      <wptx1:WaypointExtension>
        <wptx1:DisplayMode>SymbolAndName</wptx1:DisplayMode>
      </wptx1:WaypointExtension>
      <ctx:CreationTimeExtension>
        <ctx:CreationTime>2026-10-02T12:44:04Z</ctx:CreationTime>
      </ctx:CreationTimeExtension>
    </extensions>
  </wpt>
  <wpt lat="-18.293651025742292" lon="32.941708015277982">
    <ele>0</ele>
    <time>2026-10-02T12:44:04Z</time>
    <name>The Challenge 2025-427</name>
    <cmt>&lt;table&gt;
&lt;tr&gt;&lt;td&gt;Longitude: 32.941708 &lt;/td&gt;&lt;/tr&gt;
&lt;tr&gt;&lt;td&gt;Latitude: -18.293651 &lt;/td&gt;&lt;/tr&gt;
&lt;tr&gt;&lt;td&gt;Heading: 311.6 &lt;/td&gt;&lt;/tr&gt;
&lt;/table&gt;</cmt>
    <desc>&lt;table&gt;
&lt;tr&gt;&lt;td&gt;Longitude: 32.941708 &lt;/td&gt;&lt;/tr&gt;
&lt;tr&gt;&lt;td&gt;Latitude: -18.293651 &lt;/td&gt;&lt;/tr&gt;
&lt;tr&gt;&lt;td&gt;Heading: 311.6 &lt;/td&gt;&lt;/tr&gt;
&lt;/table&gt;</desc>
    <sym>Flag, Blue</sym>
    <type>user</type>
    <extensions>
      <gpxx:WaypointExtension>
        <gpxx:DisplayMode>SymbolAndName</gpxx:DisplayMode>
      </gpxx:WaypointExtension>
      <wptx1:WaypointExtension>
        <wptx1:DisplayMode>SymbolAndName</wptx1:DisplayMode>
      </wptx1:WaypointExtension>
      <ctx:CreationTimeExtension>
        <ctx:CreationTime>2026-10-02T12:44:04Z</ctx:CreationTime>
      </ctx:CreationTimeExtension>
    </extensions>
  </wpt>
  <wpt lat="-18.293562009930611" lon="32.941666021943092">
    <ele>0</ele>
    <time>2026-10-02T12:44:04Z</time>
    <name>The Challenge 2025-428</name>
    <cmt>&lt;table&gt;
&lt;tr&gt;&lt;td&gt;Longitude: 32.941666 &lt;/td&gt;&lt;/tr&gt;
&lt;tr&gt;&lt;td&gt;Latitude: -18.293562 &lt;/td&gt;&lt;/tr&gt;
&lt;tr&gt;&lt;td&gt;Heading: 336.0 &lt;/td&gt;&lt;/tr&gt;
&lt;/table&gt;</cmt>
    <desc>&lt;table&gt;
&lt;tr&gt;&lt;td&gt;Longitude: 32.941666 &lt;/td&gt;&lt;/tr&gt;
&lt;tr&gt;&lt;td&gt;Latitude: -18.293562 &lt;/td&gt;&lt;/tr&gt;
&lt;tr&gt;&lt;td&gt;Heading: 336.0 &lt;/td&gt;&lt;/tr&gt;
&lt;/table&gt;</desc>
    <sym>Flag, Blue</sym>
    <type>user</type>
    <extensions>
      <gpxx:WaypointExtension>
        <gpxx:DisplayMode>SymbolAndName</gpxx:DisplayMode>
      </gpxx:WaypointExtension>
      <wptx1:WaypointExtension>
        <wptx1:DisplayMode>SymbolAndName</wptx1:DisplayMode>
      </wptx1:WaypointExtension>
      <ctx:CreationTimeExtension>
        <ctx:CreationTime>2026-10-02T12:44:04Z</ctx:CreationTime>
      </ctx:CreationTimeExtension>
    </extensions>
  </wpt>
  <wpt lat="-18.293450027704239" lon="32.94163903221488">
    <ele>0</ele>
    <time>2026-10-02T12:44:04Z</time>
    <name>The Challenge 2025-429</name>
    <cmt>&lt;table&gt;
&lt;tr&gt;&lt;td&gt;Longitude: 32.941639 &lt;/td&gt;&lt;/tr&gt;
&lt;tr&gt;&lt;td&gt;Latitude: -18.293450 &lt;/td&gt;&lt;/tr&gt;
&lt;tr&gt;&lt;td&gt;Heading: 347.0 &lt;/td&gt;&lt;/tr&gt;
&lt;/table&gt;</cmt>
    <desc>&lt;table&gt;
&lt;tr&gt;&lt;td&gt;Longitude: 32.941639 &lt;/td&gt;&lt;/tr&gt;
&lt;tr&gt;&lt;td&gt;Latitude: -18.293450 &lt;/td&gt;&lt;/tr&gt;
&lt;tr&gt;&lt;td&gt;Heading: 347.0 &lt;/td&gt;&lt;/tr&gt;
&lt;/table&gt;</desc>
    <sym>Flag, Blue</sym>
    <type>user</type>
    <extensions>
      <gpxx:WaypointExtension>
        <gpxx:DisplayMode>SymbolAndName</gpxx:DisplayMode>
      </gpxx:WaypointExtension>
      <wptx1:WaypointExtension>
        <wptx1:DisplayMode>SymbolAndName</wptx1:DisplayMode>
      </wptx1:WaypointExtension>
      <ctx:CreationTimeExtension>
        <ctx:CreationTime>2026-10-02T12:44:04Z</ctx:CreationTime>
      </ctx:CreationTimeExtension>
    </extensions>
  </wpt>
  <wpt lat="-18.329529007896781" lon="32.849695002660155">
    <ele>0</ele>
    <time>2026-10-02T12:44:04Z</time>
    <name>The Challenge 2025-43</name>
    <cmt>&lt;table&gt;
&lt;tr&gt;&lt;td&gt;Longitude: 32.849695 &lt;/td&gt;&lt;/tr&gt;
&lt;tr&gt;&lt;td&gt;Latitude: -18.329529 &lt;/td&gt;&lt;/tr&gt;
&lt;tr&gt;&lt;td&gt;Heading: 37.8 &lt;/td&gt;&lt;/tr&gt;
&lt;/table&gt;</cmt>
    <desc>&lt;table&gt;
&lt;tr&gt;&lt;td&gt;Longitude: 32.849695 &lt;/td&gt;&lt;/tr&gt;
&lt;tr&gt;&lt;td&gt;Latitude: -18.329529 &lt;/td&gt;&lt;/tr&gt;
&lt;tr&gt;&lt;td&gt;Heading: 37.8 &lt;/td&gt;&lt;/tr&gt;
&lt;/table&gt;</desc>
    <sym>Flag, Blue</sym>
    <type>user</type>
    <extensions>
      <gpxx:WaypointExtension>
        <gpxx:DisplayMode>SymbolAndName</gpxx:DisplayMode>
      </gpxx:WaypointExtension>
      <wptx1:WaypointExtension>
        <wptx1:DisplayMode>SymbolAndName</wptx1:DisplayMode>
      </wptx1:WaypointExtension>
      <ctx:CreationTimeExtension>
        <ctx:CreationTime>2026-10-02T12:44:04Z</ctx:CreationTime>
      </ctx:CreationTimeExtension>
    </extensions>
  </wpt>
  <wpt lat="-18.293382972478867" lon="32.941582035273314">
    <ele>0</ele>
    <time>2026-10-02T12:44:04Z</time>
    <name>The Challenge 2025-430</name>
    <cmt>&lt;table&gt;
&lt;tr&gt;&lt;td&gt;Longitude: 32.941582 &lt;/td&gt;&lt;/tr&gt;
&lt;tr&gt;&lt;td&gt;Latitude: -18.293383 &lt;/td&gt;&lt;/tr&gt;
&lt;tr&gt;&lt;td&gt;Heading: 321.5 &lt;/td&gt;&lt;/tr&gt;
&lt;/table&gt;</cmt>
    <desc>&lt;table&gt;
&lt;tr&gt;&lt;td&gt;Longitude: 32.941582 &lt;/td&gt;&lt;/tr&gt;
&lt;tr&gt;&lt;td&gt;Latitude: -18.293383 &lt;/td&gt;&lt;/tr&gt;
&lt;tr&gt;&lt;td&gt;Heading: 321.5 &lt;/td&gt;&lt;/tr&gt;
&lt;/table&gt;</desc>
    <sym>Flag, Blue</sym>
    <type>user</type>
    <extensions>
      <gpxx:WaypointExtension>
        <gpxx:DisplayMode>SymbolAndName</gpxx:DisplayMode>
      </gpxx:WaypointExtension>
      <wptx1:WaypointExtension>
        <wptx1:DisplayMode>SymbolAndName</wptx1:DisplayMode>
      </wptx1:WaypointExtension>
      <ctx:CreationTimeExtension>
        <ctx:CreationTime>2026-10-02T12:44:04Z</ctx:CreationTime>
      </ctx:CreationTimeExtension>
    </extensions>
  </wpt>
  <wpt lat="-18.293290017172694" lon="32.941559990867972">
    <ele>0</ele>
    <time>2026-10-02T12:44:04Z</time>
    <name>The Challenge 2025-431</name>
    <cmt>&lt;table&gt;
&lt;tr&gt;&lt;td&gt;Longitude: 32.941560 &lt;/td&gt;&lt;/tr&gt;
&lt;tr&gt;&lt;td&gt;Latitude: -18.293290 &lt;/td&gt;&lt;/tr&gt;
&lt;tr&gt;&lt;td&gt;Heading: 347.0 &lt;/td&gt;&lt;/tr&gt;
&lt;/table&gt;</cmt>
    <desc>&lt;table&gt;
&lt;tr&gt;&lt;td&gt;Longitude: 32.941560 &lt;/td&gt;&lt;/tr&gt;
&lt;tr&gt;&lt;td&gt;Latitude: -18.293290 &lt;/td&gt;&lt;/tr&gt;
&lt;tr&gt;&lt;td&gt;Heading: 347.0 &lt;/td&gt;&lt;/tr&gt;
&lt;/table&gt;</desc>
    <sym>Flag, Blue</sym>
    <type>user</type>
    <extensions>
      <gpxx:WaypointExtension>
        <gpxx:DisplayMode>SymbolAndName</gpxx:DisplayMode>
      </gpxx:WaypointExtension>
      <wptx1:WaypointExtension>
        <wptx1:DisplayMode>SymbolAndName</wptx1:DisplayMode>
      </wptx1:WaypointExtension>
      <ctx:CreationTimeExtension>
        <ctx:CreationTime>2026-10-02T12:44:04Z</ctx:CreationTime>
      </ctx:CreationTimeExtension>
    </extensions>
  </wpt>
  <wpt lat="-18.293225979432464" lon="32.941483967006207">
    <ele>0</ele>
    <time>2026-10-02T12:44:04Z</time>
    <name>The Challenge 2025-432</name>
    <cmt>&lt;table&gt;
&lt;tr&gt;&lt;td&gt;Longitude: 32.941484 &lt;/td&gt;&lt;/tr&gt;
&lt;tr&gt;&lt;td&gt;Latitude: -18.293226 &lt;/td&gt;&lt;/tr&gt;
&lt;tr&gt;&lt;td&gt;Heading: 311.6 &lt;/td&gt;&lt;/tr&gt;
&lt;/table&gt;</cmt>
    <desc>&lt;table&gt;
&lt;tr&gt;&lt;td&gt;Longitude: 32.941484 &lt;/td&gt;&lt;/tr&gt;
&lt;tr&gt;&lt;td&gt;Latitude: -18.293226 &lt;/td&gt;&lt;/tr&gt;
&lt;tr&gt;&lt;td&gt;Heading: 311.6 &lt;/td&gt;&lt;/tr&gt;
&lt;/table&gt;</desc>
    <sym>Flag, Blue</sym>
    <type>user</type>
    <extensions>
      <gpxx:WaypointExtension>
        <gpxx:DisplayMode>SymbolAndName</gpxx:DisplayMode>
      </gpxx:WaypointExtension>
      <wptx1:WaypointExtension>
        <wptx1:DisplayMode>SymbolAndName</wptx1:DisplayMode>
      </wptx1:WaypointExtension>
      <ctx:CreationTimeExtension>
        <ctx:CreationTime>2026-10-02T12:44:04Z</ctx:CreationTime>
      </ctx:CreationTimeExtension>
    </extensions>
  </wpt>
  <wpt lat="-18.293159008026123" lon="32.94142697006464">
    <ele>0</ele>
    <time>2026-10-02T12:44:04Z</time>
    <name>The Challenge 2025-433</name>
    <cmt>&lt;table&gt;
&lt;tr&gt;&lt;td&gt;Longitude: 32.941427 &lt;/td&gt;&lt;/tr&gt;
&lt;tr&gt;&lt;td&gt;Latitude: -18.293159 &lt;/td&gt;&lt;/tr&gt;
&lt;tr&gt;&lt;td&gt;Heading: 321.0 &lt;/td&gt;&lt;/tr&gt;
&lt;/table&gt;</cmt>
    <desc>&lt;table&gt;
&lt;tr&gt;&lt;td&gt;Longitude: 32.941427 &lt;/td&gt;&lt;/tr&gt;
&lt;tr&gt;&lt;td&gt;Latitude: -18.293159 &lt;/td&gt;&lt;/tr&gt;
&lt;tr&gt;&lt;td&gt;Heading: 321.0 &lt;/td&gt;&lt;/tr&gt;
&lt;/table&gt;</desc>
    <sym>Flag, Blue</sym>
    <type>user</type>
    <extensions>
      <gpxx:WaypointExtension>
        <gpxx:DisplayMode>SymbolAndName</gpxx:DisplayMode>
      </gpxx:WaypointExtension>
      <wptx1:WaypointExtension>
        <wptx1:DisplayMode>SymbolAndName</wptx1:DisplayMode>
      </wptx1:WaypointExtension>
      <ctx:CreationTimeExtension>
        <ctx:CreationTime>2026-10-02T12:44:04Z</ctx:CreationTime>
      </ctx:CreationTimeExtension>
    </extensions>
  </wpt>
  <wpt lat="-18.293118020519614" lon="32.941336026415229">
    <ele>0</ele>
    <time>2026-10-02T12:44:04Z</time>
    <name>The Challenge 2025-434</name>
    <cmt>&lt;table&gt;
&lt;tr&gt;&lt;td&gt;Longitude: 32.941336 &lt;/td&gt;&lt;/tr&gt;
&lt;tr&gt;&lt;td&gt;Latitude: -18.293118 &lt;/td&gt;&lt;/tr&gt;
&lt;tr&gt;&lt;td&gt;Heading: 295.5 &lt;/td&gt;&lt;/tr&gt;
&lt;/table&gt;</cmt>
    <desc>&lt;table&gt;
&lt;tr&gt;&lt;td&gt;Longitude: 32.941336 &lt;/td&gt;&lt;/tr&gt;
&lt;tr&gt;&lt;td&gt;Latitude: -18.293118 &lt;/td&gt;&lt;/tr&gt;
&lt;tr&gt;&lt;td&gt;Heading: 295.5 &lt;/td&gt;&lt;/tr&gt;
&lt;/table&gt;</desc>
    <sym>Flag, Blue</sym>
    <type>user</type>
    <extensions>
      <gpxx:WaypointExtension>
        <gpxx:DisplayMode>SymbolAndName</gpxx:DisplayMode>
      </gpxx:WaypointExtension>
      <wptx1:WaypointExtension>
        <wptx1:DisplayMode>SymbolAndName</wptx1:DisplayMode>
      </wptx1:WaypointExtension>
      <ctx:CreationTimeExtension>
        <ctx:CreationTime>2026-10-02T12:44:04Z</ctx:CreationTime>
      </ctx:CreationTimeExtension>
    </extensions>
  </wpt>
  <wpt lat="-18.293098993599415" lon="32.941229995340109">
    <ele>0</ele>
    <time>2026-10-02T12:44:04Z</time>
    <name>The Challenge 2025-435</name>
    <cmt>&lt;table&gt;
&lt;tr&gt;&lt;td&gt;Longitude: 32.941230 &lt;/td&gt;&lt;/tr&gt;
&lt;tr&gt;&lt;td&gt;Latitude: -18.293099 &lt;/td&gt;&lt;/tr&gt;
&lt;tr&gt;&lt;td&gt;Heading: 280.7 &lt;/td&gt;&lt;/tr&gt;
&lt;/table&gt;</cmt>
    <desc>&lt;table&gt;
&lt;tr&gt;&lt;td&gt;Longitude: 32.941230 &lt;/td&gt;&lt;/tr&gt;
&lt;tr&gt;&lt;td&gt;Latitude: -18.293099 &lt;/td&gt;&lt;/tr&gt;
&lt;tr&gt;&lt;td&gt;Heading: 280.7 &lt;/td&gt;&lt;/tr&gt;
&lt;/table&gt;</desc>
    <sym>Flag, Blue</sym>
    <type>user</type>
    <extensions>
      <gpxx:WaypointExtension>
        <gpxx:DisplayMode>SymbolAndName</gpxx:DisplayMode>
      </gpxx:WaypointExtension>
      <wptx1:WaypointExtension>
        <wptx1:DisplayMode>SymbolAndName</wptx1:DisplayMode>
      </wptx1:WaypointExtension>
      <ctx:CreationTimeExtension>
        <ctx:CreationTime>2026-10-02T12:44:04Z</ctx:CreationTime>
      </ctx:CreationTimeExtension>
    </extensions>
  </wpt>
  <wpt lat="-18.293068986386061" lon="32.941181967034936">
    <ele>0</ele>
    <time>2026-10-02T12:44:04Z</time>
    <name>The Challenge 2025-436</name>
    <cmt>&lt;table&gt;
&lt;tr&gt;&lt;td&gt;Longitude: 32.941182 &lt;/td&gt;&lt;/tr&gt;
&lt;tr&gt;&lt;td&gt;Latitude: -18.293069 &lt;/td&gt;&lt;/tr&gt;
&lt;tr&gt;&lt;td&gt;Heading: 303.3 &lt;/td&gt;&lt;/tr&gt;
&lt;/table&gt;</cmt>
    <desc>&lt;table&gt;
&lt;tr&gt;&lt;td&gt;Longitude: 32.941182 &lt;/td&gt;&lt;/tr&gt;
&lt;tr&gt;&lt;td&gt;Latitude: -18.293069 &lt;/td&gt;&lt;/tr&gt;
&lt;tr&gt;&lt;td&gt;Heading: 303.3 &lt;/td&gt;&lt;/tr&gt;
&lt;/table&gt;</desc>
    <sym>Flag, Blue</sym>
    <type>user</type>
    <extensions>
      <gpxx:WaypointExtension>
        <gpxx:DisplayMode>SymbolAndName</gpxx:DisplayMode>
      </gpxx:WaypointExtension>
      <wptx1:WaypointExtension>
        <wptx1:DisplayMode>SymbolAndName</wptx1:DisplayMode>
      </wptx1:WaypointExtension>
      <ctx:CreationTimeExtension>
        <ctx:CreationTime>2026-10-02T12:44:04Z</ctx:CreationTime>
      </ctx:CreationTimeExtension>
    </extensions>
  </wpt>
  <wpt lat="-18.29252902418375" lon="32.940782988443971">
    <ele>0</ele>
    <time>2026-10-02T12:44:04Z</time>
    <name>The Challenge 2025-437</name>
    <cmt>&lt;table&gt;
&lt;tr&gt;&lt;td&gt;Longitude: 32.940783 &lt;/td&gt;&lt;/tr&gt;
&lt;tr&gt;&lt;td&gt;Latitude: -18.292529 &lt;/td&gt;&lt;/tr&gt;
&lt;tr&gt;&lt;td&gt;Heading: 324.9 &lt;/td&gt;&lt;/tr&gt;
&lt;/table&gt;</cmt>
    <desc>&lt;table&gt;
&lt;tr&gt;&lt;td&gt;Longitude: 32.940783 &lt;/td&gt;&lt;/tr&gt;
&lt;tr&gt;&lt;td&gt;Latitude: -18.292529 &lt;/td&gt;&lt;/tr&gt;
&lt;tr&gt;&lt;td&gt;Heading: 324.9 &lt;/td&gt;&lt;/tr&gt;
&lt;/table&gt;</desc>
    <sym>Flag, Blue</sym>
    <type>user</type>
    <extensions>
      <gpxx:WaypointExtension>
        <gpxx:DisplayMode>SymbolAndName</gpxx:DisplayMode>
      </gpxx:WaypointExtension>
      <wptx1:WaypointExtension>
        <wptx1:DisplayMode>SymbolAndName</wptx1:DisplayMode>
      </wptx1:WaypointExtension>
      <ctx:CreationTimeExtension>
        <ctx:CreationTime>2026-10-02T12:44:04Z</ctx:CreationTime>
      </ctx:CreationTimeExtension>
    </extensions>
  </wpt>
  <wpt lat="-18.292119987308979" lon="32.940536979585886">
    <ele>0</ele>
    <time>2026-10-02T12:44:04Z</time>
    <name>The Challenge 2025-438</name>
    <cmt>&lt;table&gt;
&lt;tr&gt;&lt;td&gt;Longitude: 32.940537 &lt;/td&gt;&lt;/tr&gt;
&lt;tr&gt;&lt;td&gt;Latitude: -18.292120 &lt;/td&gt;&lt;/tr&gt;
&lt;tr&gt;&lt;td&gt;Heading: 330.3 &lt;/td&gt;&lt;/tr&gt;
&lt;/table&gt;</cmt>
    <desc>&lt;table&gt;
&lt;tr&gt;&lt;td&gt;Longitude: 32.940537 &lt;/td&gt;&lt;/tr&gt;
&lt;tr&gt;&lt;td&gt;Latitude: -18.292120 &lt;/td&gt;&lt;/tr&gt;
&lt;tr&gt;&lt;td&gt;Heading: 330.3 &lt;/td&gt;&lt;/tr&gt;
&lt;/table&gt;</desc>
    <sym>Flag, Blue</sym>
    <type>user</type>
    <extensions>
      <gpxx:WaypointExtension>
        <gpxx:DisplayMode>SymbolAndName</gpxx:DisplayMode>
      </gpxx:WaypointExtension>
      <wptx1:WaypointExtension>
        <wptx1:DisplayMode>SymbolAndName</wptx1:DisplayMode>
      </wptx1:WaypointExtension>
      <ctx:CreationTimeExtension>
        <ctx:CreationTime>2026-10-02T12:44:04Z</ctx:CreationTime>
      </ctx:CreationTimeExtension>
    </extensions>
  </wpt>
  <wpt lat="-18.291289005428553" lon="32.940515018999577">
    <ele>0</ele>
    <time>2026-10-02T12:44:04Z</time>
    <name>The Challenge 2025-439</name>
    <cmt>&lt;table&gt;
&lt;tr&gt;&lt;td&gt;Longitude: 32.940515 &lt;/td&gt;&lt;/tr&gt;
&lt;tr&gt;&lt;td&gt;Latitude: -18.291289 &lt;/td&gt;&lt;/tr&gt;
&lt;tr&gt;&lt;td&gt;Heading: 358.6 &lt;/td&gt;&lt;/tr&gt;
&lt;/table&gt;</cmt>
    <desc>&lt;table&gt;
&lt;tr&gt;&lt;td&gt;Longitude: 32.940515 &lt;/td&gt;&lt;/tr&gt;
&lt;tr&gt;&lt;td&gt;Latitude: -18.291289 &lt;/td&gt;&lt;/tr&gt;
&lt;tr&gt;&lt;td&gt;Heading: 358.6 &lt;/td&gt;&lt;/tr&gt;
&lt;/table&gt;</desc>
    <sym>Flag, Blue</sym>
    <type>user</type>
    <extensions>
      <gpxx:WaypointExtension>
        <gpxx:DisplayMode>SymbolAndName</gpxx:DisplayMode>
      </gpxx:WaypointExtension>
      <wptx1:WaypointExtension>
        <wptx1:DisplayMode>SymbolAndName</wptx1:DisplayMode>
      </wptx1:WaypointExtension>
      <ctx:CreationTimeExtension>
        <ctx:CreationTime>2026-10-02T12:44:04Z</ctx:CreationTime>
      </ctx:CreationTimeExtension>
    </extensions>
  </wpt>
  <wpt lat="-18.328963983803988" lon="32.850262960419059">
    <ele>0</ele>
    <time>2026-10-02T12:44:04Z</time>
    <name>The Challenge 2025-44</name>
    <cmt>&lt;table&gt;
&lt;tr&gt;&lt;td&gt;Longitude: 32.850263 &lt;/td&gt;&lt;/tr&gt;
&lt;tr&gt;&lt;td&gt;Latitude: -18.328964 &lt;/td&gt;&lt;/tr&gt;
&lt;tr&gt;&lt;td&gt;Heading: 43.7 &lt;/td&gt;&lt;/tr&gt;
&lt;/table&gt;</cmt>
    <desc>&lt;table&gt;
&lt;tr&gt;&lt;td&gt;Longitude: 32.850263 &lt;/td&gt;&lt;/tr&gt;
&lt;tr&gt;&lt;td&gt;Latitude: -18.328964 &lt;/td&gt;&lt;/tr&gt;
&lt;tr&gt;&lt;td&gt;Heading: 43.7 &lt;/td&gt;&lt;/tr&gt;
&lt;/table&gt;</desc>
    <sym>Flag, Blue</sym>
    <type>user</type>
    <extensions>
      <gpxx:WaypointExtension>
        <gpxx:DisplayMode>SymbolAndName</gpxx:DisplayMode>
      </gpxx:WaypointExtension>
      <wptx1:WaypointExtension>
        <wptx1:DisplayMode>SymbolAndName</wptx1:DisplayMode>
      </wptx1:WaypointExtension>
      <ctx:CreationTimeExtension>
        <ctx:CreationTime>2026-10-02T12:44:04Z</ctx:CreationTime>
      </ctx:CreationTimeExtension>
    </extensions>
  </wpt>
  <wpt lat="-18.290508985519409" lon="32.940300023183227">
    <ele>0</ele>
    <time>2026-10-02T12:44:04Z</time>
    <name>The Challenge 2025-440</name>
    <cmt>&lt;table&gt;
&lt;tr&gt;&lt;td&gt;Longitude: 32.940300 &lt;/td&gt;&lt;/tr&gt;
&lt;tr&gt;&lt;td&gt;Latitude: -18.290509 &lt;/td&gt;&lt;/tr&gt;
&lt;tr&gt;&lt;td&gt;Heading: 345.3 &lt;/td&gt;&lt;/tr&gt;
&lt;/table&gt;</cmt>
    <desc>&lt;table&gt;
&lt;tr&gt;&lt;td&gt;Longitude: 32.940300 &lt;/td&gt;&lt;/tr&gt;
&lt;tr&gt;&lt;td&gt;Latitude: -18.290509 &lt;/td&gt;&lt;/tr&gt;
&lt;tr&gt;&lt;td&gt;Heading: 345.3 &lt;/td&gt;&lt;/tr&gt;
&lt;/table&gt;</desc>
    <sym>Flag, Blue</sym>
    <type>user</type>
    <extensions>
      <gpxx:WaypointExtension>
        <gpxx:DisplayMode>SymbolAndName</gpxx:DisplayMode>
      </gpxx:WaypointExtension>
      <wptx1:WaypointExtension>
        <wptx1:DisplayMode>SymbolAndName</wptx1:DisplayMode>
      </wptx1:WaypointExtension>
      <ctx:CreationTimeExtension>
        <ctx:CreationTime>2026-10-02T12:44:04Z</ctx:CreationTime>
      </ctx:CreationTimeExtension>
    </extensions>
  </wpt>
  <wpt lat="-18.289960976690054" lon="32.940555000677705">
    <ele>0</ele>
    <time>2026-10-02T12:44:04Z</time>
    <name>The Challenge 2025-441</name>
    <cmt>&lt;table&gt;
&lt;tr&gt;&lt;td&gt;Longitude: 32.940555 &lt;/td&gt;&lt;/tr&gt;
&lt;tr&gt;&lt;td&gt;Latitude: -18.289961 &lt;/td&gt;&lt;/tr&gt;
&lt;tr&gt;&lt;td&gt;Heading: 23.9 &lt;/td&gt;&lt;/tr&gt;
&lt;/table&gt;</cmt>
    <desc>&lt;table&gt;
&lt;tr&gt;&lt;td&gt;Longitude: 32.940555 &lt;/td&gt;&lt;/tr&gt;
&lt;tr&gt;&lt;td&gt;Latitude: -18.289961 &lt;/td&gt;&lt;/tr&gt;
&lt;tr&gt;&lt;td&gt;Heading: 23.9 &lt;/td&gt;&lt;/tr&gt;
&lt;/table&gt;</desc>
    <sym>Flag, Blue</sym>
    <type>user</type>
    <extensions>
      <gpxx:WaypointExtension>
        <gpxx:DisplayMode>SymbolAndName</gpxx:DisplayMode>
      </gpxx:WaypointExtension>
      <wptx1:WaypointExtension>
        <wptx1:DisplayMode>SymbolAndName</wptx1:DisplayMode>
      </wptx1:WaypointExtension>
      <ctx:CreationTimeExtension>
        <ctx:CreationTime>2026-10-02T12:44:04Z</ctx:CreationTime>
      </ctx:CreationTimeExtension>
    </extensions>
  </wpt>
  <wpt lat="-18.289609020575881" lon="32.9406519792974">
    <ele>0</ele>
    <time>2026-10-02T12:44:04Z</time>
    <name>The Challenge 2025-442</name>
    <cmt>&lt;table&gt;
&lt;tr&gt;&lt;td&gt;Longitude: 32.940652 &lt;/td&gt;&lt;/tr&gt;
&lt;tr&gt;&lt;td&gt;Latitude: -18.289609 &lt;/td&gt;&lt;/tr&gt;
&lt;tr&gt;&lt;td&gt;Heading: 14.7 &lt;/td&gt;&lt;/tr&gt;
&lt;/table&gt;</cmt>
    <desc>&lt;table&gt;
&lt;tr&gt;&lt;td&gt;Longitude: 32.940652 &lt;/td&gt;&lt;/tr&gt;
&lt;tr&gt;&lt;td&gt;Latitude: -18.289609 &lt;/td&gt;&lt;/tr&gt;
&lt;tr&gt;&lt;td&gt;Heading: 14.7 &lt;/td&gt;&lt;/tr&gt;
&lt;/table&gt;</desc>
    <sym>Flag, Blue</sym>
    <type>user</type>
    <extensions>
      <gpxx:WaypointExtension>
        <gpxx:DisplayMode>SymbolAndName</gpxx:DisplayMode>
      </gpxx:WaypointExtension>
      <wptx1:WaypointExtension>
        <wptx1:DisplayMode>SymbolAndName</wptx1:DisplayMode>
      </wptx1:WaypointExtension>
      <ctx:CreationTimeExtension>
        <ctx:CreationTime>2026-10-02T12:44:04Z</ctx:CreationTime>
      </ctx:CreationTimeExtension>
    </extensions>
  </wpt>
  <wpt lat="-18.28941497951746" lon="32.941002007573843">
    <ele>0</ele>
    <time>2026-10-02T12:44:04Z</time>
    <name>The Challenge 2025-443</name>
    <cmt>&lt;table&gt;
&lt;tr&gt;&lt;td&gt;Longitude: 32.941002 &lt;/td&gt;&lt;/tr&gt;
&lt;tr&gt;&lt;td&gt;Latitude: -18.289415 &lt;/td&gt;&lt;/tr&gt;
&lt;tr&gt;&lt;td&gt;Heading: 59.6 &lt;/td&gt;&lt;/tr&gt;
&lt;/table&gt;</cmt>
    <desc>&lt;table&gt;
&lt;tr&gt;&lt;td&gt;Longitude: 32.941002 &lt;/td&gt;&lt;/tr&gt;
&lt;tr&gt;&lt;td&gt;Latitude: -18.289415 &lt;/td&gt;&lt;/tr&gt;
&lt;tr&gt;&lt;td&gt;Heading: 59.6 &lt;/td&gt;&lt;/tr&gt;
&lt;/table&gt;</desc>
    <sym>Flag, Blue</sym>
    <type>user</type>
    <extensions>
      <gpxx:WaypointExtension>
        <gpxx:DisplayMode>SymbolAndName</gpxx:DisplayMode>
      </gpxx:WaypointExtension>
      <wptx1:WaypointExtension>
        <wptx1:DisplayMode>SymbolAndName</wptx1:DisplayMode>
      </wptx1:WaypointExtension>
      <ctx:CreationTimeExtension>
        <ctx:CreationTime>2026-10-02T12:44:04Z</ctx:CreationTime>
      </ctx:CreationTimeExtension>
    </extensions>
  </wpt>
  <wpt lat="-18.289089007303119" lon="32.941214991733432">
    <ele>0</ele>
    <time>2026-10-02T12:44:04Z</time>
    <name>The Challenge 2025-444</name>
    <cmt>&lt;table&gt;
&lt;tr&gt;&lt;td&gt;Longitude: 32.941215 &lt;/td&gt;&lt;/tr&gt;
&lt;tr&gt;&lt;td&gt;Latitude: -18.289089 &lt;/td&gt;&lt;/tr&gt;
&lt;tr&gt;&lt;td&gt;Heading: 31.9 &lt;/td&gt;&lt;/tr&gt;
&lt;/table&gt;</cmt>
    <desc>&lt;table&gt;
&lt;tr&gt;&lt;td&gt;Longitude: 32.941215 &lt;/td&gt;&lt;/tr&gt;
&lt;tr&gt;&lt;td&gt;Latitude: -18.289089 &lt;/td&gt;&lt;/tr&gt;
&lt;tr&gt;&lt;td&gt;Heading: 31.9 &lt;/td&gt;&lt;/tr&gt;
&lt;/table&gt;</desc>
    <sym>Flag, Blue</sym>
    <type>user</type>
    <extensions>
      <gpxx:WaypointExtension>
        <gpxx:DisplayMode>SymbolAndName</gpxx:DisplayMode>
      </gpxx:WaypointExtension>
      <wptx1:WaypointExtension>
        <wptx1:DisplayMode>SymbolAndName</wptx1:DisplayMode>
      </wptx1:WaypointExtension>
      <ctx:CreationTimeExtension>
        <ctx:CreationTime>2026-10-02T12:44:04Z</ctx:CreationTime>
      </ctx:CreationTimeExtension>
    </extensions>
  </wpt>
  <wpt lat="-18.288286020979285" lon="32.941480027511716">
    <ele>0</ele>
    <time>2026-10-02T12:44:04Z</time>
    <name>The Challenge 2025-445</name>
    <cmt>&lt;table&gt;
&lt;tr&gt;&lt;td&gt;Longitude: 32.941480 &lt;/td&gt;&lt;/tr&gt;
&lt;tr&gt;&lt;td&gt;Latitude: -18.288286 &lt;/td&gt;&lt;/tr&gt;
&lt;tr&gt;&lt;td&gt;Heading: 17.4 &lt;/td&gt;&lt;/tr&gt;
&lt;/table&gt;</cmt>
    <desc>&lt;table&gt;
&lt;tr&gt;&lt;td&gt;Longitude: 32.941480 &lt;/td&gt;&lt;/tr&gt;
&lt;tr&gt;&lt;td&gt;Latitude: -18.288286 &lt;/td&gt;&lt;/tr&gt;
&lt;tr&gt;&lt;td&gt;Heading: 17.4 &lt;/td&gt;&lt;/tr&gt;
&lt;/table&gt;</desc>
    <sym>Flag, Blue</sym>
    <type>user</type>
    <extensions>
      <gpxx:WaypointExtension>
        <gpxx:DisplayMode>SymbolAndName</gpxx:DisplayMode>
      </gpxx:WaypointExtension>
      <wptx1:WaypointExtension>
        <wptx1:DisplayMode>SymbolAndName</wptx1:DisplayMode>
      </wptx1:WaypointExtension>
      <ctx:CreationTimeExtension>
        <ctx:CreationTime>2026-10-02T12:44:04Z</ctx:CreationTime>
      </ctx:CreationTimeExtension>
    </extensions>
  </wpt>
  <wpt lat="-18.288278980180621" lon="32.941981013864279">
    <ele>0</ele>
    <time>2026-10-02T12:44:04Z</time>
    <name>The Challenge 2025-446</name>
    <cmt>&lt;table&gt;
&lt;tr&gt;&lt;td&gt;Longitude: 32.941981 &lt;/td&gt;&lt;/tr&gt;
&lt;tr&gt;&lt;td&gt;Latitude: -18.288279 &lt;/td&gt;&lt;/tr&gt;
&lt;tr&gt;&lt;td&gt;Heading: 89.2 &lt;/td&gt;&lt;/tr&gt;
&lt;/table&gt;</cmt>
    <desc>&lt;table&gt;
&lt;tr&gt;&lt;td&gt;Longitude: 32.941981 &lt;/td&gt;&lt;/tr&gt;
&lt;tr&gt;&lt;td&gt;Latitude: -18.288279 &lt;/td&gt;&lt;/tr&gt;
&lt;tr&gt;&lt;td&gt;Heading: 89.2 &lt;/td&gt;&lt;/tr&gt;
&lt;/table&gt;</desc>
    <sym>Flag, Blue</sym>
    <type>user</type>
    <extensions>
      <gpxx:WaypointExtension>
        <gpxx:DisplayMode>SymbolAndName</gpxx:DisplayMode>
      </gpxx:WaypointExtension>
      <wptx1:WaypointExtension>
        <wptx1:DisplayMode>SymbolAndName</wptx1:DisplayMode>
      </wptx1:WaypointExtension>
      <ctx:CreationTimeExtension>
        <ctx:CreationTime>2026-10-02T12:44:04Z</ctx:CreationTime>
      </ctx:CreationTimeExtension>
    </extensions>
  </wpt>
  <wpt lat="-18.288241010159254" lon="32.942527011036873">
    <ele>0</ele>
    <time>2026-10-02T12:44:04Z</time>
    <name>The Challenge 2025-447</name>
    <cmt>&lt;table&gt;
&lt;tr&gt;&lt;td&gt;Longitude: 32.942527 &lt;/td&gt;&lt;/tr&gt;
&lt;tr&gt;&lt;td&gt;Latitude: -18.288241 &lt;/td&gt;&lt;/tr&gt;
&lt;tr&gt;&lt;td&gt;Heading: 85.7 &lt;/td&gt;&lt;/tr&gt;
&lt;/table&gt;</cmt>
    <desc>&lt;table&gt;
&lt;tr&gt;&lt;td&gt;Longitude: 32.942527 &lt;/td&gt;&lt;/tr&gt;
&lt;tr&gt;&lt;td&gt;Latitude: -18.288241 &lt;/td&gt;&lt;/tr&gt;
&lt;tr&gt;&lt;td&gt;Heading: 85.7 &lt;/td&gt;&lt;/tr&gt;
&lt;/table&gt;</desc>
    <sym>Flag, Blue</sym>
    <type>user</type>
    <extensions>
      <gpxx:WaypointExtension>
        <gpxx:DisplayMode>SymbolAndName</gpxx:DisplayMode>
      </gpxx:WaypointExtension>
      <wptx1:WaypointExtension>
        <wptx1:DisplayMode>SymbolAndName</wptx1:DisplayMode>
      </wptx1:WaypointExtension>
      <ctx:CreationTimeExtension>
        <ctx:CreationTime>2026-10-02T12:44:04Z</ctx:CreationTime>
      </ctx:CreationTimeExtension>
    </extensions>
  </wpt>
  <wpt lat="-18.288103966042399" lon="32.943050963804126">
    <ele>0</ele>
    <time>2026-10-02T12:44:04Z</time>
    <name>The Challenge 2025-448</name>
    <cmt>&lt;table&gt;
&lt;tr&gt;&lt;td&gt;Longitude: 32.943051 &lt;/td&gt;&lt;/tr&gt;
&lt;tr&gt;&lt;td&gt;Latitude: -18.288104 &lt;/td&gt;&lt;/tr&gt;
&lt;tr&gt;&lt;td&gt;Heading: 74.6 &lt;/td&gt;&lt;/tr&gt;
&lt;/table&gt;</cmt>
    <desc>&lt;table&gt;
&lt;tr&gt;&lt;td&gt;Longitude: 32.943051 &lt;/td&gt;&lt;/tr&gt;
&lt;tr&gt;&lt;td&gt;Latitude: -18.288104 &lt;/td&gt;&lt;/tr&gt;
&lt;tr&gt;&lt;td&gt;Heading: 74.6 &lt;/td&gt;&lt;/tr&gt;
&lt;/table&gt;</desc>
    <sym>Flag, Blue</sym>
    <type>user</type>
    <extensions>
      <gpxx:WaypointExtension>
        <gpxx:DisplayMode>SymbolAndName</gpxx:DisplayMode>
      </gpxx:WaypointExtension>
      <wptx1:WaypointExtension>
        <wptx1:DisplayMode>SymbolAndName</wptx1:DisplayMode>
      </wptx1:WaypointExtension>
      <ctx:CreationTimeExtension>
        <ctx:CreationTime>2026-10-02T12:44:04Z</ctx:CreationTime>
      </ctx:CreationTimeExtension>
    </extensions>
  </wpt>
  <wpt lat="-18.288320973515511" lon="32.94353200122714">
    <ele>0</ele>
    <time>2026-10-02T12:44:04Z</time>
    <name>The Challenge 2025-449</name>
    <cmt>&lt;table&gt;
&lt;tr&gt;&lt;td&gt;Longitude: 32.943532 &lt;/td&gt;&lt;/tr&gt;
&lt;tr&gt;&lt;td&gt;Latitude: -18.288321 &lt;/td&gt;&lt;/tr&gt;
&lt;tr&gt;&lt;td&gt;Heading: 115.4 &lt;/td&gt;&lt;/tr&gt;
&lt;/table&gt;</cmt>
    <desc>&lt;table&gt;
&lt;tr&gt;&lt;td&gt;Longitude: 32.943532 &lt;/td&gt;&lt;/tr&gt;
&lt;tr&gt;&lt;td&gt;Latitude: -18.288321 &lt;/td&gt;&lt;/tr&gt;
&lt;tr&gt;&lt;td&gt;Heading: 115.4 &lt;/td&gt;&lt;/tr&gt;
&lt;/table&gt;</desc>
    <sym>Flag, Blue</sym>
    <type>user</type>
    <extensions>
      <gpxx:WaypointExtension>
        <gpxx:DisplayMode>SymbolAndName</gpxx:DisplayMode>
      </gpxx:WaypointExtension>
      <wptx1:WaypointExtension>
        <wptx1:DisplayMode>SymbolAndName</wptx1:DisplayMode>
      </wptx1:WaypointExtension>
      <ctx:CreationTimeExtension>
        <ctx:CreationTime>2026-10-02T12:44:04Z</ctx:CreationTime>
      </ctx:CreationTimeExtension>
    </extensions>
  </wpt>
  <wpt lat="-18.328553019091487" lon="32.850901996716857">
    <ele>0</ele>
    <time>2026-10-02T12:44:04Z</time>
    <name>The Challenge 2025-45</name>
    <cmt>&lt;table&gt;
&lt;tr&gt;&lt;td&gt;Longitude: 32.850902 &lt;/td&gt;&lt;/tr&gt;
&lt;tr&gt;&lt;td&gt;Latitude: -18.328553 &lt;/td&gt;&lt;/tr&gt;
&lt;tr&gt;&lt;td&gt;Heading: 55.9 &lt;/td&gt;&lt;/tr&gt;
&lt;/table&gt;</cmt>
    <desc>&lt;table&gt;
&lt;tr&gt;&lt;td&gt;Longitude: 32.850902 &lt;/td&gt;&lt;/tr&gt;
&lt;tr&gt;&lt;td&gt;Latitude: -18.328553 &lt;/td&gt;&lt;/tr&gt;
&lt;tr&gt;&lt;td&gt;Heading: 55.9 &lt;/td&gt;&lt;/tr&gt;
&lt;/table&gt;</desc>
    <sym>Flag, Blue</sym>
    <type>user</type>
    <extensions>
      <gpxx:WaypointExtension>
        <gpxx:DisplayMode>SymbolAndName</gpxx:DisplayMode>
      </gpxx:WaypointExtension>
      <wptx1:WaypointExtension>
        <wptx1:DisplayMode>SymbolAndName</wptx1:DisplayMode>
      </wptx1:WaypointExtension>
      <ctx:CreationTimeExtension>
        <ctx:CreationTime>2026-10-02T12:44:04Z</ctx:CreationTime>
      </ctx:CreationTimeExtension>
    </extensions>
  </wpt>
  <wpt lat="-18.28827696852386" lon="32.943947995081544">
    <ele>0</ele>
    <time>2026-10-02T12:44:04Z</time>
    <name>The Challenge 2025-450</name>
    <cmt>&lt;table&gt;
&lt;tr&gt;&lt;td&gt;Longitude: 32.943948 &lt;/td&gt;&lt;/tr&gt;
&lt;tr&gt;&lt;td&gt;Latitude: -18.288277 &lt;/td&gt;&lt;/tr&gt;
&lt;tr&gt;&lt;td&gt;Heading: 83.7 &lt;/td&gt;&lt;/tr&gt;
&lt;/table&gt;</cmt>
    <desc>&lt;table&gt;
&lt;tr&gt;&lt;td&gt;Longitude: 32.943948 &lt;/td&gt;&lt;/tr&gt;
&lt;tr&gt;&lt;td&gt;Latitude: -18.288277 &lt;/td&gt;&lt;/tr&gt;
&lt;tr&gt;&lt;td&gt;Heading: 83.7 &lt;/td&gt;&lt;/tr&gt;
&lt;/table&gt;</desc>
    <sym>Flag, Blue</sym>
    <type>user</type>
    <extensions>
      <gpxx:WaypointExtension>
        <gpxx:DisplayMode>SymbolAndName</gpxx:DisplayMode>
      </gpxx:WaypointExtension>
      <wptx1:WaypointExtension>
        <wptx1:DisplayMode>SymbolAndName</wptx1:DisplayMode>
      </wptx1:WaypointExtension>
      <ctx:CreationTimeExtension>
        <ctx:CreationTime>2026-10-02T12:44:04Z</ctx:CreationTime>
      </ctx:CreationTimeExtension>
    </extensions>
  </wpt>
  <wpt lat="-18.287839014083147" lon="32.944299029186368">
    <ele>0</ele>
    <time>2026-10-02T12:44:04Z</time>
    <name>The Challenge 2025-451</name>
    <cmt>&lt;table&gt;
&lt;tr&gt;&lt;td&gt;Longitude: 32.944299 &lt;/td&gt;&lt;/tr&gt;
&lt;tr&gt;&lt;td&gt;Latitude: -18.287839 &lt;/td&gt;&lt;/tr&gt;
&lt;tr&gt;&lt;td&gt;Heading: 37.2 &lt;/td&gt;&lt;/tr&gt;
&lt;/table&gt;</cmt>
    <desc>&lt;table&gt;
&lt;tr&gt;&lt;td&gt;Longitude: 32.944299 &lt;/td&gt;&lt;/tr&gt;
&lt;tr&gt;&lt;td&gt;Latitude: -18.287839 &lt;/td&gt;&lt;/tr&gt;
&lt;tr&gt;&lt;td&gt;Heading: 37.2 &lt;/td&gt;&lt;/tr&gt;
&lt;/table&gt;</desc>
    <sym>Flag, Blue</sym>
    <type>user</type>
    <extensions>
      <gpxx:WaypointExtension>
        <gpxx:DisplayMode>SymbolAndName</gpxx:DisplayMode>
      </gpxx:WaypointExtension>
      <wptx1:WaypointExtension>
        <wptx1:DisplayMode>SymbolAndName</wptx1:DisplayMode>
      </wptx1:WaypointExtension>
      <ctx:CreationTimeExtension>
        <ctx:CreationTime>2026-10-02T12:44:04Z</ctx:CreationTime>
      </ctx:CreationTimeExtension>
    </extensions>
  </wpt>
  <wpt lat="-18.288247967138886" lon="32.944635981693864">
    <ele>0</ele>
    <time>2026-10-02T12:44:04Z</time>
    <name>The Challenge 2025-452</name>
    <cmt>&lt;table&gt;
&lt;tr&gt;&lt;td&gt;Longitude: 32.944636 &lt;/td&gt;&lt;/tr&gt;
&lt;tr&gt;&lt;td&gt;Latitude: -18.288248 &lt;/td&gt;&lt;/tr&gt;
&lt;tr&gt;&lt;td&gt;Heading: 141.9 &lt;/td&gt;&lt;/tr&gt;
&lt;/table&gt;</cmt>
    <desc>&lt;table&gt;
&lt;tr&gt;&lt;td&gt;Longitude: 32.944636 &lt;/td&gt;&lt;/tr&gt;
&lt;tr&gt;&lt;td&gt;Latitude: -18.288248 &lt;/td&gt;&lt;/tr&gt;
&lt;tr&gt;&lt;td&gt;Heading: 141.9 &lt;/td&gt;&lt;/tr&gt;
&lt;/table&gt;</desc>
    <sym>Flag, Blue</sym>
    <type>user</type>
    <extensions>
      <gpxx:WaypointExtension>
        <gpxx:DisplayMode>SymbolAndName</gpxx:DisplayMode>
      </gpxx:WaypointExtension>
      <wptx1:WaypointExtension>
        <wptx1:DisplayMode>SymbolAndName</wptx1:DisplayMode>
      </wptx1:WaypointExtension>
      <ctx:CreationTimeExtension>
        <ctx:CreationTime>2026-10-02T12:44:04Z</ctx:CreationTime>
      </ctx:CreationTimeExtension>
    </extensions>
  </wpt>
  <wpt lat="-18.288548961281776" lon="32.945049963891506">
    <ele>0</ele>
    <time>2026-10-02T12:44:04Z</time>
    <name>The Challenge 2025-453</name>
    <cmt>&lt;table&gt;
&lt;tr&gt;&lt;td&gt;Longitude: 32.945050 &lt;/td&gt;&lt;/tr&gt;
&lt;tr&gt;&lt;td&gt;Latitude: -18.288549 &lt;/td&gt;&lt;/tr&gt;
&lt;tr&gt;&lt;td&gt;Heading: 127.4 &lt;/td&gt;&lt;/tr&gt;
&lt;/table&gt;</cmt>
    <desc>&lt;table&gt;
&lt;tr&gt;&lt;td&gt;Longitude: 32.945050 &lt;/td&gt;&lt;/tr&gt;
&lt;tr&gt;&lt;td&gt;Latitude: -18.288549 &lt;/td&gt;&lt;/tr&gt;
&lt;tr&gt;&lt;td&gt;Heading: 127.4 &lt;/td&gt;&lt;/tr&gt;
&lt;/table&gt;</desc>
    <sym>Flag, Blue</sym>
    <type>user</type>
    <extensions>
      <gpxx:WaypointExtension>
        <gpxx:DisplayMode>SymbolAndName</gpxx:DisplayMode>
      </gpxx:WaypointExtension>
      <wptx1:WaypointExtension>
        <wptx1:DisplayMode>SymbolAndName</wptx1:DisplayMode>
      </wptx1:WaypointExtension>
      <ctx:CreationTimeExtension>
        <ctx:CreationTime>2026-10-02T12:44:04Z</ctx:CreationTime>
      </ctx:CreationTimeExtension>
    </extensions>
  </wpt>
  <wpt lat="-18.289078027009964" lon="32.945565031841397">
    <ele>0</ele>
    <time>2026-10-02T12:44:04Z</time>
    <name>The Challenge 2025-454</name>
    <cmt>&lt;table&gt;
&lt;tr&gt;&lt;td&gt;Longitude: 32.945565 &lt;/td&gt;&lt;/tr&gt;
&lt;tr&gt;&lt;td&gt;Latitude: -18.289078 &lt;/td&gt;&lt;/tr&gt;
&lt;tr&gt;&lt;td&gt;Heading: 137.2 &lt;/td&gt;&lt;/tr&gt;
&lt;/table&gt;</cmt>
    <desc>&lt;table&gt;
&lt;tr&gt;&lt;td&gt;Longitude: 32.945565 &lt;/td&gt;&lt;/tr&gt;
&lt;tr&gt;&lt;td&gt;Latitude: -18.289078 &lt;/td&gt;&lt;/tr&gt;
&lt;tr&gt;&lt;td&gt;Heading: 137.2 &lt;/td&gt;&lt;/tr&gt;
&lt;/table&gt;</desc>
    <sym>Flag, Blue</sym>
    <type>user</type>
    <extensions>
      <gpxx:WaypointExtension>
        <gpxx:DisplayMode>SymbolAndName</gpxx:DisplayMode>
      </gpxx:WaypointExtension>
      <wptx1:WaypointExtension>
        <wptx1:DisplayMode>SymbolAndName</wptx1:DisplayMode>
      </wptx1:WaypointExtension>
      <ctx:CreationTimeExtension>
        <ctx:CreationTime>2026-10-02T12:44:04Z</ctx:CreationTime>
      </ctx:CreationTimeExtension>
    </extensions>
  </wpt>
  <wpt lat="-18.289256980642676" lon="32.946365000680089">
    <ele>0</ele>
    <time>2026-10-02T12:44:04Z</time>
    <name>The Challenge 2025-455</name>
    <cmt>&lt;table&gt;
&lt;tr&gt;&lt;td&gt;Longitude: 32.946365 &lt;/td&gt;&lt;/tr&gt;
&lt;tr&gt;&lt;td&gt;Latitude: -18.289257 &lt;/td&gt;&lt;/tr&gt;
&lt;tr&gt;&lt;td&gt;Heading: 103.3 &lt;/td&gt;&lt;/tr&gt;
&lt;/table&gt;</cmt>
    <desc>&lt;table&gt;
&lt;tr&gt;&lt;td&gt;Longitude: 32.946365 &lt;/td&gt;&lt;/tr&gt;
&lt;tr&gt;&lt;td&gt;Latitude: -18.289257 &lt;/td&gt;&lt;/tr&gt;
&lt;tr&gt;&lt;td&gt;Heading: 103.3 &lt;/td&gt;&lt;/tr&gt;
&lt;/table&gt;</desc>
    <sym>Flag, Blue</sym>
    <type>user</type>
    <extensions>
      <gpxx:WaypointExtension>
        <gpxx:DisplayMode>SymbolAndName</gpxx:DisplayMode>
      </gpxx:WaypointExtension>
      <wptx1:WaypointExtension>
        <wptx1:DisplayMode>SymbolAndName</wptx1:DisplayMode>
      </wptx1:WaypointExtension>
      <ctx:CreationTimeExtension>
        <ctx:CreationTime>2026-10-02T12:44:04Z</ctx:CreationTime>
      </ctx:CreationTimeExtension>
    </extensions>
  </wpt>
  <wpt lat="-18.288846015930176" lon="32.946863975375891">
    <ele>0</ele>
    <time>2026-10-02T12:44:04Z</time>
    <name>The Challenge 2025-456</name>
    <cmt>&lt;table&gt;
&lt;tr&gt;&lt;td&gt;Longitude: 32.946864 &lt;/td&gt;&lt;/tr&gt;
&lt;tr&gt;&lt;td&gt;Latitude: -18.288846 &lt;/td&gt;&lt;/tr&gt;
&lt;tr&gt;&lt;td&gt;Heading: 49.0 &lt;/td&gt;&lt;/tr&gt;
&lt;/table&gt;</cmt>
    <desc>&lt;table&gt;
&lt;tr&gt;&lt;td&gt;Longitude: 32.946864 &lt;/td&gt;&lt;/tr&gt;
&lt;tr&gt;&lt;td&gt;Latitude: -18.288846 &lt;/td&gt;&lt;/tr&gt;
&lt;tr&gt;&lt;td&gt;Heading: 49.0 &lt;/td&gt;&lt;/tr&gt;
&lt;/table&gt;</desc>
    <sym>Flag, Blue</sym>
    <type>user</type>
    <extensions>
      <gpxx:WaypointExtension>
        <gpxx:DisplayMode>SymbolAndName</gpxx:DisplayMode>
      </gpxx:WaypointExtension>
      <wptx1:WaypointExtension>
        <wptx1:DisplayMode>SymbolAndName</wptx1:DisplayMode>
      </wptx1:WaypointExtension>
      <ctx:CreationTimeExtension>
        <ctx:CreationTime>2026-10-02T12:44:04Z</ctx:CreationTime>
      </ctx:CreationTimeExtension>
    </extensions>
  </wpt>
  <wpt lat="-18.287880001589656" lon="32.947030020877719">
    <ele>0</ele>
    <time>2026-10-02T12:44:04Z</time>
    <name>The Challenge 2025-457</name>
    <cmt>&lt;table&gt;
&lt;tr&gt;&lt;td&gt;Longitude: 32.947030 &lt;/td&gt;&lt;/tr&gt;
&lt;tr&gt;&lt;td&gt;Latitude: -18.287880 &lt;/td&gt;&lt;/tr&gt;
&lt;tr&gt;&lt;td&gt;Heading: 9.2 &lt;/td&gt;&lt;/tr&gt;
&lt;/table&gt;</cmt>
    <desc>&lt;table&gt;
&lt;tr&gt;&lt;td&gt;Longitude: 32.947030 &lt;/td&gt;&lt;/tr&gt;
&lt;tr&gt;&lt;td&gt;Latitude: -18.287880 &lt;/td&gt;&lt;/tr&gt;
&lt;tr&gt;&lt;td&gt;Heading: 9.2 &lt;/td&gt;&lt;/tr&gt;
&lt;/table&gt;</desc>
    <sym>Flag, Blue</sym>
    <type>user</type>
    <extensions>
      <gpxx:WaypointExtension>
        <gpxx:DisplayMode>SymbolAndName</gpxx:DisplayMode>
      </gpxx:WaypointExtension>
      <wptx1:WaypointExtension>
        <wptx1:DisplayMode>SymbolAndName</wptx1:DisplayMode>
      </wptx1:WaypointExtension>
      <ctx:CreationTimeExtension>
        <ctx:CreationTime>2026-10-02T12:44:04Z</ctx:CreationTime>
      </ctx:CreationTimeExtension>
    </extensions>
  </wpt>
  <wpt lat="-18.287677997723222" lon="32.947554979473352">
    <ele>0</ele>
    <time>2026-10-02T12:44:04Z</time>
    <name>The Challenge 2025-458</name>
    <cmt>&lt;table&gt;
&lt;tr&gt;&lt;td&gt;Longitude: 32.947555 &lt;/td&gt;&lt;/tr&gt;
&lt;tr&gt;&lt;td&gt;Latitude: -18.287678 &lt;/td&gt;&lt;/tr&gt;
&lt;tr&gt;&lt;td&gt;Heading: 68.0 &lt;/td&gt;&lt;/tr&gt;
&lt;/table&gt;</cmt>
    <desc>&lt;table&gt;
&lt;tr&gt;&lt;td&gt;Longitude: 32.947555 &lt;/td&gt;&lt;/tr&gt;
&lt;tr&gt;&lt;td&gt;Latitude: -18.287678 &lt;/td&gt;&lt;/tr&gt;
&lt;tr&gt;&lt;td&gt;Heading: 68.0 &lt;/td&gt;&lt;/tr&gt;
&lt;/table&gt;</desc>
    <sym>Flag, Blue</sym>
    <type>user</type>
    <extensions>
      <gpxx:WaypointExtension>
        <gpxx:DisplayMode>SymbolAndName</gpxx:DisplayMode>
      </gpxx:WaypointExtension>
      <wptx1:WaypointExtension>
        <wptx1:DisplayMode>SymbolAndName</wptx1:DisplayMode>
      </wptx1:WaypointExtension>
      <ctx:CreationTimeExtension>
        <ctx:CreationTime>2026-10-02T12:44:04Z</ctx:CreationTime>
      </ctx:CreationTimeExtension>
    </extensions>
  </wpt>
  <wpt lat="-18.287590993568301" lon="32.94825604185462">
    <ele>0</ele>
    <time>2026-10-02T12:44:04Z</time>
    <name>The Challenge 2025-459</name>
    <cmt>&lt;table&gt;
&lt;tr&gt;&lt;td&gt;Longitude: 32.948256 &lt;/td&gt;&lt;/tr&gt;
&lt;tr&gt;&lt;td&gt;Latitude: -18.287591 &lt;/td&gt;&lt;/tr&gt;
&lt;tr&gt;&lt;td&gt;Heading: 82.5 &lt;/td&gt;&lt;/tr&gt;
&lt;/table&gt;</cmt>
    <desc>&lt;table&gt;
&lt;tr&gt;&lt;td&gt;Longitude: 32.948256 &lt;/td&gt;&lt;/tr&gt;
&lt;tr&gt;&lt;td&gt;Latitude: -18.287591 &lt;/td&gt;&lt;/tr&gt;
&lt;tr&gt;&lt;td&gt;Heading: 82.5 &lt;/td&gt;&lt;/tr&gt;
&lt;/table&gt;</desc>
    <sym>Flag, Blue</sym>
    <type>user</type>
    <extensions>
      <gpxx:WaypointExtension>
        <gpxx:DisplayMode>SymbolAndName</gpxx:DisplayMode>
      </gpxx:WaypointExtension>
      <wptx1:WaypointExtension>
        <wptx1:DisplayMode>SymbolAndName</wptx1:DisplayMode>
      </wptx1:WaypointExtension>
      <ctx:CreationTimeExtension>
        <ctx:CreationTime>2026-10-02T12:44:04Z</ctx:CreationTime>
      </ctx:CreationTimeExtension>
    </extensions>
  </wpt>
  <wpt lat="-18.327777022495866" lon="32.850665040314198">
    <ele>0</ele>
    <time>2026-10-02T12:44:04Z</time>
    <name>The Challenge 2025-46</name>
    <cmt>&lt;table&gt;
&lt;tr&gt;&lt;td&gt;Longitude: 32.850665 &lt;/td&gt;&lt;/tr&gt;
&lt;tr&gt;&lt;td&gt;Latitude: -18.327777 &lt;/td&gt;&lt;/tr&gt;
&lt;tr&gt;&lt;td&gt;Heading: 343.8 &lt;/td&gt;&lt;/tr&gt;
&lt;/table&gt;</cmt>
    <desc>&lt;table&gt;
&lt;tr&gt;&lt;td&gt;Longitude: 32.850665 &lt;/td&gt;&lt;/tr&gt;
&lt;tr&gt;&lt;td&gt;Latitude: -18.327777 &lt;/td&gt;&lt;/tr&gt;
&lt;tr&gt;&lt;td&gt;Heading: 343.8 &lt;/td&gt;&lt;/tr&gt;
&lt;/table&gt;</desc>
    <sym>Flag, Blue</sym>
    <type>user</type>
    <extensions>
      <gpxx:WaypointExtension>
        <gpxx:DisplayMode>SymbolAndName</gpxx:DisplayMode>
      </gpxx:WaypointExtension>
      <wptx1:WaypointExtension>
        <wptx1:DisplayMode>SymbolAndName</wptx1:DisplayMode>
      </wptx1:WaypointExtension>
      <ctx:CreationTimeExtension>
        <ctx:CreationTime>2026-10-02T12:44:04Z</ctx:CreationTime>
      </ctx:CreationTimeExtension>
    </extensions>
  </wpt>
  <wpt lat="-18.287443974986672" lon="32.948671029880643">
    <ele>0</ele>
    <time>2026-10-02T12:44:04Z</time>
    <name>The Challenge 2025-460</name>
    <cmt>&lt;table&gt;
&lt;tr&gt;&lt;td&gt;Longitude: 32.948671 &lt;/td&gt;&lt;/tr&gt;
&lt;tr&gt;&lt;td&gt;Latitude: -18.287444 &lt;/td&gt;&lt;/tr&gt;
&lt;tr&gt;&lt;td&gt;Heading: 69.5 &lt;/td&gt;&lt;/tr&gt;
&lt;/table&gt;</cmt>
    <desc>&lt;table&gt;
&lt;tr&gt;&lt;td&gt;Longitude: 32.948671 &lt;/td&gt;&lt;/tr&gt;
&lt;tr&gt;&lt;td&gt;Latitude: -18.287444 &lt;/td&gt;&lt;/tr&gt;
&lt;tr&gt;&lt;td&gt;Heading: 69.5 &lt;/td&gt;&lt;/tr&gt;
&lt;/table&gt;</desc>
    <sym>Flag, Blue</sym>
    <type>user</type>
    <extensions>
      <gpxx:WaypointExtension>
        <gpxx:DisplayMode>SymbolAndName</gpxx:DisplayMode>
      </gpxx:WaypointExtension>
      <wptx1:WaypointExtension>
        <wptx1:DisplayMode>SymbolAndName</wptx1:DisplayMode>
      </wptx1:WaypointExtension>
      <ctx:CreationTimeExtension>
        <ctx:CreationTime>2026-10-02T12:44:04Z</ctx:CreationTime>
      </ctx:CreationTimeExtension>
    </extensions>
  </wpt>
  <wpt lat="-18.28702999278903" lon="32.949076965451241">
    <ele>0</ele>
    <time>2026-10-02T12:44:04Z</time>
    <name>The Challenge 2025-461</name>
    <cmt>&lt;table&gt;
&lt;tr&gt;&lt;td&gt;Longitude: 32.949077 &lt;/td&gt;&lt;/tr&gt;
&lt;tr&gt;&lt;td&gt;Latitude: -18.287030 &lt;/td&gt;&lt;/tr&gt;
&lt;tr&gt;&lt;td&gt;Heading: 42.9 &lt;/td&gt;&lt;/tr&gt;
&lt;/table&gt;</cmt>
    <desc>&lt;table&gt;
&lt;tr&gt;&lt;td&gt;Longitude: 32.949077 &lt;/td&gt;&lt;/tr&gt;
&lt;tr&gt;&lt;td&gt;Latitude: -18.287030 &lt;/td&gt;&lt;/tr&gt;
&lt;tr&gt;&lt;td&gt;Heading: 42.9 &lt;/td&gt;&lt;/tr&gt;
&lt;/table&gt;</desc>
    <sym>Flag, Blue</sym>
    <type>user</type>
    <extensions>
      <gpxx:WaypointExtension>
        <gpxx:DisplayMode>SymbolAndName</gpxx:DisplayMode>
      </gpxx:WaypointExtension>
      <wptx1:WaypointExtension>
        <wptx1:DisplayMode>SymbolAndName</wptx1:DisplayMode>
      </wptx1:WaypointExtension>
      <ctx:CreationTimeExtension>
        <ctx:CreationTime>2026-10-02T12:44:04Z</ctx:CreationTime>
      </ctx:CreationTimeExtension>
    </extensions>
  </wpt>
  <wpt lat="-18.286721035838127" lon="32.949622040614486">
    <ele>0</ele>
    <time>2026-10-02T12:44:04Z</time>
    <name>The Challenge 2025-462</name>
    <cmt>&lt;table&gt;
&lt;tr&gt;&lt;td&gt;Longitude: 32.949622 &lt;/td&gt;&lt;/tr&gt;
&lt;tr&gt;&lt;td&gt;Latitude: -18.286721 &lt;/td&gt;&lt;/tr&gt;
&lt;tr&gt;&lt;td&gt;Heading: 59.2 &lt;/td&gt;&lt;/tr&gt;
&lt;/table&gt;</cmt>
    <desc>&lt;table&gt;
&lt;tr&gt;&lt;td&gt;Longitude: 32.949622 &lt;/td&gt;&lt;/tr&gt;
&lt;tr&gt;&lt;td&gt;Latitude: -18.286721 &lt;/td&gt;&lt;/tr&gt;
&lt;tr&gt;&lt;td&gt;Heading: 59.2 &lt;/td&gt;&lt;/tr&gt;
&lt;/table&gt;</desc>
    <sym>Flag, Blue</sym>
    <type>user</type>
    <extensions>
      <gpxx:WaypointExtension>
        <gpxx:DisplayMode>SymbolAndName</gpxx:DisplayMode>
      </gpxx:WaypointExtension>
      <wptx1:WaypointExtension>
        <wptx1:DisplayMode>SymbolAndName</wptx1:DisplayMode>
      </wptx1:WaypointExtension>
      <ctx:CreationTimeExtension>
        <ctx:CreationTime>2026-10-02T12:44:04Z</ctx:CreationTime>
      </ctx:CreationTimeExtension>
    </extensions>
  </wpt>
  <wpt lat="-18.286632020026445" lon="32.9504070058465">
    <ele>0</ele>
    <time>2026-10-02T12:44:04Z</time>
    <name>The Challenge 2025-463</name>
    <cmt>&lt;table&gt;
&lt;tr&gt;&lt;td&gt;Longitude: 32.950407 &lt;/td&gt;&lt;/tr&gt;
&lt;tr&gt;&lt;td&gt;Latitude: -18.286632 &lt;/td&gt;&lt;/tr&gt;
&lt;tr&gt;&lt;td&gt;Heading: 83.2 &lt;/td&gt;&lt;/tr&gt;
&lt;/table&gt;</cmt>
    <desc>&lt;table&gt;
&lt;tr&gt;&lt;td&gt;Longitude: 32.950407 &lt;/td&gt;&lt;/tr&gt;
&lt;tr&gt;&lt;td&gt;Latitude: -18.286632 &lt;/td&gt;&lt;/tr&gt;
&lt;tr&gt;&lt;td&gt;Heading: 83.2 &lt;/td&gt;&lt;/tr&gt;
&lt;/table&gt;</desc>
    <sym>Flag, Blue</sym>
    <type>user</type>
    <extensions>
      <gpxx:WaypointExtension>
        <gpxx:DisplayMode>SymbolAndName</gpxx:DisplayMode>
      </gpxx:WaypointExtension>
      <wptx1:WaypointExtension>
        <wptx1:DisplayMode>SymbolAndName</wptx1:DisplayMode>
      </wptx1:WaypointExtension>
      <ctx:CreationTimeExtension>
        <ctx:CreationTime>2026-10-02T12:44:04Z</ctx:CreationTime>
      </ctx:CreationTimeExtension>
    </extensions>
  </wpt>
  <wpt lat="-18.286774009466171" lon="32.950926013290882">
    <ele>0</ele>
    <time>2026-10-02T12:44:04Z</time>
    <name>The Challenge 2025-464</name>
    <cmt>&lt;table&gt;
&lt;tr&gt;&lt;td&gt;Longitude: 32.950926 &lt;/td&gt;&lt;/tr&gt;
&lt;tr&gt;&lt;td&gt;Latitude: -18.286774 &lt;/td&gt;&lt;/tr&gt;
&lt;tr&gt;&lt;td&gt;Heading: 106.1 &lt;/td&gt;&lt;/tr&gt;
&lt;/table&gt;</cmt>
    <desc>&lt;table&gt;
&lt;tr&gt;&lt;td&gt;Longitude: 32.950926 &lt;/td&gt;&lt;/tr&gt;
&lt;tr&gt;&lt;td&gt;Latitude: -18.286774 &lt;/td&gt;&lt;/tr&gt;
&lt;tr&gt;&lt;td&gt;Heading: 106.1 &lt;/td&gt;&lt;/tr&gt;
&lt;/table&gt;</desc>
    <sym>Flag, Blue</sym>
    <type>user</type>
    <extensions>
      <gpxx:WaypointExtension>
        <gpxx:DisplayMode>SymbolAndName</gpxx:DisplayMode>
      </gpxx:WaypointExtension>
      <wptx1:WaypointExtension>
        <wptx1:DisplayMode>SymbolAndName</wptx1:DisplayMode>
      </wptx1:WaypointExtension>
      <ctx:CreationTimeExtension>
        <ctx:CreationTime>2026-10-02T12:44:04Z</ctx:CreationTime>
      </ctx:CreationTimeExtension>
    </extensions>
  </wpt>
  <wpt lat="-18.28646999783814" lon="32.951612994074821">
    <ele>0</ele>
    <time>2026-10-02T12:44:04Z</time>
    <name>The Challenge 2025-465</name>
    <cmt>&lt;table&gt;
&lt;tr&gt;&lt;td&gt;Longitude: 32.951613 &lt;/td&gt;&lt;/tr&gt;
&lt;tr&gt;&lt;td&gt;Latitude: -18.286470 &lt;/td&gt;&lt;/tr&gt;
&lt;tr&gt;&lt;td&gt;Heading: 65.0 &lt;/td&gt;&lt;/tr&gt;
&lt;/table&gt;</cmt>
    <desc>&lt;table&gt;
&lt;tr&gt;&lt;td&gt;Longitude: 32.951613 &lt;/td&gt;&lt;/tr&gt;
&lt;tr&gt;&lt;td&gt;Latitude: -18.286470 &lt;/td&gt;&lt;/tr&gt;
&lt;tr&gt;&lt;td&gt;Heading: 65.0 &lt;/td&gt;&lt;/tr&gt;
&lt;/table&gt;</desc>
    <sym>Flag, Blue</sym>
    <type>user</type>
    <extensions>
      <gpxx:WaypointExtension>
        <gpxx:DisplayMode>SymbolAndName</gpxx:DisplayMode>
      </gpxx:WaypointExtension>
      <wptx1:WaypointExtension>
        <wptx1:DisplayMode>SymbolAndName</wptx1:DisplayMode>
      </wptx1:WaypointExtension>
      <ctx:CreationTimeExtension>
        <ctx:CreationTime>2026-10-02T12:44:04Z</ctx:CreationTime>
      </ctx:CreationTimeExtension>
    </extensions>
  </wpt>
  <wpt lat="-18.286629002541304" lon="32.952167959883809">
    <ele>0</ele>
    <time>2026-10-02T12:44:04Z</time>
    <name>The Challenge 2025-466</name>
    <cmt>&lt;table&gt;
&lt;tr&gt;&lt;td&gt;Longitude: 32.952168 &lt;/td&gt;&lt;/tr&gt;
&lt;tr&gt;&lt;td&gt;Latitude: -18.286629 &lt;/td&gt;&lt;/tr&gt;
&lt;tr&gt;&lt;td&gt;Heading: 106.7 &lt;/td&gt;&lt;/tr&gt;
&lt;/table&gt;</cmt>
    <desc>&lt;table&gt;
&lt;tr&gt;&lt;td&gt;Longitude: 32.952168 &lt;/td&gt;&lt;/tr&gt;
&lt;tr&gt;&lt;td&gt;Latitude: -18.286629 &lt;/td&gt;&lt;/tr&gt;
&lt;tr&gt;&lt;td&gt;Heading: 106.7 &lt;/td&gt;&lt;/tr&gt;
&lt;/table&gt;</desc>
    <sym>Flag, Blue</sym>
    <type>user</type>
    <extensions>
      <gpxx:WaypointExtension>
        <gpxx:DisplayMode>SymbolAndName</gpxx:DisplayMode>
      </gpxx:WaypointExtension>
      <wptx1:WaypointExtension>
        <wptx1:DisplayMode>SymbolAndName</wptx1:DisplayMode>
      </wptx1:WaypointExtension>
      <ctx:CreationTimeExtension>
        <ctx:CreationTime>2026-10-02T12:44:04Z</ctx:CreationTime>
      </ctx:CreationTimeExtension>
    </extensions>
  </wpt>
  <wpt lat="-18.28645097091794" lon="32.952538020908833">
    <ele>0</ele>
    <time>2026-10-02T12:44:04Z</time>
    <name>The Challenge 2025-467</name>
    <cmt>&lt;table&gt;
&lt;tr&gt;&lt;td&gt;Longitude: 32.952538 &lt;/td&gt;&lt;/tr&gt;
&lt;tr&gt;&lt;td&gt;Latitude: -18.286451 &lt;/td&gt;&lt;/tr&gt;
&lt;tr&gt;&lt;td&gt;Heading: 63.2 &lt;/td&gt;&lt;/tr&gt;
&lt;/table&gt;</cmt>
    <desc>&lt;table&gt;
&lt;tr&gt;&lt;td&gt;Longitude: 32.952538 &lt;/td&gt;&lt;/tr&gt;
&lt;tr&gt;&lt;td&gt;Latitude: -18.286451 &lt;/td&gt;&lt;/tr&gt;
&lt;tr&gt;&lt;td&gt;Heading: 63.2 &lt;/td&gt;&lt;/tr&gt;
&lt;/table&gt;</desc>
    <sym>Flag, Blue</sym>
    <type>user</type>
    <extensions>
      <gpxx:WaypointExtension>
        <gpxx:DisplayMode>SymbolAndName</gpxx:DisplayMode>
      </gpxx:WaypointExtension>
      <wptx1:WaypointExtension>
        <wptx1:DisplayMode>SymbolAndName</wptx1:DisplayMode>
      </wptx1:WaypointExtension>
      <ctx:CreationTimeExtension>
        <ctx:CreationTime>2026-10-02T12:44:04Z</ctx:CreationTime>
      </ctx:CreationTimeExtension>
    </extensions>
  </wpt>
  <wpt lat="-18.286266988143325" lon="32.95276902616024">
    <ele>0</ele>
    <time>2026-10-02T12:44:04Z</time>
    <name>The Challenge 2025-468</name>
    <cmt>&lt;table&gt;
&lt;tr&gt;&lt;td&gt;Longitude: 32.952769 &lt;/td&gt;&lt;/tr&gt;
&lt;tr&gt;&lt;td&gt;Latitude: -18.286267 &lt;/td&gt;&lt;/tr&gt;
&lt;tr&gt;&lt;td&gt;Heading: 50.0 &lt;/td&gt;&lt;/tr&gt;
&lt;/table&gt;</cmt>
    <desc>&lt;table&gt;
&lt;tr&gt;&lt;td&gt;Longitude: 32.952769 &lt;/td&gt;&lt;/tr&gt;
&lt;tr&gt;&lt;td&gt;Latitude: -18.286267 &lt;/td&gt;&lt;/tr&gt;
&lt;tr&gt;&lt;td&gt;Heading: 50.0 &lt;/td&gt;&lt;/tr&gt;
&lt;/table&gt;</desc>
    <sym>Flag, Blue</sym>
    <type>user</type>
    <extensions>
      <gpxx:WaypointExtension>
        <gpxx:DisplayMode>SymbolAndName</gpxx:DisplayMode>
      </gpxx:WaypointExtension>
      <wptx1:WaypointExtension>
        <wptx1:DisplayMode>SymbolAndName</wptx1:DisplayMode>
      </wptx1:WaypointExtension>
      <ctx:CreationTimeExtension>
        <ctx:CreationTime>2026-10-02T12:44:04Z</ctx:CreationTime>
      </ctx:CreationTimeExtension>
    </extensions>
  </wpt>
  <wpt lat="-18.286378970369697" lon="32.953145960345864">
    <ele>0</ele>
    <time>2026-10-02T12:44:04Z</time>
    <name>The Challenge 2025-469</name>
    <cmt>&lt;table&gt;
&lt;tr&gt;&lt;td&gt;Longitude: 32.953146 &lt;/td&gt;&lt;/tr&gt;
&lt;tr&gt;&lt;td&gt;Latitude: -18.286379 &lt;/td&gt;&lt;/tr&gt;
&lt;tr&gt;&lt;td&gt;Heading: 107.3 &lt;/td&gt;&lt;/tr&gt;
&lt;/table&gt;</cmt>
    <desc>&lt;table&gt;
&lt;tr&gt;&lt;td&gt;Longitude: 32.953146 &lt;/td&gt;&lt;/tr&gt;
&lt;tr&gt;&lt;td&gt;Latitude: -18.286379 &lt;/td&gt;&lt;/tr&gt;
&lt;tr&gt;&lt;td&gt;Heading: 107.3 &lt;/td&gt;&lt;/tr&gt;
&lt;/table&gt;</desc>
    <sym>Flag, Blue</sym>
    <type>user</type>
    <extensions>
      <gpxx:WaypointExtension>
        <gpxx:DisplayMode>SymbolAndName</gpxx:DisplayMode>
      </gpxx:WaypointExtension>
      <wptx1:WaypointExtension>
        <wptx1:DisplayMode>SymbolAndName</wptx1:DisplayMode>
      </wptx1:WaypointExtension>
      <ctx:CreationTimeExtension>
        <ctx:CreationTime>2026-10-02T12:44:04Z</ctx:CreationTime>
      </ctx:CreationTimeExtension>
    </extensions>
  </wpt>
  <wpt lat="-18.326824000105262" lon="32.850387012585998">
    <ele>0</ele>
    <time>2026-10-02T12:44:04Z</time>
    <name>The Challenge 2025-47</name>
    <cmt>&lt;table&gt;
&lt;tr&gt;&lt;td&gt;Longitude: 32.850387 &lt;/td&gt;&lt;/tr&gt;
&lt;tr&gt;&lt;td&gt;Latitude: -18.326824 &lt;/td&gt;&lt;/tr&gt;
&lt;tr&gt;&lt;td&gt;Heading: 344.6 &lt;/td&gt;&lt;/tr&gt;
&lt;/table&gt;</cmt>
    <desc>&lt;table&gt;
&lt;tr&gt;&lt;td&gt;Longitude: 32.850387 &lt;/td&gt;&lt;/tr&gt;
&lt;tr&gt;&lt;td&gt;Latitude: -18.326824 &lt;/td&gt;&lt;/tr&gt;
&lt;tr&gt;&lt;td&gt;Heading: 344.6 &lt;/td&gt;&lt;/tr&gt;
&lt;/table&gt;</desc>
    <sym>Flag, Blue</sym>
    <type>user</type>
    <extensions>
      <gpxx:WaypointExtension>
        <gpxx:DisplayMode>SymbolAndName</gpxx:DisplayMode>
      </gpxx:WaypointExtension>
      <wptx1:WaypointExtension>
        <wptx1:DisplayMode>SymbolAndName</wptx1:DisplayMode>
      </wptx1:WaypointExtension>
      <ctx:CreationTimeExtension>
        <ctx:CreationTime>2026-10-02T12:44:04Z</ctx:CreationTime>
      </ctx:CreationTimeExtension>
    </extensions>
  </wpt>
  <wpt lat="-18.286525988951325" lon="32.953462963923812">
    <ele>0</ele>
    <time>2026-10-02T12:44:04Z</time>
    <name>The Challenge 2025-470</name>
    <cmt>&lt;table&gt;
&lt;tr&gt;&lt;td&gt;Longitude: 32.953463 &lt;/td&gt;&lt;/tr&gt;
&lt;tr&gt;&lt;td&gt;Latitude: -18.286526 &lt;/td&gt;&lt;/tr&gt;
&lt;tr&gt;&lt;td&gt;Heading: 116.1 &lt;/td&gt;&lt;/tr&gt;
&lt;/table&gt;</cmt>
    <desc>&lt;table&gt;
&lt;tr&gt;&lt;td&gt;Longitude: 32.953463 &lt;/td&gt;&lt;/tr&gt;
&lt;tr&gt;&lt;td&gt;Latitude: -18.286526 &lt;/td&gt;&lt;/tr&gt;
&lt;tr&gt;&lt;td&gt;Heading: 116.1 &lt;/td&gt;&lt;/tr&gt;
&lt;/table&gt;</desc>
    <sym>Flag, Blue</sym>
    <type>user</type>
    <extensions>
      <gpxx:WaypointExtension>
        <gpxx:DisplayMode>SymbolAndName</gpxx:DisplayMode>
      </gpxx:WaypointExtension>
      <wptx1:WaypointExtension>
        <wptx1:DisplayMode>SymbolAndName</wptx1:DisplayMode>
      </wptx1:WaypointExtension>
      <ctx:CreationTimeExtension>
        <ctx:CreationTime>2026-10-02T12:44:04Z</ctx:CreationTime>
      </ctx:CreationTimeExtension>
    </extensions>
  </wpt>
  <wpt lat="-18.286816002801061" lon="32.953698998317122">
    <ele>0</ele>
    <time>2026-10-02T12:44:04Z</time>
    <name>The Challenge 2025-471</name>
    <cmt>&lt;table&gt;
&lt;tr&gt;&lt;td&gt;Longitude: 32.953699 &lt;/td&gt;&lt;/tr&gt;
&lt;tr&gt;&lt;td&gt;Latitude: -18.286816 &lt;/td&gt;&lt;/tr&gt;
&lt;tr&gt;&lt;td&gt;Heading: 142.2 &lt;/td&gt;&lt;/tr&gt;
&lt;/table&gt;</cmt>
    <desc>&lt;table&gt;
&lt;tr&gt;&lt;td&gt;Longitude: 32.953699 &lt;/td&gt;&lt;/tr&gt;
&lt;tr&gt;&lt;td&gt;Latitude: -18.286816 &lt;/td&gt;&lt;/tr&gt;
&lt;tr&gt;&lt;td&gt;Heading: 142.2 &lt;/td&gt;&lt;/tr&gt;
&lt;/table&gt;</desc>
    <sym>Flag, Blue</sym>
    <type>user</type>
    <extensions>
      <gpxx:WaypointExtension>
        <gpxx:DisplayMode>SymbolAndName</gpxx:DisplayMode>
      </gpxx:WaypointExtension>
      <wptx1:WaypointExtension>
        <wptx1:DisplayMode>SymbolAndName</wptx1:DisplayMode>
      </wptx1:WaypointExtension>
      <ctx:CreationTimeExtension>
        <ctx:CreationTime>2026-10-02T12:44:04Z</ctx:CreationTime>
      </ctx:CreationTimeExtension>
    </extensions>
  </wpt>
  <wpt lat="-18.286606036126614" lon="32.954098982736468">
    <ele>0</ele>
    <time>2026-10-02T12:44:04Z</time>
    <name>The Challenge 2025-472</name>
    <cmt>&lt;table&gt;
&lt;tr&gt;&lt;td&gt;Longitude: 32.954099 &lt;/td&gt;&lt;/tr&gt;
&lt;tr&gt;&lt;td&gt;Latitude: -18.286606 &lt;/td&gt;&lt;/tr&gt;
&lt;tr&gt;&lt;td&gt;Heading: 61.1 &lt;/td&gt;&lt;/tr&gt;
&lt;/table&gt;</cmt>
    <desc>&lt;table&gt;
&lt;tr&gt;&lt;td&gt;Longitude: 32.954099 &lt;/td&gt;&lt;/tr&gt;
&lt;tr&gt;&lt;td&gt;Latitude: -18.286606 &lt;/td&gt;&lt;/tr&gt;
&lt;tr&gt;&lt;td&gt;Heading: 61.1 &lt;/td&gt;&lt;/tr&gt;
&lt;/table&gt;</desc>
    <sym>Flag, Blue</sym>
    <type>user</type>
    <extensions>
      <gpxx:WaypointExtension>
        <gpxx:DisplayMode>SymbolAndName</gpxx:DisplayMode>
      </gpxx:WaypointExtension>
      <wptx1:WaypointExtension>
        <wptx1:DisplayMode>SymbolAndName</wptx1:DisplayMode>
      </wptx1:WaypointExtension>
      <ctx:CreationTimeExtension>
        <ctx:CreationTime>2026-10-02T12:44:04Z</ctx:CreationTime>
      </ctx:CreationTimeExtension>
    </extensions>
  </wpt>
  <wpt lat="-18.287720996886492" lon="32.955395998433232">
    <ele>0</ele>
    <time>2026-10-02T12:44:04Z</time>
    <name>The Challenge 2025-473</name>
    <cmt>&lt;table&gt;
&lt;tr&gt;&lt;td&gt;Longitude: 32.955396 &lt;/td&gt;&lt;/tr&gt;
&lt;tr&gt;&lt;td&gt;Latitude: -18.287721 &lt;/td&gt;&lt;/tr&gt;
&lt;tr&gt;&lt;td&gt;Heading: 132.2 &lt;/td&gt;&lt;/tr&gt;
&lt;/table&gt;</cmt>
    <desc>&lt;table&gt;
&lt;tr&gt;&lt;td&gt;Longitude: 32.955396 &lt;/td&gt;&lt;/tr&gt;
&lt;tr&gt;&lt;td&gt;Latitude: -18.287721 &lt;/td&gt;&lt;/tr&gt;
&lt;tr&gt;&lt;td&gt;Heading: 132.2 &lt;/td&gt;&lt;/tr&gt;
&lt;/table&gt;</desc>
    <sym>Flag, Blue</sym>
    <type>user</type>
    <extensions>
      <gpxx:WaypointExtension>
        <gpxx:DisplayMode>SymbolAndName</gpxx:DisplayMode>
      </gpxx:WaypointExtension>
      <wptx1:WaypointExtension>
        <wptx1:DisplayMode>SymbolAndName</wptx1:DisplayMode>
      </wptx1:WaypointExtension>
      <ctx:CreationTimeExtension>
        <ctx:CreationTime>2026-10-02T12:44:04Z</ctx:CreationTime>
      </ctx:CreationTimeExtension>
    </extensions>
  </wpt>
  <wpt lat="-18.289105016738176" lon="32.956457985565066">
    <ele>0</ele>
    <time>2026-10-02T12:44:04Z</time>
    <name>The Challenge 2025-474</name>
    <cmt>&lt;table&gt;
&lt;tr&gt;&lt;td&gt;Longitude: 32.956458 &lt;/td&gt;&lt;/tr&gt;
&lt;tr&gt;&lt;td&gt;Latitude: -18.289105 &lt;/td&gt;&lt;/tr&gt;
&lt;tr&gt;&lt;td&gt;Heading: 143.9 &lt;/td&gt;&lt;/tr&gt;
&lt;/table&gt;</cmt>
    <desc>&lt;table&gt;
&lt;tr&gt;&lt;td&gt;Longitude: 32.956458 &lt;/td&gt;&lt;/tr&gt;
&lt;tr&gt;&lt;td&gt;Latitude: -18.289105 &lt;/td&gt;&lt;/tr&gt;
&lt;tr&gt;&lt;td&gt;Heading: 143.9 &lt;/td&gt;&lt;/tr&gt;
&lt;/table&gt;</desc>
    <sym>Flag, Blue</sym>
    <type>user</type>
    <extensions>
      <gpxx:WaypointExtension>
        <gpxx:DisplayMode>SymbolAndName</gpxx:DisplayMode>
      </gpxx:WaypointExtension>
      <wptx1:WaypointExtension>
        <wptx1:DisplayMode>SymbolAndName</wptx1:DisplayMode>
      </wptx1:WaypointExtension>
      <ctx:CreationTimeExtension>
        <ctx:CreationTime>2026-10-02T12:44:04Z</ctx:CreationTime>
      </ctx:CreationTimeExtension>
    </extensions>
  </wpt>
  <wpt lat="-18.289037039503455" lon="32.957057040184736">
    <ele>0</ele>
    <time>2026-10-02T12:44:04Z</time>
    <name>The Challenge 2025-475</name>
    <cmt>&lt;table&gt;
&lt;tr&gt;&lt;td&gt;Longitude: 32.957057 &lt;/td&gt;&lt;/tr&gt;
&lt;tr&gt;&lt;td&gt;Latitude: -18.289037 &lt;/td&gt;&lt;/tr&gt;
&lt;tr&gt;&lt;td&gt;Heading: 83.2 &lt;/td&gt;&lt;/tr&gt;
&lt;/table&gt;</cmt>
    <desc>&lt;table&gt;
&lt;tr&gt;&lt;td&gt;Longitude: 32.957057 &lt;/td&gt;&lt;/tr&gt;
&lt;tr&gt;&lt;td&gt;Latitude: -18.289037 &lt;/td&gt;&lt;/tr&gt;
&lt;tr&gt;&lt;td&gt;Heading: 83.2 &lt;/td&gt;&lt;/tr&gt;
&lt;/table&gt;</desc>
    <sym>Flag, Blue</sym>
    <type>user</type>
    <extensions>
      <gpxx:WaypointExtension>
        <gpxx:DisplayMode>SymbolAndName</gpxx:DisplayMode>
      </gpxx:WaypointExtension>
      <wptx1:WaypointExtension>
        <wptx1:DisplayMode>SymbolAndName</wptx1:DisplayMode>
      </wptx1:WaypointExtension>
      <ctx:CreationTimeExtension>
        <ctx:CreationTime>2026-10-02T12:44:04Z</ctx:CreationTime>
      </ctx:CreationTimeExtension>
    </extensions>
  </wpt>
  <wpt lat="-18.289152961224318" lon="32.957477979362011">
    <ele>0</ele>
    <time>2026-10-02T12:44:04Z</time>
    <name>The Challenge 2025-476</name>
    <cmt>&lt;table&gt;
&lt;tr&gt;&lt;td&gt;Longitude: 32.957478 &lt;/td&gt;&lt;/tr&gt;
&lt;tr&gt;&lt;td&gt;Latitude: -18.289153 &lt;/td&gt;&lt;/tr&gt;
&lt;tr&gt;&lt;td&gt;Heading: 106.2 &lt;/td&gt;&lt;/tr&gt;
&lt;/table&gt;</cmt>
    <desc>&lt;table&gt;
&lt;tr&gt;&lt;td&gt;Longitude: 32.957478 &lt;/td&gt;&lt;/tr&gt;
&lt;tr&gt;&lt;td&gt;Latitude: -18.289153 &lt;/td&gt;&lt;/tr&gt;
&lt;tr&gt;&lt;td&gt;Heading: 106.2 &lt;/td&gt;&lt;/tr&gt;
&lt;/table&gt;</desc>
    <sym>Flag, Blue</sym>
    <type>user</type>
    <extensions>
      <gpxx:WaypointExtension>
        <gpxx:DisplayMode>SymbolAndName</gpxx:DisplayMode>
      </gpxx:WaypointExtension>
      <wptx1:WaypointExtension>
        <wptx1:DisplayMode>SymbolAndName</wptx1:DisplayMode>
      </wptx1:WaypointExtension>
      <ctx:CreationTimeExtension>
        <ctx:CreationTime>2026-10-02T12:44:04Z</ctx:CreationTime>
      </ctx:CreationTimeExtension>
    </extensions>
  </wpt>
  <wpt lat="-18.288928996771574" lon="32.957842005416751">
    <ele>0</ele>
    <time>2026-10-02T12:44:04Z</time>
    <name>The Challenge 2025-477</name>
    <cmt>&lt;table&gt;
&lt;tr&gt;&lt;td&gt;Longitude: 32.957842 &lt;/td&gt;&lt;/tr&gt;
&lt;tr&gt;&lt;td&gt;Latitude: -18.288929 &lt;/td&gt;&lt;/tr&gt;
&lt;tr&gt;&lt;td&gt;Heading: 57.1 &lt;/td&gt;&lt;/tr&gt;
&lt;/table&gt;</cmt>
    <desc>&lt;table&gt;
&lt;tr&gt;&lt;td&gt;Longitude: 32.957842 &lt;/td&gt;&lt;/tr&gt;
&lt;tr&gt;&lt;td&gt;Latitude: -18.288929 &lt;/td&gt;&lt;/tr&gt;
&lt;tr&gt;&lt;td&gt;Heading: 57.1 &lt;/td&gt;&lt;/tr&gt;
&lt;/table&gt;</desc>
    <sym>Flag, Blue</sym>
    <type>user</type>
    <extensions>
      <gpxx:WaypointExtension>
        <gpxx:DisplayMode>SymbolAndName</gpxx:DisplayMode>
      </gpxx:WaypointExtension>
      <wptx1:WaypointExtension>
        <wptx1:DisplayMode>SymbolAndName</wptx1:DisplayMode>
      </wptx1:WaypointExtension>
      <ctx:CreationTimeExtension>
        <ctx:CreationTime>2026-10-02T12:44:04Z</ctx:CreationTime>
      </ctx:CreationTimeExtension>
    </extensions>
  </wpt>
  <wpt lat="-18.288971995934844" lon="32.959069032222033">
    <ele>0</ele>
    <time>2026-10-02T12:44:04Z</time>
    <name>The Challenge 2025-478</name>
    <cmt>&lt;table&gt;
&lt;tr&gt;&lt;td&gt;Longitude: 32.959069 &lt;/td&gt;&lt;/tr&gt;
&lt;tr&gt;&lt;td&gt;Latitude: -18.288972 &lt;/td&gt;&lt;/tr&gt;
&lt;tr&gt;&lt;td&gt;Heading: 92.1 &lt;/td&gt;&lt;/tr&gt;
&lt;/table&gt;</cmt>
    <desc>&lt;table&gt;
&lt;tr&gt;&lt;td&gt;Longitude: 32.959069 &lt;/td&gt;&lt;/tr&gt;
&lt;tr&gt;&lt;td&gt;Latitude: -18.288972 &lt;/td&gt;&lt;/tr&gt;
&lt;tr&gt;&lt;td&gt;Heading: 92.1 &lt;/td&gt;&lt;/tr&gt;
&lt;/table&gt;</desc>
    <sym>Flag, Blue</sym>
    <type>user</type>
    <extensions>
      <gpxx:WaypointExtension>
        <gpxx:DisplayMode>SymbolAndName</gpxx:DisplayMode>
      </gpxx:WaypointExtension>
      <wptx1:WaypointExtension>
        <wptx1:DisplayMode>SymbolAndName</wptx1:DisplayMode>
      </wptx1:WaypointExtension>
      <ctx:CreationTimeExtension>
        <ctx:CreationTime>2026-10-02T12:44:04Z</ctx:CreationTime>
      </ctx:CreationTimeExtension>
    </extensions>
  </wpt>
  <wpt lat="-18.288996974006295" lon="32.959974026307464">
    <ele>0</ele>
    <time>2026-10-02T12:44:04Z</time>
    <name>The Challenge 2025-479</name>
    <cmt>&lt;table&gt;
&lt;tr&gt;&lt;td&gt;Longitude: 32.959974 &lt;/td&gt;&lt;/tr&gt;
&lt;tr&gt;&lt;td&gt;Latitude: -18.288997 &lt;/td&gt;&lt;/tr&gt;
&lt;tr&gt;&lt;td&gt;Heading: 91.6 &lt;/td&gt;&lt;/tr&gt;
&lt;/table&gt;</cmt>
    <desc>&lt;table&gt;
&lt;tr&gt;&lt;td&gt;Longitude: 32.959974 &lt;/td&gt;&lt;/tr&gt;
&lt;tr&gt;&lt;td&gt;Latitude: -18.288997 &lt;/td&gt;&lt;/tr&gt;
&lt;tr&gt;&lt;td&gt;Heading: 91.6 &lt;/td&gt;&lt;/tr&gt;
&lt;/table&gt;</desc>
    <sym>Flag, Blue</sym>
    <type>user</type>
    <extensions>
      <gpxx:WaypointExtension>
        <gpxx:DisplayMode>SymbolAndName</gpxx:DisplayMode>
      </gpxx:WaypointExtension>
      <wptx1:WaypointExtension>
        <wptx1:DisplayMode>SymbolAndName</wptx1:DisplayMode>
      </wptx1:WaypointExtension>
      <ctx:CreationTimeExtension>
        <ctx:CreationTime>2026-10-02T12:44:04Z</ctx:CreationTime>
      </ctx:CreationTimeExtension>
    </extensions>
  </wpt>
  <wpt lat="-18.32585396245122" lon="32.850266983732581">
    <ele>0</ele>
    <time>2026-10-02T12:44:04Z</time>
    <name>The Challenge 2025-48</name>
    <cmt>&lt;table&gt;
&lt;tr&gt;&lt;td&gt;Longitude: 32.850267 &lt;/td&gt;&lt;/tr&gt;
&lt;tr&gt;&lt;td&gt;Latitude: -18.325854 &lt;/td&gt;&lt;/tr&gt;
&lt;tr&gt;&lt;td&gt;Heading: 353.3 &lt;/td&gt;&lt;/tr&gt;
&lt;/table&gt;</cmt>
    <desc>&lt;table&gt;
&lt;tr&gt;&lt;td&gt;Longitude: 32.850267 &lt;/td&gt;&lt;/tr&gt;
&lt;tr&gt;&lt;td&gt;Latitude: -18.325854 &lt;/td&gt;&lt;/tr&gt;
&lt;tr&gt;&lt;td&gt;Heading: 353.3 &lt;/td&gt;&lt;/tr&gt;
&lt;/table&gt;</desc>
    <sym>Flag, Blue</sym>
    <type>user</type>
    <extensions>
      <gpxx:WaypointExtension>
        <gpxx:DisplayMode>SymbolAndName</gpxx:DisplayMode>
      </gpxx:WaypointExtension>
      <wptx1:WaypointExtension>
        <wptx1:DisplayMode>SymbolAndName</wptx1:DisplayMode>
      </wptx1:WaypointExtension>
      <ctx:CreationTimeExtension>
        <ctx:CreationTime>2026-10-02T12:44:04Z</ctx:CreationTime>
      </ctx:CreationTimeExtension>
    </extensions>
  </wpt>
  <wpt lat="-18.289290005341172" lon="32.960442993789911">
    <ele>0</ele>
    <time>2026-10-02T12:44:04Z</time>
    <name>The Challenge 2025-480</name>
    <cmt>&lt;table&gt;
&lt;tr&gt;&lt;td&gt;Longitude: 32.960443 &lt;/td&gt;&lt;/tr&gt;
&lt;tr&gt;&lt;td&gt;Latitude: -18.289290 &lt;/td&gt;&lt;/tr&gt;
&lt;tr&gt;&lt;td&gt;Heading: 123.4 &lt;/td&gt;&lt;/tr&gt;
&lt;/table&gt;</cmt>
    <desc>&lt;table&gt;
&lt;tr&gt;&lt;td&gt;Longitude: 32.960443 &lt;/td&gt;&lt;/tr&gt;
&lt;tr&gt;&lt;td&gt;Latitude: -18.289290 &lt;/td&gt;&lt;/tr&gt;
&lt;tr&gt;&lt;td&gt;Heading: 123.4 &lt;/td&gt;&lt;/tr&gt;
&lt;/table&gt;</desc>
    <sym>Flag, Blue</sym>
    <type>user</type>
    <extensions>
      <gpxx:WaypointExtension>
        <gpxx:DisplayMode>SymbolAndName</gpxx:DisplayMode>
      </gpxx:WaypointExtension>
      <wptx1:WaypointExtension>
        <wptx1:DisplayMode>SymbolAndName</wptx1:DisplayMode>
      </wptx1:WaypointExtension>
      <ctx:CreationTimeExtension>
        <ctx:CreationTime>2026-10-02T12:44:04Z</ctx:CreationTime>
      </ctx:CreationTimeExtension>
    </extensions>
  </wpt>
  <wpt lat="-18.290254008024931" lon="32.960423966869712">
    <ele>0</ele>
    <time>2026-10-02T12:44:04Z</time>
    <name>The Challenge 2025-481</name>
    <cmt>&lt;table&gt;
&lt;tr&gt;&lt;td&gt;Longitude: 32.960424 &lt;/td&gt;&lt;/tr&gt;
&lt;tr&gt;&lt;td&gt;Latitude: -18.290254 &lt;/td&gt;&lt;/tr&gt;
&lt;tr&gt;&lt;td&gt;Heading: 181.1 &lt;/td&gt;&lt;/tr&gt;
&lt;/table&gt;</cmt>
    <desc>&lt;table&gt;
&lt;tr&gt;&lt;td&gt;Longitude: 32.960424 &lt;/td&gt;&lt;/tr&gt;
&lt;tr&gt;&lt;td&gt;Latitude: -18.290254 &lt;/td&gt;&lt;/tr&gt;
&lt;tr&gt;&lt;td&gt;Heading: 181.1 &lt;/td&gt;&lt;/tr&gt;
&lt;/table&gt;</desc>
    <sym>Flag, Blue</sym>
    <type>user</type>
    <extensions>
      <gpxx:WaypointExtension>
        <gpxx:DisplayMode>SymbolAndName</gpxx:DisplayMode>
      </gpxx:WaypointExtension>
      <wptx1:WaypointExtension>
        <wptx1:DisplayMode>SymbolAndName</wptx1:DisplayMode>
      </wptx1:WaypointExtension>
      <ctx:CreationTimeExtension>
        <ctx:CreationTime>2026-10-02T12:44:04Z</ctx:CreationTime>
      </ctx:CreationTimeExtension>
    </extensions>
  </wpt>
  <wpt lat="-18.291303003206849" lon="32.960571991279721">
    <ele>0</ele>
    <time>2026-10-02T12:44:04Z</time>
    <name>The Challenge 2025-482</name>
    <cmt>&lt;table&gt;
&lt;tr&gt;&lt;td&gt;Longitude: 32.960572 &lt;/td&gt;&lt;/tr&gt;
&lt;tr&gt;&lt;td&gt;Latitude: -18.291303 &lt;/td&gt;&lt;/tr&gt;
&lt;tr&gt;&lt;td&gt;Heading: 172.3 &lt;/td&gt;&lt;/tr&gt;
&lt;/table&gt;</cmt>
    <desc>&lt;table&gt;
&lt;tr&gt;&lt;td&gt;Longitude: 32.960572 &lt;/td&gt;&lt;/tr&gt;
&lt;tr&gt;&lt;td&gt;Latitude: -18.291303 &lt;/td&gt;&lt;/tr&gt;
&lt;tr&gt;&lt;td&gt;Heading: 172.3 &lt;/td&gt;&lt;/tr&gt;
&lt;/table&gt;</desc>
    <sym>Flag, Blue</sym>
    <type>user</type>
    <extensions>
      <gpxx:WaypointExtension>
        <gpxx:DisplayMode>SymbolAndName</gpxx:DisplayMode>
      </gpxx:WaypointExtension>
      <wptx1:WaypointExtension>
        <wptx1:DisplayMode>SymbolAndName</wptx1:DisplayMode>
      </wptx1:WaypointExtension>
      <ctx:CreationTimeExtension>
        <ctx:CreationTime>2026-10-02T12:44:04Z</ctx:CreationTime>
      </ctx:CreationTimeExtension>
    </extensions>
  </wpt>
  <wpt lat="-18.292022002860904" lon="32.960720015689731">
    <ele>0</ele>
    <time>2026-10-02T12:44:04Z</time>
    <name>The Challenge 2025-483</name>
    <cmt>&lt;table&gt;
&lt;tr&gt;&lt;td&gt;Longitude: 32.960720 &lt;/td&gt;&lt;/tr&gt;
&lt;tr&gt;&lt;td&gt;Latitude: -18.292022 &lt;/td&gt;&lt;/tr&gt;
&lt;tr&gt;&lt;td&gt;Heading: 169.0 &lt;/td&gt;&lt;/tr&gt;
&lt;/table&gt;</cmt>
    <desc>&lt;table&gt;
&lt;tr&gt;&lt;td&gt;Longitude: 32.960720 &lt;/td&gt;&lt;/tr&gt;
&lt;tr&gt;&lt;td&gt;Latitude: -18.292022 &lt;/td&gt;&lt;/tr&gt;
&lt;tr&gt;&lt;td&gt;Heading: 169.0 &lt;/td&gt;&lt;/tr&gt;
&lt;/table&gt;</desc>
    <sym>Flag, Blue</sym>
    <type>user</type>
    <extensions>
      <gpxx:WaypointExtension>
        <gpxx:DisplayMode>SymbolAndName</gpxx:DisplayMode>
      </gpxx:WaypointExtension>
      <wptx1:WaypointExtension>
        <wptx1:DisplayMode>SymbolAndName</wptx1:DisplayMode>
      </wptx1:WaypointExtension>
      <ctx:CreationTimeExtension>
        <ctx:CreationTime>2026-10-02T12:44:04Z</ctx:CreationTime>
      </ctx:CreationTimeExtension>
    </extensions>
  </wpt>
  <wpt lat="-18.29201596789062" lon="32.961170962080359">
    <ele>0</ele>
    <time>2026-10-02T12:44:04Z</time>
    <name>The Challenge 2025-484</name>
    <cmt>&lt;table&gt;
&lt;tr&gt;&lt;td&gt;Longitude: 32.961171 &lt;/td&gt;&lt;/tr&gt;
&lt;tr&gt;&lt;td&gt;Latitude: -18.292016 &lt;/td&gt;&lt;/tr&gt;
&lt;tr&gt;&lt;td&gt;Heading: 89.2 &lt;/td&gt;&lt;/tr&gt;
&lt;/table&gt;</cmt>
    <desc>&lt;table&gt;
&lt;tr&gt;&lt;td&gt;Longitude: 32.961171 &lt;/td&gt;&lt;/tr&gt;
&lt;tr&gt;&lt;td&gt;Latitude: -18.292016 &lt;/td&gt;&lt;/tr&gt;
&lt;tr&gt;&lt;td&gt;Heading: 89.2 &lt;/td&gt;&lt;/tr&gt;
&lt;/table&gt;</desc>
    <sym>Flag, Blue</sym>
    <type>user</type>
    <extensions>
      <gpxx:WaypointExtension>
        <gpxx:DisplayMode>SymbolAndName</gpxx:DisplayMode>
      </gpxx:WaypointExtension>
      <wptx1:WaypointExtension>
        <wptx1:DisplayMode>SymbolAndName</wptx1:DisplayMode>
      </wptx1:WaypointExtension>
      <ctx:CreationTimeExtension>
        <ctx:CreationTime>2026-10-02T12:44:04Z</ctx:CreationTime>
      </ctx:CreationTimeExtension>
    </extensions>
  </wpt>
  <wpt lat="-18.291566027328372" lon="32.961926003918052">
    <ele>0</ele>
    <time>2026-10-02T12:44:04Z</time>
    <name>The Challenge 2025-485</name>
    <cmt>&lt;table&gt;
&lt;tr&gt;&lt;td&gt;Longitude: 32.961926 &lt;/td&gt;&lt;/tr&gt;
&lt;tr&gt;&lt;td&gt;Latitude: -18.291566 &lt;/td&gt;&lt;/tr&gt;
&lt;tr&gt;&lt;td&gt;Heading: 57.9 &lt;/td&gt;&lt;/tr&gt;
&lt;/table&gt;</cmt>
    <desc>&lt;table&gt;
&lt;tr&gt;&lt;td&gt;Longitude: 32.961926 &lt;/td&gt;&lt;/tr&gt;
&lt;tr&gt;&lt;td&gt;Latitude: -18.291566 &lt;/td&gt;&lt;/tr&gt;
&lt;tr&gt;&lt;td&gt;Heading: 57.9 &lt;/td&gt;&lt;/tr&gt;
&lt;/table&gt;</desc>
    <sym>Flag, Blue</sym>
    <type>user</type>
    <extensions>
      <gpxx:WaypointExtension>
        <gpxx:DisplayMode>SymbolAndName</gpxx:DisplayMode>
      </gpxx:WaypointExtension>
      <wptx1:WaypointExtension>
        <wptx1:DisplayMode>SymbolAndName</wptx1:DisplayMode>
      </wptx1:WaypointExtension>
      <ctx:CreationTimeExtension>
        <ctx:CreationTime>2026-10-02T12:44:04Z</ctx:CreationTime>
      </ctx:CreationTimeExtension>
    </extensions>
  </wpt>
  <wpt lat="-18.291136035695672" lon="32.963101984933019">
    <ele>0</ele>
    <time>2026-10-02T12:44:04Z</time>
    <name>The Challenge 2025-486</name>
    <cmt>&lt;table&gt;
&lt;tr&gt;&lt;td&gt;Longitude: 32.963102 &lt;/td&gt;&lt;/tr&gt;
&lt;tr&gt;&lt;td&gt;Latitude: -18.291136 &lt;/td&gt;&lt;/tr&gt;
&lt;tr&gt;&lt;td&gt;Heading: 69.0 &lt;/td&gt;&lt;/tr&gt;
&lt;/table&gt;</cmt>
    <desc>&lt;table&gt;
&lt;tr&gt;&lt;td&gt;Longitude: 32.963102 &lt;/td&gt;&lt;/tr&gt;
&lt;tr&gt;&lt;td&gt;Latitude: -18.291136 &lt;/td&gt;&lt;/tr&gt;
&lt;tr&gt;&lt;td&gt;Heading: 69.0 &lt;/td&gt;&lt;/tr&gt;
&lt;/table&gt;</desc>
    <sym>Flag, Blue</sym>
    <type>user</type>
    <extensions>
      <gpxx:WaypointExtension>
        <gpxx:DisplayMode>SymbolAndName</gpxx:DisplayMode>
      </gpxx:WaypointExtension>
      <wptx1:WaypointExtension>
        <wptx1:DisplayMode>SymbolAndName</wptx1:DisplayMode>
      </wptx1:WaypointExtension>
      <ctx:CreationTimeExtension>
        <ctx:CreationTime>2026-10-02T12:44:04Z</ctx:CreationTime>
      </ctx:CreationTimeExtension>
    </extensions>
  </wpt>
  <wpt lat="-18.290910981595516" lon="32.963788965716958">
    <ele>0</ele>
    <time>2026-10-02T12:44:04Z</time>
    <name>The Challenge 2025-487</name>
    <cmt>&lt;table&gt;
&lt;tr&gt;&lt;td&gt;Longitude: 32.963789 &lt;/td&gt;&lt;/tr&gt;
&lt;tr&gt;&lt;td&gt;Latitude: -18.290911 &lt;/td&gt;&lt;/tr&gt;
&lt;tr&gt;&lt;td&gt;Heading: 71.0 &lt;/td&gt;&lt;/tr&gt;
&lt;/table&gt;</cmt>
    <desc>&lt;table&gt;
&lt;tr&gt;&lt;td&gt;Longitude: 32.963789 &lt;/td&gt;&lt;/tr&gt;
&lt;tr&gt;&lt;td&gt;Latitude: -18.290911 &lt;/td&gt;&lt;/tr&gt;
&lt;tr&gt;&lt;td&gt;Heading: 71.0 &lt;/td&gt;&lt;/tr&gt;
&lt;/table&gt;</desc>
    <sym>Flag, Blue</sym>
    <type>user</type>
    <extensions>
      <gpxx:WaypointExtension>
        <gpxx:DisplayMode>SymbolAndName</gpxx:DisplayMode>
      </gpxx:WaypointExtension>
      <wptx1:WaypointExtension>
        <wptx1:DisplayMode>SymbolAndName</wptx1:DisplayMode>
      </wptx1:WaypointExtension>
      <ctx:CreationTimeExtension>
        <ctx:CreationTime>2026-10-02T12:44:04Z</ctx:CreationTime>
      </ctx:CreationTimeExtension>
    </extensions>
  </wpt>
  <wpt lat="-18.291253969073296" lon="32.964271008968353">
    <ele>0</ele>
    <time>2026-10-02T12:44:04Z</time>
    <name>The Challenge 2025-488</name>
    <cmt>&lt;table&gt;
&lt;tr&gt;&lt;td&gt;Longitude: 32.964271 &lt;/td&gt;&lt;/tr&gt;
&lt;tr&gt;&lt;td&gt;Latitude: -18.291254 &lt;/td&gt;&lt;/tr&gt;
&lt;tr&gt;&lt;td&gt;Heading: 126.8 &lt;/td&gt;&lt;/tr&gt;
&lt;/table&gt;</cmt>
    <desc>&lt;table&gt;
&lt;tr&gt;&lt;td&gt;Longitude: 32.964271 &lt;/td&gt;&lt;/tr&gt;
&lt;tr&gt;&lt;td&gt;Latitude: -18.291254 &lt;/td&gt;&lt;/tr&gt;
&lt;tr&gt;&lt;td&gt;Heading: 126.8 &lt;/td&gt;&lt;/tr&gt;
&lt;/table&gt;</desc>
    <sym>Flag, Blue</sym>
    <type>user</type>
    <extensions>
      <gpxx:WaypointExtension>
        <gpxx:DisplayMode>SymbolAndName</gpxx:DisplayMode>
      </gpxx:WaypointExtension>
      <wptx1:WaypointExtension>
        <wptx1:DisplayMode>SymbolAndName</wptx1:DisplayMode>
      </wptx1:WaypointExtension>
      <ctx:CreationTimeExtension>
        <ctx:CreationTime>2026-10-02T12:44:04Z</ctx:CreationTime>
      </ctx:CreationTimeExtension>
    </extensions>
  </wpt>
  <wpt lat="-18.29184296540916" lon="32.964927982538939">
    <ele>0</ele>
    <time>2026-10-02T12:44:04Z</time>
    <name>The Challenge 2025-489</name>
    <cmt>&lt;table&gt;
&lt;tr&gt;&lt;td&gt;Longitude: 32.964928 &lt;/td&gt;&lt;/tr&gt;
&lt;tr&gt;&lt;td&gt;Latitude: -18.291843 &lt;/td&gt;&lt;/tr&gt;
&lt;tr&gt;&lt;td&gt;Heading: 133.4 &lt;/td&gt;&lt;/tr&gt;
&lt;/table&gt;</cmt>
    <desc>&lt;table&gt;
&lt;tr&gt;&lt;td&gt;Longitude: 32.964928 &lt;/td&gt;&lt;/tr&gt;
&lt;tr&gt;&lt;td&gt;Latitude: -18.291843 &lt;/td&gt;&lt;/tr&gt;
&lt;tr&gt;&lt;td&gt;Heading: 133.4 &lt;/td&gt;&lt;/tr&gt;
&lt;/table&gt;</desc>
    <sym>Flag, Blue</sym>
    <type>user</type>
    <extensions>
      <gpxx:WaypointExtension>
        <gpxx:DisplayMode>SymbolAndName</gpxx:DisplayMode>
      </gpxx:WaypointExtension>
      <wptx1:WaypointExtension>
        <wptx1:DisplayMode>SymbolAndName</wptx1:DisplayMode>
      </wptx1:WaypointExtension>
      <ctx:CreationTimeExtension>
        <ctx:CreationTime>2026-10-02T12:44:04Z</ctx:CreationTime>
      </ctx:CreationTimeExtension>
    </extensions>
  </wpt>
  <wpt lat="-18.325603008270264" lon="32.850147960707545">
    <ele>0</ele>
    <time>2026-10-02T12:44:04Z</time>
    <name>The Challenge 2025-49</name>
    <cmt>&lt;table&gt;
&lt;tr&gt;&lt;td&gt;Longitude: 32.850148 &lt;/td&gt;&lt;/tr&gt;
&lt;tr&gt;&lt;td&gt;Latitude: -18.325603 &lt;/td&gt;&lt;/tr&gt;
&lt;tr&gt;&lt;td&gt;Heading: 335.8 &lt;/td&gt;&lt;/tr&gt;
&lt;/table&gt;</cmt>
    <desc>&lt;table&gt;
&lt;tr&gt;&lt;td&gt;Longitude: 32.850148 &lt;/td&gt;&lt;/tr&gt;
&lt;tr&gt;&lt;td&gt;Latitude: -18.325603 &lt;/td&gt;&lt;/tr&gt;
&lt;tr&gt;&lt;td&gt;Heading: 335.8 &lt;/td&gt;&lt;/tr&gt;
&lt;/table&gt;</desc>
    <sym>Flag, Blue</sym>
    <type>user</type>
    <extensions>
      <gpxx:WaypointExtension>
        <gpxx:DisplayMode>SymbolAndName</gpxx:DisplayMode>
      </gpxx:WaypointExtension>
      <wptx1:WaypointExtension>
        <wptx1:DisplayMode>SymbolAndName</wptx1:DisplayMode>
      </wptx1:WaypointExtension>
      <ctx:CreationTimeExtension>
        <ctx:CreationTime>2026-10-02T12:44:04Z</ctx:CreationTime>
      </ctx:CreationTimeExtension>
    </extensions>
  </wpt>
  <wpt lat="-18.292390974238515" lon="32.965722000226378">
    <ele>0</ele>
    <time>2026-10-02T12:44:04Z</time>
    <name>The Challenge 2025-490</name>
    <cmt>&lt;table&gt;
&lt;tr&gt;&lt;td&gt;Longitude: 32.965722 &lt;/td&gt;&lt;/tr&gt;
&lt;tr&gt;&lt;td&gt;Latitude: -18.292391 &lt;/td&gt;&lt;/tr&gt;
&lt;tr&gt;&lt;td&gt;Heading: 126.0 &lt;/td&gt;&lt;/tr&gt;
&lt;/table&gt;</cmt>
    <desc>&lt;table&gt;
&lt;tr&gt;&lt;td&gt;Longitude: 32.965722 &lt;/td&gt;&lt;/tr&gt;
&lt;tr&gt;&lt;td&gt;Latitude: -18.292391 &lt;/td&gt;&lt;/tr&gt;
&lt;tr&gt;&lt;td&gt;Heading: 126.0 &lt;/td&gt;&lt;/tr&gt;
&lt;/table&gt;</desc>
    <sym>Flag, Blue</sym>
    <type>user</type>
    <extensions>
      <gpxx:WaypointExtension>
        <gpxx:DisplayMode>SymbolAndName</gpxx:DisplayMode>
      </gpxx:WaypointExtension>
      <wptx1:WaypointExtension>
        <wptx1:DisplayMode>SymbolAndName</wptx1:DisplayMode>
      </wptx1:WaypointExtension>
      <ctx:CreationTimeExtension>
        <ctx:CreationTime>2026-10-02T12:44:04Z</ctx:CreationTime>
      </ctx:CreationTimeExtension>
    </extensions>
  </wpt>
  <wpt lat="-18.29323997721076" lon="32.966328011825681">
    <ele>0</ele>
    <time>2026-10-02T12:44:04Z</time>
    <name>The Challenge 2025-491</name>
    <cmt>&lt;table&gt;
&lt;tr&gt;&lt;td&gt;Longitude: 32.966328 &lt;/td&gt;&lt;/tr&gt;
&lt;tr&gt;&lt;td&gt;Latitude: -18.293240 &lt;/td&gt;&lt;/tr&gt;
&lt;tr&gt;&lt;td&gt;Heading: 145.9 &lt;/td&gt;&lt;/tr&gt;
&lt;/table&gt;</cmt>
    <desc>&lt;table&gt;
&lt;tr&gt;&lt;td&gt;Longitude: 32.966328 &lt;/td&gt;&lt;/tr&gt;
&lt;tr&gt;&lt;td&gt;Latitude: -18.293240 &lt;/td&gt;&lt;/tr&gt;
&lt;tr&gt;&lt;td&gt;Heading: 145.9 &lt;/td&gt;&lt;/tr&gt;
&lt;/table&gt;</desc>
    <sym>Flag, Blue</sym>
    <type>user</type>
    <extensions>
      <gpxx:WaypointExtension>
        <gpxx:DisplayMode>SymbolAndName</gpxx:DisplayMode>
      </gpxx:WaypointExtension>
      <wptx1:WaypointExtension>
        <wptx1:DisplayMode>SymbolAndName</wptx1:DisplayMode>
      </wptx1:WaypointExtension>
      <ctx:CreationTimeExtension>
        <ctx:CreationTime>2026-10-02T12:44:04Z</ctx:CreationTime>
      </ctx:CreationTimeExtension>
    </extensions>
  </wpt>
  <wpt lat="-18.293792009353638" lon="32.967333002015948">
    <ele>0</ele>
    <time>2026-10-02T12:44:04Z</time>
    <name>The Challenge 2025-492</name>
    <cmt>&lt;table&gt;
&lt;tr&gt;&lt;td&gt;Longitude: 32.967333 &lt;/td&gt;&lt;/tr&gt;
&lt;tr&gt;&lt;td&gt;Latitude: -18.293792 &lt;/td&gt;&lt;/tr&gt;
&lt;tr&gt;&lt;td&gt;Heading: 120.1 &lt;/td&gt;&lt;/tr&gt;
&lt;/table&gt;</cmt>
    <desc>&lt;table&gt;
&lt;tr&gt;&lt;td&gt;Longitude: 32.967333 &lt;/td&gt;&lt;/tr&gt;
&lt;tr&gt;&lt;td&gt;Latitude: -18.293792 &lt;/td&gt;&lt;/tr&gt;
&lt;tr&gt;&lt;td&gt;Heading: 120.1 &lt;/td&gt;&lt;/tr&gt;
&lt;/table&gt;</desc>
    <sym>Flag, Blue</sym>
    <type>user</type>
    <extensions>
      <gpxx:WaypointExtension>
        <gpxx:DisplayMode>SymbolAndName</gpxx:DisplayMode>
      </gpxx:WaypointExtension>
      <wptx1:WaypointExtension>
        <wptx1:DisplayMode>SymbolAndName</wptx1:DisplayMode>
      </wptx1:WaypointExtension>
      <ctx:CreationTimeExtension>
        <ctx:CreationTime>2026-10-02T12:44:04Z</ctx:CreationTime>
      </ctx:CreationTimeExtension>
    </extensions>
  </wpt>
  <wpt lat="-18.294361978769302" lon="32.968291975557804">
    <ele>0</ele>
    <time>2026-10-02T12:44:04Z</time>
    <name>The Challenge 2025-493</name>
    <cmt>&lt;table&gt;
&lt;tr&gt;&lt;td&gt;Longitude: 32.968292 &lt;/td&gt;&lt;/tr&gt;
&lt;tr&gt;&lt;td&gt;Latitude: -18.294362 &lt;/td&gt;&lt;/tr&gt;
&lt;tr&gt;&lt;td&gt;Heading: 122.0 &lt;/td&gt;&lt;/tr&gt;
&lt;/table&gt;</cmt>
    <desc>&lt;table&gt;
&lt;tr&gt;&lt;td&gt;Longitude: 32.968292 &lt;/td&gt;&lt;/tr&gt;
&lt;tr&gt;&lt;td&gt;Latitude: -18.294362 &lt;/td&gt;&lt;/tr&gt;
&lt;tr&gt;&lt;td&gt;Heading: 122.0 &lt;/td&gt;&lt;/tr&gt;
&lt;/table&gt;</desc>
    <sym>Flag, Blue</sym>
    <type>user</type>
    <extensions>
      <gpxx:WaypointExtension>
        <gpxx:DisplayMode>SymbolAndName</gpxx:DisplayMode>
      </gpxx:WaypointExtension>
      <wptx1:WaypointExtension>
        <wptx1:DisplayMode>SymbolAndName</wptx1:DisplayMode>
      </wptx1:WaypointExtension>
      <ctx:CreationTimeExtension>
        <ctx:CreationTime>2026-10-02T12:44:04Z</ctx:CreationTime>
      </ctx:CreationTimeExtension>
    </extensions>
  </wpt>
  <wpt lat="-18.343451013788581" lon="32.830584011971951">
    <ele>0</ele>
    <time>2026-10-02T12:44:04Z</time>
    <name>The Challenge 2025-5</name>
    <cmt>&lt;table&gt;
&lt;tr&gt;&lt;td&gt;Longitude: 32.830584 &lt;/td&gt;&lt;/tr&gt;
&lt;tr&gt;&lt;td&gt;Latitude: -18.343451 &lt;/td&gt;&lt;/tr&gt;
&lt;tr&gt;&lt;td&gt;Heading: 57.2 &lt;/td&gt;&lt;/tr&gt;
&lt;/table&gt;</cmt>
    <desc>&lt;table&gt;
&lt;tr&gt;&lt;td&gt;Longitude: 32.830584 &lt;/td&gt;&lt;/tr&gt;
&lt;tr&gt;&lt;td&gt;Latitude: -18.343451 &lt;/td&gt;&lt;/tr&gt;
&lt;tr&gt;&lt;td&gt;Heading: 57.2 &lt;/td&gt;&lt;/tr&gt;
&lt;/table&gt;</desc>
    <sym>Flag, Blue</sym>
    <type>user</type>
    <extensions>
      <gpxx:WaypointExtension>
        <gpxx:DisplayMode>SymbolAndName</gpxx:DisplayMode>
      </gpxx:WaypointExtension>
      <wptx1:WaypointExtension>
        <wptx1:DisplayMode>SymbolAndName</wptx1:DisplayMode>
      </wptx1:WaypointExtension>
      <ctx:CreationTimeExtension>
        <ctx:CreationTime>2026-10-02T12:44:04Z</ctx:CreationTime>
      </ctx:CreationTimeExtension>
    </extensions>
  </wpt>
  <wpt lat="-18.325033960863948" lon="32.850283998996019">
    <ele>0</ele>
    <time>2026-10-02T12:44:04Z</time>
    <name>The Challenge 2025-50</name>
    <cmt>&lt;table&gt;
&lt;tr&gt;&lt;td&gt;Longitude: 32.850284 &lt;/td&gt;&lt;/tr&gt;
&lt;tr&gt;&lt;td&gt;Latitude: -18.325034 &lt;/td&gt;&lt;/tr&gt;
&lt;tr&gt;&lt;td&gt;Heading: 12.7 &lt;/td&gt;&lt;/tr&gt;
&lt;/table&gt;</cmt>
    <desc>&lt;table&gt;
&lt;tr&gt;&lt;td&gt;Longitude: 32.850284 &lt;/td&gt;&lt;/tr&gt;
&lt;tr&gt;&lt;td&gt;Latitude: -18.325034 &lt;/td&gt;&lt;/tr&gt;
&lt;tr&gt;&lt;td&gt;Heading: 12.7 &lt;/td&gt;&lt;/tr&gt;
&lt;/table&gt;</desc>
    <sym>Flag, Blue</sym>
    <type>user</type>
    <extensions>
      <gpxx:WaypointExtension>
        <gpxx:DisplayMode>SymbolAndName</gpxx:DisplayMode>
      </gpxx:WaypointExtension>
      <wptx1:WaypointExtension>
        <wptx1:DisplayMode>SymbolAndName</wptx1:DisplayMode>
      </wptx1:WaypointExtension>
      <ctx:CreationTimeExtension>
        <ctx:CreationTime>2026-10-02T12:44:04Z</ctx:CreationTime>
      </ctx:CreationTimeExtension>
    </extensions>
  </wpt>
  <wpt lat="-18.324377993121743" lon="32.850278969854116">
    <ele>0</ele>
    <time>2026-10-02T12:44:04Z</time>
    <name>The Challenge 2025-51</name>
    <cmt>&lt;table&gt;
&lt;tr&gt;&lt;td&gt;Longitude: 32.850279 &lt;/td&gt;&lt;/tr&gt;
&lt;tr&gt;&lt;td&gt;Latitude: -18.324378 &lt;/td&gt;&lt;/tr&gt;
&lt;tr&gt;&lt;td&gt;Heading: 359.6 &lt;/td&gt;&lt;/tr&gt;
&lt;/table&gt;</cmt>
    <desc>&lt;table&gt;
&lt;tr&gt;&lt;td&gt;Longitude: 32.850279 &lt;/td&gt;&lt;/tr&gt;
&lt;tr&gt;&lt;td&gt;Latitude: -18.324378 &lt;/td&gt;&lt;/tr&gt;
&lt;tr&gt;&lt;td&gt;Heading: 359.6 &lt;/td&gt;&lt;/tr&gt;
&lt;/table&gt;</desc>
    <sym>Flag, Blue</sym>
    <type>user</type>
    <extensions>
      <gpxx:WaypointExtension>
        <gpxx:DisplayMode>SymbolAndName</gpxx:DisplayMode>
      </gpxx:WaypointExtension>
      <wptx1:WaypointExtension>
        <wptx1:DisplayMode>SymbolAndName</wptx1:DisplayMode>
      </wptx1:WaypointExtension>
      <ctx:CreationTimeExtension>
        <ctx:CreationTime>2026-10-02T12:44:04Z</ctx:CreationTime>
      </ctx:CreationTimeExtension>
    </extensions>
  </wpt>
  <wpt lat="-18.323763012886047" lon="32.849675975739956">
    <ele>0</ele>
    <time>2026-10-02T12:44:04Z</time>
    <name>The Challenge 2025-52</name>
    <cmt>&lt;table&gt;
&lt;tr&gt;&lt;td&gt;Longitude: 32.849676 &lt;/td&gt;&lt;/tr&gt;
&lt;tr&gt;&lt;td&gt;Latitude: -18.323763 &lt;/td&gt;&lt;/tr&gt;
&lt;tr&gt;&lt;td&gt;Heading: 317.1 &lt;/td&gt;&lt;/tr&gt;
&lt;/table&gt;</cmt>
    <desc>&lt;table&gt;
&lt;tr&gt;&lt;td&gt;Longitude: 32.849676 &lt;/td&gt;&lt;/tr&gt;
&lt;tr&gt;&lt;td&gt;Latitude: -18.323763 &lt;/td&gt;&lt;/tr&gt;
&lt;tr&gt;&lt;td&gt;Heading: 317.1 &lt;/td&gt;&lt;/tr&gt;
&lt;/table&gt;</desc>
    <sym>Flag, Blue</sym>
    <type>user</type>
    <extensions>
      <gpxx:WaypointExtension>
        <gpxx:DisplayMode>SymbolAndName</gpxx:DisplayMode>
      </gpxx:WaypointExtension>
      <wptx1:WaypointExtension>
        <wptx1:DisplayMode>SymbolAndName</wptx1:DisplayMode>
      </wptx1:WaypointExtension>
      <ctx:CreationTimeExtension>
        <ctx:CreationTime>2026-10-02T12:44:04Z</ctx:CreationTime>
      </ctx:CreationTimeExtension>
    </extensions>
  </wpt>
  <wpt lat="-18.323203017935157" lon="32.850044025108218">
    <ele>0</ele>
    <time>2026-10-02T12:44:04Z</time>
    <name>The Challenge 2025-53</name>
    <cmt>&lt;table&gt;
&lt;tr&gt;&lt;td&gt;Longitude: 32.850044 &lt;/td&gt;&lt;/tr&gt;
&lt;tr&gt;&lt;td&gt;Latitude: -18.323203 &lt;/td&gt;&lt;/tr&gt;
&lt;tr&gt;&lt;td&gt;Heading: 32.0 &lt;/td&gt;&lt;/tr&gt;
&lt;/table&gt;</cmt>
    <desc>&lt;table&gt;
&lt;tr&gt;&lt;td&gt;Longitude: 32.850044 &lt;/td&gt;&lt;/tr&gt;
&lt;tr&gt;&lt;td&gt;Latitude: -18.323203 &lt;/td&gt;&lt;/tr&gt;
&lt;tr&gt;&lt;td&gt;Heading: 32.0 &lt;/td&gt;&lt;/tr&gt;
&lt;/table&gt;</desc>
    <sym>Flag, Blue</sym>
    <type>user</type>
    <extensions>
      <gpxx:WaypointExtension>
        <gpxx:DisplayMode>SymbolAndName</gpxx:DisplayMode>
      </gpxx:WaypointExtension>
      <wptx1:WaypointExtension>
        <wptx1:DisplayMode>SymbolAndName</wptx1:DisplayMode>
      </wptx1:WaypointExtension>
      <ctx:CreationTimeExtension>
        <ctx:CreationTime>2026-10-02T12:44:04Z</ctx:CreationTime>
      </ctx:CreationTimeExtension>
    </extensions>
  </wpt>
  <wpt lat="-18.322951979935169" lon="32.849891977384686">
    <ele>0</ele>
    <time>2026-10-02T12:44:04Z</time>
    <name>The Challenge 2025-54</name>
    <cmt>&lt;table&gt;
&lt;tr&gt;&lt;td&gt;Longitude: 32.849892 &lt;/td&gt;&lt;/tr&gt;
&lt;tr&gt;&lt;td&gt;Latitude: -18.322952 &lt;/td&gt;&lt;/tr&gt;
&lt;tr&gt;&lt;td&gt;Heading: 330.1 &lt;/td&gt;&lt;/tr&gt;
&lt;/table&gt;</cmt>
    <desc>&lt;table&gt;
&lt;tr&gt;&lt;td&gt;Longitude: 32.849892 &lt;/td&gt;&lt;/tr&gt;
&lt;tr&gt;&lt;td&gt;Latitude: -18.322952 &lt;/td&gt;&lt;/tr&gt;
&lt;tr&gt;&lt;td&gt;Heading: 330.1 &lt;/td&gt;&lt;/tr&gt;
&lt;/table&gt;</desc>
    <sym>Flag, Blue</sym>
    <type>user</type>
    <extensions>
      <gpxx:WaypointExtension>
        <gpxx:DisplayMode>SymbolAndName</gpxx:DisplayMode>
      </gpxx:WaypointExtension>
      <wptx1:WaypointExtension>
        <wptx1:DisplayMode>SymbolAndName</wptx1:DisplayMode>
      </wptx1:WaypointExtension>
      <ctx:CreationTimeExtension>
        <ctx:CreationTime>2026-10-02T12:44:04Z</ctx:CreationTime>
      </ctx:CreationTimeExtension>
    </extensions>
  </wpt>
  <wpt lat="-18.322741007432342" lon="32.850093981251121">
    <ele>0</ele>
    <time>2026-10-02T12:44:04Z</time>
    <name>The Challenge 2025-55</name>
    <cmt>&lt;table&gt;
&lt;tr&gt;&lt;td&gt;Longitude: 32.850094 &lt;/td&gt;&lt;/tr&gt;
&lt;tr&gt;&lt;td&gt;Latitude: -18.322741 &lt;/td&gt;&lt;/tr&gt;
&lt;tr&gt;&lt;td&gt;Heading: 42.3 &lt;/td&gt;&lt;/tr&gt;
&lt;/table&gt;</cmt>
    <desc>&lt;table&gt;
&lt;tr&gt;&lt;td&gt;Longitude: 32.850094 &lt;/td&gt;&lt;/tr&gt;
&lt;tr&gt;&lt;td&gt;Latitude: -18.322741 &lt;/td&gt;&lt;/tr&gt;
&lt;tr&gt;&lt;td&gt;Heading: 42.3 &lt;/td&gt;&lt;/tr&gt;
&lt;/table&gt;</desc>
    <sym>Flag, Blue</sym>
    <type>user</type>
    <extensions>
      <gpxx:WaypointExtension>
        <gpxx:DisplayMode>SymbolAndName</gpxx:DisplayMode>
      </gpxx:WaypointExtension>
      <wptx1:WaypointExtension>
        <wptx1:DisplayMode>SymbolAndName</wptx1:DisplayMode>
      </wptx1:WaypointExtension>
      <ctx:CreationTimeExtension>
        <ctx:CreationTime>2026-10-02T12:44:04Z</ctx:CreationTime>
      </ctx:CreationTimeExtension>
    </extensions>
  </wpt>
  <wpt lat="-18.322517964988947" lon="32.850037990137935">
    <ele>0</ele>
    <time>2026-10-02T12:44:04Z</time>
    <name>The Challenge 2025-56</name>
    <cmt>&lt;table&gt;
&lt;tr&gt;&lt;td&gt;Longitude: 32.850038 &lt;/td&gt;&lt;/tr&gt;
&lt;tr&gt;&lt;td&gt;Latitude: -18.322518 &lt;/td&gt;&lt;/tr&gt;
&lt;tr&gt;&lt;td&gt;Heading: 346.8 &lt;/td&gt;&lt;/tr&gt;
&lt;/table&gt;</cmt>
    <desc>&lt;table&gt;
&lt;tr&gt;&lt;td&gt;Longitude: 32.850038 &lt;/td&gt;&lt;/tr&gt;
&lt;tr&gt;&lt;td&gt;Latitude: -18.322518 &lt;/td&gt;&lt;/tr&gt;
&lt;tr&gt;&lt;td&gt;Heading: 346.8 &lt;/td&gt;&lt;/tr&gt;
&lt;/table&gt;</desc>
    <sym>Flag, Blue</sym>
    <type>user</type>
    <extensions>
      <gpxx:WaypointExtension>
        <gpxx:DisplayMode>SymbolAndName</gpxx:DisplayMode>
      </gpxx:WaypointExtension>
      <wptx1:WaypointExtension>
        <wptx1:DisplayMode>SymbolAndName</wptx1:DisplayMode>
      </wptx1:WaypointExtension>
      <ctx:CreationTimeExtension>
        <ctx:CreationTime>2026-10-02T12:44:04Z</ctx:CreationTime>
      </ctx:CreationTimeExtension>
    </extensions>
  </wpt>
  <wpt lat="-18.322519976645708" lon="32.850301014259458">
    <ele>0</ele>
    <time>2026-10-02T12:44:04Z</time>
    <name>The Challenge 2025-57</name>
    <cmt>&lt;table&gt;
&lt;tr&gt;&lt;td&gt;Longitude: 32.850301 &lt;/td&gt;&lt;/tr&gt;
&lt;tr&gt;&lt;td&gt;Latitude: -18.322520 &lt;/td&gt;&lt;/tr&gt;
&lt;tr&gt;&lt;td&gt;Heading: 90.5 &lt;/td&gt;&lt;/tr&gt;
&lt;/table&gt;</cmt>
    <desc>&lt;table&gt;
&lt;tr&gt;&lt;td&gt;Longitude: 32.850301 &lt;/td&gt;&lt;/tr&gt;
&lt;tr&gt;&lt;td&gt;Latitude: -18.322520 &lt;/td&gt;&lt;/tr&gt;
&lt;tr&gt;&lt;td&gt;Heading: 90.5 &lt;/td&gt;&lt;/tr&gt;
&lt;/table&gt;</desc>
    <sym>Flag, Blue</sym>
    <type>user</type>
    <extensions>
      <gpxx:WaypointExtension>
        <gpxx:DisplayMode>SymbolAndName</gpxx:DisplayMode>
      </gpxx:WaypointExtension>
      <wptx1:WaypointExtension>
        <wptx1:DisplayMode>SymbolAndName</wptx1:DisplayMode>
      </wptx1:WaypointExtension>
      <ctx:CreationTimeExtension>
        <ctx:CreationTime>2026-10-02T12:44:04Z</ctx:CreationTime>
      </ctx:CreationTimeExtension>
    </extensions>
  </wpt>
  <wpt lat="-18.322131978347898" lon="32.850336972624063">
    <ele>0</ele>
    <time>2026-10-02T12:44:04Z</time>
    <name>The Challenge 2025-58</name>
    <cmt>&lt;table&gt;
&lt;tr&gt;&lt;td&gt;Longitude: 32.850337 &lt;/td&gt;&lt;/tr&gt;
&lt;tr&gt;&lt;td&gt;Latitude: -18.322132 &lt;/td&gt;&lt;/tr&gt;
&lt;tr&gt;&lt;td&gt;Heading: 5.0 &lt;/td&gt;&lt;/tr&gt;
&lt;/table&gt;</cmt>
    <desc>&lt;table&gt;
&lt;tr&gt;&lt;td&gt;Longitude: 32.850337 &lt;/td&gt;&lt;/tr&gt;
&lt;tr&gt;&lt;td&gt;Latitude: -18.322132 &lt;/td&gt;&lt;/tr&gt;
&lt;tr&gt;&lt;td&gt;Heading: 5.0 &lt;/td&gt;&lt;/tr&gt;
&lt;/table&gt;</desc>
    <sym>Flag, Blue</sym>
    <type>user</type>
    <extensions>
      <gpxx:WaypointExtension>
        <gpxx:DisplayMode>SymbolAndName</gpxx:DisplayMode>
      </gpxx:WaypointExtension>
      <wptx1:WaypointExtension>
        <wptx1:DisplayMode>SymbolAndName</wptx1:DisplayMode>
      </wptx1:WaypointExtension>
      <ctx:CreationTimeExtension>
        <ctx:CreationTime>2026-10-02T12:44:04Z</ctx:CreationTime>
      </ctx:CreationTimeExtension>
    </extensions>
  </wpt>
  <wpt lat="-18.321567038074136" lon="32.850071014836431">
    <ele>0</ele>
    <time>2026-10-02T12:44:04Z</time>
    <name>The Challenge 2025-59</name>
    <cmt>&lt;table&gt;
&lt;tr&gt;&lt;td&gt;Longitude: 32.850071 &lt;/td&gt;&lt;/tr&gt;
&lt;tr&gt;&lt;td&gt;Latitude: -18.321567 &lt;/td&gt;&lt;/tr&gt;
&lt;tr&gt;&lt;td&gt;Heading: 335.9 &lt;/td&gt;&lt;/tr&gt;
&lt;/table&gt;</cmt>
    <desc>&lt;table&gt;
&lt;tr&gt;&lt;td&gt;Longitude: 32.850071 &lt;/td&gt;&lt;/tr&gt;
&lt;tr&gt;&lt;td&gt;Latitude: -18.321567 &lt;/td&gt;&lt;/tr&gt;
&lt;tr&gt;&lt;td&gt;Heading: 335.9 &lt;/td&gt;&lt;/tr&gt;
&lt;/table&gt;</desc>
    <sym>Flag, Blue</sym>
    <type>user</type>
    <extensions>
      <gpxx:WaypointExtension>
        <gpxx:DisplayMode>SymbolAndName</gpxx:DisplayMode>
      </gpxx:WaypointExtension>
      <wptx1:WaypointExtension>
        <wptx1:DisplayMode>SymbolAndName</wptx1:DisplayMode>
      </wptx1:WaypointExtension>
      <ctx:CreationTimeExtension>
        <ctx:CreationTime>2026-10-02T12:44:04Z</ctx:CreationTime>
      </ctx:CreationTimeExtension>
    </extensions>
  </wpt>
  <wpt lat="-18.342276960611343" lon="32.831296976655722">
    <ele>0</ele>
    <time>2026-10-02T12:44:04Z</time>
    <name>The Challenge 2025-6</name>
    <cmt>&lt;table&gt;
&lt;tr&gt;&lt;td&gt;Longitude: 32.831297 &lt;/td&gt;&lt;/tr&gt;
&lt;tr&gt;&lt;td&gt;Latitude: -18.342277 &lt;/td&gt;&lt;/tr&gt;
&lt;tr&gt;&lt;td&gt;Heading: 30.0 &lt;/td&gt;&lt;/tr&gt;
&lt;/table&gt;</cmt>
    <desc>&lt;table&gt;
&lt;tr&gt;&lt;td&gt;Longitude: 32.831297 &lt;/td&gt;&lt;/tr&gt;
&lt;tr&gt;&lt;td&gt;Latitude: -18.342277 &lt;/td&gt;&lt;/tr&gt;
&lt;tr&gt;&lt;td&gt;Heading: 30.0 &lt;/td&gt;&lt;/tr&gt;
&lt;/table&gt;</desc>
    <sym>Flag, Blue</sym>
    <type>user</type>
    <extensions>
      <gpxx:WaypointExtension>
        <gpxx:DisplayMode>SymbolAndName</gpxx:DisplayMode>
      </gpxx:WaypointExtension>
      <wptx1:WaypointExtension>
        <wptx1:DisplayMode>SymbolAndName</wptx1:DisplayMode>
      </wptx1:WaypointExtension>
      <ctx:CreationTimeExtension>
        <ctx:CreationTime>2026-10-02T12:44:04Z</ctx:CreationTime>
      </ctx:CreationTimeExtension>
    </extensions>
  </wpt>
  <wpt lat="-18.321263026446104" lon="32.850293973460793">
    <ele>0</ele>
    <time>2026-10-02T12:44:04Z</time>
    <name>The Challenge 2025-60</name>
    <cmt>&lt;table&gt;
&lt;tr&gt;&lt;td&gt;Longitude: 32.850294 &lt;/td&gt;&lt;/tr&gt;
&lt;tr&gt;&lt;td&gt;Latitude: -18.321263 &lt;/td&gt;&lt;/tr&gt;
&lt;tr&gt;&lt;td&gt;Heading: 35.0 &lt;/td&gt;&lt;/tr&gt;
&lt;/table&gt;</cmt>
    <desc>&lt;table&gt;
&lt;tr&gt;&lt;td&gt;Longitude: 32.850294 &lt;/td&gt;&lt;/tr&gt;
&lt;tr&gt;&lt;td&gt;Latitude: -18.321263 &lt;/td&gt;&lt;/tr&gt;
&lt;tr&gt;&lt;td&gt;Heading: 35.0 &lt;/td&gt;&lt;/tr&gt;
&lt;/table&gt;</desc>
    <sym>Flag, Blue</sym>
    <type>user</type>
    <extensions>
      <gpxx:WaypointExtension>
        <gpxx:DisplayMode>SymbolAndName</gpxx:DisplayMode>
      </gpxx:WaypointExtension>
      <wptx1:WaypointExtension>
        <wptx1:DisplayMode>SymbolAndName</wptx1:DisplayMode>
      </wptx1:WaypointExtension>
      <ctx:CreationTimeExtension>
        <ctx:CreationTime>2026-10-02T12:44:04Z</ctx:CreationTime>
      </ctx:CreationTimeExtension>
    </extensions>
  </wpt>
  <wpt lat="-18.321492020040751" lon="32.850472005084157">
    <ele>0</ele>
    <time>2026-10-02T12:44:04Z</time>
    <name>The Challenge 2025-61</name>
    <cmt>&lt;table&gt;
&lt;tr&gt;&lt;td&gt;Longitude: 32.850472 &lt;/td&gt;&lt;/tr&gt;
&lt;tr&gt;&lt;td&gt;Latitude: -18.321492 &lt;/td&gt;&lt;/tr&gt;
&lt;tr&gt;&lt;td&gt;Heading: 143.6 &lt;/td&gt;&lt;/tr&gt;
&lt;/table&gt;</cmt>
    <desc>&lt;table&gt;
&lt;tr&gt;&lt;td&gt;Longitude: 32.850472 &lt;/td&gt;&lt;/tr&gt;
&lt;tr&gt;&lt;td&gt;Latitude: -18.321492 &lt;/td&gt;&lt;/tr&gt;
&lt;tr&gt;&lt;td&gt;Heading: 143.6 &lt;/td&gt;&lt;/tr&gt;
&lt;/table&gt;</desc>
    <sym>Flag, Blue</sym>
    <type>user</type>
    <extensions>
      <gpxx:WaypointExtension>
        <gpxx:DisplayMode>SymbolAndName</gpxx:DisplayMode>
      </gpxx:WaypointExtension>
      <wptx1:WaypointExtension>
        <wptx1:DisplayMode>SymbolAndName</wptx1:DisplayMode>
      </wptx1:WaypointExtension>
      <ctx:CreationTimeExtension>
        <ctx:CreationTime>2026-10-02T12:44:04Z</ctx:CreationTime>
      </ctx:CreationTimeExtension>
    </extensions>
  </wpt>
  <wpt lat="-18.321097986772656" lon="32.850637966766953">
    <ele>0</ele>
    <time>2026-10-02T12:44:04Z</time>
    <name>The Challenge 2025-62</name>
    <cmt>&lt;table&gt;
&lt;tr&gt;&lt;td&gt;Longitude: 32.850638 &lt;/td&gt;&lt;/tr&gt;
&lt;tr&gt;&lt;td&gt;Latitude: -18.321098 &lt;/td&gt;&lt;/tr&gt;
&lt;tr&gt;&lt;td&gt;Heading: 21.8 &lt;/td&gt;&lt;/tr&gt;
&lt;/table&gt;</cmt>
    <desc>&lt;table&gt;
&lt;tr&gt;&lt;td&gt;Longitude: 32.850638 &lt;/td&gt;&lt;/tr&gt;
&lt;tr&gt;&lt;td&gt;Latitude: -18.321098 &lt;/td&gt;&lt;/tr&gt;
&lt;tr&gt;&lt;td&gt;Heading: 21.8 &lt;/td&gt;&lt;/tr&gt;
&lt;/table&gt;</desc>
    <sym>Flag, Blue</sym>
    <type>user</type>
    <extensions>
      <gpxx:WaypointExtension>
        <gpxx:DisplayMode>SymbolAndName</gpxx:DisplayMode>
      </gpxx:WaypointExtension>
      <wptx1:WaypointExtension>
        <wptx1:DisplayMode>SymbolAndName</wptx1:DisplayMode>
      </wptx1:WaypointExtension>
      <ctx:CreationTimeExtension>
        <ctx:CreationTime>2026-10-02T12:44:04Z</ctx:CreationTime>
      </ctx:CreationTimeExtension>
    </extensions>
  </wpt>
  <wpt lat="-18.320982987061143" lon="32.850837958976626">
    <ele>0</ele>
    <time>2026-10-02T12:44:04Z</time>
    <name>The Challenge 2025-63</name>
    <cmt>&lt;table&gt;
&lt;tr&gt;&lt;td&gt;Longitude: 32.850838 &lt;/td&gt;&lt;/tr&gt;
&lt;tr&gt;&lt;td&gt;Latitude: -18.320983 &lt;/td&gt;&lt;/tr&gt;
&lt;tr&gt;&lt;td&gt;Heading: 58.7 &lt;/td&gt;&lt;/tr&gt;
&lt;/table&gt;</cmt>
    <desc>&lt;table&gt;
&lt;tr&gt;&lt;td&gt;Longitude: 32.850838 &lt;/td&gt;&lt;/tr&gt;
&lt;tr&gt;&lt;td&gt;Latitude: -18.320983 &lt;/td&gt;&lt;/tr&gt;
&lt;tr&gt;&lt;td&gt;Heading: 58.7 &lt;/td&gt;&lt;/tr&gt;
&lt;/table&gt;</desc>
    <sym>Flag, Blue</sym>
    <type>user</type>
    <extensions>
      <gpxx:WaypointExtension>
        <gpxx:DisplayMode>SymbolAndName</gpxx:DisplayMode>
      </gpxx:WaypointExtension>
      <wptx1:WaypointExtension>
        <wptx1:DisplayMode>SymbolAndName</wptx1:DisplayMode>
      </wptx1:WaypointExtension>
      <ctx:CreationTimeExtension>
        <ctx:CreationTime>2026-10-02T12:44:04Z</ctx:CreationTime>
      </ctx:CreationTimeExtension>
    </extensions>
  </wpt>
  <wpt lat="-18.320595994591713" lon="32.850727988407016">
    <ele>0</ele>
    <time>2026-10-02T12:44:04Z</time>
    <name>The Challenge 2025-64</name>
    <cmt>&lt;table&gt;
&lt;tr&gt;&lt;td&gt;Longitude: 32.850728 &lt;/td&gt;&lt;/tr&gt;
&lt;tr&gt;&lt;td&gt;Latitude: -18.320596 &lt;/td&gt;&lt;/tr&gt;
&lt;tr&gt;&lt;td&gt;Heading: 344.9 &lt;/td&gt;&lt;/tr&gt;
&lt;/table&gt;</cmt>
    <desc>&lt;table&gt;
&lt;tr&gt;&lt;td&gt;Longitude: 32.850728 &lt;/td&gt;&lt;/tr&gt;
&lt;tr&gt;&lt;td&gt;Latitude: -18.320596 &lt;/td&gt;&lt;/tr&gt;
&lt;tr&gt;&lt;td&gt;Heading: 344.9 &lt;/td&gt;&lt;/tr&gt;
&lt;/table&gt;</desc>
    <sym>Flag, Blue</sym>
    <type>user</type>
    <extensions>
      <gpxx:WaypointExtension>
        <gpxx:DisplayMode>SymbolAndName</gpxx:DisplayMode>
      </gpxx:WaypointExtension>
      <wptx1:WaypointExtension>
        <wptx1:DisplayMode>SymbolAndName</wptx1:DisplayMode>
      </wptx1:WaypointExtension>
      <ctx:CreationTimeExtension>
        <ctx:CreationTime>2026-10-02T12:44:04Z</ctx:CreationTime>
      </ctx:CreationTimeExtension>
    </extensions>
  </wpt>
  <wpt lat="-18.320215959101915" lon="32.850921023637056">
    <ele>0</ele>
    <time>2026-10-02T12:44:04Z</time>
    <name>The Challenge 2025-65</name>
    <cmt>&lt;table&gt;
&lt;tr&gt;&lt;td&gt;Longitude: 32.850921 &lt;/td&gt;&lt;/tr&gt;
&lt;tr&gt;&lt;td&gt;Latitude: -18.320216 &lt;/td&gt;&lt;/tr&gt;
&lt;tr&gt;&lt;td&gt;Heading: 25.7 &lt;/td&gt;&lt;/tr&gt;
&lt;/table&gt;</cmt>
    <desc>&lt;table&gt;
&lt;tr&gt;&lt;td&gt;Longitude: 32.850921 &lt;/td&gt;&lt;/tr&gt;
&lt;tr&gt;&lt;td&gt;Latitude: -18.320216 &lt;/td&gt;&lt;/tr&gt;
&lt;tr&gt;&lt;td&gt;Heading: 25.7 &lt;/td&gt;&lt;/tr&gt;
&lt;/table&gt;</desc>
    <sym>Flag, Blue</sym>
    <type>user</type>
    <extensions>
      <gpxx:WaypointExtension>
        <gpxx:DisplayMode>SymbolAndName</gpxx:DisplayMode>
      </gpxx:WaypointExtension>
      <wptx1:WaypointExtension>
        <wptx1:DisplayMode>SymbolAndName</wptx1:DisplayMode>
      </wptx1:WaypointExtension>
      <ctx:CreationTimeExtension>
        <ctx:CreationTime>2026-10-02T12:44:04Z</ctx:CreationTime>
      </ctx:CreationTimeExtension>
    </extensions>
  </wpt>
  <wpt lat="-18.319669039919972" lon="32.850603014230728">
    <ele>0</ele>
    <time>2026-10-02T12:44:04Z</time>
    <name>The Challenge 2025-66</name>
    <cmt>&lt;table&gt;
&lt;tr&gt;&lt;td&gt;Longitude: 32.850603 &lt;/td&gt;&lt;/tr&gt;
&lt;tr&gt;&lt;td&gt;Latitude: -18.319669 &lt;/td&gt;&lt;/tr&gt;
&lt;tr&gt;&lt;td&gt;Heading: 331.1 &lt;/td&gt;&lt;/tr&gt;
&lt;/table&gt;</cmt>
    <desc>&lt;table&gt;
&lt;tr&gt;&lt;td&gt;Longitude: 32.850603 &lt;/td&gt;&lt;/tr&gt;
&lt;tr&gt;&lt;td&gt;Latitude: -18.319669 &lt;/td&gt;&lt;/tr&gt;
&lt;tr&gt;&lt;td&gt;Heading: 331.1 &lt;/td&gt;&lt;/tr&gt;
&lt;/table&gt;</desc>
    <sym>Flag, Blue</sym>
    <type>user</type>
    <extensions>
      <gpxx:WaypointExtension>
        <gpxx:DisplayMode>SymbolAndName</gpxx:DisplayMode>
      </gpxx:WaypointExtension>
      <wptx1:WaypointExtension>
        <wptx1:DisplayMode>SymbolAndName</wptx1:DisplayMode>
      </wptx1:WaypointExtension>
      <ctx:CreationTimeExtension>
        <ctx:CreationTime>2026-10-02T12:44:04Z</ctx:CreationTime>
      </ctx:CreationTimeExtension>
    </extensions>
  </wpt>
  <wpt lat="-18.319053975865245" lon="32.850782973691821">
    <ele>0</ele>
    <time>2026-10-02T12:44:04Z</time>
    <name>The Challenge 2025-67</name>
    <cmt>&lt;table&gt;
&lt;tr&gt;&lt;td&gt;Longitude: 32.850783 &lt;/td&gt;&lt;/tr&gt;
&lt;tr&gt;&lt;td&gt;Latitude: -18.319054 &lt;/td&gt;&lt;/tr&gt;
&lt;tr&gt;&lt;td&gt;Heading: 15.6 &lt;/td&gt;&lt;/tr&gt;
&lt;/table&gt;</cmt>
    <desc>&lt;table&gt;
&lt;tr&gt;&lt;td&gt;Longitude: 32.850783 &lt;/td&gt;&lt;/tr&gt;
&lt;tr&gt;&lt;td&gt;Latitude: -18.319054 &lt;/td&gt;&lt;/tr&gt;
&lt;tr&gt;&lt;td&gt;Heading: 15.6 &lt;/td&gt;&lt;/tr&gt;
&lt;/table&gt;</desc>
    <sym>Flag, Blue</sym>
    <type>user</type>
    <extensions>
      <gpxx:WaypointExtension>
        <gpxx:DisplayMode>SymbolAndName</gpxx:DisplayMode>
      </gpxx:WaypointExtension>
      <wptx1:WaypointExtension>
        <wptx1:DisplayMode>SymbolAndName</wptx1:DisplayMode>
      </wptx1:WaypointExtension>
      <ctx:CreationTimeExtension>
        <ctx:CreationTime>2026-10-02T12:44:04Z</ctx:CreationTime>
      </ctx:CreationTimeExtension>
    </extensions>
  </wpt>
  <wpt lat="-18.318708976730704" lon="32.850667973980308">
    <ele>0</ele>
    <time>2026-10-02T12:44:04Z</time>
    <name>The Challenge 2025-68</name>
    <cmt>&lt;table&gt;
&lt;tr&gt;&lt;td&gt;Longitude: 32.850668 &lt;/td&gt;&lt;/tr&gt;
&lt;tr&gt;&lt;td&gt;Latitude: -18.318709 &lt;/td&gt;&lt;/tr&gt;
&lt;tr&gt;&lt;td&gt;Heading: 342.4 &lt;/td&gt;&lt;/tr&gt;
&lt;/table&gt;</cmt>
    <desc>&lt;table&gt;
&lt;tr&gt;&lt;td&gt;Longitude: 32.850668 &lt;/td&gt;&lt;/tr&gt;
&lt;tr&gt;&lt;td&gt;Latitude: -18.318709 &lt;/td&gt;&lt;/tr&gt;
&lt;tr&gt;&lt;td&gt;Heading: 342.4 &lt;/td&gt;&lt;/tr&gt;
&lt;/table&gt;</desc>
    <sym>Flag, Blue</sym>
    <type>user</type>
    <extensions>
      <gpxx:WaypointExtension>
        <gpxx:DisplayMode>SymbolAndName</gpxx:DisplayMode>
      </gpxx:WaypointExtension>
      <wptx1:WaypointExtension>
        <wptx1:DisplayMode>SymbolAndName</wptx1:DisplayMode>
      </wptx1:WaypointExtension>
      <ctx:CreationTimeExtension>
        <ctx:CreationTime>2026-10-02T12:44:04Z</ctx:CreationTime>
      </ctx:CreationTimeExtension>
    </extensions>
  </wpt>
  <wpt lat="-18.318274961784482" lon="32.850688006728888">
    <ele>0</ele>
    <time>2026-10-02T12:44:04Z</time>
    <name>The Challenge 2025-69</name>
    <cmt>&lt;table&gt;
&lt;tr&gt;&lt;td&gt;Longitude: 32.850688 &lt;/td&gt;&lt;/tr&gt;
&lt;tr&gt;&lt;td&gt;Latitude: -18.318275 &lt;/td&gt;&lt;/tr&gt;
&lt;tr&gt;&lt;td&gt;Heading: 2.6 &lt;/td&gt;&lt;/tr&gt;
&lt;/table&gt;</cmt>
    <desc>&lt;table&gt;
&lt;tr&gt;&lt;td&gt;Longitude: 32.850688 &lt;/td&gt;&lt;/tr&gt;
&lt;tr&gt;&lt;td&gt;Latitude: -18.318275 &lt;/td&gt;&lt;/tr&gt;
&lt;tr&gt;&lt;td&gt;Heading: 2.6 &lt;/td&gt;&lt;/tr&gt;
&lt;/table&gt;</desc>
    <sym>Flag, Blue</sym>
    <type>user</type>
    <extensions>
      <gpxx:WaypointExtension>
        <gpxx:DisplayMode>SymbolAndName</gpxx:DisplayMode>
      </gpxx:WaypointExtension>
      <wptx1:WaypointExtension>
        <wptx1:DisplayMode>SymbolAndName</wptx1:DisplayMode>
      </wptx1:WaypointExtension>
      <ctx:CreationTimeExtension>
        <ctx:CreationTime>2026-10-02T12:44:04Z</ctx:CreationTime>
      </ctx:CreationTimeExtension>
    </extensions>
  </wpt>
  <wpt lat="-18.341733980923891" lon="32.832018993794918">
    <ele>0</ele>
    <time>2026-10-02T12:44:04Z</time>
    <name>The Challenge 2025-7</name>
    <cmt>&lt;table&gt;
&lt;tr&gt;&lt;td&gt;Longitude: 32.832019 &lt;/td&gt;&lt;/tr&gt;
&lt;tr&gt;&lt;td&gt;Latitude: -18.341734 &lt;/td&gt;&lt;/tr&gt;
&lt;tr&gt;&lt;td&gt;Heading: 51.6 &lt;/td&gt;&lt;/tr&gt;
&lt;/table&gt;</cmt>
    <desc>&lt;table&gt;
&lt;tr&gt;&lt;td&gt;Longitude: 32.832019 &lt;/td&gt;&lt;/tr&gt;
&lt;tr&gt;&lt;td&gt;Latitude: -18.341734 &lt;/td&gt;&lt;/tr&gt;
&lt;tr&gt;&lt;td&gt;Heading: 51.6 &lt;/td&gt;&lt;/tr&gt;
&lt;/table&gt;</desc>
    <sym>Flag, Blue</sym>
    <type>user</type>
    <extensions>
      <gpxx:WaypointExtension>
        <gpxx:DisplayMode>SymbolAndName</gpxx:DisplayMode>
      </gpxx:WaypointExtension>
      <wptx1:WaypointExtension>
        <wptx1:DisplayMode>SymbolAndName</wptx1:DisplayMode>
      </wptx1:WaypointExtension>
      <ctx:CreationTimeExtension>
        <ctx:CreationTime>2026-10-02T12:44:04Z</ctx:CreationTime>
      </ctx:CreationTimeExtension>
    </extensions>
  </wpt>
  <wpt lat="-18.318275967612863" lon="32.850980032235384">
    <ele>0</ele>
    <time>2026-10-02T12:44:04Z</time>
    <name>The Challenge 2025-70</name>
    <cmt>&lt;table&gt;
&lt;tr&gt;&lt;td&gt;Longitude: 32.850980 &lt;/td&gt;&lt;/tr&gt;
&lt;tr&gt;&lt;td&gt;Latitude: -18.318276 &lt;/td&gt;&lt;/tr&gt;
&lt;tr&gt;&lt;td&gt;Heading: 90.1 &lt;/td&gt;&lt;/tr&gt;
&lt;/table&gt;</cmt>
    <desc>&lt;table&gt;
&lt;tr&gt;&lt;td&gt;Longitude: 32.850980 &lt;/td&gt;&lt;/tr&gt;
&lt;tr&gt;&lt;td&gt;Latitude: -18.318276 &lt;/td&gt;&lt;/tr&gt;
&lt;tr&gt;&lt;td&gt;Heading: 90.1 &lt;/td&gt;&lt;/tr&gt;
&lt;/table&gt;</desc>
    <sym>Flag, Blue</sym>
    <type>user</type>
    <extensions>
      <gpxx:WaypointExtension>
        <gpxx:DisplayMode>SymbolAndName</gpxx:DisplayMode>
      </gpxx:WaypointExtension>
      <wptx1:WaypointExtension>
        <wptx1:DisplayMode>SymbolAndName</wptx1:DisplayMode>
      </wptx1:WaypointExtension>
      <ctx:CreationTimeExtension>
        <ctx:CreationTime>2026-10-02T12:44:04Z</ctx:CreationTime>
      </ctx:CreationTimeExtension>
    </extensions>
  </wpt>
  <wpt lat="-18.317905990406871" lon="32.850997969508171">
    <ele>0</ele>
    <time>2026-10-02T12:44:04Z</time>
    <name>The Challenge 2025-71</name>
    <cmt>&lt;table&gt;
&lt;tr&gt;&lt;td&gt;Longitude: 32.850998 &lt;/td&gt;&lt;/tr&gt;
&lt;tr&gt;&lt;td&gt;Latitude: -18.317906 &lt;/td&gt;&lt;/tr&gt;
&lt;tr&gt;&lt;td&gt;Heading: 2.7 &lt;/td&gt;&lt;/tr&gt;
&lt;/table&gt;</cmt>
    <desc>&lt;table&gt;
&lt;tr&gt;&lt;td&gt;Longitude: 32.850998 &lt;/td&gt;&lt;/tr&gt;
&lt;tr&gt;&lt;td&gt;Latitude: -18.317906 &lt;/td&gt;&lt;/tr&gt;
&lt;tr&gt;&lt;td&gt;Heading: 2.7 &lt;/td&gt;&lt;/tr&gt;
&lt;/table&gt;</desc>
    <sym>Flag, Blue</sym>
    <type>user</type>
    <extensions>
      <gpxx:WaypointExtension>
        <gpxx:DisplayMode>SymbolAndName</gpxx:DisplayMode>
      </gpxx:WaypointExtension>
      <wptx1:WaypointExtension>
        <wptx1:DisplayMode>SymbolAndName</wptx1:DisplayMode>
      </wptx1:WaypointExtension>
      <ctx:CreationTimeExtension>
        <ctx:CreationTime>2026-10-02T12:44:04Z</ctx:CreationTime>
      </ctx:CreationTimeExtension>
    </extensions>
  </wpt>
  <wpt lat="-18.318040017038584" lon="32.851528041064739">
    <ele>0</ele>
    <time>2026-10-02T12:44:04Z</time>
    <name>The Challenge 2025-72</name>
    <cmt>&lt;table&gt;
&lt;tr&gt;&lt;td&gt;Longitude: 32.851528 &lt;/td&gt;&lt;/tr&gt;
&lt;tr&gt;&lt;td&gt;Latitude: -18.318040 &lt;/td&gt;&lt;/tr&gt;
&lt;tr&gt;&lt;td&gt;Heading: 104.9 &lt;/td&gt;&lt;/tr&gt;
&lt;/table&gt;</cmt>
    <desc>&lt;table&gt;
&lt;tr&gt;&lt;td&gt;Longitude: 32.851528 &lt;/td&gt;&lt;/tr&gt;
&lt;tr&gt;&lt;td&gt;Latitude: -18.318040 &lt;/td&gt;&lt;/tr&gt;
&lt;tr&gt;&lt;td&gt;Heading: 104.9 &lt;/td&gt;&lt;/tr&gt;
&lt;/table&gt;</desc>
    <sym>Flag, Blue</sym>
    <type>user</type>
    <extensions>
      <gpxx:WaypointExtension>
        <gpxx:DisplayMode>SymbolAndName</gpxx:DisplayMode>
      </gpxx:WaypointExtension>
      <wptx1:WaypointExtension>
        <wptx1:DisplayMode>SymbolAndName</wptx1:DisplayMode>
      </wptx1:WaypointExtension>
      <ctx:CreationTimeExtension>
        <ctx:CreationTime>2026-10-02T12:44:04Z</ctx:CreationTime>
      </ctx:CreationTimeExtension>
    </extensions>
  </wpt>
  <wpt lat="-18.317684959620237" lon="32.851585960015655">
    <ele>0</ele>
    <time>2026-10-02T12:44:04Z</time>
    <name>The Challenge 2025-73</name>
    <cmt>&lt;table&gt;
&lt;tr&gt;&lt;td&gt;Longitude: 32.851586 &lt;/td&gt;&lt;/tr&gt;
&lt;tr&gt;&lt;td&gt;Latitude: -18.317685 &lt;/td&gt;&lt;/tr&gt;
&lt;tr&gt;&lt;td&gt;Heading: 8.9 &lt;/td&gt;&lt;/tr&gt;
&lt;/table&gt;</cmt>
    <desc>&lt;table&gt;
&lt;tr&gt;&lt;td&gt;Longitude: 32.851586 &lt;/td&gt;&lt;/tr&gt;
&lt;tr&gt;&lt;td&gt;Latitude: -18.317685 &lt;/td&gt;&lt;/tr&gt;
&lt;tr&gt;&lt;td&gt;Heading: 8.9 &lt;/td&gt;&lt;/tr&gt;
&lt;/table&gt;</desc>
    <sym>Flag, Blue</sym>
    <type>user</type>
    <extensions>
      <gpxx:WaypointExtension>
        <gpxx:DisplayMode>SymbolAndName</gpxx:DisplayMode>
      </gpxx:WaypointExtension>
      <wptx1:WaypointExtension>
        <wptx1:DisplayMode>SymbolAndName</wptx1:DisplayMode>
      </wptx1:WaypointExtension>
      <ctx:CreationTimeExtension>
        <ctx:CreationTime>2026-10-02T12:44:04Z</ctx:CreationTime>
      </ctx:CreationTimeExtension>
    </extensions>
  </wpt>
  <wpt lat="-18.317699041217566" lon="32.851717974990606">
    <ele>0</ele>
    <time>2026-10-02T12:44:04Z</time>
    <name>The Challenge 2025-74</name>
    <cmt>&lt;table&gt;
&lt;tr&gt;&lt;td&gt;Longitude: 32.851718 &lt;/td&gt;&lt;/tr&gt;
&lt;tr&gt;&lt;td&gt;Latitude: -18.317699 &lt;/td&gt;&lt;/tr&gt;
&lt;tr&gt;&lt;td&gt;Heading: 96.1 &lt;/td&gt;&lt;/tr&gt;
&lt;/table&gt;</cmt>
    <desc>&lt;table&gt;
&lt;tr&gt;&lt;td&gt;Longitude: 32.851718 &lt;/td&gt;&lt;/tr&gt;
&lt;tr&gt;&lt;td&gt;Latitude: -18.317699 &lt;/td&gt;&lt;/tr&gt;
&lt;tr&gt;&lt;td&gt;Heading: 96.1 &lt;/td&gt;&lt;/tr&gt;
&lt;/table&gt;</desc>
    <sym>Flag, Blue</sym>
    <type>user</type>
    <extensions>
      <gpxx:WaypointExtension>
        <gpxx:DisplayMode>SymbolAndName</gpxx:DisplayMode>
      </gpxx:WaypointExtension>
      <wptx1:WaypointExtension>
        <wptx1:DisplayMode>SymbolAndName</wptx1:DisplayMode>
      </wptx1:WaypointExtension>
      <ctx:CreationTimeExtension>
        <ctx:CreationTime>2026-10-02T12:44:04Z</ctx:CreationTime>
      </ctx:CreationTimeExtension>
    </extensions>
  </wpt>
  <wpt lat="-18.317376002669334" lon="32.851787963882089">
    <ele>0</ele>
    <time>2026-10-02T12:44:04Z</time>
    <name>The Challenge 2025-75</name>
    <cmt>&lt;table&gt;
&lt;tr&gt;&lt;td&gt;Longitude: 32.851788 &lt;/td&gt;&lt;/tr&gt;
&lt;tr&gt;&lt;td&gt;Latitude: -18.317376 &lt;/td&gt;&lt;/tr&gt;
&lt;tr&gt;&lt;td&gt;Heading: 11.6 &lt;/td&gt;&lt;/tr&gt;
&lt;/table&gt;</cmt>
    <desc>&lt;table&gt;
&lt;tr&gt;&lt;td&gt;Longitude: 32.851788 &lt;/td&gt;&lt;/tr&gt;
&lt;tr&gt;&lt;td&gt;Latitude: -18.317376 &lt;/td&gt;&lt;/tr&gt;
&lt;tr&gt;&lt;td&gt;Heading: 11.6 &lt;/td&gt;&lt;/tr&gt;
&lt;/table&gt;</desc>
    <sym>Flag, Blue</sym>
    <type>user</type>
    <extensions>
      <gpxx:WaypointExtension>
        <gpxx:DisplayMode>SymbolAndName</gpxx:DisplayMode>
      </gpxx:WaypointExtension>
      <wptx1:WaypointExtension>
        <wptx1:DisplayMode>SymbolAndName</wptx1:DisplayMode>
      </wptx1:WaypointExtension>
      <ctx:CreationTimeExtension>
        <ctx:CreationTime>2026-10-02T12:44:04Z</ctx:CreationTime>
      </ctx:CreationTimeExtension>
    </extensions>
  </wpt>
  <wpt lat="-18.317207023501396" lon="32.851752005517483">
    <ele>0</ele>
    <time>2026-10-02T12:44:04Z</time>
    <name>The Challenge 2025-76</name>
    <cmt>&lt;table&gt;
&lt;tr&gt;&lt;td&gt;Longitude: 32.851752 &lt;/td&gt;&lt;/tr&gt;
&lt;tr&gt;&lt;td&gt;Latitude: -18.317207 &lt;/td&gt;&lt;/tr&gt;
&lt;tr&gt;&lt;td&gt;Heading: 348.3 &lt;/td&gt;&lt;/tr&gt;
&lt;/table&gt;</cmt>
    <desc>&lt;table&gt;
&lt;tr&gt;&lt;td&gt;Longitude: 32.851752 &lt;/td&gt;&lt;/tr&gt;
&lt;tr&gt;&lt;td&gt;Latitude: -18.317207 &lt;/td&gt;&lt;/tr&gt;
&lt;tr&gt;&lt;td&gt;Heading: 348.3 &lt;/td&gt;&lt;/tr&gt;
&lt;/table&gt;</desc>
    <sym>Flag, Blue</sym>
    <type>user</type>
    <extensions>
      <gpxx:WaypointExtension>
        <gpxx:DisplayMode>SymbolAndName</gpxx:DisplayMode>
      </gpxx:WaypointExtension>
      <wptx1:WaypointExtension>
        <wptx1:DisplayMode>SymbolAndName</wptx1:DisplayMode>
      </wptx1:WaypointExtension>
      <ctx:CreationTimeExtension>
        <ctx:CreationTime>2026-10-02T12:44:04Z</ctx:CreationTime>
      </ctx:CreationTimeExtension>
    </extensions>
  </wpt>
  <wpt lat="-18.317250022664666" lon="32.851943029090762">
    <ele>0</ele>
    <time>2026-10-02T12:44:04Z</time>
    <name>The Challenge 2025-77</name>
    <cmt>&lt;table&gt;
&lt;tr&gt;&lt;td&gt;Longitude: 32.851943 &lt;/td&gt;&lt;/tr&gt;
&lt;tr&gt;&lt;td&gt;Latitude: -18.317250 &lt;/td&gt;&lt;/tr&gt;
&lt;tr&gt;&lt;td&gt;Heading: 103.3 &lt;/td&gt;&lt;/tr&gt;
&lt;/table&gt;</cmt>
    <desc>&lt;table&gt;
&lt;tr&gt;&lt;td&gt;Longitude: 32.851943 &lt;/td&gt;&lt;/tr&gt;
&lt;tr&gt;&lt;td&gt;Latitude: -18.317250 &lt;/td&gt;&lt;/tr&gt;
&lt;tr&gt;&lt;td&gt;Heading: 103.3 &lt;/td&gt;&lt;/tr&gt;
&lt;/table&gt;</desc>
    <sym>Flag, Blue</sym>
    <type>user</type>
    <extensions>
      <gpxx:WaypointExtension>
        <gpxx:DisplayMode>SymbolAndName</gpxx:DisplayMode>
      </gpxx:WaypointExtension>
      <wptx1:WaypointExtension>
        <wptx1:DisplayMode>SymbolAndName</wptx1:DisplayMode>
      </wptx1:WaypointExtension>
      <ctx:CreationTimeExtension>
        <ctx:CreationTime>2026-10-02T12:44:04Z</ctx:CreationTime>
      </ctx:CreationTimeExtension>
    </extensions>
  </wpt>
  <wpt lat="-18.317296961322427" lon="32.852109996601939">
    <ele>0</ele>
    <time>2026-10-02T12:44:04Z</time>
    <name>The Challenge 2025-78</name>
    <cmt>&lt;table&gt;
&lt;tr&gt;&lt;td&gt;Longitude: 32.852110 &lt;/td&gt;&lt;/tr&gt;
&lt;tr&gt;&lt;td&gt;Latitude: -18.317297 &lt;/td&gt;&lt;/tr&gt;
&lt;tr&gt;&lt;td&gt;Heading: 106.6 &lt;/td&gt;&lt;/tr&gt;
&lt;/table&gt;</cmt>
    <desc>&lt;table&gt;
&lt;tr&gt;&lt;td&gt;Longitude: 32.852110 &lt;/td&gt;&lt;/tr&gt;
&lt;tr&gt;&lt;td&gt;Latitude: -18.317297 &lt;/td&gt;&lt;/tr&gt;
&lt;tr&gt;&lt;td&gt;Heading: 106.6 &lt;/td&gt;&lt;/tr&gt;
&lt;/table&gt;</desc>
    <sym>Flag, Blue</sym>
    <type>user</type>
    <extensions>
      <gpxx:WaypointExtension>
        <gpxx:DisplayMode>SymbolAndName</gpxx:DisplayMode>
      </gpxx:WaypointExtension>
      <wptx1:WaypointExtension>
        <wptx1:DisplayMode>SymbolAndName</wptx1:DisplayMode>
      </wptx1:WaypointExtension>
      <ctx:CreationTimeExtension>
        <ctx:CreationTime>2026-10-02T12:44:04Z</ctx:CreationTime>
      </ctx:CreationTimeExtension>
    </extensions>
  </wpt>
  <wpt lat="-18.317122031003237" lon="32.852178979665041">
    <ele>0</ele>
    <time>2026-10-02T12:44:04Z</time>
    <name>The Challenge 2025-79</name>
    <cmt>&lt;table&gt;
&lt;tr&gt;&lt;td&gt;Longitude: 32.852179 &lt;/td&gt;&lt;/tr&gt;
&lt;tr&gt;&lt;td&gt;Latitude: -18.317122 &lt;/td&gt;&lt;/tr&gt;
&lt;tr&gt;&lt;td&gt;Heading: 20.2 &lt;/td&gt;&lt;/tr&gt;
&lt;/table&gt;</cmt>
    <desc>&lt;table&gt;
&lt;tr&gt;&lt;td&gt;Longitude: 32.852179 &lt;/td&gt;&lt;/tr&gt;
&lt;tr&gt;&lt;td&gt;Latitude: -18.317122 &lt;/td&gt;&lt;/tr&gt;
&lt;tr&gt;&lt;td&gt;Heading: 20.2 &lt;/td&gt;&lt;/tr&gt;
&lt;/table&gt;</desc>
    <sym>Flag, Blue</sym>
    <type>user</type>
    <extensions>
      <gpxx:WaypointExtension>
        <gpxx:DisplayMode>SymbolAndName</gpxx:DisplayMode>
      </gpxx:WaypointExtension>
      <wptx1:WaypointExtension>
        <wptx1:DisplayMode>SymbolAndName</wptx1:DisplayMode>
      </wptx1:WaypointExtension>
      <ctx:CreationTimeExtension>
        <ctx:CreationTime>2026-10-02T12:44:04Z</ctx:CreationTime>
      </ctx:CreationTimeExtension>
    </extensions>
  </wpt>
  <wpt lat="-18.341039037331939" lon="32.832971010357141">
    <ele>0</ele>
    <time>2026-10-02T12:44:04Z</time>
    <name>The Challenge 2025-8</name>
    <cmt>&lt;table&gt;
&lt;tr&gt;&lt;td&gt;Longitude: 32.832971 &lt;/td&gt;&lt;/tr&gt;
&lt;tr&gt;&lt;td&gt;Latitude: -18.341039 &lt;/td&gt;&lt;/tr&gt;
&lt;tr&gt;&lt;td&gt;Heading: 52.4 &lt;/td&gt;&lt;/tr&gt;
&lt;/table&gt;</cmt>
    <desc>&lt;table&gt;
&lt;tr&gt;&lt;td&gt;Longitude: 32.832971 &lt;/td&gt;&lt;/tr&gt;
&lt;tr&gt;&lt;td&gt;Latitude: -18.341039 &lt;/td&gt;&lt;/tr&gt;
&lt;tr&gt;&lt;td&gt;Heading: 52.4 &lt;/td&gt;&lt;/tr&gt;
&lt;/table&gt;</desc>
    <sym>Flag, Blue</sym>
    <type>user</type>
    <extensions>
      <gpxx:WaypointExtension>
        <gpxx:DisplayMode>SymbolAndName</gpxx:DisplayMode>
      </gpxx:WaypointExtension>
      <wptx1:WaypointExtension>
        <wptx1:DisplayMode>SymbolAndName</wptx1:DisplayMode>
      </wptx1:WaypointExtension>
      <ctx:CreationTimeExtension>
        <ctx:CreationTime>2026-10-02T12:44:04Z</ctx:CreationTime>
      </ctx:CreationTimeExtension>
    </extensions>
  </wpt>
  <wpt lat="-18.317161006852984" lon="32.852288028225303">
    <ele>0</ele>
    <time>2026-10-02T12:44:04Z</time>
    <name>The Challenge 2025-80</name>
    <cmt>&lt;table&gt;
&lt;tr&gt;&lt;td&gt;Longitude: 32.852288 &lt;/td&gt;&lt;/tr&gt;
&lt;tr&gt;&lt;td&gt;Latitude: -18.317161 &lt;/td&gt;&lt;/tr&gt;
&lt;tr&gt;&lt;td&gt;Heading: 110.8 &lt;/td&gt;&lt;/tr&gt;
&lt;/table&gt;</cmt>
    <desc>&lt;table&gt;
&lt;tr&gt;&lt;td&gt;Longitude: 32.852288 &lt;/td&gt;&lt;/tr&gt;
&lt;tr&gt;&lt;td&gt;Latitude: -18.317161 &lt;/td&gt;&lt;/tr&gt;
&lt;tr&gt;&lt;td&gt;Heading: 110.8 &lt;/td&gt;&lt;/tr&gt;
&lt;/table&gt;</desc>
    <sym>Flag, Blue</sym>
    <type>user</type>
    <extensions>
      <gpxx:WaypointExtension>
        <gpxx:DisplayMode>SymbolAndName</gpxx:DisplayMode>
      </gpxx:WaypointExtension>
      <wptx1:WaypointExtension>
        <wptx1:DisplayMode>SymbolAndName</wptx1:DisplayMode>
      </wptx1:WaypointExtension>
      <ctx:CreationTimeExtension>
        <ctx:CreationTime>2026-10-02T12:44:04Z</ctx:CreationTime>
      </ctx:CreationTimeExtension>
    </extensions>
  </wpt>
  <wpt lat="-18.316939976066351" lon="32.852320969104767">
    <ele>0</ele>
    <time>2026-10-02T12:44:04Z</time>
    <name>The Challenge 2025-81</name>
    <cmt>&lt;table&gt;
&lt;tr&gt;&lt;td&gt;Longitude: 32.852321 &lt;/td&gt;&lt;/tr&gt;
&lt;tr&gt;&lt;td&gt;Latitude: -18.316940 &lt;/td&gt;&lt;/tr&gt;
&lt;tr&gt;&lt;td&gt;Heading: 8.0 &lt;/td&gt;&lt;/tr&gt;
&lt;/table&gt;</cmt>
    <desc>&lt;table&gt;
&lt;tr&gt;&lt;td&gt;Longitude: 32.852321 &lt;/td&gt;&lt;/tr&gt;
&lt;tr&gt;&lt;td&gt;Latitude: -18.316940 &lt;/td&gt;&lt;/tr&gt;
&lt;tr&gt;&lt;td&gt;Heading: 8.0 &lt;/td&gt;&lt;/tr&gt;
&lt;/table&gt;</desc>
    <sym>Flag, Blue</sym>
    <type>user</type>
    <extensions>
      <gpxx:WaypointExtension>
        <gpxx:DisplayMode>SymbolAndName</gpxx:DisplayMode>
      </gpxx:WaypointExtension>
      <wptx1:WaypointExtension>
        <wptx1:DisplayMode>SymbolAndName</wptx1:DisplayMode>
      </wptx1:WaypointExtension>
      <ctx:CreationTimeExtension>
        <ctx:CreationTime>2026-10-02T12:44:04Z</ctx:CreationTime>
      </ctx:CreationTimeExtension>
    </extensions>
  </wpt>
  <wpt lat="-18.316823970526457" lon="32.852335972711444">
    <ele>0</ele>
    <time>2026-10-02T12:44:04Z</time>
    <name>The Challenge 2025-82</name>
    <cmt>&lt;table&gt;
&lt;tr&gt;&lt;td&gt;Longitude: 32.852336 &lt;/td&gt;&lt;/tr&gt;
&lt;tr&gt;&lt;td&gt;Latitude: -18.316824 &lt;/td&gt;&lt;/tr&gt;
&lt;tr&gt;&lt;td&gt;Heading: 6.8 &lt;/td&gt;&lt;/tr&gt;
&lt;/table&gt;</cmt>
    <desc>&lt;table&gt;
&lt;tr&gt;&lt;td&gt;Longitude: 32.852336 &lt;/td&gt;&lt;/tr&gt;
&lt;tr&gt;&lt;td&gt;Latitude: -18.316824 &lt;/td&gt;&lt;/tr&gt;
&lt;tr&gt;&lt;td&gt;Heading: 6.8 &lt;/td&gt;&lt;/tr&gt;
&lt;/table&gt;</desc>
    <sym>Flag, Blue</sym>
    <type>user</type>
    <extensions>
      <gpxx:WaypointExtension>
        <gpxx:DisplayMode>SymbolAndName</gpxx:DisplayMode>
      </gpxx:WaypointExtension>
      <wptx1:WaypointExtension>
        <wptx1:DisplayMode>SymbolAndName</wptx1:DisplayMode>
      </wptx1:WaypointExtension>
      <ctx:CreationTimeExtension>
        <ctx:CreationTime>2026-10-02T12:44:04Z</ctx:CreationTime>
      </ctx:CreationTimeExtension>
    </extensions>
  </wpt>
  <wpt lat="-18.316580979153514" lon="32.85224100574851">
    <ele>0</ele>
    <time>2026-10-02T12:44:04Z</time>
    <name>The Challenge 2025-83</name>
    <cmt>&lt;table&gt;
&lt;tr&gt;&lt;td&gt;Longitude: 32.852241 &lt;/td&gt;&lt;/tr&gt;
&lt;tr&gt;&lt;td&gt;Latitude: -18.316581 &lt;/td&gt;&lt;/tr&gt;
&lt;tr&gt;&lt;td&gt;Heading: 339.7 &lt;/td&gt;&lt;/tr&gt;
&lt;/table&gt;</cmt>
    <desc>&lt;table&gt;
&lt;tr&gt;&lt;td&gt;Longitude: 32.852241 &lt;/td&gt;&lt;/tr&gt;
&lt;tr&gt;&lt;td&gt;Latitude: -18.316581 &lt;/td&gt;&lt;/tr&gt;
&lt;tr&gt;&lt;td&gt;Heading: 339.7 &lt;/td&gt;&lt;/tr&gt;
&lt;/table&gt;</desc>
    <sym>Flag, Blue</sym>
    <type>user</type>
    <extensions>
      <gpxx:WaypointExtension>
        <gpxx:DisplayMode>SymbolAndName</gpxx:DisplayMode>
      </gpxx:WaypointExtension>
      <wptx1:WaypointExtension>
        <wptx1:DisplayMode>SymbolAndName</wptx1:DisplayMode>
      </wptx1:WaypointExtension>
      <ctx:CreationTimeExtension>
        <ctx:CreationTime>2026-10-02T12:44:04Z</ctx:CreationTime>
      </ctx:CreationTimeExtension>
    </extensions>
  </wpt>
  <wpt lat="-18.31659397110343" lon="32.852538982406259">
    <ele>0</ele>
    <time>2026-10-02T12:44:04Z</time>
    <name>The Challenge 2025-84</name>
    <cmt>&lt;table&gt;
&lt;tr&gt;&lt;td&gt;Longitude: 32.852539 &lt;/td&gt;&lt;/tr&gt;
&lt;tr&gt;&lt;td&gt;Latitude: -18.316594 &lt;/td&gt;&lt;/tr&gt;
&lt;tr&gt;&lt;td&gt;Heading: 92.7 &lt;/td&gt;&lt;/tr&gt;
&lt;/table&gt;</cmt>
    <desc>&lt;table&gt;
&lt;tr&gt;&lt;td&gt;Longitude: 32.852539 &lt;/td&gt;&lt;/tr&gt;
&lt;tr&gt;&lt;td&gt;Latitude: -18.316594 &lt;/td&gt;&lt;/tr&gt;
&lt;tr&gt;&lt;td&gt;Heading: 92.7 &lt;/td&gt;&lt;/tr&gt;
&lt;/table&gt;</desc>
    <sym>Flag, Blue</sym>
    <type>user</type>
    <extensions>
      <gpxx:WaypointExtension>
        <gpxx:DisplayMode>SymbolAndName</gpxx:DisplayMode>
      </gpxx:WaypointExtension>
      <wptx1:WaypointExtension>
        <wptx1:DisplayMode>SymbolAndName</wptx1:DisplayMode>
      </wptx1:WaypointExtension>
      <ctx:CreationTimeExtension>
        <ctx:CreationTime>2026-10-02T12:44:04Z</ctx:CreationTime>
      </ctx:CreationTimeExtension>
    </extensions>
  </wpt>
  <wpt lat="-18.316431026905775" lon="32.85262699238956">
    <ele>0</ele>
    <time>2026-10-02T12:44:04Z</time>
    <name>The Challenge 2025-85</name>
    <cmt>&lt;table&gt;
&lt;tr&gt;&lt;td&gt;Longitude: 32.852627 &lt;/td&gt;&lt;/tr&gt;
&lt;tr&gt;&lt;td&gt;Latitude: -18.316431 &lt;/td&gt;&lt;/tr&gt;
&lt;tr&gt;&lt;td&gt;Heading: 27.1 &lt;/td&gt;&lt;/tr&gt;
&lt;/table&gt;</cmt>
    <desc>&lt;table&gt;
&lt;tr&gt;&lt;td&gt;Longitude: 32.852627 &lt;/td&gt;&lt;/tr&gt;
&lt;tr&gt;&lt;td&gt;Latitude: -18.316431 &lt;/td&gt;&lt;/tr&gt;
&lt;tr&gt;&lt;td&gt;Heading: 27.1 &lt;/td&gt;&lt;/tr&gt;
&lt;/table&gt;</desc>
    <sym>Flag, Blue</sym>
    <type>user</type>
    <extensions>
      <gpxx:WaypointExtension>
        <gpxx:DisplayMode>SymbolAndName</gpxx:DisplayMode>
      </gpxx:WaypointExtension>
      <wptx1:WaypointExtension>
        <wptx1:DisplayMode>SymbolAndName</wptx1:DisplayMode>
      </wptx1:WaypointExtension>
      <ctx:CreationTimeExtension>
        <ctx:CreationTime>2026-10-02T12:44:04Z</ctx:CreationTime>
      </ctx:CreationTimeExtension>
    </extensions>
  </wpt>
  <wpt lat="-18.316404037177563" lon="32.852750038728118">
    <ele>0</ele>
    <time>2026-10-02T12:44:04Z</time>
    <name>The Challenge 2025-86</name>
    <cmt>&lt;table&gt;
&lt;tr&gt;&lt;td&gt;Longitude: 32.852750 &lt;/td&gt;&lt;/tr&gt;
&lt;tr&gt;&lt;td&gt;Latitude: -18.316404 &lt;/td&gt;&lt;/tr&gt;
&lt;tr&gt;&lt;td&gt;Heading: 76.8 &lt;/td&gt;&lt;/tr&gt;
&lt;/table&gt;</cmt>
    <desc>&lt;table&gt;
&lt;tr&gt;&lt;td&gt;Longitude: 32.852750 &lt;/td&gt;&lt;/tr&gt;
&lt;tr&gt;&lt;td&gt;Latitude: -18.316404 &lt;/td&gt;&lt;/tr&gt;
&lt;tr&gt;&lt;td&gt;Heading: 76.8 &lt;/td&gt;&lt;/tr&gt;
&lt;/table&gt;</desc>
    <sym>Flag, Blue</sym>
    <type>user</type>
    <extensions>
      <gpxx:WaypointExtension>
        <gpxx:DisplayMode>SymbolAndName</gpxx:DisplayMode>
      </gpxx:WaypointExtension>
      <wptx1:WaypointExtension>
        <wptx1:DisplayMode>SymbolAndName</wptx1:DisplayMode>
      </wptx1:WaypointExtension>
      <ctx:CreationTimeExtension>
        <ctx:CreationTime>2026-10-02T12:44:04Z</ctx:CreationTime>
      </ctx:CreationTimeExtension>
    </extensions>
  </wpt>
  <wpt lat="-18.316197004169226" lon="32.852693041786551">
    <ele>0</ele>
    <time>2026-10-02T12:44:04Z</time>
    <name>The Challenge 2025-87</name>
    <cmt>&lt;table&gt;
&lt;tr&gt;&lt;td&gt;Longitude: 32.852693 &lt;/td&gt;&lt;/tr&gt;
&lt;tr&gt;&lt;td&gt;Latitude: -18.316197 &lt;/td&gt;&lt;/tr&gt;
&lt;tr&gt;&lt;td&gt;Heading: 345.3 &lt;/td&gt;&lt;/tr&gt;
&lt;/table&gt;</cmt>
    <desc>&lt;table&gt;
&lt;tr&gt;&lt;td&gt;Longitude: 32.852693 &lt;/td&gt;&lt;/tr&gt;
&lt;tr&gt;&lt;td&gt;Latitude: -18.316197 &lt;/td&gt;&lt;/tr&gt;
&lt;tr&gt;&lt;td&gt;Heading: 345.3 &lt;/td&gt;&lt;/tr&gt;
&lt;/table&gt;</desc>
    <sym>Flag, Blue</sym>
    <type>user</type>
    <extensions>
      <gpxx:WaypointExtension>
        <gpxx:DisplayMode>SymbolAndName</gpxx:DisplayMode>
      </gpxx:WaypointExtension>
      <wptx1:WaypointExtension>
        <wptx1:DisplayMode>SymbolAndName</wptx1:DisplayMode>
      </wptx1:WaypointExtension>
      <ctx:CreationTimeExtension>
        <ctx:CreationTime>2026-10-02T12:44:04Z</ctx:CreationTime>
      </ctx:CreationTimeExtension>
    </extensions>
  </wpt>
  <wpt lat="-18.316027019172907" lon="32.852945001795888">
    <ele>0</ele>
    <time>2026-10-02T12:44:04Z</time>
    <name>The Challenge 2025-88</name>
    <cmt>&lt;table&gt;
&lt;tr&gt;&lt;td&gt;Longitude: 32.852945 &lt;/td&gt;&lt;/tr&gt;
&lt;tr&gt;&lt;td&gt;Latitude: -18.316027 &lt;/td&gt;&lt;/tr&gt;
&lt;tr&gt;&lt;td&gt;Heading: 54.6 &lt;/td&gt;&lt;/tr&gt;
&lt;/table&gt;</cmt>
    <desc>&lt;table&gt;
&lt;tr&gt;&lt;td&gt;Longitude: 32.852945 &lt;/td&gt;&lt;/tr&gt;
&lt;tr&gt;&lt;td&gt;Latitude: -18.316027 &lt;/td&gt;&lt;/tr&gt;
&lt;tr&gt;&lt;td&gt;Heading: 54.6 &lt;/td&gt;&lt;/tr&gt;
&lt;/table&gt;</desc>
    <sym>Flag, Blue</sym>
    <type>user</type>
    <extensions>
      <gpxx:WaypointExtension>
        <gpxx:DisplayMode>SymbolAndName</gpxx:DisplayMode>
      </gpxx:WaypointExtension>
      <wptx1:WaypointExtension>
        <wptx1:DisplayMode>SymbolAndName</wptx1:DisplayMode>
      </wptx1:WaypointExtension>
      <ctx:CreationTimeExtension>
        <ctx:CreationTime>2026-10-02T12:44:04Z</ctx:CreationTime>
      </ctx:CreationTimeExtension>
    </extensions>
  </wpt>
  <wpt lat="-18.315922999754548" lon="32.852870989590883">
    <ele>0</ele>
    <time>2026-10-02T12:44:04Z</time>
    <name>The Challenge 2025-89</name>
    <cmt>&lt;table&gt;
&lt;tr&gt;&lt;td&gt;Longitude: 32.852871 &lt;/td&gt;&lt;/tr&gt;
&lt;tr&gt;&lt;td&gt;Latitude: -18.315923 &lt;/td&gt;&lt;/tr&gt;
&lt;tr&gt;&lt;td&gt;Heading: 325.8 &lt;/td&gt;&lt;/tr&gt;
&lt;/table&gt;</cmt>
    <desc>&lt;table&gt;
&lt;tr&gt;&lt;td&gt;Longitude: 32.852871 &lt;/td&gt;&lt;/tr&gt;
&lt;tr&gt;&lt;td&gt;Latitude: -18.315923 &lt;/td&gt;&lt;/tr&gt;
&lt;tr&gt;&lt;td&gt;Heading: 325.8 &lt;/td&gt;&lt;/tr&gt;
&lt;/table&gt;</desc>
    <sym>Flag, Blue</sym>
    <type>user</type>
    <extensions>
      <gpxx:WaypointExtension>
        <gpxx:DisplayMode>SymbolAndName</gpxx:DisplayMode>
      </gpxx:WaypointExtension>
      <wptx1:WaypointExtension>
        <wptx1:DisplayMode>SymbolAndName</wptx1:DisplayMode>
      </wptx1:WaypointExtension>
      <ctx:CreationTimeExtension>
        <ctx:CreationTime>2026-10-02T12:44:04Z</ctx:CreationTime>
      </ctx:CreationTimeExtension>
    </extensions>
  </wpt>
  <wpt lat="-18.340102024376392" lon="32.833635024726391">
    <ele>0</ele>
    <time>2026-10-02T12:44:04Z</time>
    <name>The Challenge 2025-9</name>
    <cmt>&lt;table&gt;
&lt;tr&gt;&lt;td&gt;Longitude: 32.833635 &lt;/td&gt;&lt;/tr&gt;
&lt;tr&gt;&lt;td&gt;Latitude: -18.340102 &lt;/td&gt;&lt;/tr&gt;
&lt;tr&gt;&lt;td&gt;Heading: 33.9 &lt;/td&gt;&lt;/tr&gt;
&lt;/table&gt;</cmt>
    <desc>&lt;table&gt;
&lt;tr&gt;&lt;td&gt;Longitude: 32.833635 &lt;/td&gt;&lt;/tr&gt;
&lt;tr&gt;&lt;td&gt;Latitude: -18.340102 &lt;/td&gt;&lt;/tr&gt;
&lt;tr&gt;&lt;td&gt;Heading: 33.9 &lt;/td&gt;&lt;/tr&gt;
&lt;/table&gt;</desc>
    <sym>Flag, Blue</sym>
    <type>user</type>
    <extensions>
      <gpxx:WaypointExtension>
        <gpxx:DisplayMode>SymbolAndName</gpxx:DisplayMode>
      </gpxx:WaypointExtension>
      <wptx1:WaypointExtension>
        <wptx1:DisplayMode>SymbolAndName</wptx1:DisplayMode>
      </wptx1:WaypointExtension>
      <ctx:CreationTimeExtension>
        <ctx:CreationTime>2026-10-02T12:44:04Z</ctx:CreationTime>
      </ctx:CreationTimeExtension>
    </extensions>
  </wpt>
  <wpt lat="-18.31573499366641" lon="32.852983977645636">
    <ele>0</ele>
    <time>2026-10-02T12:44:04Z</time>
    <name>The Challenge 2025-90</name>
    <cmt>&lt;table&gt;
&lt;tr&gt;&lt;td&gt;Longitude: 32.852984 &lt;/td&gt;&lt;/tr&gt;
&lt;tr&gt;&lt;td&gt;Latitude: -18.315735 &lt;/td&gt;&lt;/tr&gt;
&lt;tr&gt;&lt;td&gt;Heading: 29.7 &lt;/td&gt;&lt;/tr&gt;
&lt;/table&gt;</cmt>
    <desc>&lt;table&gt;
&lt;tr&gt;&lt;td&gt;Longitude: 32.852984 &lt;/td&gt;&lt;/tr&gt;
&lt;tr&gt;&lt;td&gt;Latitude: -18.315735 &lt;/td&gt;&lt;/tr&gt;
&lt;tr&gt;&lt;td&gt;Heading: 29.7 &lt;/td&gt;&lt;/tr&gt;
&lt;/table&gt;</desc>
    <sym>Flag, Blue</sym>
    <type>user</type>
    <extensions>
      <gpxx:WaypointExtension>
        <gpxx:DisplayMode>SymbolAndName</gpxx:DisplayMode>
      </gpxx:WaypointExtension>
      <wptx1:WaypointExtension>
        <wptx1:DisplayMode>SymbolAndName</wptx1:DisplayMode>
      </wptx1:WaypointExtension>
      <ctx:CreationTimeExtension>
        <ctx:CreationTime>2026-10-02T12:44:04Z</ctx:CreationTime>
      </ctx:CreationTimeExtension>
    </extensions>
  </wpt>
  <wpt lat="-18.315557967871428" lon="32.8529719915241">
    <ele>0</ele>
    <time>2026-10-02T12:44:04Z</time>
    <name>The Challenge 2025-91</name>
    <cmt>&lt;table&gt;
&lt;tr&gt;&lt;td&gt;Longitude: 32.852972 &lt;/td&gt;&lt;/tr&gt;
&lt;tr&gt;&lt;td&gt;Latitude: -18.315558 &lt;/td&gt;&lt;/tr&gt;
&lt;tr&gt;&lt;td&gt;Heading: 356.4 &lt;/td&gt;&lt;/tr&gt;
&lt;/table&gt;</cmt>
    <desc>&lt;table&gt;
&lt;tr&gt;&lt;td&gt;Longitude: 32.852972 &lt;/td&gt;&lt;/tr&gt;
&lt;tr&gt;&lt;td&gt;Latitude: -18.315558 &lt;/td&gt;&lt;/tr&gt;
&lt;tr&gt;&lt;td&gt;Heading: 356.4 &lt;/td&gt;&lt;/tr&gt;
&lt;/table&gt;</desc>
    <sym>Flag, Blue</sym>
    <type>user</type>
    <extensions>
      <gpxx:WaypointExtension>
        <gpxx:DisplayMode>SymbolAndName</gpxx:DisplayMode>
      </gpxx:WaypointExtension>
      <wptx1:WaypointExtension>
        <wptx1:DisplayMode>SymbolAndName</wptx1:DisplayMode>
      </wptx1:WaypointExtension>
      <ctx:CreationTimeExtension>
        <ctx:CreationTime>2026-10-02T12:44:04Z</ctx:CreationTime>
      </ctx:CreationTimeExtension>
    </extensions>
  </wpt>
  <wpt lat="-18.315213974565268" lon="32.853223029524088">
    <ele>0</ele>
    <time>2026-10-02T12:44:04Z</time>
    <name>The Challenge 2025-92</name>
    <cmt>&lt;table&gt;
&lt;tr&gt;&lt;td&gt;Longitude: 32.853223 &lt;/td&gt;&lt;/tr&gt;
&lt;tr&gt;&lt;td&gt;Latitude: -18.315214 &lt;/td&gt;&lt;/tr&gt;
&lt;tr&gt;&lt;td&gt;Heading: 34.7 &lt;/td&gt;&lt;/tr&gt;
&lt;/table&gt;</cmt>
    <desc>&lt;table&gt;
&lt;tr&gt;&lt;td&gt;Longitude: 32.853223 &lt;/td&gt;&lt;/tr&gt;
&lt;tr&gt;&lt;td&gt;Latitude: -18.315214 &lt;/td&gt;&lt;/tr&gt;
&lt;tr&gt;&lt;td&gt;Heading: 34.7 &lt;/td&gt;&lt;/tr&gt;
&lt;/table&gt;</desc>
    <sym>Flag, Blue</sym>
    <type>user</type>
    <extensions>
      <gpxx:WaypointExtension>
        <gpxx:DisplayMode>SymbolAndName</gpxx:DisplayMode>
      </gpxx:WaypointExtension>
      <wptx1:WaypointExtension>
        <wptx1:DisplayMode>SymbolAndName</wptx1:DisplayMode>
      </wptx1:WaypointExtension>
      <ctx:CreationTimeExtension>
        <ctx:CreationTime>2026-10-02T12:44:04Z</ctx:CreationTime>
      </ctx:CreationTimeExtension>
    </extensions>
  </wpt>
  <wpt lat="-18.315013982355595" lon="32.853129990398884">
    <ele>0</ele>
    <time>2026-10-02T12:44:04Z</time>
    <name>The Challenge 2025-93</name>
    <cmt>&lt;table&gt;
&lt;tr&gt;&lt;td&gt;Longitude: 32.853130 &lt;/td&gt;&lt;/tr&gt;
&lt;tr&gt;&lt;td&gt;Latitude: -18.315014 &lt;/td&gt;&lt;/tr&gt;
&lt;tr&gt;&lt;td&gt;Heading: 336.2 &lt;/td&gt;&lt;/tr&gt;
&lt;/table&gt;</cmt>
    <desc>&lt;table&gt;
&lt;tr&gt;&lt;td&gt;Longitude: 32.853130 &lt;/td&gt;&lt;/tr&gt;
&lt;tr&gt;&lt;td&gt;Latitude: -18.315014 &lt;/td&gt;&lt;/tr&gt;
&lt;tr&gt;&lt;td&gt;Heading: 336.2 &lt;/td&gt;&lt;/tr&gt;
&lt;/table&gt;</desc>
    <sym>Flag, Blue</sym>
    <type>user</type>
    <extensions>
      <gpxx:WaypointExtension>
        <gpxx:DisplayMode>SymbolAndName</gpxx:DisplayMode>
      </gpxx:WaypointExtension>
      <wptx1:WaypointExtension>
        <wptx1:DisplayMode>SymbolAndName</wptx1:DisplayMode>
      </wptx1:WaypointExtension>
      <ctx:CreationTimeExtension>
        <ctx:CreationTime>2026-10-02T12:44:04Z</ctx:CreationTime>
      </ctx:CreationTimeExtension>
    </extensions>
  </wpt>
  <wpt lat="-18.314762022346258" lon="32.852947013452649">
    <ele>0</ele>
    <time>2026-10-02T12:44:04Z</time>
    <name>The Challenge 2025-94</name>
    <cmt>&lt;table&gt;
&lt;tr&gt;&lt;td&gt;Longitude: 32.852947 &lt;/td&gt;&lt;/tr&gt;
&lt;tr&gt;&lt;td&gt;Latitude: -18.314762 &lt;/td&gt;&lt;/tr&gt;
&lt;tr&gt;&lt;td&gt;Heading: 325.3 &lt;/td&gt;&lt;/tr&gt;
&lt;/table&gt;</cmt>
    <desc>&lt;table&gt;
&lt;tr&gt;&lt;td&gt;Longitude: 32.852947 &lt;/td&gt;&lt;/tr&gt;
&lt;tr&gt;&lt;td&gt;Latitude: -18.314762 &lt;/td&gt;&lt;/tr&gt;
&lt;tr&gt;&lt;td&gt;Heading: 325.3 &lt;/td&gt;&lt;/tr&gt;
&lt;/table&gt;</desc>
    <sym>Flag, Blue</sym>
    <type>user</type>
    <extensions>
      <gpxx:WaypointExtension>
        <gpxx:DisplayMode>SymbolAndName</gpxx:DisplayMode>
      </gpxx:WaypointExtension>
      <wptx1:WaypointExtension>
        <wptx1:DisplayMode>SymbolAndName</wptx1:DisplayMode>
      </wptx1:WaypointExtension>
      <ctx:CreationTimeExtension>
        <ctx:CreationTime>2026-10-02T12:44:04Z</ctx:CreationTime>
      </ctx:CreationTimeExtension>
    </extensions>
  </wpt>
  <wpt lat="-18.31446697935462" lon="32.852932009845972">
    <ele>0</ele>
    <time>2026-10-02T12:44:04Z</time>
    <name>The Challenge 2025-95</name>
    <cmt>&lt;table&gt;
&lt;tr&gt;&lt;td&gt;Longitude: 32.852932 &lt;/td&gt;&lt;/tr&gt;
&lt;tr&gt;&lt;td&gt;Latitude: -18.314467 &lt;/td&gt;&lt;/tr&gt;
&lt;tr&gt;&lt;td&gt;Heading: 357.2 &lt;/td&gt;&lt;/tr&gt;
&lt;/table&gt;</cmt>
    <desc>&lt;table&gt;
&lt;tr&gt;&lt;td&gt;Longitude: 32.852932 &lt;/td&gt;&lt;/tr&gt;
&lt;tr&gt;&lt;td&gt;Latitude: -18.314467 &lt;/td&gt;&lt;/tr&gt;
&lt;tr&gt;&lt;td&gt;Heading: 357.2 &lt;/td&gt;&lt;/tr&gt;
&lt;/table&gt;</desc>
    <sym>Flag, Blue</sym>
    <type>user</type>
    <extensions>
      <gpxx:WaypointExtension>
        <gpxx:DisplayMode>SymbolAndName</gpxx:DisplayMode>
      </gpxx:WaypointExtension>
      <wptx1:WaypointExtension>
        <wptx1:DisplayMode>SymbolAndName</wptx1:DisplayMode>
      </wptx1:WaypointExtension>
      <ctx:CreationTimeExtension>
        <ctx:CreationTime>2026-10-02T12:44:04Z</ctx:CreationTime>
      </ctx:CreationTimeExtension>
    </extensions>
  </wpt>
  <wpt lat="-18.314153999090195" lon="32.852656999602914">
    <ele>0</ele>
    <time>2026-10-02T12:44:04Z</time>
    <name>The Challenge 2025-96</name>
    <cmt>&lt;table&gt;
&lt;tr&gt;&lt;td&gt;Longitude: 32.852657 &lt;/td&gt;&lt;/tr&gt;
&lt;tr&gt;&lt;td&gt;Latitude: -18.314154 &lt;/td&gt;&lt;/tr&gt;
&lt;tr&gt;&lt;td&gt;Heading: 320.1 &lt;/td&gt;&lt;/tr&gt;
&lt;/table&gt;</cmt>
    <desc>&lt;table&gt;
&lt;tr&gt;&lt;td&gt;Longitude: 32.852657 &lt;/td&gt;&lt;/tr&gt;
&lt;tr&gt;&lt;td&gt;Latitude: -18.314154 &lt;/td&gt;&lt;/tr&gt;
&lt;tr&gt;&lt;td&gt;Heading: 320.1 &lt;/td&gt;&lt;/tr&gt;
&lt;/table&gt;</desc>
    <sym>Flag, Blue</sym>
    <type>user</type>
    <extensions>
      <gpxx:WaypointExtension>
        <gpxx:DisplayMode>SymbolAndName</gpxx:DisplayMode>
      </gpxx:WaypointExtension>
      <wptx1:WaypointExtension>
        <wptx1:DisplayMode>SymbolAndName</wptx1:DisplayMode>
      </wptx1:WaypointExtension>
      <ctx:CreationTimeExtension>
        <ctx:CreationTime>2026-10-02T12:44:04Z</ctx:CreationTime>
      </ctx:CreationTimeExtension>
    </extensions>
  </wpt>
  <wpt lat="-18.313790978863835" lon="32.852443009614944">
    <ele>0</ele>
    <time>2026-10-02T12:44:04Z</time>
    <name>The Challenge 2025-97</name>
    <cmt>&lt;table&gt;
&lt;tr&gt;&lt;td&gt;Longitude: 32.852443 &lt;/td&gt;&lt;/tr&gt;
&lt;tr&gt;&lt;td&gt;Latitude: -18.313791 &lt;/td&gt;&lt;/tr&gt;
&lt;tr&gt;&lt;td&gt;Heading: 330.8 &lt;/td&gt;&lt;/tr&gt;
&lt;/table&gt;</cmt>
    <desc>&lt;table&gt;
&lt;tr&gt;&lt;td&gt;Longitude: 32.852443 &lt;/td&gt;&lt;/tr&gt;
&lt;tr&gt;&lt;td&gt;Latitude: -18.313791 &lt;/td&gt;&lt;/tr&gt;
&lt;tr&gt;&lt;td&gt;Heading: 330.8 &lt;/td&gt;&lt;/tr&gt;
&lt;/table&gt;</desc>
    <sym>Flag, Blue</sym>
    <type>user</type>
    <extensions>
      <gpxx:WaypointExtension>
        <gpxx:DisplayMode>SymbolAndName</gpxx:DisplayMode>
      </gpxx:WaypointExtension>
      <wptx1:WaypointExtension>
        <wptx1:DisplayMode>SymbolAndName</wptx1:DisplayMode>
      </wptx1:WaypointExtension>
      <ctx:CreationTimeExtension>
        <ctx:CreationTime>2026-10-02T12:44:04Z</ctx:CreationTime>
      </ctx:CreationTimeExtension>
    </extensions>
  </wpt>
  <wpt lat="-18.313403986394405" lon="32.852222984656692">
    <ele>0</ele>
    <time>2026-10-02T12:44:04Z</time>
    <name>The Challenge 2025-98</name>
    <cmt>&lt;table&gt;
&lt;tr&gt;&lt;td&gt;Longitude: 32.852223 &lt;/td&gt;&lt;/tr&gt;
&lt;tr&gt;&lt;td&gt;Latitude: -18.313404 &lt;/td&gt;&lt;/tr&gt;
&lt;tr&gt;&lt;td&gt;Heading: 331.6 &lt;/td&gt;&lt;/tr&gt;
&lt;/table&gt;</cmt>
    <desc>&lt;table&gt;
&lt;tr&gt;&lt;td&gt;Longitude: 32.852223 &lt;/td&gt;&lt;/tr&gt;
&lt;tr&gt;&lt;td&gt;Latitude: -18.313404 &lt;/td&gt;&lt;/tr&gt;
&lt;tr&gt;&lt;td&gt;Heading: 331.6 &lt;/td&gt;&lt;/tr&gt;
&lt;/table&gt;</desc>
    <sym>Flag, Blue</sym>
    <type>user</type>
    <extensions>
      <gpxx:WaypointExtension>
        <gpxx:DisplayMode>SymbolAndName</gpxx:DisplayMode>
      </gpxx:WaypointExtension>
      <wptx1:WaypointExtension>
        <wptx1:DisplayMode>SymbolAndName</wptx1:DisplayMode>
      </wptx1:WaypointExtension>
      <ctx:CreationTimeExtension>
        <ctx:CreationTime>2026-10-02T12:44:04Z</ctx:CreationTime>
      </ctx:CreationTimeExtension>
    </extensions>
  </wpt>
  <wpt lat="-18.313066028058529" lon="32.851893994957209">
    <ele>0</ele>
    <time>2026-10-02T12:44:04Z</time>
    <name>The Challenge 2025-99</name>
    <cmt>&lt;table&gt;
&lt;tr&gt;&lt;td&gt;Longitude: 32.851894 &lt;/td&gt;&lt;/tr&gt;
&lt;tr&gt;&lt;td&gt;Latitude: -18.313066 &lt;/td&gt;&lt;/tr&gt;
&lt;tr&gt;&lt;td&gt;Heading: 317.3 &lt;/td&gt;&lt;/tr&gt;
&lt;/table&gt;</cmt>
    <desc>&lt;table&gt;
&lt;tr&gt;&lt;td&gt;Longitude: 32.851894 &lt;/td&gt;&lt;/tr&gt;
&lt;tr&gt;&lt;td&gt;Latitude: -18.313066 &lt;/td&gt;&lt;/tr&gt;
&lt;tr&gt;&lt;td&gt;Heading: 317.3 &lt;/td&gt;&lt;/tr&gt;
&lt;/table&gt;</desc>
    <sym>Flag, Blue</sym>
    <type>user</type>
    <extensions>
      <gpxx:WaypointExtension>
        <gpxx:DisplayMode>SymbolAndName</gpxx:DisplayMode>
      </gpxx:WaypointExtension>
      <wptx1:WaypointExtension>
        <wptx1:DisplayMode>SymbolAndName</wptx1:DisplayMode>
      </wptx1:WaypointExtension>
      <ctx:CreationTimeExtension>
        <ctx:CreationTime>2026-10-02T12:44:04Z</ctx:CreationTime>
      </ctx:CreationTimeExtension>
    </extensions>
  </wpt>
  <trk>
    <name>Path 005</name>
    <extensions>
      <gpxx:TrackExtension>
        <gpxx:DisplayColor>DarkGray</gpxx:DisplayColor>
      </gpxx:TrackExtension>
    </extensions>
    <trkseg>
      <trkpt lat="-18.346112016588449" lon="32.830275977030396">
        <ele>0</ele>
      </trkpt>
      <trkpt lat="-18.344600005075336" lon="32.828490966930985">
        <ele>0</ele>
      </trkpt>
      <trkpt lat="-18.344355002045631" lon="32.828703029081225">
        <ele>0</ele>
      </trkpt>
      <trkpt lat="-18.344166995957494" lon="32.82933603040874">
        <ele>0</ele>
      </trkpt>
      <trkpt lat="-18.343775980174541" lon="32.830054024234414">
        <ele>0</ele>
      </trkpt>
      <trkpt lat="-18.343451013788581" lon="32.830584011971951">
        <ele>0</ele>
      </trkpt>
      <trkpt lat="-18.342276960611343" lon="32.831296976655722">
        <ele>0</ele>
      </trkpt>
      <trkpt lat="-18.341733980923891" lon="32.832018993794918">
        <ele>0</ele>
      </trkpt>
      <trkpt lat="-18.341039037331939" lon="32.832971010357141">
        <ele>0</ele>
      </trkpt>
      <trkpt lat="-18.340102024376392" lon="32.833635024726391">
        <ele>0</ele>
      </trkpt>
      <trkpt lat="-18.33846696652472" lon="32.833930989727378">
        <ele>0</ele>
      </trkpt>
      <trkpt lat="-18.337216973304749" lon="32.834851993247867">
        <ele>0</ele>
      </trkpt>
      <trkpt lat="-18.336384985595942" lon="32.836079020053148">
        <ele>0</ele>
      </trkpt>
      <trkpt lat="-18.335820967331529" lon="32.836704980581999">
        <ele>0</ele>
      </trkpt>
      <trkpt lat="-18.335402961820364" lon="32.837054003030062">
        <ele>0</ele>
      </trkpt>
      <trkpt lat="-18.33526499569416" lon="32.837590025737882">
        <ele>0</ele>
      </trkpt>
      <trkpt lat="-18.33502703346312" lon="32.838181033730507">
        <ele>0</ele>
      </trkpt>
      <trkpt lat="-18.334712041541934" lon="32.838656036183238">
        <ele>0</ele>
      </trkpt>
      <trkpt lat="-18.334802985191345" lon="32.839466985315084">
        <ele>0</ele>
      </trkpt>
      <trkpt lat="-18.334731990471482" lon="32.840212974697351">
        <ele>0</ele>
      </trkpt>
      <trkpt lat="-18.335018986836076" lon="32.840684959664941">
        <ele>0</ele>
      </trkpt>
      <trkpt lat="-18.335355017334223" lon="32.840785039588809">
        <ele>0</ele>
      </trkpt>
      <trkpt lat="-18.335534976795316" lon="32.841128027066588">
        <ele>0</ele>
      </trkpt>
      <trkpt lat="-18.335755001753569" lon="32.841354003176093">
        <ele>0</ele>
      </trkpt>
      <trkpt lat="-18.33590998314321" lon="32.841529017314315">
        <ele>0</ele>
      </trkpt>
      <trkpt lat="-18.336409041658044" lon="32.841996978968382">
        <ele>0</ele>
      </trkpt>
      <trkpt lat="-18.336791004985571" lon="32.841720962896943">
        <ele>0</ele>
      </trkpt>
      <trkpt lat="-18.337102979421616" lon="32.841808972880244">
        <ele>0</ele>
      </trkpt>
      <trkpt lat="-18.337269024923444" lon="32.842190014198422">
        <ele>0</ele>
      </trkpt>
      <trkpt lat="-18.337405985221267" lon="32.842511041089892">
        <ele>0</ele>
      </trkpt>
      <trkpt lat="-18.33760698325932" lon="32.842738023027778">
        <ele>0</ele>
      </trkpt>
      <trkpt lat="-18.337660040706396" lon="32.843047985807061">
        <ele>0</ele>
      </trkpt>
      <trkpt lat="-18.337335996329784" lon="32.843941999599338">
        <ele>0</ele>
      </trkpt>
      <trkpt lat="-18.33663996309042" lon="32.844873983412981">
        <ele>0</ele>
      </trkpt>
      <trkpt lat="-18.335853992030025" lon="32.845617039129138">
        <ele>0</ele>
      </trkpt>
      <trkpt lat="-18.335604965686798" lon="32.846045019105077">
        <ele>0</ele>
      </trkpt>
      <trkpt lat="-18.335060980170965" lon="32.846368979662657">
        <ele>0</ele>
      </trkpt>
      <trkpt lat="-18.334147017449141" lon="32.846813974902034">
        <ele>0</ele>
      </trkpt>
      <trkpt lat="-18.333015963435173" lon="32.847644034773111">
        <ele>0</ele>
      </trkpt>
      <trkpt lat="-18.33195498213172" lon="32.84822003915906">
        <ele>0</ele>
      </trkpt>
      <trkpt lat="-18.331477968022227" lon="32.84865103662014">
        <ele>0</ele>
      </trkpt>
      <trkpt lat="-18.330513965338469" lon="32.848935015499592">
        <ele>0</ele>
      </trkpt>
      <trkpt lat="-18.330071987584233" lon="32.849251013249159">
        <ele>0</ele>
      </trkpt>
      <trkpt lat="-18.329529007896781" lon="32.849695002660155">
        <ele>0</ele>
      </trkpt>
      <trkpt lat="-18.328963983803988" lon="32.850262960419059">
        <ele>0</ele>
      </trkpt>
      <trkpt lat="-18.328553019091487" lon="32.850901996716857">
        <ele>0</ele>
      </trkpt>
      <trkpt lat="-18.327777022495866" lon="32.850665040314198">
        <ele>0</ele>
      </trkpt>
      <trkpt lat="-18.326824000105262" lon="32.850387012585998">
        <ele>0</ele>
      </trkpt>
      <trkpt lat="-18.32585396245122" lon="32.850266983732581">
        <ele>0</ele>
      </trkpt>
      <trkpt lat="-18.325603008270264" lon="32.850147960707545">
        <ele>0</ele>
      </trkpt>
      <trkpt lat="-18.325033960863948" lon="32.850283998996019">
        <ele>0</ele>
      </trkpt>
      <trkpt lat="-18.324377993121743" lon="32.850278969854116">
        <ele>0</ele>
      </trkpt>
      <trkpt lat="-18.323763012886047" lon="32.849675975739956">
        <ele>0</ele>
      </trkpt>
      <trkpt lat="-18.323203017935157" lon="32.850044025108218">
        <ele>0</ele>
      </trkpt>
      <trkpt lat="-18.322951979935169" lon="32.849891977384686">
        <ele>0</ele>
      </trkpt>
      <trkpt lat="-18.322741007432342" lon="32.850093981251121">
        <ele>0</ele>
      </trkpt>
      <trkpt lat="-18.322517964988947" lon="32.850037990137935">
        <ele>0</ele>
      </trkpt>
      <trkpt lat="-18.322519976645708" lon="32.850301014259458">
        <ele>0</ele>
      </trkpt>
      <trkpt lat="-18.322131978347898" lon="32.850336972624063">
        <ele>0</ele>
      </trkpt>
      <trkpt lat="-18.321567038074136" lon="32.850071014836431">
        <ele>0</ele>
      </trkpt>
      <trkpt lat="-18.321263026446104" lon="32.850293973460793">
        <ele>0</ele>
      </trkpt>
      <trkpt lat="-18.321492020040751" lon="32.850472005084157">
        <ele>0</ele>
      </trkpt>
      <trkpt lat="-18.321097986772656" lon="32.850637966766953">
        <ele>0</ele>
      </trkpt>
      <trkpt lat="-18.320982987061143" lon="32.850837958976626">
        <ele>0</ele>
      </trkpt>
      <trkpt lat="-18.320595994591713" lon="32.850727988407016">
        <ele>0</ele>
      </trkpt>
      <trkpt lat="-18.320215959101915" lon="32.850921023637056">
        <ele>0</ele>
      </trkpt>
      <trkpt lat="-18.319669039919972" lon="32.850603014230728">
        <ele>0</ele>
      </trkpt>
      <trkpt lat="-18.319053975865245" lon="32.850782973691821">
        <ele>0</ele>
      </trkpt>
      <trkpt lat="-18.318708976730704" lon="32.850667973980308">
        <ele>0</ele>
      </trkpt>
      <trkpt lat="-18.318274961784482" lon="32.850688006728888">
        <ele>0</ele>
      </trkpt>
      <trkpt lat="-18.318275967612863" lon="32.850980032235384">
        <ele>0</ele>
      </trkpt>
      <trkpt lat="-18.317905990406871" lon="32.850997969508171">
        <ele>0</ele>
      </trkpt>
      <trkpt lat="-18.318040017038584" lon="32.851528041064739">
        <ele>0</ele>
      </trkpt>
      <trkpt lat="-18.317684959620237" lon="32.851585960015655">
        <ele>0</ele>
      </trkpt>
      <trkpt lat="-18.317699041217566" lon="32.851717974990606">
        <ele>0</ele>
      </trkpt>
      <trkpt lat="-18.317376002669334" lon="32.851787963882089">
        <ele>0</ele>
      </trkpt>
      <trkpt lat="-18.317207023501396" lon="32.851752005517483">
        <ele>0</ele>
      </trkpt>
      <trkpt lat="-18.317250022664666" lon="32.851943029090762">
        <ele>0</ele>
      </trkpt>
      <trkpt lat="-18.317296961322427" lon="32.852109996601939">
        <ele>0</ele>
      </trkpt>
      <trkpt lat="-18.317122031003237" lon="32.852178979665041">
        <ele>0</ele>
      </trkpt>
      <trkpt lat="-18.317161006852984" lon="32.852288028225303">
        <ele>0</ele>
      </trkpt>
      <trkpt lat="-18.316939976066351" lon="32.852320969104767">
        <ele>0</ele>
      </trkpt>
      <trkpt lat="-18.316823970526457" lon="32.852335972711444">
        <ele>0</ele>
      </trkpt>
      <trkpt lat="-18.316580979153514" lon="32.85224100574851">
        <ele>0</ele>
      </trkpt>
      <trkpt lat="-18.31659397110343" lon="32.852538982406259">
        <ele>0</ele>
      </trkpt>
      <trkpt lat="-18.316431026905775" lon="32.85262699238956">
        <ele>0</ele>
      </trkpt>
      <trkpt lat="-18.316404037177563" lon="32.852750038728118">
        <ele>0</ele>
      </trkpt>
      <trkpt lat="-18.316197004169226" lon="32.852693041786551">
        <ele>0</ele>
      </trkpt>
      <trkpt lat="-18.316027019172907" lon="32.852945001795888">
        <ele>0</ele>
      </trkpt>
      <trkpt lat="-18.315922999754548" lon="32.852870989590883">
        <ele>0</ele>
      </trkpt>
      <trkpt lat="-18.31573499366641" lon="32.852983977645636">
        <ele>0</ele>
      </trkpt>
      <trkpt lat="-18.315557967871428" lon="32.8529719915241">
        <ele>0</ele>
      </trkpt>
      <trkpt lat="-18.315213974565268" lon="32.853223029524088">
        <ele>0</ele>
      </trkpt>
      <trkpt lat="-18.315013982355595" lon="32.853129990398884">
        <ele>0</ele>
      </trkpt>
      <trkpt lat="-18.314762022346258" lon="32.852947013452649">
        <ele>0</ele>
      </trkpt>
      <trkpt lat="-18.31446697935462" lon="32.852932009845972">
        <ele>0</ele>
      </trkpt>
      <trkpt lat="-18.314153999090195" lon="32.852656999602914">
        <ele>0</ele>
      </trkpt>
      <trkpt lat="-18.313790978863835" lon="32.852443009614944">
        <ele>0</ele>
      </trkpt>
      <trkpt lat="-18.313403986394405" lon="32.852222984656692">
        <ele>0</ele>
      </trkpt>
      <trkpt lat="-18.313066028058529" lon="32.851893994957209">
        <ele>0</ele>
      </trkpt>
      <trkpt lat="-18.312786994501948" lon="32.851602975279093">
        <ele>0</ele>
      </trkpt>
      <trkpt lat="-18.312780037522316" lon="32.851370964199305">
        <ele>0</ele>
      </trkpt>
      <trkpt lat="-18.312604017555714" lon="32.851238027215004">
        <ele>0</ele>
      </trkpt>
      <trkpt lat="-18.312436966225505" lon="32.851026970893145">
        <ele>0</ele>
      </trkpt>
      <trkpt lat="-18.312162961810827" lon="32.850860003381968">
        <ele>0</ele>
      </trkpt>
      <trkpt lat="-18.31195299513638" lon="32.85062899813056">
        <ele>0</ele>
      </trkpt>
      <trkpt lat="-18.311210023239255" lon="32.850072020664811">
        <ele>0</ele>
      </trkpt>
      <trkpt lat="-18.310908023267984" lon="32.849765997380018">
        <ele>0</ele>
      </trkpt>
      <trkpt lat="-18.310740971937776" lon="32.849725009873509">
        <ele>0</ele>
      </trkpt>
      <trkpt lat="-18.310296982526779" lon="32.848962005227804">
        <ele>0</ele>
      </trkpt>
      <trkpt lat="-18.309682002291083" lon="32.848754972219467">
        <ele>0</ele>
      </trkpt>
      <trkpt lat="-18.309300038963556" lon="32.848210986703634">
        <ele>0</ele>
      </trkpt>
      <trkpt lat="-18.308737026527524" lon="32.848143009468913">
        <ele>0</ele>
      </trkpt>
      <trkpt lat="-18.308303011581302" lon="32.847628025338054">
        <ele>0</ele>
      </trkpt>
      <trkpt lat="-18.307779980823398" lon="32.847268022596836">
        <ele>0</ele>
      </trkpt>
      <trkpt lat="-18.307469012215734" lon="32.847069958224893">
        <ele>0</ele>
      </trkpt>
      <trkpt lat="-18.307003984227777" lon="32.846779022365808">
        <ele>0</ele>
      </trkpt>
      <trkpt lat="-18.306778008118272" lon="32.846711967140436">
        <ele>0</ele>
      </trkpt>
      <trkpt lat="-18.306358996778727" lon="32.846015011891723">
        <ele>0</ele>
      </trkpt>
      <trkpt lat="-18.30619596876204" lon="32.84607301466167">
        <ele>0</ele>
      </trkpt>
      <trkpt lat="-18.305876031517982" lon="32.845704965293407">
        <ele>0</ele>
      </trkpt>
      <trkpt lat="-18.305607978254557" lon="32.84542802721262">
        <ele>0</ele>
      </trkpt>
      <trkpt lat="-18.304860983043909" lon="32.84517397172749">
        <ele>0</ele>
      </trkpt>
      <trkpt lat="-18.304587984457612" lon="32.844662005081773">
        <ele>0</ele>
      </trkpt>
      <trkpt lat="-18.304338036105037" lon="32.844516998156905">
        <ele>0</ele>
      </trkpt>
      <trkpt lat="-18.303790027275681" lon="32.84467801451683">
        <ele>0</ele>
      </trkpt>
      <trkpt lat="-18.303691036999226" lon="32.844401998445392">
        <ele>0</ele>
      </trkpt>
      <trkpt lat="-18.303285017609596" lon="32.844189014285803">
        <ele>0</ele>
      </trkpt>
      <trkpt lat="-18.302944041788578" lon="32.844142997637391">
        <ele>0</ele>
      </trkpt>
      <trkpt lat="-18.302812026813626" lon="32.843858012929559">
        <ele>0</ele>
      </trkpt>
      <trkpt lat="-18.302399972453713" lon="32.843902017921209">
        <ele>0</ele>
      </trkpt>
      <trkpt lat="-18.302221018821001" lon="32.843564981594682">
        <ele>0</ele>
      </trkpt>
      <trkpt lat="-18.301951959729195" lon="32.843353003263474">
        <ele>0</ele>
      </trkpt>
      <trkpt lat="-18.301504030823708" lon="32.843110011890531">
        <ele>0</ele>
      </trkpt>
      <trkpt lat="-18.30146798864007" lon="32.842957964166999">
        <ele>0</ele>
      </trkpt>
      <trkpt lat="-18.301305966451764" lon="32.842872971668839">
        <ele>0</ele>
      </trkpt>
      <trkpt lat="-18.301145033910871" lon="32.84272201359272">
        <ele>0</ele>
      </trkpt>
      <trkpt lat="-18.300935989245772" lon="32.842693012207747">
        <ele>0</ele>
      </trkpt>
      <trkpt lat="-18.300787964835763" lon="32.843099031597376">
        <ele>0</ele>
      </trkpt>
      <trkpt lat="-18.30075703561306" lon="32.843319978564978">
        <ele>0</ele>
      </trkpt>
      <trkpt lat="-18.300753012299538" lon="32.843541009351611">
        <ele>0</ele>
      </trkpt>
      <trkpt lat="-18.300505997613072" lon="32.843786012381315">
        <ele>0</ele>
      </trkpt>
      <trkpt lat="-18.300155969336629" lon="32.844000002369285">
        <ele>0</ele>
      </trkpt>
      <trkpt lat="-18.299646014347672" lon="32.844479028135538">
        <ele>0</ele>
      </trkpt>
      <trkpt lat="-18.299246029928327" lon="32.84491497091949">
        <ele>0</ele>
      </trkpt>
      <trkpt lat="-18.299123989418149" lon="32.845290983095765">
        <ele>0</ele>
      </trkpt>
      <trkpt lat="-18.298983005806804" lon="32.845297018066049">
        <ele>0</ele>
      </trkpt>
      <trkpt lat="-18.298742026090622" lon="32.845582002773881">
        <ele>0</ele>
      </trkpt>
      <trkpt lat="-18.298526024445891" lon="32.84562399610877">
        <ele>0</ele>
      </trkpt>
      <trkpt lat="-18.298498028889298" lon="32.846038984134793">
        <ele>0</ele>
      </trkpt>
      <trkpt lat="-18.298558965325356" lon="32.84633100964129">
        <ele>0</ele>
      </trkpt>
      <trkpt lat="-18.298450000584126" lon="32.84665203653276">
        <ele>0</ele>
      </trkpt>
      <trkpt lat="-18.2982889842242" lon="32.84699996933341">
        <ele>0</ele>
      </trkpt>
      <trkpt lat="-18.298132997006178" lon="32.847356032580137">
        <ele>0</ele>
      </trkpt>
      <trkpt lat="-18.297928981482983" lon="32.84770798869431">
        <ele>0</ele>
      </trkpt>
      <trkpt lat="-18.297586999833584" lon="32.848301008343697">
        <ele>0</ele>
      </trkpt>
      <trkpt lat="-18.297571996226907" lon="32.848640978336334">
        <ele>0</ele>
      </trkpt>
      <trkpt lat="-18.297654977068305" lon="32.849195022135973">
        <ele>0</ele>
      </trkpt>
      <trkpt lat="-18.297452973201871" lon="32.849329970777035">
        <ele>0</ele>
      </trkpt>
      <trkpt lat="-18.29719103872776" lon="32.849322007969022">
        <ele>0</ele>
      </trkpt>
      <trkpt lat="-18.296991968527436" lon="32.849542032927275">
        <ele>0</ele>
      </trkpt>
      <trkpt lat="-18.296689968556166" lon="32.849629037082195">
        <ele>0</ele>
      </trkpt>
      <trkpt lat="-18.296456029638648" lon="32.8498550131917">
        <ele>0</ele>
      </trkpt>
      <trkpt lat="-18.296245979145169" lon="32.850037990137935">
        <ele>0</ele>
      </trkpt>
      <trkpt lat="-18.296221001073718" lon="32.850653976202011">
        <ele>0</ele>
      </trkpt>
      <trkpt lat="-18.295960994437337" lon="32.851073993369937">
        <ele>0</ele>
      </trkpt>
      <trkpt lat="-18.295434024184942" lon="32.852070014923811">
        <ele>0</ele>
      </trkpt>
      <trkpt lat="-18.295152978971601" lon="32.852614000439644">
        <ele>0</ele>
      </trkpt>
      <trkpt lat="-18.294128961861134" lon="32.854154007509351">
        <ele>0</ele>
      </trkpt>
      <trkpt lat="-18.293799972161651" lon="32.854659017175436">
        <ele>0</ele>
      </trkpt>
      <trkpt lat="-18.293310971930623" lon="32.855052966624498">
        <ele>0</ele>
      </trkpt>
      <trkpt lat="-18.293236037716269" lon="32.855224963277578">
        <ele>0</ele>
      </trkpt>
      <trkpt lat="-18.292975025251508" lon="32.855365024879575">
        <ele>0</ele>
      </trkpt>
      <trkpt lat="-18.292799005284905" lon="32.855710024014115">
        <ele>0</ele>
      </trkpt>
      <trkpt lat="-18.292494993656874" lon="32.85606499761343">
        <ele>0</ele>
      </trkpt>
      <trkpt lat="-18.292092997580767" lon="32.856419971212745">
        <ele>0</ele>
      </trkpt>
      <trkpt lat="-18.291816981509328" lon="32.856677966192365">
        <ele>0</ele>
      </trkpt>
      <trkpt lat="-18.291704999282956" lon="32.856914000585675">
        <ele>0</ele>
      </trkpt>
      <trkpt lat="-18.291402999311686" lon="32.857125978916883">
        <ele>0</ele>
      </trkpt>
      <trkpt lat="-18.29124198295176" lon="32.857422027736902">
        <ele>0</ele>
      </trkpt>
      <trkpt lat="-18.291147015988827" lon="32.85756703466177">
        <ele>0</ele>
      </trkpt>
      <trkpt lat="-18.290843004360795" lon="32.857715981081128">
        <ele>0</ele>
      </trkpt>
      <trkpt lat="-18.290356015786529" lon="32.858009012416005">
        <ele>0</ele>
      </trkpt>
      <trkpt lat="-18.290243027731776" lon="32.858325010165572">
        <ele>0</ele>
      </trkpt>
      <trkpt lat="-18.290061978623271" lon="32.858848040923476">
        <ele>0</ele>
      </trkpt>
      <trkpt lat="-18.289833990857005" lon="32.859378028661013">
        <ele>0</ele>
      </trkpt>
      <trkpt lat="-18.289481028914452" lon="32.859704000875354">
        <ele>0</ele>
      </trkpt>
      <trkpt lat="-18.289152961224318" lon="32.859860993921757">
        <ele>0</ele>
      </trkpt>
      <trkpt lat="-18.288803016766906" lon="32.860353011637926">
        <ele>0</ele>
      </trkpt>
      <trkpt lat="-18.288754988461733" lon="32.860610000789165">
        <ele>0</ele>
      </trkpt>
      <trkpt lat="-18.28920098952949" lon="32.861430002376437">
        <ele>0</ele>
      </trkpt>
      <trkpt lat="-18.289439035579562" lon="32.861883966252208">
        <ele>0</ele>
      </trkpt>
      <trkpt lat="-18.290089974179864" lon="32.862325021997094">
        <ele>0</ele>
      </trkpt>
      <trkpt lat="-18.29048995859921" lon="32.862336002290249">
        <ele>0</ele>
      </trkpt>
      <trkpt lat="-18.290932020172477" lon="32.862104997038841">
        <ele>0</ele>
      </trkpt>
      <trkpt lat="-18.291469970718026" lon="32.861913973465562">
        <ele>0</ele>
      </trkpt>
      <trkpt lat="-18.291510036215186" lon="32.862061997875571">
        <ele>0</ele>
      </trkpt>
      <trkpt lat="-18.291264027357101" lon="32.862158976495266">
        <ele>0</ele>
      </trkpt>
      <trkpt lat="-18.291287999600172" lon="32.862316975370049">
        <ele>0</ele>
      </trkpt>
      <trkpt lat="-18.291213987395167" lon="32.862457958981395">
        <ele>0</ele>
      </trkpt>
      <trkpt lat="-18.291113991290331" lon="32.862743027508259">
        <ele>0</ele>
      </trkpt>
      <trkpt lat="-18.291207030415535" lon="32.86302600055933">
        <ele>0</ele>
      </trkpt>
      <trkpt lat="-18.291196972131729" lon="32.86330402828753">
        <ele>0</ele>
      </trkpt>
      <trkpt lat="-18.291007038205862" lon="32.863706024363637">
        <ele>0</ele>
      </trkpt>
      <trkpt lat="-18.290974013507366" lon="32.864021016284823">
        <ele>0</ele>
      </trkpt>
      <trkpt lat="-18.290680982172489" lon="32.864385964348912">
        <ele>0</ele>
      </trkpt>
      <trkpt lat="-18.290621973574162" lon="32.865149974822998">
        <ele>0</ele>
      </trkpt>
      <trkpt lat="-18.29085499048233" lon="32.86568901501596">
        <ele>0</ele>
      </trkpt>
      <trkpt lat="-18.29119797796011" lon="32.865885989740491">
        <ele>0</ele>
      </trkpt>
      <trkpt lat="-18.291443986818194" lon="32.866070978343487">
        <ele>0</ele>
      </trkpt>
      <trkpt lat="-18.291769037023187" lon="32.866176003590226">
        <ele>0</ele>
      </trkpt>
      <trkpt lat="-18.292042035609484" lon="32.866580011323094">
        <ele>0</ele>
      </trkpt>
      <trkpt lat="-18.292404972016811" lon="32.866791989654303">
        <ele>0</ele>
      </trkpt>
      <trkpt lat="-18.29233699478209" lon="32.867205971851945">
        <ele>0</ele>
      </trkpt>
      <trkpt lat="-18.292427016422153" lon="32.867616014555097">
        <ele>0</ele>
      </trkpt>
      <trkpt lat="-18.292839992791414" lon="32.867957996204495">
        <ele>0</ele>
      </trkpt>
      <trkpt lat="-18.293129000812769" lon="32.868200987577438">
        <ele>0</ele>
      </trkpt>
      <trkpt lat="-18.292903024703264" lon="32.868644976988435">
        <ele>0</ele>
      </trkpt>
      <trkpt lat="-18.29274301417172" lon="32.869196003302932">
        <ele>0</ele>
      </trkpt>
      <trkpt lat="-18.292263988405466" lon="32.869690032675862">
        <ele>0</ele>
      </trkpt>
      <trkpt lat="-18.291439041495323" lon="32.870282968506217">
        <ele>0</ele>
      </trkpt>
      <trkpt lat="-18.290576040744781" lon="32.870931979268789">
        <ele>0</ele>
      </trkpt>
      <trkpt lat="-18.289842959493399" lon="32.871442018076777">
        <ele>0</ele>
      </trkpt>
      <trkpt lat="-18.289684960618615" lon="32.872032020241022">
        <ele>0</ele>
      </trkpt>
      <trkpt lat="-18.289455967023969" lon="32.872855961322784">
        <ele>0</ele>
      </trkpt>
      <trkpt lat="-18.288577040657401" lon="32.873634975403547">
        <ele>0</ele>
      </trkpt>
      <trkpt lat="-18.28816800378263" lon="32.874063039198518">
        <ele>0</ele>
      </trkpt>
      <trkpt lat="-18.288226006552577" lon="32.874382976442575">
        <ele>0</ele>
      </trkpt>
      <trkpt lat="-18.287848988547921" lon="32.874633008614182">
        <ele>0</ele>
      </trkpt>
      <trkpt lat="-18.287786040455103" lon="32.874936014413834">
        <ele>0</ele>
      </trkpt>
      <trkpt lat="-18.287316989153624" lon="32.875346979126334">
        <ele>0</ele>
      </trkpt>
      <trkpt lat="-18.287084978073835" lon="32.875930024310946">
        <ele>0</ele>
      </trkpt>
      <trkpt lat="-18.286903006955981" lon="32.876263959333301">
        <ele>0</ele>
      </trkpt>
      <trkpt lat="-18.286574017256498" lon="32.876783972606063">
        <ele>0</ele>
      </trkpt>
      <trkpt lat="-18.286113012582064" lon="32.877476988360286">
        <ele>0</ele>
      </trkpt>
      <trkpt lat="-18.2859349809587" lon="32.878271006047726">
        <ele>0</ele>
      </trkpt>
      <trkpt lat="-18.285702969878912" lon="32.878545010462403">
        <ele>0</ele>
      </trkpt>
      <trkpt lat="-18.285713028162718" lon="32.879142975434661">
        <ele>0</ele>
      </trkpt>
      <trkpt lat="-18.285485962405801" lon="32.879581013694406">
        <ele>0</ele>
      </trkpt>
      <trkpt lat="-18.285468025133014" lon="32.880290960893035">
        <ele>0</ele>
      </trkpt>
      <trkpt lat="-18.285623006522655" lon="32.8806640394032">
        <ele>0</ele>
      </trkpt>
      <trkpt lat="-18.285330981016159" lon="32.881068969145417">
        <ele>0</ele>
      </trkpt>
      <trkpt lat="-18.285242971032858" lon="32.881458979099989">
        <ele>0</ele>
      </trkpt>
      <trkpt lat="-18.285239031538367" lon="32.88169601932168">
        <ele>0</ele>
      </trkpt>
      <trkpt lat="-18.28526702709496" lon="32.881952002644539">
        <ele>0</ele>
      </trkpt>
      <trkpt lat="-18.285184968262911" lon="32.882203962653875">
        <ele>0</ele>
      </trkpt>
      <trkpt lat="-18.285215981304646" lon="32.882547033950686">
        <ele>0</ele>
      </trkpt>
      <trkpt lat="-18.285427959635854" lon="32.882792036980391">
        <ele>0</ele>
      </trkpt>
      <trkpt lat="-18.285167030990124" lon="32.883192021399736">
        <ele>0</ele>
      </trkpt>
      <trkpt lat="-18.28490199521184" lon="32.883297968655825">
        <ele>0</ele>
      </trkpt>
      <trkpt lat="-18.284641988575459" lon="32.883488992229104">
        <ele>0</ele>
      </trkpt>
      <trkpt lat="-18.284422969445586" lon="32.883758973330259">
        <ele>0</ele>
      </trkpt>
      <trkpt lat="-18.2848159968853" lon="32.884174967184663">
        <ele>0</ele>
      </trkpt>
      <trkpt lat="-18.285275995731354" lon="32.884225007146597">
        <ele>0</ele>
      </trkpt>
      <trkpt lat="-18.28582501038909" lon="32.884317962452769">
        <ele>0</ele>
      </trkpt>
      <trkpt lat="-18.286332031711936" lon="32.884489959105849">
        <ele>0</ele>
      </trkpt>
      <trkpt lat="-18.286699997261167" lon="32.884701015427709">
        <ele>0</ele>
      </trkpt>
      <trkpt lat="-18.286862019449472" lon="32.885317001491785">
        <ele>0</ele>
      </trkpt>
      <trkpt lat="-18.287077015265822" lon="32.885932987555861">
        <ele>0</ele>
      </trkpt>
      <trkpt lat="-18.287580013275146" lon="32.887005032971501">
        <ele>0</ele>
      </trkpt>
      <trkpt lat="-18.287952002137899" lon="32.887868033722043">
        <ele>0</ele>
      </trkpt>
      <trkpt lat="-18.287863992154598" lon="32.888275980949402">
        <ele>0</ele>
      </trkpt>
      <trkpt lat="-18.288070019334555" lon="32.888641012832522">
        <ele>0</ele>
      </trkpt>
      <trkpt lat="-18.288129027932882" lon="32.889029011130333">
        <ele>0</ele>
      </trkpt>
      <trkpt lat="-18.288260959088802" lon="32.889440981671214">
        <ele>0</ele>
      </trkpt>
      <trkpt lat="-18.288285015150905" lon="32.889974992722273">
        <ele>0</ele>
      </trkpt>
      <trkpt lat="-18.288412000983953" lon="32.890418982133269">
        <ele>0</ele>
      </trkpt>
      <trkpt lat="-18.28889898955822" lon="32.890689969062805">
        <ele>0</ele>
      </trkpt>
      <trkpt lat="-18.289642967283726" lon="32.89091401733458">
        <ele>0</ele>
      </trkpt>
      <trkpt lat="-18.290246967226267" lon="32.89119397290051">
        <ele>0</ele>
      </trkpt>
      <trkpt lat="-18.29044503159821" lon="32.891785986721516">
        <ele>0</ele>
      </trkpt>
      <trkpt lat="-18.29057402908802" lon="32.892422005534172">
        <ele>0</ele>
      </trkpt>
      <trkpt lat="-18.290418963879347" lon="32.893159026280046">
        <ele>0</ele>
      </trkpt>
      <trkpt lat="-18.290313016623259" lon="32.894022027030587">
        <ele>0</ele>
      </trkpt>
      <trkpt lat="-18.290190976113081" lon="32.89480104111135">
        <ele>0</ele>
      </trkpt>
      <trkpt lat="-18.290303964167833" lon="32.895193984732032">
        <ele>0</ele>
      </trkpt>
      <trkpt lat="-18.289873972535133" lon="32.895948020741343">
        <ele>0</ele>
      </trkpt>
      <trkpt lat="-18.289727037772536" lon="32.896841028705239">
        <ele>0</ele>
      </trkpt>
      <trkpt lat="-18.289765007793903" lon="32.897665975615382">
        <ele>0</ele>
      </trkpt>
      <trkpt lat="-18.290048986673355" lon="32.898772973567247">
        <ele>0</ele>
      </trkpt>
      <trkpt lat="-18.290185024961829" lon="32.899660030379891">
        <ele>0</ele>
      </trkpt>
      <trkpt lat="-18.290301030501723" lon="32.900298982858658">
        <ele>0</ele>
      </trkpt>
      <trkpt lat="-18.290608981624246" lon="32.900715982541442">
        <ele>0</ele>
      </trkpt>
      <trkpt lat="-18.291032016277313" lon="32.901262985542417">
        <ele>0</ele>
      </trkpt>
      <trkpt lat="-18.291554041206837" lon="32.902305023744702">
        <ele>0</ele>
      </trkpt>
      <trkpt lat="-18.292622985318303" lon="32.903861962258816">
        <ele>0</ele>
      </trkpt>
      <trkpt lat="-18.292839992791414" lon="32.904916992411017">
        <ele>0</ele>
      </trkpt>
      <trkpt lat="-18.292837981134653" lon="32.905779993161559">
        <ele>0</ele>
      </trkpt>
      <trkpt lat="-18.29235702753067" lon="32.90696200914681">
        <ele>0</ele>
      </trkpt>
      <trkpt lat="-18.292392985895276" lon="32.908083004876971">
        <ele>0</ele>
      </trkpt>
      <trkpt lat="-18.292327020317316" lon="32.908991016447544">
        <ele>0</ele>
      </trkpt>
      <trkpt lat="-18.292037006467581" lon="32.909920988604426">
        <ele>0</ele>
      </trkpt>
      <trkpt lat="-18.291744980961084" lon="32.911312971264124">
        <ele>0</ele>
      </trkpt>
      <trkpt lat="-18.29171497374773" lon="32.912374958395958">
        <ele>0</ele>
      </trkpt>
      <trkpt lat="-18.291637022048235" lon="32.9130669683218">
        <ele>0</ele>
      </trkpt>
      <trkpt lat="-18.291571978479624" lon="32.91424697265029">
        <ele>0</ele>
      </trkpt>
      <trkpt lat="-18.291767025366426" lon="32.914603035897017">
        <ele>0</ele>
      </trkpt>
      <trkpt lat="-18.292488036677241" lon="32.914938982576132">
        <ele>0</ele>
      </trkpt>
      <trkpt lat="-18.293242994695902" lon="32.915354976430535">
        <ele>0</ele>
      </trkpt>
      <trkpt lat="-18.294027037918568" lon="32.915677009150386">
        <ele>0</ele>
      </trkpt>
      <trkpt lat="-18.294933037832379" lon="32.915599979460239">
        <ele>0</ele>
      </trkpt>
      <trkpt lat="-18.295604009181261" lon="32.916391985490918">
        <ele>0</ele>
      </trkpt>
      <trkpt lat="-18.296253019943833" lon="32.917163958773017">
        <ele>0</ele>
      </trkpt>
      <trkpt lat="-18.297376027330756" lon="32.917374009266496">
        <ele>0</ele>
      </trkpt>
      <trkpt lat="-18.298106007277966" lon="32.918153023347259">
        <ele>0</ele>
      </trkpt>
      <trkpt lat="-18.299136981368065" lon="32.918460974469781">
        <ele>0</ele>
      </trkpt>
      <trkpt lat="-18.299800995737314" lon="32.918924996629357">
        <ele>0</ele>
      </trkpt>
      <trkpt lat="-18.300316985696554" lon="32.919085007160902">
        <ele>0</ele>
      </trkpt>
      <trkpt lat="-18.301070015877485" lon="32.919353982433677">
        <ele>0</ele>
      </trkpt>
      <trkpt lat="-18.301767976954579" lon="32.91968397796154">
        <ele>0</ele>
      </trkpt>
      <trkpt lat="-18.303371015936136" lon="32.919816998764873">
        <ele>0</ele>
      </trkpt>
      <trkpt lat="-18.305056029930711" lon="32.920313961803913">
        <ele>0</ele>
      </trkpt>
      <trkpt lat="-18.306226981803775" lon="32.921124994754791">
        <ele>0</ele>
      </trkpt>
      <trkpt lat="-18.307689037173986" lon="32.922187987715006">
        <ele>0</ele>
      </trkpt>
      <trkpt lat="-18.309065010398626" lon="32.923205969855189">
        <ele>0</ele>
      </trkpt>
      <trkpt lat="-18.309647971764207" lon="32.92372397147119">
        <ele>0</ele>
      </trkpt>
      <trkpt lat="-18.310163039714098" lon="32.923793960362673">
        <ele>0</ele>
      </trkpt>
      <trkpt lat="-18.310729991644621" lon="32.924723010510206">
        <ele>0</ele>
      </trkpt>
      <trkpt lat="-18.311310019344091" lon="32.925389958545566">
        <ele>0</ele>
      </trkpt>
      <trkpt lat="-18.311721989884973" lon="32.92546397075057">
        <ele>0</ele>
      </trkpt>
      <trkpt lat="-18.311719978228211" lon="32.925965962931514">
        <ele>0</ele>
      </trkpt>
      <trkpt lat="-18.312320038676262" lon="32.926398972049356">
        <ele>0</ele>
      </trkpt>
      <trkpt lat="-18.312697978690267" lon="32.926916973665357">
        <ele>0</ele>
      </trkpt>
      <trkpt lat="-18.313164012506604" lon="32.927863961085677">
        <ele>0</ele>
      </trkpt>
      <trkpt lat="-18.3137789927423" lon="32.928272997960448">
        <ele>0</ele>
      </trkpt>
      <trkpt lat="-18.313979990780354" lon="32.928671976551414">
        <ele>0</ele>
      </trkpt>
      <trkpt lat="-18.31397102214396" lon="32.928970037028193">
        <ele>0</ele>
      </trkpt>
      <trkpt lat="-18.313641026616096" lon="32.929218979552388">
        <ele>0</ele>
      </trkpt>
      <trkpt lat="-18.313150014728308" lon="32.929478986188769">
        <ele>0</ele>
      </trkpt>
      <trkpt lat="-18.31287500448525" lon="32.929646037518978">
        <ele>0</ele>
      </trkpt>
      <trkpt lat="-18.312938958406448" lon="32.930308962240815">
        <ele>0</ele>
      </trkpt>
      <trkpt lat="-18.312449036166072" lon="32.930556982755661">
        <ele>0</ele>
      </trkpt>
      <trkpt lat="-18.311541024595499" lon="32.930741971358657">
        <ele>0</ele>
      </trkpt>
      <trkpt lat="-18.311256039887667" lon="32.93128696270287">
        <ele>0</ele>
      </trkpt>
      <trkpt lat="-18.311133999377489" lon="32.931787027046084">
        <ele>0</ele>
      </trkpt>
      <trkpt lat="-18.310087015852332" lon="32.932142000645399">
        <ele>0</ele>
      </trkpt>
      <trkpt lat="-18.308990998193622" lon="32.932629995048046">
        <ele>0</ele>
      </trkpt>
      <trkpt lat="-18.307487033307552" lon="32.932453975081444">
        <ele>0</ele>
      </trkpt>
      <trkpt lat="-18.307685013860464" lon="32.933341031894088">
        <ele>0</ele>
      </trkpt>
      <trkpt lat="-18.307489966973662" lon="32.934044022113085">
        <ele>0</ele>
      </trkpt>
      <trkpt lat="-18.306961990892887" lon="32.934341998770833">
        <ele>0</ele>
      </trkpt>
      <trkpt lat="-18.30636503174901" lon="32.934065982699394">
        <ele>0</ele>
      </trkpt>
      <trkpt lat="-18.305717026814818" lon="32.933801030740142">
        <ele>0</ele>
      </trkpt>
      <trkpt lat="-18.305211011320353" lon="32.933430969715118">
        <ele>0</ele>
      </trkpt>
      <trkpt lat="-18.304699966683984" lon="32.933008018881083">
        <ele>0</ele>
      </trkpt>
      <trkpt lat="-18.30441196449101" lon="32.933310018852353">
        <ele>0</ele>
      </trkpt>
      <trkpt lat="-18.30348601564765" lon="32.933642026036978">
        <ele>0</ele>
      </trkpt>
      <trkpt lat="-18.302688980475068" lon="32.934234039857984">
        <ele>0</ele>
      </trkpt>
      <trkpt lat="-18.301979033276439" lon="32.934652967378497">
        <ele>0</ele>
      </trkpt>
      <trkpt lat="-18.300863988697529" lon="32.934364965185523">
        <ele>0</ele>
      </trkpt>
      <trkpt lat="-18.299895040690899" lon="32.934455992653966">
        <ele>0</ele>
      </trkpt>
      <trkpt lat="-18.299415009096265" lon="32.934902999550104">
        <ele>0</ele>
      </trkpt>
      <trkpt lat="-18.299080990254879" lon="32.935585035011172">
        <ele>0</ele>
      </trkpt>
      <trkpt lat="-18.298814026638865" lon="32.936166990548372">
        <ele>0</ele>
      </trkpt>
      <trkpt lat="-18.298080023378134" lon="32.936736037954688">
        <ele>0</ele>
      </trkpt>
      <trkpt lat="-18.297487003728747" lon="32.937886035069823">
        <ele>0</ele>
      </trkpt>
      <trkpt lat="-18.29734300263226" lon="32.938492968678474">
        <ele>0</ele>
      </trkpt>
      <trkpt lat="-18.297723960131407" lon="32.939687976613641">
        <ele>0</ele>
      </trkpt>
      <trkpt lat="-18.298035012558103" lon="32.940251994878054">
        <ele>0</ele>
      </trkpt>
      <trkpt lat="-18.29749203287065" lon="32.940679974853992">
        <ele>0</ele>
      </trkpt>
      <trkpt lat="-18.29721299931407" lon="32.941223960369825">
        <ele>0</ele>
      </trkpt>
      <trkpt lat="-18.296734979376197" lon="32.94159896671772">
        <ele>0</ele>
      </trkpt>
      <trkpt lat="-18.296920973807573" lon="32.941901972517371">
        <ele>0</ele>
      </trkpt>
      <trkpt lat="-18.296689968556166" lon="32.942104982212186">
        <ele>0</ele>
      </trkpt>
      <trkpt lat="-18.296573041006923" lon="32.942311009392142">
        <ele>0</ele>
      </trkpt>
      <trkpt lat="-18.29663397744298" lon="32.942620972171426">
        <ele>0</ele>
      </trkpt>
      <trkpt lat="-18.296701032668352" lon="32.942659026011825">
        <ele>0</ele>
      </trkpt>
      <trkpt lat="-18.296723999083042" lon="32.942724991589785">
        <ele>0</ele>
      </trkpt>
      <trkpt lat="-18.296702960506082" lon="32.942818030714989">
        <ele>0</ele>
      </trkpt>
      <trkpt lat="-18.296726010739803" lon="32.942883996292949">
        <ele>0</ele>
      </trkpt>
      <trkpt lat="-18.29676297493279" lon="32.94297301210463">
        <ele>0</ele>
      </trkpt>
      <trkpt lat="-18.29680304042995" lon="32.943043000996113">
        <ele>0</ele>
      </trkpt>
      <trkpt lat="-18.296803962439299" lon="32.943122964352369">
        <ele>0</ele>
      </trkpt>
      <trkpt lat="-18.296751994639635" lon="32.9431870020926">
        <ele>0</ele>
      </trkpt>
      <trkpt lat="-18.296680999919772" lon="32.94316696934402">
        <ele>0</ele>
      </trkpt>
      <trkpt lat="-18.296614028513432" lon="32.943128999322653">
        <ele>0</ele>
      </trkpt>
      <trkpt lat="-18.296546973288059" lon="32.943091029301286">
        <ele>0</ele>
      </trkpt>
      <trkpt lat="-18.296488970518112" lon="32.9430160112679">
        <ele>0</ele>
      </trkpt>
      <trkpt lat="-18.296443959698081" lon="32.942963959649205">
        <ele>0</ele>
      </trkpt>
      <trkpt lat="-18.296382017433643" lon="32.942906962707639">
        <ele>0</ele>
      </trkpt>
      <trkpt lat="-18.296315968036652" lon="32.942869998514652">
        <ele>0</ele>
      </trkpt>
      <trkpt lat="-18.296248996630311" lon="32.942833034321666">
        <ele>0</ele>
      </trkpt>
      <trkpt lat="-18.29616098664701" lon="32.942810989916325">
        <ele>0</ele>
      </trkpt>
      <trkpt lat="-18.296089991927147" lon="32.942793974652886">
        <ele>0</ele>
      </trkpt>
      <trkpt lat="-18.296014973893762" lon="32.942794980481267">
        <ele>0</ele>
      </trkpt>
      <trkpt lat="-18.295940961688757" lon="32.942795986309648">
        <ele>0</ele>
      </trkpt>
      <trkpt lat="-18.2958609983325" lon="32.942816019058228">
        <ele>0</ele>
      </trkpt>
      <trkpt lat="-18.295782040804625" lon="32.942835967987776">
        <ele>0</ele>
      </trkpt>
      <trkpt lat="-18.295702999457717" lon="32.942856000736356">
        <ele>0</ele>
      </trkpt>
      <trkpt lat="-18.29562303610146" lon="32.942876033484936">
        <ele>0</ele>
      </trkpt>
      <trkpt lat="-18.295522034168243" lon="32.94290998019278">
        <ele>0</ele>
      </trkpt>
      <trkpt lat="-18.295460008084774" lon="32.942934958264232">
        <ele>0</ele>
      </trkpt>
      <trkpt lat="-18.295379960909486" lon="32.942954991012812">
        <ele>0</ele>
      </trkpt>
      <trkpt lat="-18.295322963967919" lon="32.942961025983095">
        <ele>0</ele>
      </trkpt>
      <trkpt lat="-18.295221040025353" lon="32.94299597851932">
        <ele>0</ele>
      </trkpt>
      <trkpt lat="-18.295145016163588" lon="32.942997990176082">
        <ele>0</ele>
      </trkpt>
      <trkpt lat="-18.295091036707163" lon="32.942984998226166">
        <ele>0</ele>
      </trkpt>
      <trkpt lat="-18.29500000923872" lon="32.942964965477586">
        <ele>0</ele>
      </trkpt>
      <trkpt lat="-18.294923985376954" lon="32.942965971305966">
        <ele>0</ele>
      </trkpt>
      <trkpt lat="-18.294834969565272" lon="32.942945016548038">
        <ele>0</ele>
      </trkpt>
      <trkpt lat="-18.294745031744242" lon="32.942922972142696">
        <ele>0</ele>
      </trkpt>
      <trkpt lat="-18.294669007882476" lon="32.942924983799458">
        <ele>0</ele>
      </trkpt>
      <trkpt lat="-18.294579992070794" lon="32.942903023213148">
        <ele>0</ele>
      </trkpt>
      <trkpt lat="-18.294502962380648" lon="32.942905034869909">
        <ele>0</ele>
      </trkpt>
      <trkpt lat="-18.294426016509533" lon="32.942906962707639">
        <ele>0</ele>
      </trkpt>
      <trkpt lat="-18.29433498904109" lon="32.94288600794971">
        <ele>0</ele>
      </trkpt>
      <trkpt lat="-18.29422602429986" lon="32.942861029878259">
        <ele>0</ele>
      </trkpt>
      <trkpt lat="-18.294134996831417" lon="32.942839991301298">
        <ele>0</ele>
      </trkpt>
      <trkpt lat="-18.294025026261806" lon="32.942814007401466">
        <ele>0</ele>
      </trkpt>
      <trkpt lat="-18.293953025713563" lon="32.942796992138028">
        <ele>0</ele>
      </trkpt>
      <trkpt lat="-18.293887982144952" lon="32.942742006853223">
        <ele>0</ele>
      </trkpt>
      <trkpt lat="-18.29388496465981" lon="32.942662965506315">
        <ele>0</ele>
      </trkpt>
      <trkpt lat="-18.293914971873164" lon="32.942610997706652">
        <ele>0</ele>
      </trkpt>
      <trkpt lat="-18.293984960764647" lon="32.942549977451563">
        <ele>0</ele>
      </trkpt>
      <trkpt lat="-18.294036006554961" lon="32.942484011873603">
        <ele>0</ele>
      </trkpt>
      <trkpt lat="-18.294048998504877" lon="32.942409999668598">
        <ele>0</ele>
      </trkpt>
      <trkpt lat="-18.294046986848116" lon="32.942313021048903">
        <ele>0</ele>
      </trkpt>
      <trkpt lat="-18.294024020433426" lon="32.942230040207505">
        <ele>0</ele>
      </trkpt>
      <trkpt lat="-18.293953025713563" lon="32.942192992195487">
        <ele>0</ele>
      </trkpt>
      <trkpt lat="-18.2938820309937" lon="32.942157033830881">
        <ele>0</ele>
      </trkpt>
      <trkpt lat="-18.293826961889863" lon="32.942144041880965">
        <ele>0</ele>
      </trkpt>
      <trkpt lat="-18.293725037947297" lon="32.94217798858881">
        <ele>0</ele>
      </trkpt>
      <trkpt lat="-18.293676003813744" lon="32.942128032445908">
        <ele>0</ele>
      </trkpt>
      <trkpt lat="-18.293687989935279" lon="32.942052008584142">
        <ele>0</ele>
      </trkpt>
      <trkpt lat="-18.293723026290536" lon="32.94196299277246">
        <ele>0</ele>
      </trkpt>
      <trkpt lat="-18.293739035725594" lon="32.941868025809526">
        <ele>0</ele>
      </trkpt>
      <trkpt lat="-18.293714979663491" lon="32.941783033311367">
        <ele>0</ele>
      </trkpt>
      <trkpt lat="-18.293651025742292" lon="32.941708015277982">
        <ele>0</ele>
      </trkpt>
      <trkpt lat="-18.293562009930611" lon="32.941666021943092">
        <ele>0</ele>
      </trkpt>
      <trkpt lat="-18.293450027704239" lon="32.94163903221488">
        <ele>0</ele>
      </trkpt>
      <trkpt lat="-18.293382972478867" lon="32.941582035273314">
        <ele>0</ele>
      </trkpt>
      <trkpt lat="-18.293290017172694" lon="32.941559990867972">
        <ele>0</ele>
      </trkpt>
      <trkpt lat="-18.293225979432464" lon="32.941483967006207">
        <ele>0</ele>
      </trkpt>
      <trkpt lat="-18.293159008026123" lon="32.94142697006464">
        <ele>0</ele>
      </trkpt>
      <trkpt lat="-18.293118020519614" lon="32.941336026415229">
        <ele>0</ele>
      </trkpt>
      <trkpt lat="-18.293098993599415" lon="32.941229995340109">
        <ele>0</ele>
      </trkpt>
      <trkpt lat="-18.293068986386061" lon="32.941181967034936">
        <ele>0</ele>
      </trkpt>
      <trkpt lat="-18.29252902418375" lon="32.940782988443971">
        <ele>0</ele>
      </trkpt>
      <trkpt lat="-18.292119987308979" lon="32.940536979585886">
        <ele>0</ele>
      </trkpt>
      <trkpt lat="-18.291289005428553" lon="32.940515018999577">
        <ele>0</ele>
      </trkpt>
      <trkpt lat="-18.290508985519409" lon="32.940300023183227">
        <ele>0</ele>
      </trkpt>
      <trkpt lat="-18.289960976690054" lon="32.940555000677705">
        <ele>0</ele>
      </trkpt>
      <trkpt lat="-18.289609020575881" lon="32.9406519792974">
        <ele>0</ele>
      </trkpt>
      <trkpt lat="-18.28941497951746" lon="32.941002007573843">
        <ele>0</ele>
      </trkpt>
      <trkpt lat="-18.289089007303119" lon="32.941214991733432">
        <ele>0</ele>
      </trkpt>
      <trkpt lat="-18.288286020979285" lon="32.941480027511716">
        <ele>0</ele>
      </trkpt>
      <trkpt lat="-18.288278980180621" lon="32.941981013864279">
        <ele>0</ele>
      </trkpt>
      <trkpt lat="-18.288241010159254" lon="32.942527011036873">
        <ele>0</ele>
      </trkpt>
      <trkpt lat="-18.288103966042399" lon="32.943050963804126">
        <ele>0</ele>
      </trkpt>
      <trkpt lat="-18.288320973515511" lon="32.94353200122714">
        <ele>0</ele>
      </trkpt>
      <trkpt lat="-18.28827696852386" lon="32.943947995081544">
        <ele>0</ele>
      </trkpt>
      <trkpt lat="-18.287839014083147" lon="32.944299029186368">
        <ele>0</ele>
      </trkpt>
      <trkpt lat="-18.288247967138886" lon="32.944635981693864">
        <ele>0</ele>
      </trkpt>
      <trkpt lat="-18.288548961281776" lon="32.945049963891506">
        <ele>0</ele>
      </trkpt>
      <trkpt lat="-18.289078027009964" lon="32.945565031841397">
        <ele>0</ele>
      </trkpt>
      <trkpt lat="-18.289256980642676" lon="32.946365000680089">
        <ele>0</ele>
      </trkpt>
      <trkpt lat="-18.288846015930176" lon="32.946863975375891">
        <ele>0</ele>
      </trkpt>
      <trkpt lat="-18.287880001589656" lon="32.947030020877719">
        <ele>0</ele>
      </trkpt>
      <trkpt lat="-18.287677997723222" lon="32.947554979473352">
        <ele>0</ele>
      </trkpt>
      <trkpt lat="-18.287590993568301" lon="32.94825604185462">
        <ele>0</ele>
      </trkpt>
      <trkpt lat="-18.287443974986672" lon="32.948671029880643">
        <ele>0</ele>
      </trkpt>
      <trkpt lat="-18.28702999278903" lon="32.949076965451241">
        <ele>0</ele>
      </trkpt>
      <trkpt lat="-18.286721035838127" lon="32.949622040614486">
        <ele>0</ele>
      </trkpt>
      <trkpt lat="-18.286632020026445" lon="32.9504070058465">
        <ele>0</ele>
      </trkpt>
      <trkpt lat="-18.286774009466171" lon="32.950926013290882">
        <ele>0</ele>
      </trkpt>
      <trkpt lat="-18.28646999783814" lon="32.951612994074821">
        <ele>0</ele>
      </trkpt>
      <trkpt lat="-18.286629002541304" lon="32.952167959883809">
        <ele>0</ele>
      </trkpt>
      <trkpt lat="-18.28645097091794" lon="32.952538020908833">
        <ele>0</ele>
      </trkpt>
      <trkpt lat="-18.286266988143325" lon="32.95276902616024">
        <ele>0</ele>
      </trkpt>
      <trkpt lat="-18.286378970369697" lon="32.953145960345864">
        <ele>0</ele>
      </trkpt>
      <trkpt lat="-18.286525988951325" lon="32.953462963923812">
        <ele>0</ele>
      </trkpt>
      <trkpt lat="-18.286816002801061" lon="32.953698998317122">
        <ele>0</ele>
      </trkpt>
      <trkpt lat="-18.286606036126614" lon="32.954098982736468">
        <ele>0</ele>
      </trkpt>
      <trkpt lat="-18.287720996886492" lon="32.955395998433232">
        <ele>0</ele>
      </trkpt>
      <trkpt lat="-18.289105016738176" lon="32.956457985565066">
        <ele>0</ele>
      </trkpt>
      <trkpt lat="-18.289037039503455" lon="32.957057040184736">
        <ele>0</ele>
      </trkpt>
      <trkpt lat="-18.289152961224318" lon="32.957477979362011">
        <ele>0</ele>
      </trkpt>
      <trkpt lat="-18.288928996771574" lon="32.957842005416751">
        <ele>0</ele>
      </trkpt>
      <trkpt lat="-18.288971995934844" lon="32.959069032222033">
        <ele>0</ele>
      </trkpt>
      <trkpt lat="-18.288996974006295" lon="32.959974026307464">
        <ele>0</ele>
      </trkpt>
      <trkpt lat="-18.289290005341172" lon="32.960442993789911">
        <ele>0</ele>
      </trkpt>
      <trkpt lat="-18.290254008024931" lon="32.960423966869712">
        <ele>0</ele>
      </trkpt>
      <trkpt lat="-18.291303003206849" lon="32.960571991279721">
        <ele>0</ele>
      </trkpt>
      <trkpt lat="-18.292022002860904" lon="32.960720015689731">
        <ele>0</ele>
      </trkpt>
      <trkpt lat="-18.29201596789062" lon="32.961170962080359">
        <ele>0</ele>
      </trkpt>
      <trkpt lat="-18.291566027328372" lon="32.961926003918052">
        <ele>0</ele>
      </trkpt>
      <trkpt lat="-18.291136035695672" lon="32.963101984933019">
        <ele>0</ele>
      </trkpt>
      <trkpt lat="-18.290910981595516" lon="32.963788965716958">
        <ele>0</ele>
      </trkpt>
      <trkpt lat="-18.291253969073296" lon="32.964271008968353">
        <ele>0</ele>
      </trkpt>
      <trkpt lat="-18.29184296540916" lon="32.964927982538939">
        <ele>0</ele>
      </trkpt>
      <trkpt lat="-18.292390974238515" lon="32.965722000226378">
        <ele>0</ele>
      </trkpt>
      <trkpt lat="-18.29323997721076" lon="32.966328011825681">
        <ele>0</ele>
      </trkpt>
      <trkpt lat="-18.293792009353638" lon="32.967333002015948">
        <ele>0</ele>
      </trkpt>
      <trkpt lat="-18.294361978769302" lon="32.968291975557804">
        <ele>0</ele>
      </trkpt>
    </trkseg>
  </trk>
</gpx>
