<?xml version="1.0" encoding="UTF-8"?>
<gpx creator="Garmin Desktop App" version="1.1" schemaLocation="http://www.topografix.com/GPX/1/1 http://www.topografix.com/GPX/1/1/gpx.xsd http://www.garmin.com/xmlschemas/WaypointExtension/v1 http://www8.garmin.com/xmlschemas/WaypointExtensionv1.xsd http://www.garmin.com/xmlschemas/TrackPointExtension/v1 http://www.garmin.com/xmlschemas/TrackPointExtensionv1.xsd http://www.garmin.com/xmlschemas/GpxExtensions/v3 http://www8.garmin.com/xmlschemas/GpxExtensionsv3.xsd http://www.garmin.com/xmlschemas/ActivityExtension/v1 http://www8.garmin.com/xmlschemas/ActivityExtensionv1.xsd http://www.garmin.com/xmlschemas/AdventuresExtensions/v1 http://www8.garmin.com/xmlschemas/AdventuresExtensionv1.xsd http://www.garmin.com/xmlschemas/PressureExtension/v1 http://www.garmin.com/xmlschemas/PressureExtensionv1.xsd http://www.garmin.com/xmlschemas/TripExtensions/v1 http://www.garmin.com/xmlschemas/TripExtensionsv1.xsd http://www.garmin.com/xmlschemas/TripMetaDataExtensions/v1 http://www.garmin.com/xmlschemas/TripMetaDataExtensionsv1.xsd http://www.garmin.com/xmlschemas/ViaPointTransportationModeExtensions/v1 http://www.garmin.com/xmlschemas/ViaPointTransportationModeExtensionsv1.xsd http://www.garmin.com/xmlschemas/CreationTimeExtension/v1 http://www.garmin.com/xmlschemas/CreationTimeExtensionsv1.xsd http://www.garmin.com/xmlschemas/AccelerationExtension/v1 http://www.garmin.com/xmlschemas/AccelerationExtensionv1.xsd http://www.garmin.com/xmlschemas/PowerExtension/v1 http://www.garmin.com/xmlschemas/PowerExtensionv1.xsd http://www.garmin.com/xmlschemas/VideoExtension/v1 http://www.garmin.com/xmlschemas/VideoExtensionv1.xsd" xmlns="http://www.topografix.com/GPX/1/1" xmlns:xsi="http://www.w3.org/2001/XMLSchema-instance" xsi:schemaLocation="http://www.topografix.com/GPX/1/1 http://www.topografix.com/GPX/1/1/gpx.xsd http://www.garmin.com/xmlschemas/GpxExtensions/v3 http://www.garmin.com/xmlschemas/GpxExtensionsv3.xsd http://www.garmin.com/xmlschemas/TrackPointExtension/v1 http://www.garmin.com/xmlschemas/TrackPointExtensionv1.xsd http://www.garmin.com/xmlschemas/PowerExtension/v1 http://www.garmin.com/xmlschemas/PowerExtensionv1.xsd http://www.topografix.com/GPX/gpx_style/0/2 http://www.topografix.com/GPX/gpx_style/0/2/gpx_style.xsd" xmlns:gpxtpx="http://www.garmin.com/xmlschemas/TrackPointExtension/v1" xmlns:gpxx="http://www.garmin.com/xmlschemas/GpxExtensions/v3" xmlns:gpxpx="http://www.garmin.com/xmlschemas/PowerExtension/v1" xmlns:gpx_style="http://www.topografix.com/GPX/gpx_style/0/2">
  <metadata>
    <name>The Epic 2026</name>
    <author>
      <name>gpx.studio</name>
      <link href="https://gpx.studio"/>
    </author>
    <link href="http://www.garmin.com">
      <text>Garmin International</text>
    </link>
    <time>2026-10-02T12:58:56.000Z</time>
  </metadata>
  <wpt lat="-18.45912898890674" lon="32.80174599029124">
    <ele>1820.5730835031122</ele>
    <time>2026-10-02T12:58:39.000Z</time>
    <name>The Epic 2025 001-0</name>
    <cmt>&lt;table&gt;
&lt;tr&gt;&lt;td&gt;Longitude: 32.801746 &lt;/td&gt;&lt;/tr&gt;
&lt;tr&gt;&lt;td&gt;Latitude: -18.459129 &lt;/td&gt;&lt;/tr&gt;
&lt;tr&gt;&lt;td&gt;Heading: 121.6 &lt;/td&gt;&lt;/tr&gt;
&lt;/table&gt;</cmt>
    <desc>&lt;table&gt;
&lt;tr&gt;&lt;td&gt;Longitude: 32.801746 &lt;/td&gt;&lt;/tr&gt;
&lt;tr&gt;&lt;td&gt;Latitude: -18.459129 &lt;/td&gt;&lt;/tr&gt;
&lt;tr&gt;&lt;td&gt;Heading: 121.6 &lt;/td&gt;&lt;/tr&gt;
&lt;/table&gt;</desc>
    <sym>Flag, Blue</sym>
    <type>user</type>
  </wpt>
  <wpt lat="-18.459313977509737" lon="32.80185797251761">
    <ele>1825.6268877333196</ele>
    <time>2026-10-02T12:58:39.000Z</time>
    <name>The Epic 2025 001-1</name>
    <cmt>&lt;table&gt;
&lt;tr&gt;&lt;td&gt;Longitude: 32.801858 &lt;/td&gt;&lt;/tr&gt;
&lt;tr&gt;&lt;td&gt;Latitude: -18.459314 &lt;/td&gt;&lt;/tr&gt;
&lt;tr&gt;&lt;td&gt;Heading: 150.3 &lt;/td&gt;&lt;/tr&gt;
&lt;/table&gt;</cmt>
    <desc>&lt;table&gt;
&lt;tr&gt;&lt;td&gt;Longitude: 32.801858 &lt;/td&gt;&lt;/tr&gt;
&lt;tr&gt;&lt;td&gt;Latitude: -18.459314 &lt;/td&gt;&lt;/tr&gt;
&lt;tr&gt;&lt;td&gt;Heading: 150.3 &lt;/td&gt;&lt;/tr&gt;
&lt;/table&gt;</desc>
    <sym>Flag, Blue</sym>
    <type>user</type>
  </wpt>
  <wpt lat="-18.458025008440018" lon="32.804522998631">
    <ele>1798.3363883405352</ele>
    <time>2026-10-02T12:58:39.000Z</time>
    <name>The Epic 2025 001-10</name>
    <cmt>&lt;table&gt;
&lt;tr&gt;&lt;td&gt;Longitude: 32.804523 &lt;/td&gt;&lt;/tr&gt;
&lt;tr&gt;&lt;td&gt;Latitude: -18.458025 &lt;/td&gt;&lt;/tr&gt;
&lt;tr&gt;&lt;td&gt;Heading: 46.8 &lt;/td&gt;&lt;/tr&gt;
&lt;/table&gt;</cmt>
    <desc>&lt;table&gt;
&lt;tr&gt;&lt;td&gt;Longitude: 32.804523 &lt;/td&gt;&lt;/tr&gt;
&lt;tr&gt;&lt;td&gt;Latitude: -18.458025 &lt;/td&gt;&lt;/tr&gt;
&lt;tr&gt;&lt;td&gt;Heading: 46.8 &lt;/td&gt;&lt;/tr&gt;
&lt;/table&gt;</desc>
    <sym>Flag, Blue</sym>
    <type>user</type>
  </wpt>
  <wpt lat="-18.433329993858933" lon="32.807991011068225">
    <ele>1519.312063264838</ele>
    <time>2026-10-02T12:58:39.000Z</time>
    <name>The Epic 2025 001-100</name>
    <cmt>&lt;table&gt;
&lt;tr&gt;&lt;td&gt;Longitude: 32.807991 &lt;/td&gt;&lt;/tr&gt;
&lt;tr&gt;&lt;td&gt;Latitude: -18.433330 &lt;/td&gt;&lt;/tr&gt;
&lt;tr&gt;&lt;td&gt;Heading: 42.0 &lt;/td&gt;&lt;/tr&gt;
&lt;/table&gt;</cmt>
    <desc>&lt;table&gt;
&lt;tr&gt;&lt;td&gt;Longitude: 32.807991 &lt;/td&gt;&lt;/tr&gt;
&lt;tr&gt;&lt;td&gt;Latitude: -18.433330 &lt;/td&gt;&lt;/tr&gt;
&lt;tr&gt;&lt;td&gt;Heading: 42.0 &lt;/td&gt;&lt;/tr&gt;
&lt;/table&gt;</desc>
    <sym>Flag, Blue</sym>
    <type>user</type>
  </wpt>
  <wpt lat="-18.291032016277313" lon="32.901108004152775">
    <ele>1774.9168158802204</ele>
    <time>2026-10-02T12:58:39.000Z</time>
    <name>The Epic 2025 001-1000</name>
    <cmt>&lt;table&gt;
&lt;tr&gt;&lt;td&gt;Longitude: 32.901108 &lt;/td&gt;&lt;/tr&gt;
&lt;tr&gt;&lt;td&gt;Latitude: -18.291032 &lt;/td&gt;&lt;/tr&gt;
&lt;tr&gt;&lt;td&gt;Heading: 136.2 &lt;/td&gt;&lt;/tr&gt;
&lt;/table&gt;</cmt>
    <desc>&lt;table&gt;
&lt;tr&gt;&lt;td&gt;Longitude: 32.901108 &lt;/td&gt;&lt;/tr&gt;
&lt;tr&gt;&lt;td&gt;Latitude: -18.291032 &lt;/td&gt;&lt;/tr&gt;
&lt;tr&gt;&lt;td&gt;Heading: 136.2 &lt;/td&gt;&lt;/tr&gt;
&lt;/table&gt;</desc>
    <sym>Flag, Blue</sym>
    <type>user</type>
  </wpt>
  <wpt lat="-18.291437029838562" lon="32.90202003903687">
    <ele>1768.896334965356</ele>
    <time>2026-10-02T12:58:39.000Z</time>
    <name>The Epic 2025 001-1001</name>
    <cmt>&lt;table&gt;
&lt;tr&gt;&lt;td&gt;Longitude: 32.902020 &lt;/td&gt;&lt;/tr&gt;
&lt;tr&gt;&lt;td&gt;Latitude: -18.291437 &lt;/td&gt;&lt;/tr&gt;
&lt;tr&gt;&lt;td&gt;Heading: 115.1 &lt;/td&gt;&lt;/tr&gt;
&lt;/table&gt;</cmt>
    <desc>&lt;table&gt;
&lt;tr&gt;&lt;td&gt;Longitude: 32.902020 &lt;/td&gt;&lt;/tr&gt;
&lt;tr&gt;&lt;td&gt;Latitude: -18.291437 &lt;/td&gt;&lt;/tr&gt;
&lt;tr&gt;&lt;td&gt;Heading: 115.1 &lt;/td&gt;&lt;/tr&gt;
&lt;/table&gt;</desc>
    <sym>Flag, Blue</sym>
    <type>user</type>
  </wpt>
  <wpt lat="-18.291895017027855" lon="32.90259595960379">
    <ele>1763.5616369972704</ele>
    <time>2026-10-02T12:58:39.000Z</time>
    <name>The Epic 2025 001-1002</name>
    <cmt>&lt;table&gt;
&lt;tr&gt;&lt;td&gt;Longitude: 32.902596 &lt;/td&gt;&lt;/tr&gt;
&lt;tr&gt;&lt;td&gt;Latitude: -18.291895 &lt;/td&gt;&lt;/tr&gt;
&lt;tr&gt;&lt;td&gt;Heading: 129.9 &lt;/td&gt;&lt;/tr&gt;
&lt;/table&gt;</cmt>
    <desc>&lt;table&gt;
&lt;tr&gt;&lt;td&gt;Longitude: 32.902596 &lt;/td&gt;&lt;/tr&gt;
&lt;tr&gt;&lt;td&gt;Latitude: -18.291895 &lt;/td&gt;&lt;/tr&gt;
&lt;tr&gt;&lt;td&gt;Heading: 129.9 &lt;/td&gt;&lt;/tr&gt;
&lt;/table&gt;</desc>
    <sym>Flag, Blue</sym>
    <type>user</type>
  </wpt>
  <wpt lat="-18.292324002832174" lon="32.90317699313164">
    <ele>1758.6015625</ele>
    <time>2026-10-02T12:58:39.000Z</time>
    <name>The Epic 2025 001-1003</name>
    <cmt>&lt;table&gt;
&lt;tr&gt;&lt;td&gt;Longitude: 32.903177 &lt;/td&gt;&lt;/tr&gt;
&lt;tr&gt;&lt;td&gt;Latitude: -18.292324 &lt;/td&gt;&lt;/tr&gt;
&lt;tr&gt;&lt;td&gt;Heading: 127.9 &lt;/td&gt;&lt;/tr&gt;
&lt;/table&gt;</cmt>
    <desc>&lt;table&gt;
&lt;tr&gt;&lt;td&gt;Longitude: 32.903177 &lt;/td&gt;&lt;/tr&gt;
&lt;tr&gt;&lt;td&gt;Latitude: -18.292324 &lt;/td&gt;&lt;/tr&gt;
&lt;tr&gt;&lt;td&gt;Heading: 127.9 &lt;/td&gt;&lt;/tr&gt;
&lt;/table&gt;</desc>
    <sym>Flag, Blue</sym>
    <type>user</type>
  </wpt>
  <wpt lat="-18.29271803610027" lon="32.904030019417405">
    <ele>1757.1430542186135</ele>
    <time>2026-10-02T12:58:39.000Z</time>
    <name>The Epic 2025 001-1004</name>
    <cmt>&lt;table&gt;
&lt;tr&gt;&lt;td&gt;Longitude: 32.904030 &lt;/td&gt;&lt;/tr&gt;
&lt;tr&gt;&lt;td&gt;Latitude: -18.292718 &lt;/td&gt;&lt;/tr&gt;
&lt;tr&gt;&lt;td&gt;Heading: 116.0 &lt;/td&gt;&lt;/tr&gt;
&lt;/table&gt;</cmt>
    <desc>&lt;table&gt;
&lt;tr&gt;&lt;td&gt;Longitude: 32.904030 &lt;/td&gt;&lt;/tr&gt;
&lt;tr&gt;&lt;td&gt;Latitude: -18.292718 &lt;/td&gt;&lt;/tr&gt;
&lt;tr&gt;&lt;td&gt;Heading: 116.0 &lt;/td&gt;&lt;/tr&gt;
&lt;/table&gt;</desc>
    <sym>Flag, Blue</sym>
    <type>user</type>
  </wpt>
  <wpt lat="-18.29291702248156" lon="32.90524103678763">
    <ele>1754.6956945885904</ele>
    <time>2026-10-02T12:58:39.000Z</time>
    <name>The Epic 2025 001-1005</name>
    <cmt>&lt;table&gt;
&lt;tr&gt;&lt;td&gt;Longitude: 32.905241 &lt;/td&gt;&lt;/tr&gt;
&lt;tr&gt;&lt;td&gt;Latitude: -18.292917 &lt;/td&gt;&lt;/tr&gt;
&lt;tr&gt;&lt;td&gt;Heading: 99.8 &lt;/td&gt;&lt;/tr&gt;
&lt;/table&gt;</cmt>
    <desc>&lt;table&gt;
&lt;tr&gt;&lt;td&gt;Longitude: 32.905241 &lt;/td&gt;&lt;/tr&gt;
&lt;tr&gt;&lt;td&gt;Latitude: -18.292917 &lt;/td&gt;&lt;/tr&gt;
&lt;tr&gt;&lt;td&gt;Heading: 99.8 &lt;/td&gt;&lt;/tr&gt;
&lt;/table&gt;</desc>
    <sym>Flag, Blue</sym>
    <type>user</type>
  </wpt>
  <wpt lat="-18.292646035552025" lon="32.90625398978591">
    <ele>1755.3808295064969</ele>
    <time>2026-10-02T12:58:39.000Z</time>
    <name>The Epic 2025 001-1006</name>
    <cmt>&lt;table&gt;
&lt;tr&gt;&lt;td&gt;Longitude: 32.906254 &lt;/td&gt;&lt;/tr&gt;
&lt;tr&gt;&lt;td&gt;Latitude: -18.292646 &lt;/td&gt;&lt;/tr&gt;
&lt;tr&gt;&lt;td&gt;Heading: 74.3 &lt;/td&gt;&lt;/tr&gt;
&lt;/table&gt;</cmt>
    <desc>&lt;table&gt;
&lt;tr&gt;&lt;td&gt;Longitude: 32.906254 &lt;/td&gt;&lt;/tr&gt;
&lt;tr&gt;&lt;td&gt;Latitude: -18.292646 &lt;/td&gt;&lt;/tr&gt;
&lt;tr&gt;&lt;td&gt;Heading: 74.3 &lt;/td&gt;&lt;/tr&gt;
&lt;/table&gt;</desc>
    <sym>Flag, Blue</sym>
    <type>user</type>
  </wpt>
  <wpt lat="-18.292242027819157" lon="32.90715303272009">
    <ele>1760.1460950321052</ele>
    <time>2026-10-02T12:58:39.000Z</time>
    <name>The Epic 2025 001-1007</name>
    <cmt>&lt;table&gt;
&lt;tr&gt;&lt;td&gt;Longitude: 32.907153 &lt;/td&gt;&lt;/tr&gt;
&lt;tr&gt;&lt;td&gt;Latitude: -18.292242 &lt;/td&gt;&lt;/tr&gt;
&lt;tr&gt;&lt;td&gt;Heading: 64.6 &lt;/td&gt;&lt;/tr&gt;
&lt;/table&gt;</cmt>
    <desc>&lt;table&gt;
&lt;tr&gt;&lt;td&gt;Longitude: 32.907153 &lt;/td&gt;&lt;/tr&gt;
&lt;tr&gt;&lt;td&gt;Latitude: -18.292242 &lt;/td&gt;&lt;/tr&gt;
&lt;tr&gt;&lt;td&gt;Heading: 64.6 &lt;/td&gt;&lt;/tr&gt;
&lt;/table&gt;</desc>
    <sym>Flag, Blue</sym>
    <type>user</type>
  </wpt>
  <wpt lat="-18.292433973401785" lon="32.90812097489834">
    <ele>1757.7180585731876</ele>
    <time>2026-10-02T12:58:39.000Z</time>
    <name>The Epic 2025 001-1008</name>
    <cmt>&lt;table&gt;
&lt;tr&gt;&lt;td&gt;Longitude: 32.908121 &lt;/td&gt;&lt;/tr&gt;
&lt;tr&gt;&lt;td&gt;Latitude: -18.292434 &lt;/td&gt;&lt;/tr&gt;
&lt;tr&gt;&lt;td&gt;Heading: 101.8 &lt;/td&gt;&lt;/tr&gt;
&lt;/table&gt;</cmt>
    <desc>&lt;table&gt;
&lt;tr&gt;&lt;td&gt;Longitude: 32.908121 &lt;/td&gt;&lt;/tr&gt;
&lt;tr&gt;&lt;td&gt;Latitude: -18.292434 &lt;/td&gt;&lt;/tr&gt;
&lt;tr&gt;&lt;td&gt;Heading: 101.8 &lt;/td&gt;&lt;/tr&gt;
&lt;/table&gt;</desc>
    <sym>Flag, Blue</sym>
    <type>user</type>
  </wpt>
  <wpt lat="-18.2923779822886" lon="32.908608969300985">
    <ele>1762.7702336045913</ele>
    <time>2026-10-02T12:58:39.000Z</time>
    <name>The Epic 2025 001-1009</name>
    <cmt>&lt;table&gt;
&lt;tr&gt;&lt;td&gt;Longitude: 32.908609 &lt;/td&gt;&lt;/tr&gt;
&lt;tr&gt;&lt;td&gt;Latitude: -18.292378 &lt;/td&gt;&lt;/tr&gt;
&lt;tr&gt;&lt;td&gt;Heading: 83.2 &lt;/td&gt;&lt;/tr&gt;
&lt;/table&gt;</cmt>
    <desc>&lt;table&gt;
&lt;tr&gt;&lt;td&gt;Longitude: 32.908609 &lt;/td&gt;&lt;/tr&gt;
&lt;tr&gt;&lt;td&gt;Latitude: -18.292378 &lt;/td&gt;&lt;/tr&gt;
&lt;tr&gt;&lt;td&gt;Heading: 83.2 &lt;/td&gt;&lt;/tr&gt;
&lt;/table&gt;</desc>
    <sym>Flag, Blue</sym>
    <type>user</type>
  </wpt>
  <wpt lat="-18.4329569991678" lon="32.80809301882982">
    <ele>1529.8003371943487</ele>
    <time>2026-10-02T12:58:39.000Z</time>
    <name>The Epic 2025 001-101</name>
    <cmt>&lt;table&gt;
&lt;tr&gt;&lt;td&gt;Longitude: 32.808093 &lt;/td&gt;&lt;/tr&gt;
&lt;tr&gt;&lt;td&gt;Latitude: -18.432957 &lt;/td&gt;&lt;/tr&gt;
&lt;tr&gt;&lt;td&gt;Heading: 14.6 &lt;/td&gt;&lt;/tr&gt;
&lt;/table&gt;</cmt>
    <desc>&lt;table&gt;
&lt;tr&gt;&lt;td&gt;Longitude: 32.808093 &lt;/td&gt;&lt;/tr&gt;
&lt;tr&gt;&lt;td&gt;Latitude: -18.432957 &lt;/td&gt;&lt;/tr&gt;
&lt;tr&gt;&lt;td&gt;Heading: 14.6 &lt;/td&gt;&lt;/tr&gt;
&lt;/table&gt;</desc>
    <sym>Flag, Blue</sym>
    <type>user</type>
  </wpt>
  <wpt lat="-18.29231302253902" lon="32.90900400839746">
    <ele>1767.150420878199</ele>
    <time>2026-10-02T12:58:39.000Z</time>
    <name>The Epic 2025 001-1010</name>
    <cmt>&lt;table&gt;
&lt;tr&gt;&lt;td&gt;Longitude: 32.909004 &lt;/td&gt;&lt;/tr&gt;
&lt;tr&gt;&lt;td&gt;Latitude: -18.292313 &lt;/td&gt;&lt;/tr&gt;
&lt;tr&gt;&lt;td&gt;Heading: 80.2 &lt;/td&gt;&lt;/tr&gt;
&lt;/table&gt;</cmt>
    <desc>&lt;table&gt;
&lt;tr&gt;&lt;td&gt;Longitude: 32.909004 &lt;/td&gt;&lt;/tr&gt;
&lt;tr&gt;&lt;td&gt;Latitude: -18.292313 &lt;/td&gt;&lt;/tr&gt;
&lt;tr&gt;&lt;td&gt;Heading: 80.2 &lt;/td&gt;&lt;/tr&gt;
&lt;/table&gt;</desc>
    <sym>Flag, Blue</sym>
    <type>user</type>
  </wpt>
  <wpt lat="-18.29212099313736" lon="32.909445986151695">
    <ele>1769.504163494602</ele>
    <time>2026-10-02T12:58:39.000Z</time>
    <name>The Epic 2025 001-1011</name>
    <cmt>&lt;table&gt;
&lt;tr&gt;&lt;td&gt;Longitude: 32.909446 &lt;/td&gt;&lt;/tr&gt;
&lt;tr&gt;&lt;td&gt;Latitude: -18.292121 &lt;/td&gt;&lt;/tr&gt;
&lt;tr&gt;&lt;td&gt;Heading: 65.3 &lt;/td&gt;&lt;/tr&gt;
&lt;/table&gt;</cmt>
    <desc>&lt;table&gt;
&lt;tr&gt;&lt;td&gt;Longitude: 32.909446 &lt;/td&gt;&lt;/tr&gt;
&lt;tr&gt;&lt;td&gt;Latitude: -18.292121 &lt;/td&gt;&lt;/tr&gt;
&lt;tr&gt;&lt;td&gt;Heading: 65.3 &lt;/td&gt;&lt;/tr&gt;
&lt;/table&gt;</desc>
    <sym>Flag, Blue</sym>
    <type>user</type>
  </wpt>
  <wpt lat="-18.292026026174426" lon="32.90998896583915">
    <ele>1765.0993597539832</ele>
    <time>2026-10-02T12:58:39.000Z</time>
    <name>The Epic 2025 001-1012</name>
    <cmt>&lt;table&gt;
&lt;tr&gt;&lt;td&gt;Longitude: 32.909989 &lt;/td&gt;&lt;/tr&gt;
&lt;tr&gt;&lt;td&gt;Latitude: -18.292026 &lt;/td&gt;&lt;/tr&gt;
&lt;tr&gt;&lt;td&gt;Heading: 79.6 &lt;/td&gt;&lt;/tr&gt;
&lt;/table&gt;</cmt>
    <desc>&lt;table&gt;
&lt;tr&gt;&lt;td&gt;Longitude: 32.909989 &lt;/td&gt;&lt;/tr&gt;
&lt;tr&gt;&lt;td&gt;Latitude: -18.292026 &lt;/td&gt;&lt;/tr&gt;
&lt;tr&gt;&lt;td&gt;Heading: 79.6 &lt;/td&gt;&lt;/tr&gt;
&lt;/table&gt;</desc>
    <sym>Flag, Blue</sym>
    <type>user</type>
  </wpt>
  <wpt lat="-18.291726959869266" lon="32.912753988057375">
    <ele>1756.5829383657547</ele>
    <time>2026-10-02T12:58:39.000Z</time>
    <name>The Epic 2025 001-1013</name>
    <cmt>&lt;table&gt;
&lt;tr&gt;&lt;td&gt;Longitude: 32.912754 &lt;/td&gt;&lt;/tr&gt;
&lt;tr&gt;&lt;td&gt;Latitude: -18.291727 &lt;/td&gt;&lt;/tr&gt;
&lt;tr&gt;&lt;td&gt;Heading: 83.5 &lt;/td&gt;&lt;/tr&gt;
&lt;/table&gt;</cmt>
    <desc>&lt;table&gt;
&lt;tr&gt;&lt;td&gt;Longitude: 32.912754 &lt;/td&gt;&lt;/tr&gt;
&lt;tr&gt;&lt;td&gt;Latitude: -18.291727 &lt;/td&gt;&lt;/tr&gt;
&lt;tr&gt;&lt;td&gt;Heading: 83.5 &lt;/td&gt;&lt;/tr&gt;
&lt;/table&gt;</desc>
    <sym>Flag, Blue</sym>
    <type>user</type>
  </wpt>
  <wpt lat="-18.291579019278288" lon="32.91409802623093">
    <ele>1765.8831739940297</ele>
    <time>2026-10-02T12:58:39.000Z</time>
    <name>The Epic 2025 001-1014</name>
    <cmt>&lt;table&gt;
&lt;tr&gt;&lt;td&gt;Longitude: 32.914098 &lt;/td&gt;&lt;/tr&gt;
&lt;tr&gt;&lt;td&gt;Latitude: -18.291579 &lt;/td&gt;&lt;/tr&gt;
&lt;tr&gt;&lt;td&gt;Heading: 83.4 &lt;/td&gt;&lt;/tr&gt;
&lt;/table&gt;</cmt>
    <desc>&lt;table&gt;
&lt;tr&gt;&lt;td&gt;Longitude: 32.914098 &lt;/td&gt;&lt;/tr&gt;
&lt;tr&gt;&lt;td&gt;Latitude: -18.291579 &lt;/td&gt;&lt;/tr&gt;
&lt;tr&gt;&lt;td&gt;Heading: 83.4 &lt;/td&gt;&lt;/tr&gt;
&lt;/table&gt;</desc>
    <sym>Flag, Blue</sym>
    <type>user</type>
  </wpt>
  <wpt lat="-18.292583003640175" lon="32.9151719994843">
    <ele>1725.0445952729287</ele>
    <time>2026-10-02T12:58:39.000Z</time>
    <name>The Epic 2025 001-1015</name>
    <cmt>&lt;table&gt;
&lt;tr&gt;&lt;td&gt;Longitude: 32.915172 &lt;/td&gt;&lt;/tr&gt;
&lt;tr&gt;&lt;td&gt;Latitude: -18.292583 &lt;/td&gt;&lt;/tr&gt;
&lt;tr&gt;&lt;td&gt;Heading: 134.6 &lt;/td&gt;&lt;/tr&gt;
&lt;/table&gt;</cmt>
    <desc>&lt;table&gt;
&lt;tr&gt;&lt;td&gt;Longitude: 32.915172 &lt;/td&gt;&lt;/tr&gt;
&lt;tr&gt;&lt;td&gt;Latitude: -18.292583 &lt;/td&gt;&lt;/tr&gt;
&lt;tr&gt;&lt;td&gt;Heading: 134.6 &lt;/td&gt;&lt;/tr&gt;
&lt;/table&gt;</desc>
    <sym>Flag, Blue</sym>
    <type>user</type>
  </wpt>
  <wpt lat="-18.29441998153925" lon="32.915601991117">
    <ele>1683.2918800736418</ele>
    <time>2026-10-02T12:58:39.000Z</time>
    <name>The Epic 2025 001-1016</name>
    <cmt>&lt;table&gt;
&lt;tr&gt;&lt;td&gt;Longitude: 32.915602 &lt;/td&gt;&lt;/tr&gt;
&lt;tr&gt;&lt;td&gt;Latitude: -18.294420 &lt;/td&gt;&lt;/tr&gt;
&lt;tr&gt;&lt;td&gt;Heading: 167.5 &lt;/td&gt;&lt;/tr&gt;
&lt;/table&gt;</cmt>
    <desc>&lt;table&gt;
&lt;tr&gt;&lt;td&gt;Longitude: 32.915602 &lt;/td&gt;&lt;/tr&gt;
&lt;tr&gt;&lt;td&gt;Latitude: -18.294420 &lt;/td&gt;&lt;/tr&gt;
&lt;tr&gt;&lt;td&gt;Heading: 167.5 &lt;/td&gt;&lt;/tr&gt;
&lt;/table&gt;</desc>
    <sym>Flag, Blue</sym>
    <type>user</type>
  </wpt>
  <wpt lat="-18.295585988089442" lon="32.91611798107624">
    <ele>1657.3216768774437</ele>
    <time>2026-10-02T12:58:39.000Z</time>
    <name>The Epic 2025 001-1017</name>
    <cmt>&lt;table&gt;
&lt;tr&gt;&lt;td&gt;Longitude: 32.916118 &lt;/td&gt;&lt;/tr&gt;
&lt;tr&gt;&lt;td&gt;Latitude: -18.295586 &lt;/td&gt;&lt;/tr&gt;
&lt;tr&gt;&lt;td&gt;Heading: 157.2 &lt;/td&gt;&lt;/tr&gt;
&lt;/table&gt;</cmt>
    <desc>&lt;table&gt;
&lt;tr&gt;&lt;td&gt;Longitude: 32.916118 &lt;/td&gt;&lt;/tr&gt;
&lt;tr&gt;&lt;td&gt;Latitude: -18.295586 &lt;/td&gt;&lt;/tr&gt;
&lt;tr&gt;&lt;td&gt;Heading: 157.2 &lt;/td&gt;&lt;/tr&gt;
&lt;/table&gt;</desc>
    <sym>Flag, Blue</sym>
    <type>user</type>
  </wpt>
  <wpt lat="-18.296716958284378" lon="32.917437041178346">
    <ele>1616.9543049420463</ele>
    <time>2026-10-02T12:58:39.000Z</time>
    <name>The Epic 2025 001-1018</name>
    <cmt>&lt;table&gt;
&lt;tr&gt;&lt;td&gt;Longitude: 32.917437 &lt;/td&gt;&lt;/tr&gt;
&lt;tr&gt;&lt;td&gt;Latitude: -18.296717 &lt;/td&gt;&lt;/tr&gt;
&lt;tr&gt;&lt;td&gt;Heading: 132.1 &lt;/td&gt;&lt;/tr&gt;
&lt;/table&gt;</cmt>
    <desc>&lt;table&gt;
&lt;tr&gt;&lt;td&gt;Longitude: 32.917437 &lt;/td&gt;&lt;/tr&gt;
&lt;tr&gt;&lt;td&gt;Latitude: -18.296717 &lt;/td&gt;&lt;/tr&gt;
&lt;tr&gt;&lt;td&gt;Heading: 132.1 &lt;/td&gt;&lt;/tr&gt;
&lt;/table&gt;</desc>
    <sym>Flag, Blue</sym>
    <type>user</type>
  </wpt>
  <wpt lat="-18.299056012183428" lon="32.918529035523534">
    <ele>1552.4020377742406</ele>
    <time>2026-10-02T12:58:39.000Z</time>
    <name>The Epic 2025 001-1019</name>
    <cmt>&lt;table&gt;
&lt;tr&gt;&lt;td&gt;Longitude: 32.918529 &lt;/td&gt;&lt;/tr&gt;
&lt;tr&gt;&lt;td&gt;Latitude: -18.299056 &lt;/td&gt;&lt;/tr&gt;
&lt;tr&gt;&lt;td&gt;Heading: 156.1 &lt;/td&gt;&lt;/tr&gt;
&lt;/table&gt;</cmt>
    <desc>&lt;table&gt;
&lt;tr&gt;&lt;td&gt;Longitude: 32.918529 &lt;/td&gt;&lt;/tr&gt;
&lt;tr&gt;&lt;td&gt;Latitude: -18.299056 &lt;/td&gt;&lt;/tr&gt;
&lt;tr&gt;&lt;td&gt;Heading: 156.1 &lt;/td&gt;&lt;/tr&gt;
&lt;/table&gt;</desc>
    <sym>Flag, Blue</sym>
    <type>user</type>
  </wpt>
  <wpt lat="-18.43257000669837" lon="32.8082790132612">
    <ele>1539.5916965873912</ele>
    <time>2026-10-02T12:58:39.000Z</time>
    <name>The Epic 2025 001-102</name>
    <cmt>&lt;table&gt;
&lt;tr&gt;&lt;td&gt;Longitude: 32.808279 &lt;/td&gt;&lt;/tr&gt;
&lt;tr&gt;&lt;td&gt;Latitude: -18.432570 &lt;/td&gt;&lt;/tr&gt;
&lt;tr&gt;&lt;td&gt;Heading: 24.5 &lt;/td&gt;&lt;/tr&gt;
&lt;/table&gt;</cmt>
    <desc>&lt;table&gt;
&lt;tr&gt;&lt;td&gt;Longitude: 32.808279 &lt;/td&gt;&lt;/tr&gt;
&lt;tr&gt;&lt;td&gt;Latitude: -18.432570 &lt;/td&gt;&lt;/tr&gt;
&lt;tr&gt;&lt;td&gt;Heading: 24.5 &lt;/td&gt;&lt;/tr&gt;
&lt;/table&gt;</desc>
    <sym>Flag, Blue</sym>
    <type>user</type>
  </wpt>
  <wpt lat="-18.301742998883128" lon="32.91941902600229">
    <ele>1505.1259015637916</ele>
    <time>2026-10-02T12:58:39.000Z</time>
    <name>The Epic 2025 001-1020</name>
    <cmt>&lt;table&gt;
&lt;tr&gt;&lt;td&gt;Longitude: 32.919419 &lt;/td&gt;&lt;/tr&gt;
&lt;tr&gt;&lt;td&gt;Latitude: -18.301743 &lt;/td&gt;&lt;/tr&gt;
&lt;tr&gt;&lt;td&gt;Heading: 162.6 &lt;/td&gt;&lt;/tr&gt;
&lt;/table&gt;</cmt>
    <desc>&lt;table&gt;
&lt;tr&gt;&lt;td&gt;Longitude: 32.919419 &lt;/td&gt;&lt;/tr&gt;
&lt;tr&gt;&lt;td&gt;Latitude: -18.301743 &lt;/td&gt;&lt;/tr&gt;
&lt;tr&gt;&lt;td&gt;Heading: 162.6 &lt;/td&gt;&lt;/tr&gt;
&lt;/table&gt;</desc>
    <sym>Flag, Blue</sym>
    <type>user</type>
  </wpt>
  <wpt lat="-18.305412009358406" lon="32.920597018674016">
    <ele>1493.0177639925087</ele>
    <time>2026-10-02T12:58:39.000Z</time>
    <name>The Epic 2025 001-1021</name>
    <cmt>&lt;table&gt;
&lt;tr&gt;&lt;td&gt;Longitude: 32.920597 &lt;/td&gt;&lt;/tr&gt;
&lt;tr&gt;&lt;td&gt;Latitude: -18.305412 &lt;/td&gt;&lt;/tr&gt;
&lt;tr&gt;&lt;td&gt;Heading: 163.0 &lt;/td&gt;&lt;/tr&gt;
&lt;/table&gt;</cmt>
    <desc>&lt;table&gt;
&lt;tr&gt;&lt;td&gt;Longitude: 32.920597 &lt;/td&gt;&lt;/tr&gt;
&lt;tr&gt;&lt;td&gt;Latitude: -18.305412 &lt;/td&gt;&lt;/tr&gt;
&lt;tr&gt;&lt;td&gt;Heading: 163.0 &lt;/td&gt;&lt;/tr&gt;
&lt;/table&gt;</desc>
    <sym>Flag, Blue</sym>
    <type>user</type>
  </wpt>
  <wpt lat="-18.306486988440156" lon="32.92123203165829">
    <ele>1504.3966284525504</ele>
    <time>2026-10-02T12:58:39.000Z</time>
    <name>The Epic 2025 001-1022</name>
    <cmt>&lt;table&gt;
&lt;tr&gt;&lt;td&gt;Longitude: 32.921232 &lt;/td&gt;&lt;/tr&gt;
&lt;tr&gt;&lt;td&gt;Latitude: -18.306487 &lt;/td&gt;&lt;/tr&gt;
&lt;tr&gt;&lt;td&gt;Heading: 150.7 &lt;/td&gt;&lt;/tr&gt;
&lt;/table&gt;</cmt>
    <desc>&lt;table&gt;
&lt;tr&gt;&lt;td&gt;Longitude: 32.921232 &lt;/td&gt;&lt;/tr&gt;
&lt;tr&gt;&lt;td&gt;Latitude: -18.306487 &lt;/td&gt;&lt;/tr&gt;
&lt;tr&gt;&lt;td&gt;Heading: 150.7 &lt;/td&gt;&lt;/tr&gt;
&lt;/table&gt;</desc>
    <sym>Flag, Blue</sym>
    <type>user</type>
  </wpt>
  <wpt lat="-18.30773798748851" lon="32.92215697467327">
    <ele>1521.1559373302266</ele>
    <time>2026-10-02T12:58:39.000Z</time>
    <name>The Epic 2025 001-1023</name>
    <cmt>&lt;table&gt;
&lt;tr&gt;&lt;td&gt;Longitude: 32.922157 &lt;/td&gt;&lt;/tr&gt;
&lt;tr&gt;&lt;td&gt;Latitude: -18.307738 &lt;/td&gt;&lt;/tr&gt;
&lt;tr&gt;&lt;td&gt;Heading: 145.0 &lt;/td&gt;&lt;/tr&gt;
&lt;/table&gt;</cmt>
    <desc>&lt;table&gt;
&lt;tr&gt;&lt;td&gt;Longitude: 32.922157 &lt;/td&gt;&lt;/tr&gt;
&lt;tr&gt;&lt;td&gt;Latitude: -18.307738 &lt;/td&gt;&lt;/tr&gt;
&lt;tr&gt;&lt;td&gt;Heading: 145.0 &lt;/td&gt;&lt;/tr&gt;
&lt;/table&gt;</desc>
    <sym>Flag, Blue</sym>
    <type>user</type>
  </wpt>
  <wpt lat="-18.30875102430582" lon="32.922980999574065">
    <ele>1512.1485100188602</ele>
    <time>2026-10-02T12:58:39.000Z</time>
    <name>The Epic 2025 001-1024</name>
    <cmt>&lt;table&gt;
&lt;tr&gt;&lt;td&gt;Longitude: 32.922981 &lt;/td&gt;&lt;/tr&gt;
&lt;tr&gt;&lt;td&gt;Latitude: -18.308751 &lt;/td&gt;&lt;/tr&gt;
&lt;tr&gt;&lt;td&gt;Heading: 142.3 &lt;/td&gt;&lt;/tr&gt;
&lt;/table&gt;</cmt>
    <desc>&lt;table&gt;
&lt;tr&gt;&lt;td&gt;Longitude: 32.922981 &lt;/td&gt;&lt;/tr&gt;
&lt;tr&gt;&lt;td&gt;Latitude: -18.308751 &lt;/td&gt;&lt;/tr&gt;
&lt;tr&gt;&lt;td&gt;Heading: 142.3 &lt;/td&gt;&lt;/tr&gt;
&lt;/table&gt;</desc>
    <sym>Flag, Blue</sym>
    <type>user</type>
  </wpt>
  <wpt lat="-18.309584017843008" lon="32.92352397926152">
    <ele>1487.330210536763</ele>
    <time>2026-10-02T12:58:39.000Z</time>
    <name>The Epic 2025 001-1025</name>
    <cmt>&lt;table&gt;
&lt;tr&gt;&lt;td&gt;Longitude: 32.923524 &lt;/td&gt;&lt;/tr&gt;
&lt;tr&gt;&lt;td&gt;Latitude: -18.309584 &lt;/td&gt;&lt;/tr&gt;
&lt;tr&gt;&lt;td&gt;Heading: 148.3 &lt;/td&gt;&lt;/tr&gt;
&lt;/table&gt;</cmt>
    <desc>&lt;table&gt;
&lt;tr&gt;&lt;td&gt;Longitude: 32.923524 &lt;/td&gt;&lt;/tr&gt;
&lt;tr&gt;&lt;td&gt;Latitude: -18.309584 &lt;/td&gt;&lt;/tr&gt;
&lt;tr&gt;&lt;td&gt;Heading: 148.3 &lt;/td&gt;&lt;/tr&gt;
&lt;/table&gt;</desc>
    <sym>Flag, Blue</sym>
    <type>user</type>
  </wpt>
  <wpt lat="-18.310197992250323" lon="32.923774011433125">
    <ele>1487.3842655838507</ele>
    <time>2026-10-02T12:58:39.000Z</time>
    <name>The Epic 2025 001-1026</name>
    <cmt>&lt;table&gt;
&lt;tr&gt;&lt;td&gt;Longitude: 32.923774 &lt;/td&gt;&lt;/tr&gt;
&lt;tr&gt;&lt;td&gt;Latitude: -18.310198 &lt;/td&gt;&lt;/tr&gt;
&lt;tr&gt;&lt;td&gt;Heading: 158.9 &lt;/td&gt;&lt;/tr&gt;
&lt;/table&gt;</cmt>
    <desc>&lt;table&gt;
&lt;tr&gt;&lt;td&gt;Longitude: 32.923774 &lt;/td&gt;&lt;/tr&gt;
&lt;tr&gt;&lt;td&gt;Latitude: -18.310198 &lt;/td&gt;&lt;/tr&gt;
&lt;tr&gt;&lt;td&gt;Heading: 158.9 &lt;/td&gt;&lt;/tr&gt;
&lt;/table&gt;</desc>
    <sym>Flag, Blue</sym>
    <type>user</type>
  </wpt>
  <wpt lat="-18.311212034896016" lon="32.92521703988314">
    <ele>1465.6170785048653</ele>
    <time>2026-10-02T12:58:39.000Z</time>
    <name>The Epic 2025 001-1027</name>
    <cmt>&lt;table&gt;
&lt;tr&gt;&lt;td&gt;Longitude: 32.925217 &lt;/td&gt;&lt;/tr&gt;
&lt;tr&gt;&lt;td&gt;Latitude: -18.311212 &lt;/td&gt;&lt;/tr&gt;
&lt;tr&gt;&lt;td&gt;Heading: 126.5 &lt;/td&gt;&lt;/tr&gt;
&lt;/table&gt;</cmt>
    <desc>&lt;table&gt;
&lt;tr&gt;&lt;td&gt;Longitude: 32.925217 &lt;/td&gt;&lt;/tr&gt;
&lt;tr&gt;&lt;td&gt;Latitude: -18.311212 &lt;/td&gt;&lt;/tr&gt;
&lt;tr&gt;&lt;td&gt;Heading: 126.5 &lt;/td&gt;&lt;/tr&gt;
&lt;/table&gt;</desc>
    <sym>Flag, Blue</sym>
    <type>user</type>
  </wpt>
  <wpt lat="-18.311775969341397" lon="32.925192983821034">
    <ele>1480.4489429417304</ele>
    <time>2026-10-02T12:58:39.000Z</time>
    <name>The Epic 2025 001-1028</name>
    <cmt>&lt;table&gt;
&lt;tr&gt;&lt;td&gt;Longitude: 32.925193 &lt;/td&gt;&lt;/tr&gt;
&lt;tr&gt;&lt;td&gt;Latitude: -18.311776 &lt;/td&gt;&lt;/tr&gt;
&lt;tr&gt;&lt;td&gt;Heading: 182.3 &lt;/td&gt;&lt;/tr&gt;
&lt;/table&gt;</cmt>
    <desc>&lt;table&gt;
&lt;tr&gt;&lt;td&gt;Longitude: 32.925193 &lt;/td&gt;&lt;/tr&gt;
&lt;tr&gt;&lt;td&gt;Latitude: -18.311776 &lt;/td&gt;&lt;/tr&gt;
&lt;tr&gt;&lt;td&gt;Heading: 182.3 &lt;/td&gt;&lt;/tr&gt;
&lt;/table&gt;</desc>
    <sym>Flag, Blue</sym>
    <type>user</type>
  </wpt>
  <wpt lat="-18.31154496408999" lon="32.92599898763001">
    <ele>1446.9395039536603</ele>
    <time>2026-10-02T12:58:39.000Z</time>
    <name>The Epic 2025 001-1029</name>
    <cmt>&lt;table&gt;
&lt;tr&gt;&lt;td&gt;Longitude: 32.925999 &lt;/td&gt;&lt;/tr&gt;
&lt;tr&gt;&lt;td&gt;Latitude: -18.311545 &lt;/td&gt;&lt;/tr&gt;
&lt;tr&gt;&lt;td&gt;Heading: 73.2 &lt;/td&gt;&lt;/tr&gt;
&lt;/table&gt;</cmt>
    <desc>&lt;table&gt;
&lt;tr&gt;&lt;td&gt;Longitude: 32.925999 &lt;/td&gt;&lt;/tr&gt;
&lt;tr&gt;&lt;td&gt;Latitude: -18.311545 &lt;/td&gt;&lt;/tr&gt;
&lt;tr&gt;&lt;td&gt;Heading: 73.2 &lt;/td&gt;&lt;/tr&gt;
&lt;/table&gt;</desc>
    <sym>Flag, Blue</sym>
    <type>user</type>
  </wpt>
  <wpt lat="-18.432128028944135" lon="32.80837398022413">
    <ele>1548.4820534547566</ele>
    <time>2026-10-02T12:58:39.000Z</time>
    <name>The Epic 2025 001-103</name>
    <cmt>&lt;table&gt;
&lt;tr&gt;&lt;td&gt;Longitude: 32.808374 &lt;/td&gt;&lt;/tr&gt;
&lt;tr&gt;&lt;td&gt;Latitude: -18.432128 &lt;/td&gt;&lt;/tr&gt;
&lt;tr&gt;&lt;td&gt;Heading: 11.6 &lt;/td&gt;&lt;/tr&gt;
&lt;/table&gt;</cmt>
    <desc>&lt;table&gt;
&lt;tr&gt;&lt;td&gt;Longitude: 32.808374 &lt;/td&gt;&lt;/tr&gt;
&lt;tr&gt;&lt;td&gt;Latitude: -18.432128 &lt;/td&gt;&lt;/tr&gt;
&lt;tr&gt;&lt;td&gt;Heading: 11.6 &lt;/td&gt;&lt;/tr&gt;
&lt;/table&gt;</desc>
    <sym>Flag, Blue</sym>
    <type>user</type>
  </wpt>
  <wpt lat="-18.312674006447196" lon="32.92679199948907">
    <ele>1426.97216796875</ele>
    <time>2026-10-02T12:58:39.000Z</time>
    <name>The Epic 2025 001-1030</name>
    <cmt>&lt;table&gt;
&lt;tr&gt;&lt;td&gt;Longitude: 32.926792 &lt;/td&gt;&lt;/tr&gt;
&lt;tr&gt;&lt;td&gt;Latitude: -18.312674 &lt;/td&gt;&lt;/tr&gt;
&lt;tr&gt;&lt;td&gt;Heading: 146.3 &lt;/td&gt;&lt;/tr&gt;
&lt;/table&gt;</cmt>
    <desc>&lt;table&gt;
&lt;tr&gt;&lt;td&gt;Longitude: 32.926792 &lt;/td&gt;&lt;/tr&gt;
&lt;tr&gt;&lt;td&gt;Latitude: -18.312674 &lt;/td&gt;&lt;/tr&gt;
&lt;tr&gt;&lt;td&gt;Heading: 146.3 &lt;/td&gt;&lt;/tr&gt;
&lt;/table&gt;</desc>
    <sym>Flag, Blue</sym>
    <type>user</type>
  </wpt>
  <wpt lat="-18.3131589833647" lon="32.927792966365814">
    <ele>1393.168714589905</ele>
    <time>2026-10-02T12:58:39.000Z</time>
    <name>The Epic 2025 001-1031</name>
    <cmt>&lt;table&gt;
&lt;tr&gt;&lt;td&gt;Longitude: 32.927793 &lt;/td&gt;&lt;/tr&gt;
&lt;tr&gt;&lt;td&gt;Latitude: -18.313159 &lt;/td&gt;&lt;/tr&gt;
&lt;tr&gt;&lt;td&gt;Heading: 117.0 &lt;/td&gt;&lt;/tr&gt;
&lt;/table&gt;</cmt>
    <desc>&lt;table&gt;
&lt;tr&gt;&lt;td&gt;Longitude: 32.927793 &lt;/td&gt;&lt;/tr&gt;
&lt;tr&gt;&lt;td&gt;Latitude: -18.313159 &lt;/td&gt;&lt;/tr&gt;
&lt;tr&gt;&lt;td&gt;Heading: 117.0 &lt;/td&gt;&lt;/tr&gt;
&lt;/table&gt;</desc>
    <sym>Flag, Blue</sym>
    <type>user</type>
  </wpt>
  <wpt lat="-18.313902961090207" lon="32.92849696241319">
    <ele>1359.602787042475</ele>
    <time>2026-10-02T12:58:39.000Z</time>
    <name>The Epic 2025 001-1032</name>
    <cmt>&lt;table&gt;
&lt;tr&gt;&lt;td&gt;Longitude: 32.928497 &lt;/td&gt;&lt;/tr&gt;
&lt;tr&gt;&lt;td&gt;Latitude: -18.313903 &lt;/td&gt;&lt;/tr&gt;
&lt;tr&gt;&lt;td&gt;Heading: 138.1 &lt;/td&gt;&lt;/tr&gt;
&lt;/table&gt;</cmt>
    <desc>&lt;table&gt;
&lt;tr&gt;&lt;td&gt;Longitude: 32.928497 &lt;/td&gt;&lt;/tr&gt;
&lt;tr&gt;&lt;td&gt;Latitude: -18.313903 &lt;/td&gt;&lt;/tr&gt;
&lt;tr&gt;&lt;td&gt;Heading: 138.1 &lt;/td&gt;&lt;/tr&gt;
&lt;/table&gt;</desc>
    <sym>Flag, Blue</sym>
    <type>user</type>
  </wpt>
  <wpt lat="-18.313057981431484" lon="32.929874025285244">
    <ele>1318.4501953125</ele>
    <time>2026-10-02T12:58:39.000Z</time>
    <name>The Epic 2025 001-1033</name>
    <cmt>&lt;table&gt;
&lt;tr&gt;&lt;td&gt;Longitude: 32.929874 &lt;/td&gt;&lt;/tr&gt;
&lt;tr&gt;&lt;td&gt;Latitude: -18.313058 &lt;/td&gt;&lt;/tr&gt;
&lt;tr&gt;&lt;td&gt;Heading: 57.1 &lt;/td&gt;&lt;/tr&gt;
&lt;/table&gt;</cmt>
    <desc>&lt;table&gt;
&lt;tr&gt;&lt;td&gt;Longitude: 32.929874 &lt;/td&gt;&lt;/tr&gt;
&lt;tr&gt;&lt;td&gt;Latitude: -18.313058 &lt;/td&gt;&lt;/tr&gt;
&lt;tr&gt;&lt;td&gt;Heading: 57.1 &lt;/td&gt;&lt;/tr&gt;
&lt;/table&gt;</desc>
    <sym>Flag, Blue</sym>
    <type>user</type>
  </wpt>
  <wpt lat="-18.312570992857218" lon="32.930567963048816">
    <ele>1315.1700806732988</ele>
    <time>2026-10-02T12:58:39.000Z</time>
    <name>The Epic 2025 001-1034</name>
    <cmt>&lt;table&gt;
&lt;tr&gt;&lt;td&gt;Longitude: 32.930568 &lt;/td&gt;&lt;/tr&gt;
&lt;tr&gt;&lt;td&gt;Latitude: -18.312571 &lt;/td&gt;&lt;/tr&gt;
&lt;tr&gt;&lt;td&gt;Heading: 53.5 &lt;/td&gt;&lt;/tr&gt;
&lt;/table&gt;</cmt>
    <desc>&lt;table&gt;
&lt;tr&gt;&lt;td&gt;Longitude: 32.930568 &lt;/td&gt;&lt;/tr&gt;
&lt;tr&gt;&lt;td&gt;Latitude: -18.312571 &lt;/td&gt;&lt;/tr&gt;
&lt;tr&gt;&lt;td&gt;Heading: 53.5 &lt;/td&gt;&lt;/tr&gt;
&lt;/table&gt;</desc>
    <sym>Flag, Blue</sym>
    <type>user</type>
  </wpt>
  <wpt lat="-18.311528032645583" lon="32.93061800301075">
    <ele>1321.3641278388968</ele>
    <time>2026-10-02T12:58:39.000Z</time>
    <name>The Epic 2025 001-1035</name>
    <cmt>&lt;table&gt;
&lt;tr&gt;&lt;td&gt;Longitude: 32.930618 &lt;/td&gt;&lt;/tr&gt;
&lt;tr&gt;&lt;td&gt;Latitude: -18.311528 &lt;/td&gt;&lt;/tr&gt;
&lt;tr&gt;&lt;td&gt;Heading: 2.6 &lt;/td&gt;&lt;/tr&gt;
&lt;/table&gt;</cmt>
    <desc>&lt;table&gt;
&lt;tr&gt;&lt;td&gt;Longitude: 32.930618 &lt;/td&gt;&lt;/tr&gt;
&lt;tr&gt;&lt;td&gt;Latitude: -18.311528 &lt;/td&gt;&lt;/tr&gt;
&lt;tr&gt;&lt;td&gt;Heading: 2.6 &lt;/td&gt;&lt;/tr&gt;
&lt;/table&gt;</desc>
    <sym>Flag, Blue</sym>
    <type>user</type>
  </wpt>
  <wpt lat="-18.31130700185895" lon="32.93163003399968">
    <ele>1313.2708250476308</ele>
    <time>2026-10-02T12:58:39.000Z</time>
    <name>The Epic 2025 001-1036</name>
    <cmt>&lt;table&gt;
&lt;tr&gt;&lt;td&gt;Longitude: 32.931630 &lt;/td&gt;&lt;/tr&gt;
&lt;tr&gt;&lt;td&gt;Latitude: -18.311307 &lt;/td&gt;&lt;/tr&gt;
&lt;tr&gt;&lt;td&gt;Heading: 77.1 &lt;/td&gt;&lt;/tr&gt;
&lt;/table&gt;</cmt>
    <desc>&lt;table&gt;
&lt;tr&gt;&lt;td&gt;Longitude: 32.931630 &lt;/td&gt;&lt;/tr&gt;
&lt;tr&gt;&lt;td&gt;Latitude: -18.311307 &lt;/td&gt;&lt;/tr&gt;
&lt;tr&gt;&lt;td&gt;Heading: 77.1 &lt;/td&gt;&lt;/tr&gt;
&lt;/table&gt;</desc>
    <sym>Flag, Blue</sym>
    <type>user</type>
  </wpt>
  <wpt lat="-18.308997033163905" lon="32.932671988382936">
    <ele>1308.645799355531</ele>
    <time>2026-10-02T12:58:39.000Z</time>
    <name>The Epic 2025 001-1037</name>
    <cmt>&lt;table&gt;
&lt;tr&gt;&lt;td&gt;Longitude: 32.932672 &lt;/td&gt;&lt;/tr&gt;
&lt;tr&gt;&lt;td&gt;Latitude: -18.308997 &lt;/td&gt;&lt;/tr&gt;
&lt;tr&gt;&lt;td&gt;Heading: 23.2 &lt;/td&gt;&lt;/tr&gt;
&lt;/table&gt;</cmt>
    <desc>&lt;table&gt;
&lt;tr&gt;&lt;td&gt;Longitude: 32.932672 &lt;/td&gt;&lt;/tr&gt;
&lt;tr&gt;&lt;td&gt;Latitude: -18.308997 &lt;/td&gt;&lt;/tr&gt;
&lt;tr&gt;&lt;td&gt;Heading: 23.2 &lt;/td&gt;&lt;/tr&gt;
&lt;/table&gt;</desc>
    <sym>Flag, Blue</sym>
    <type>user</type>
  </wpt>
  <wpt lat="-18.307875031605363" lon="32.93242204003036">
    <ele>1294.02938190034</ele>
    <time>2026-10-02T12:58:39.000Z</time>
    <name>The Epic 2025 001-1038</name>
    <cmt>&lt;table&gt;
&lt;tr&gt;&lt;td&gt;Longitude: 32.932422 &lt;/td&gt;&lt;/tr&gt;
&lt;tr&gt;&lt;td&gt;Latitude: -18.307875 &lt;/td&gt;&lt;/tr&gt;
&lt;tr&gt;&lt;td&gt;Heading: 348.1 &lt;/td&gt;&lt;/tr&gt;
&lt;/table&gt;</cmt>
    <desc>&lt;table&gt;
&lt;tr&gt;&lt;td&gt;Longitude: 32.932422 &lt;/td&gt;&lt;/tr&gt;
&lt;tr&gt;&lt;td&gt;Latitude: -18.307875 &lt;/td&gt;&lt;/tr&gt;
&lt;tr&gt;&lt;td&gt;Heading: 348.1 &lt;/td&gt;&lt;/tr&gt;
&lt;/table&gt;</desc>
    <sym>Flag, Blue</sym>
    <type>user</type>
  </wpt>
  <wpt lat="-18.307382008060813" lon="32.93289796449244">
    <ele>1272.5041427607648</ele>
    <time>2026-10-02T12:58:39.000Z</time>
    <name>The Epic 2025 001-1039</name>
    <cmt>&lt;table&gt;
&lt;tr&gt;&lt;td&gt;Longitude: 32.932898 &lt;/td&gt;&lt;/tr&gt;
&lt;tr&gt;&lt;td&gt;Latitude: -18.307382 &lt;/td&gt;&lt;/tr&gt;
&lt;tr&gt;&lt;td&gt;Heading: 42.5 &lt;/td&gt;&lt;/tr&gt;
&lt;/table&gt;</cmt>
    <desc>&lt;table&gt;
&lt;tr&gt;&lt;td&gt;Longitude: 32.932898 &lt;/td&gt;&lt;/tr&gt;
&lt;tr&gt;&lt;td&gt;Latitude: -18.307382 &lt;/td&gt;&lt;/tr&gt;
&lt;tr&gt;&lt;td&gt;Heading: 42.5 &lt;/td&gt;&lt;/tr&gt;
&lt;/table&gt;</desc>
    <sym>Flag, Blue</sym>
    <type>user</type>
  </wpt>
  <wpt lat="-18.431767020374537" lon="32.80840398743749">
    <ele>1555.3894646244012</ele>
    <time>2026-10-02T12:58:39.000Z</time>
    <name>The Epic 2025 001-104</name>
    <cmt>&lt;table&gt;
&lt;tr&gt;&lt;td&gt;Longitude: 32.808404 &lt;/td&gt;&lt;/tr&gt;
&lt;tr&gt;&lt;td&gt;Latitude: -18.431767 &lt;/td&gt;&lt;/tr&gt;
&lt;tr&gt;&lt;td&gt;Heading: 4.4 &lt;/td&gt;&lt;/tr&gt;
&lt;/table&gt;</cmt>
    <desc>&lt;table&gt;
&lt;tr&gt;&lt;td&gt;Longitude: 32.808404 &lt;/td&gt;&lt;/tr&gt;
&lt;tr&gt;&lt;td&gt;Latitude: -18.431767 &lt;/td&gt;&lt;/tr&gt;
&lt;tr&gt;&lt;td&gt;Heading: 4.4 &lt;/td&gt;&lt;/tr&gt;
&lt;/table&gt;</desc>
    <sym>Flag, Blue</sym>
    <type>user</type>
  </wpt>
  <wpt lat="-18.307143040001392" lon="32.93424602597952">
    <ele>1248.691041375173</ele>
    <time>2026-10-02T12:58:39.000Z</time>
    <name>The Epic 2025 001-1040</name>
    <cmt>&lt;table&gt;
&lt;tr&gt;&lt;td&gt;Longitude: 32.934246 &lt;/td&gt;&lt;/tr&gt;
&lt;tr&gt;&lt;td&gt;Latitude: -18.307143 &lt;/td&gt;&lt;/tr&gt;
&lt;tr&gt;&lt;td&gt;Heading: 79.4 &lt;/td&gt;&lt;/tr&gt;
&lt;/table&gt;</cmt>
    <desc>&lt;table&gt;
&lt;tr&gt;&lt;td&gt;Longitude: 32.934246 &lt;/td&gt;&lt;/tr&gt;
&lt;tr&gt;&lt;td&gt;Latitude: -18.307143 &lt;/td&gt;&lt;/tr&gt;
&lt;tr&gt;&lt;td&gt;Heading: 79.4 &lt;/td&gt;&lt;/tr&gt;
&lt;/table&gt;</desc>
    <sym>Flag, Blue</sym>
    <type>user</type>
  </wpt>
  <wpt lat="-18.306266963481903" lon="32.934131026268005">
    <ele>1234.709741341434</ele>
    <time>2026-10-02T12:58:39.000Z</time>
    <name>The Epic 2025 001-1041</name>
    <cmt>&lt;table&gt;
&lt;tr&gt;&lt;td&gt;Longitude: 32.934131 &lt;/td&gt;&lt;/tr&gt;
&lt;tr&gt;&lt;td&gt;Latitude: -18.306267 &lt;/td&gt;&lt;/tr&gt;
&lt;tr&gt;&lt;td&gt;Heading: 352.9 &lt;/td&gt;&lt;/tr&gt;
&lt;/table&gt;</cmt>
    <desc>&lt;table&gt;
&lt;tr&gt;&lt;td&gt;Longitude: 32.934131 &lt;/td&gt;&lt;/tr&gt;
&lt;tr&gt;&lt;td&gt;Latitude: -18.306267 &lt;/td&gt;&lt;/tr&gt;
&lt;tr&gt;&lt;td&gt;Heading: 352.9 &lt;/td&gt;&lt;/tr&gt;
&lt;/table&gt;</desc>
    <sym>Flag, Blue</sym>
    <type>user</type>
  </wpt>
  <wpt lat="-18.30497397109866" lon="32.933423006907105">
    <ele>1216.2301312744314</ele>
    <time>2026-10-02T12:58:39.000Z</time>
    <name>The Epic 2025 001-1042</name>
    <cmt>&lt;table&gt;
&lt;tr&gt;&lt;td&gt;Longitude: 32.933423 &lt;/td&gt;&lt;/tr&gt;
&lt;tr&gt;&lt;td&gt;Latitude: -18.304974 &lt;/td&gt;&lt;/tr&gt;
&lt;tr&gt;&lt;td&gt;Heading: 332.5 &lt;/td&gt;&lt;/tr&gt;
&lt;/table&gt;</cmt>
    <desc>&lt;table&gt;
&lt;tr&gt;&lt;td&gt;Longitude: 32.933423 &lt;/td&gt;&lt;/tr&gt;
&lt;tr&gt;&lt;td&gt;Latitude: -18.304974 &lt;/td&gt;&lt;/tr&gt;
&lt;tr&gt;&lt;td&gt;Heading: 332.5 &lt;/td&gt;&lt;/tr&gt;
&lt;/table&gt;</desc>
    <sym>Flag, Blue</sym>
    <type>user</type>
  </wpt>
  <wpt lat="-18.304488994181156" lon="32.93304800055921">
    <ele>1212.6564097669125</ele>
    <time>2026-10-02T12:58:39.000Z</time>
    <name>The Epic 2025 001-1043</name>
    <cmt>&lt;table&gt;
&lt;tr&gt;&lt;td&gt;Longitude: 32.933048 &lt;/td&gt;&lt;/tr&gt;
&lt;tr&gt;&lt;td&gt;Latitude: -18.304489 &lt;/td&gt;&lt;/tr&gt;
&lt;tr&gt;&lt;td&gt;Heading: 323.8 &lt;/td&gt;&lt;/tr&gt;
&lt;/table&gt;</cmt>
    <desc>&lt;table&gt;
&lt;tr&gt;&lt;td&gt;Longitude: 32.933048 &lt;/td&gt;&lt;/tr&gt;
&lt;tr&gt;&lt;td&gt;Latitude: -18.304489 &lt;/td&gt;&lt;/tr&gt;
&lt;tr&gt;&lt;td&gt;Heading: 323.8 &lt;/td&gt;&lt;/tr&gt;
&lt;/table&gt;</desc>
    <sym>Flag, Blue</sym>
    <type>user</type>
  </wpt>
  <wpt lat="-18.30380897037685" lon="32.93358997441828">
    <ele>1213.2997581636826</ele>
    <time>2026-10-02T12:58:39.000Z</time>
    <name>The Epic 2025 001-1044</name>
    <cmt>&lt;table&gt;
&lt;tr&gt;&lt;td&gt;Longitude: 32.933590 &lt;/td&gt;&lt;/tr&gt;
&lt;tr&gt;&lt;td&gt;Latitude: -18.303809 &lt;/td&gt;&lt;/tr&gt;
&lt;tr&gt;&lt;td&gt;Heading: 37.1 &lt;/td&gt;&lt;/tr&gt;
&lt;/table&gt;</cmt>
    <desc>&lt;table&gt;
&lt;tr&gt;&lt;td&gt;Longitude: 32.933590 &lt;/td&gt;&lt;/tr&gt;
&lt;tr&gt;&lt;td&gt;Latitude: -18.303809 &lt;/td&gt;&lt;/tr&gt;
&lt;tr&gt;&lt;td&gt;Heading: 37.1 &lt;/td&gt;&lt;/tr&gt;
&lt;/table&gt;</desc>
    <sym>Flag, Blue</sym>
    <type>user</type>
  </wpt>
  <wpt lat="-18.30338099040091" lon="32.93393497355282">
    <ele>1223.2258456392617</ele>
    <time>2026-10-02T12:58:39.000Z</time>
    <name>The Epic 2025 001-1045</name>
    <cmt>&lt;table&gt;
&lt;tr&gt;&lt;td&gt;Longitude: 32.933935 &lt;/td&gt;&lt;/tr&gt;
&lt;tr&gt;&lt;td&gt;Latitude: -18.303381 &lt;/td&gt;&lt;/tr&gt;
&lt;tr&gt;&lt;td&gt;Heading: 37.4 &lt;/td&gt;&lt;/tr&gt;
&lt;/table&gt;</cmt>
    <desc>&lt;table&gt;
&lt;tr&gt;&lt;td&gt;Longitude: 32.933935 &lt;/td&gt;&lt;/tr&gt;
&lt;tr&gt;&lt;td&gt;Latitude: -18.303381 &lt;/td&gt;&lt;/tr&gt;
&lt;tr&gt;&lt;td&gt;Heading: 37.4 &lt;/td&gt;&lt;/tr&gt;
&lt;/table&gt;</desc>
    <sym>Flag, Blue</sym>
    <type>user</type>
  </wpt>
  <wpt lat="-18.302789982408285" lon="32.93408299796283">
    <ele>1231.2657280721319</ele>
    <time>2026-10-02T12:58:39.000Z</time>
    <name>The Epic 2025 001-1046</name>
    <cmt>&lt;table&gt;
&lt;tr&gt;&lt;td&gt;Longitude: 32.934083 &lt;/td&gt;&lt;/tr&gt;
&lt;tr&gt;&lt;td&gt;Latitude: -18.302790 &lt;/td&gt;&lt;/tr&gt;
&lt;tr&gt;&lt;td&gt;Heading: 13.4 &lt;/td&gt;&lt;/tr&gt;
&lt;/table&gt;</cmt>
    <desc>&lt;table&gt;
&lt;tr&gt;&lt;td&gt;Longitude: 32.934083 &lt;/td&gt;&lt;/tr&gt;
&lt;tr&gt;&lt;td&gt;Latitude: -18.302790 &lt;/td&gt;&lt;/tr&gt;
&lt;tr&gt;&lt;td&gt;Heading: 13.4 &lt;/td&gt;&lt;/tr&gt;
&lt;/table&gt;</desc>
    <sym>Flag, Blue</sym>
    <type>user</type>
  </wpt>
  <wpt lat="-18.30243299715221" lon="32.93431199155748">
    <ele>1235.743016130617</ele>
    <time>2026-10-02T12:58:39.000Z</time>
    <name>The Epic 2025 001-1047</name>
    <cmt>&lt;table&gt;
&lt;tr&gt;&lt;td&gt;Longitude: 32.934312 &lt;/td&gt;&lt;/tr&gt;
&lt;tr&gt;&lt;td&gt;Latitude: -18.302433 &lt;/td&gt;&lt;/tr&gt;
&lt;tr&gt;&lt;td&gt;Heading: 31.3 &lt;/td&gt;&lt;/tr&gt;
&lt;/table&gt;</cmt>
    <desc>&lt;table&gt;
&lt;tr&gt;&lt;td&gt;Longitude: 32.934312 &lt;/td&gt;&lt;/tr&gt;
&lt;tr&gt;&lt;td&gt;Latitude: -18.302433 &lt;/td&gt;&lt;/tr&gt;
&lt;tr&gt;&lt;td&gt;Heading: 31.3 &lt;/td&gt;&lt;/tr&gt;
&lt;/table&gt;</desc>
    <sym>Flag, Blue</sym>
    <type>user</type>
  </wpt>
  <wpt lat="-18.30204902216792" lon="32.93459102511406">
    <ele>1240.2756795536989</ele>
    <time>2026-10-02T12:58:39.000Z</time>
    <name>The Epic 2025 001-1048</name>
    <cmt>&lt;table&gt;
&lt;tr&gt;&lt;td&gt;Longitude: 32.934591 &lt;/td&gt;&lt;/tr&gt;
&lt;tr&gt;&lt;td&gt;Latitude: -18.302049 &lt;/td&gt;&lt;/tr&gt;
&lt;tr&gt;&lt;td&gt;Heading: 34.7 &lt;/td&gt;&lt;/tr&gt;
&lt;/table&gt;</cmt>
    <desc>&lt;table&gt;
&lt;tr&gt;&lt;td&gt;Longitude: 32.934591 &lt;/td&gt;&lt;/tr&gt;
&lt;tr&gt;&lt;td&gt;Latitude: -18.302049 &lt;/td&gt;&lt;/tr&gt;
&lt;tr&gt;&lt;td&gt;Heading: 34.7 &lt;/td&gt;&lt;/tr&gt;
&lt;/table&gt;</desc>
    <sym>Flag, Blue</sym>
    <type>user</type>
  </wpt>
  <wpt lat="-18.30161701887846" lon="32.934760004282">
    <ele>1240.4319192726507</ele>
    <time>2026-10-02T12:58:39.000Z</time>
    <name>The Epic 2025 001-1049</name>
    <cmt>&lt;table&gt;
&lt;tr&gt;&lt;td&gt;Longitude: 32.934760 &lt;/td&gt;&lt;/tr&gt;
&lt;tr&gt;&lt;td&gt;Latitude: -18.301617 &lt;/td&gt;&lt;/tr&gt;
&lt;tr&gt;&lt;td&gt;Heading: 20.3 &lt;/td&gt;&lt;/tr&gt;
&lt;/table&gt;</cmt>
    <desc>&lt;table&gt;
&lt;tr&gt;&lt;td&gt;Longitude: 32.934760 &lt;/td&gt;&lt;/tr&gt;
&lt;tr&gt;&lt;td&gt;Latitude: -18.301617 &lt;/td&gt;&lt;/tr&gt;
&lt;tr&gt;&lt;td&gt;Heading: 20.3 &lt;/td&gt;&lt;/tr&gt;
&lt;/table&gt;</desc>
    <sym>Flag, Blue</sym>
    <type>user</type>
  </wpt>
  <wpt lat="-18.43145303428173" lon="32.8083289694041">
    <ele>1563.7182800006722</ele>
    <time>2026-10-02T12:58:39.000Z</time>
    <name>The Epic 2025 001-105</name>
    <cmt>&lt;table&gt;
&lt;tr&gt;&lt;td&gt;Longitude: 32.808329 &lt;/td&gt;&lt;/tr&gt;
&lt;tr&gt;&lt;td&gt;Latitude: -18.431453 &lt;/td&gt;&lt;/tr&gt;
&lt;tr&gt;&lt;td&gt;Heading: 347.3 &lt;/td&gt;&lt;/tr&gt;
&lt;/table&gt;</cmt>
    <desc>&lt;table&gt;
&lt;tr&gt;&lt;td&gt;Longitude: 32.808329 &lt;/td&gt;&lt;/tr&gt;
&lt;tr&gt;&lt;td&gt;Latitude: -18.431453 &lt;/td&gt;&lt;/tr&gt;
&lt;tr&gt;&lt;td&gt;Heading: 347.3 &lt;/td&gt;&lt;/tr&gt;
&lt;/table&gt;</desc>
    <sym>Flag, Blue</sym>
    <type>user</type>
  </wpt>
  <wpt lat="-18.300623008981347" lon="32.93429296463728">
    <ele>1245.3746253817978</ele>
    <time>2026-10-02T12:58:39.000Z</time>
    <name>The Epic 2025 001-1050</name>
    <cmt>&lt;table&gt;
&lt;tr&gt;&lt;td&gt;Longitude: 32.934293 &lt;/td&gt;&lt;/tr&gt;
&lt;tr&gt;&lt;td&gt;Latitude: -18.300623 &lt;/td&gt;&lt;/tr&gt;
&lt;tr&gt;&lt;td&gt;Heading: 336.0 &lt;/td&gt;&lt;/tr&gt;
&lt;/table&gt;</cmt>
    <desc>&lt;table&gt;
&lt;tr&gt;&lt;td&gt;Longitude: 32.934293 &lt;/td&gt;&lt;/tr&gt;
&lt;tr&gt;&lt;td&gt;Latitude: -18.300623 &lt;/td&gt;&lt;/tr&gt;
&lt;tr&gt;&lt;td&gt;Heading: 336.0 &lt;/td&gt;&lt;/tr&gt;
&lt;/table&gt;</desc>
    <sym>Flag, Blue</sym>
    <type>user</type>
  </wpt>
  <wpt lat="-18.29975003376603" lon="32.93442699126899">
    <ele>1258.079490980885</ele>
    <time>2026-10-02T12:58:39.000Z</time>
    <name>The Epic 2025 001-1051</name>
    <cmt>&lt;table&gt;
&lt;tr&gt;&lt;td&gt;Longitude: 32.934427 &lt;/td&gt;&lt;/tr&gt;
&lt;tr&gt;&lt;td&gt;Latitude: -18.299750 &lt;/td&gt;&lt;/tr&gt;
&lt;tr&gt;&lt;td&gt;Heading: 8.3 &lt;/td&gt;&lt;/tr&gt;
&lt;/table&gt;</cmt>
    <desc>&lt;table&gt;
&lt;tr&gt;&lt;td&gt;Longitude: 32.934427 &lt;/td&gt;&lt;/tr&gt;
&lt;tr&gt;&lt;td&gt;Latitude: -18.299750 &lt;/td&gt;&lt;/tr&gt;
&lt;tr&gt;&lt;td&gt;Heading: 8.3 &lt;/td&gt;&lt;/tr&gt;
&lt;/table&gt;</desc>
    <sym>Flag, Blue</sym>
    <type>user</type>
  </wpt>
  <wpt lat="-18.29931702464819" lon="32.93487902730703">
    <ele>1266.816029239213</ele>
    <time>2026-10-02T12:58:39.000Z</time>
    <name>The Epic 2025 001-1052</name>
    <cmt>&lt;table&gt;
&lt;tr&gt;&lt;td&gt;Longitude: 32.934879 &lt;/td&gt;&lt;/tr&gt;
&lt;tr&gt;&lt;td&gt;Latitude: -18.299317 &lt;/td&gt;&lt;/tr&gt;
&lt;tr&gt;&lt;td&gt;Heading: 44.8 &lt;/td&gt;&lt;/tr&gt;
&lt;/table&gt;</cmt>
    <desc>&lt;table&gt;
&lt;tr&gt;&lt;td&gt;Longitude: 32.934879 &lt;/td&gt;&lt;/tr&gt;
&lt;tr&gt;&lt;td&gt;Latitude: -18.299317 &lt;/td&gt;&lt;/tr&gt;
&lt;tr&gt;&lt;td&gt;Heading: 44.8 &lt;/td&gt;&lt;/tr&gt;
&lt;/table&gt;</desc>
    <sym>Flag, Blue</sym>
    <type>user</type>
  </wpt>
  <wpt lat="-18.298539016395807" lon="32.936152992770076">
    <ele>1272.4265090746217</ele>
    <time>2026-10-02T12:58:39.000Z</time>
    <name>The Epic 2025 001-1053</name>
    <cmt>&lt;table&gt;
&lt;tr&gt;&lt;td&gt;Longitude: 32.936153 &lt;/td&gt;&lt;/tr&gt;
&lt;tr&gt;&lt;td&gt;Latitude: -18.298539 &lt;/td&gt;&lt;/tr&gt;
&lt;tr&gt;&lt;td&gt;Heading: 57.2 &lt;/td&gt;&lt;/tr&gt;
&lt;/table&gt;</cmt>
    <desc>&lt;table&gt;
&lt;tr&gt;&lt;td&gt;Longitude: 32.936153 &lt;/td&gt;&lt;/tr&gt;
&lt;tr&gt;&lt;td&gt;Latitude: -18.298539 &lt;/td&gt;&lt;/tr&gt;
&lt;tr&gt;&lt;td&gt;Heading: 57.2 &lt;/td&gt;&lt;/tr&gt;
&lt;/table&gt;</desc>
    <sym>Flag, Blue</sym>
    <type>user</type>
  </wpt>
  <wpt lat="-18.297852035611868" lon="32.93711196631193">
    <ele>1293.7734833008014</ele>
    <time>2026-10-02T12:58:39.000Z</time>
    <name>The Epic 2025 001-1054</name>
    <cmt>&lt;table&gt;
&lt;tr&gt;&lt;td&gt;Longitude: 32.937112 &lt;/td&gt;&lt;/tr&gt;
&lt;tr&gt;&lt;td&gt;Latitude: -18.297852 &lt;/td&gt;&lt;/tr&gt;
&lt;tr&gt;&lt;td&gt;Heading: 53.0 &lt;/td&gt;&lt;/tr&gt;
&lt;/table&gt;</cmt>
    <desc>&lt;table&gt;
&lt;tr&gt;&lt;td&gt;Longitude: 32.937112 &lt;/td&gt;&lt;/tr&gt;
&lt;tr&gt;&lt;td&gt;Latitude: -18.297852 &lt;/td&gt;&lt;/tr&gt;
&lt;tr&gt;&lt;td&gt;Heading: 53.0 &lt;/td&gt;&lt;/tr&gt;
&lt;/table&gt;</desc>
    <sym>Flag, Blue</sym>
    <type>user</type>
  </wpt>
  <wpt lat="-18.2975170109421" lon="32.937979996204376">
    <ele>1305.9609375</ele>
    <time>2026-10-02T12:58:39.000Z</time>
    <name>The Epic 2025 001-1055</name>
    <cmt>&lt;table&gt;
&lt;tr&gt;&lt;td&gt;Longitude: 32.937980 &lt;/td&gt;&lt;/tr&gt;
&lt;tr&gt;&lt;td&gt;Latitude: -18.297517 &lt;/td&gt;&lt;/tr&gt;
&lt;tr&gt;&lt;td&gt;Heading: 67.9 &lt;/td&gt;&lt;/tr&gt;
&lt;/table&gt;</cmt>
    <desc>&lt;table&gt;
&lt;tr&gt;&lt;td&gt;Longitude: 32.937980 &lt;/td&gt;&lt;/tr&gt;
&lt;tr&gt;&lt;td&gt;Latitude: -18.297517 &lt;/td&gt;&lt;/tr&gt;
&lt;tr&gt;&lt;td&gt;Heading: 67.9 &lt;/td&gt;&lt;/tr&gt;
&lt;/table&gt;</desc>
    <sym>Flag, Blue</sym>
    <type>user</type>
  </wpt>
  <wpt lat="-18.297420032322407" lon="32.939007030799985">
    <ele>1323.0875426247949</ele>
    <time>2026-10-02T12:58:39.000Z</time>
    <name>The Epic 2025 001-1056</name>
    <cmt>&lt;table&gt;
&lt;tr&gt;&lt;td&gt;Longitude: 32.939007 &lt;/td&gt;&lt;/tr&gt;
&lt;tr&gt;&lt;td&gt;Latitude: -18.297420 &lt;/td&gt;&lt;/tr&gt;
&lt;tr&gt;&lt;td&gt;Heading: 84.3 &lt;/td&gt;&lt;/tr&gt;
&lt;/table&gt;</cmt>
    <desc>&lt;table&gt;
&lt;tr&gt;&lt;td&gt;Longitude: 32.939007 &lt;/td&gt;&lt;/tr&gt;
&lt;tr&gt;&lt;td&gt;Latitude: -18.297420 &lt;/td&gt;&lt;/tr&gt;
&lt;tr&gt;&lt;td&gt;Heading: 84.3 &lt;/td&gt;&lt;/tr&gt;
&lt;/table&gt;</desc>
    <sym>Flag, Blue</sym>
    <type>user</type>
  </wpt>
  <wpt lat="-18.297997964546084" lon="32.940251994878054">
    <ele>1354.4454450718158</ele>
    <time>2026-10-02T12:58:39.000Z</time>
    <name>The Epic 2025 001-1057</name>
    <cmt>&lt;table&gt;
&lt;tr&gt;&lt;td&gt;Longitude: 32.940252 &lt;/td&gt;&lt;/tr&gt;
&lt;tr&gt;&lt;td&gt;Latitude: -18.297998 &lt;/td&gt;&lt;/tr&gt;
&lt;tr&gt;&lt;td&gt;Heading: 116.1 &lt;/td&gt;&lt;/tr&gt;
&lt;/table&gt;</cmt>
    <desc>&lt;table&gt;
&lt;tr&gt;&lt;td&gt;Longitude: 32.940252 &lt;/td&gt;&lt;/tr&gt;
&lt;tr&gt;&lt;td&gt;Latitude: -18.297998 &lt;/td&gt;&lt;/tr&gt;
&lt;tr&gt;&lt;td&gt;Heading: 116.1 &lt;/td&gt;&lt;/tr&gt;
&lt;/table&gt;</desc>
    <sym>Flag, Blue</sym>
    <type>user</type>
  </wpt>
  <wpt lat="-18.297854969277978" lon="32.94056799262762">
    <ele>1361.261865634001</ele>
    <time>2026-10-02T12:58:39.000Z</time>
    <name>The Epic 2025 001-1058</name>
    <cmt>&lt;table&gt;
&lt;tr&gt;&lt;td&gt;Longitude: 32.940568 &lt;/td&gt;&lt;/tr&gt;
&lt;tr&gt;&lt;td&gt;Latitude: -18.297855 &lt;/td&gt;&lt;/tr&gt;
&lt;tr&gt;&lt;td&gt;Heading: 64.6 &lt;/td&gt;&lt;/tr&gt;
&lt;/table&gt;</cmt>
    <desc>&lt;table&gt;
&lt;tr&gt;&lt;td&gt;Longitude: 32.940568 &lt;/td&gt;&lt;/tr&gt;
&lt;tr&gt;&lt;td&gt;Latitude: -18.297855 &lt;/td&gt;&lt;/tr&gt;
&lt;tr&gt;&lt;td&gt;Heading: 64.6 &lt;/td&gt;&lt;/tr&gt;
&lt;/table&gt;</desc>
    <sym>Flag, Blue</sym>
    <type>user</type>
  </wpt>
  <wpt lat="-18.29749597236514" lon="32.94084903784096">
    <ele>1374.7490141182716</ele>
    <time>2026-10-02T12:58:39.000Z</time>
    <name>The Epic 2025 001-1059</name>
    <cmt>&lt;table&gt;
&lt;tr&gt;&lt;td&gt;Longitude: 32.940849 &lt;/td&gt;&lt;/tr&gt;
&lt;tr&gt;&lt;td&gt;Latitude: -18.297496 &lt;/td&gt;&lt;/tr&gt;
&lt;tr&gt;&lt;td&gt;Heading: 36.6 &lt;/td&gt;&lt;/tr&gt;
&lt;/table&gt;</cmt>
    <desc>&lt;table&gt;
&lt;tr&gt;&lt;td&gt;Longitude: 32.940849 &lt;/td&gt;&lt;/tr&gt;
&lt;tr&gt;&lt;td&gt;Latitude: -18.297496 &lt;/td&gt;&lt;/tr&gt;
&lt;tr&gt;&lt;td&gt;Heading: 36.6 &lt;/td&gt;&lt;/tr&gt;
&lt;/table&gt;</desc>
    <sym>Flag, Blue</sym>
    <type>user</type>
  </wpt>
  <wpt lat="-18.430911982432008" lon="32.808355959132314">
    <ele>1568.8592852553904</ele>
    <time>2026-10-02T12:58:39.000Z</time>
    <name>The Epic 2025 001-106</name>
    <cmt>&lt;table&gt;
&lt;tr&gt;&lt;td&gt;Longitude: 32.808356 &lt;/td&gt;&lt;/tr&gt;
&lt;tr&gt;&lt;td&gt;Latitude: -18.430912 &lt;/td&gt;&lt;/tr&gt;
&lt;tr&gt;&lt;td&gt;Heading: 2.7 &lt;/td&gt;&lt;/tr&gt;
&lt;/table&gt;</cmt>
    <desc>&lt;table&gt;
&lt;tr&gt;&lt;td&gt;Longitude: 32.808356 &lt;/td&gt;&lt;/tr&gt;
&lt;tr&gt;&lt;td&gt;Latitude: -18.430912 &lt;/td&gt;&lt;/tr&gt;
&lt;tr&gt;&lt;td&gt;Heading: 2.7 &lt;/td&gt;&lt;/tr&gt;
&lt;/table&gt;</desc>
    <sym>Flag, Blue</sym>
    <type>user</type>
  </wpt>
  <wpt lat="-18.297180980443954" lon="32.941026985645294">
    <ele>1385.1560854853215</ele>
    <time>2026-10-02T12:58:39.000Z</time>
    <name>The Epic 2025 001-1060</name>
    <cmt>&lt;table&gt;
&lt;tr&gt;&lt;td&gt;Longitude: 32.941027 &lt;/td&gt;&lt;/tr&gt;
&lt;tr&gt;&lt;td&gt;Latitude: -18.297181 &lt;/td&gt;&lt;/tr&gt;
&lt;tr&gt;&lt;td&gt;Heading: 28.3 &lt;/td&gt;&lt;/tr&gt;
&lt;/table&gt;</cmt>
    <desc>&lt;table&gt;
&lt;tr&gt;&lt;td&gt;Longitude: 32.941027 &lt;/td&gt;&lt;/tr&gt;
&lt;tr&gt;&lt;td&gt;Latitude: -18.297181 &lt;/td&gt;&lt;/tr&gt;
&lt;tr&gt;&lt;td&gt;Heading: 28.3 &lt;/td&gt;&lt;/tr&gt;
&lt;/table&gt;</desc>
    <sym>Flag, Blue</sym>
    <type>user</type>
  </wpt>
  <wpt lat="-18.296907981857657" lon="32.941286992281675">
    <ele>1393.9912045543101</ele>
    <time>2026-10-02T12:58:39.000Z</time>
    <name>The Epic 2025 001-1061</name>
    <cmt>&lt;table&gt;
&lt;tr&gt;&lt;td&gt;Longitude: 32.941287 &lt;/td&gt;&lt;/tr&gt;
&lt;tr&gt;&lt;td&gt;Latitude: -18.296908 &lt;/td&gt;&lt;/tr&gt;
&lt;tr&gt;&lt;td&gt;Heading: 42.0 &lt;/td&gt;&lt;/tr&gt;
&lt;/table&gt;</cmt>
    <desc>&lt;table&gt;
&lt;tr&gt;&lt;td&gt;Longitude: 32.941287 &lt;/td&gt;&lt;/tr&gt;
&lt;tr&gt;&lt;td&gt;Latitude: -18.296908 &lt;/td&gt;&lt;/tr&gt;
&lt;tr&gt;&lt;td&gt;Heading: 42.0 &lt;/td&gt;&lt;/tr&gt;
&lt;/table&gt;</desc>
    <sym>Flag, Blue</sym>
    <type>user</type>
  </wpt>
  <wpt lat="-18.296834975481033" lon="32.94172997586429">
    <ele>1406.8108617421535</ele>
    <time>2026-10-02T12:58:39.000Z</time>
    <name>The Epic 2025 001-1062</name>
    <cmt>&lt;table&gt;
&lt;tr&gt;&lt;td&gt;Longitude: 32.941730 &lt;/td&gt;&lt;/tr&gt;
&lt;tr&gt;&lt;td&gt;Latitude: -18.296835 &lt;/td&gt;&lt;/tr&gt;
&lt;tr&gt;&lt;td&gt;Heading: 80.2 &lt;/td&gt;&lt;/tr&gt;
&lt;/table&gt;</cmt>
    <desc>&lt;table&gt;
&lt;tr&gt;&lt;td&gt;Longitude: 32.941730 &lt;/td&gt;&lt;/tr&gt;
&lt;tr&gt;&lt;td&gt;Latitude: -18.296835 &lt;/td&gt;&lt;/tr&gt;
&lt;tr&gt;&lt;td&gt;Heading: 80.2 &lt;/td&gt;&lt;/tr&gt;
&lt;/table&gt;</desc>
    <sym>Flag, Blue</sym>
    <type>user</type>
  </wpt>
  <wpt lat="-18.296756017953157" lon="32.941910019144416">
    <ele>1415.148334707581</ele>
    <time>2026-10-02T12:58:39.000Z</time>
    <name>The Epic 2025 001-1063</name>
    <cmt>&lt;table&gt;
&lt;tr&gt;&lt;td&gt;Longitude: 32.941910 &lt;/td&gt;&lt;/tr&gt;
&lt;tr&gt;&lt;td&gt;Latitude: -18.296756 &lt;/td&gt;&lt;/tr&gt;
&lt;tr&gt;&lt;td&gt;Heading: 65.0 &lt;/td&gt;&lt;/tr&gt;
&lt;/table&gt;</cmt>
    <desc>&lt;table&gt;
&lt;tr&gt;&lt;td&gt;Longitude: 32.941910 &lt;/td&gt;&lt;/tr&gt;
&lt;tr&gt;&lt;td&gt;Latitude: -18.296756 &lt;/td&gt;&lt;/tr&gt;
&lt;tr&gt;&lt;td&gt;Heading: 65.0 &lt;/td&gt;&lt;/tr&gt;
&lt;/table&gt;</desc>
    <sym>Flag, Blue</sym>
    <type>user</type>
  </wpt>
  <wpt lat="-18.296686029061675" lon="32.94233296997845">
    <ele>1435.0114404596388</ele>
    <time>2026-10-02T12:58:39.000Z</time>
    <name>The Epic 2025 001-1064</name>
    <cmt>&lt;table&gt;
&lt;tr&gt;&lt;td&gt;Longitude: 32.942333 &lt;/td&gt;&lt;/tr&gt;
&lt;tr&gt;&lt;td&gt;Latitude: -18.296686 &lt;/td&gt;&lt;/tr&gt;
&lt;tr&gt;&lt;td&gt;Heading: 80.1 &lt;/td&gt;&lt;/tr&gt;
&lt;/table&gt;</cmt>
    <desc>&lt;table&gt;
&lt;tr&gt;&lt;td&gt;Longitude: 32.942333 &lt;/td&gt;&lt;/tr&gt;
&lt;tr&gt;&lt;td&gt;Latitude: -18.296686 &lt;/td&gt;&lt;/tr&gt;
&lt;tr&gt;&lt;td&gt;Heading: 80.1 &lt;/td&gt;&lt;/tr&gt;
&lt;/table&gt;</desc>
    <sym>Flag, Blue</sym>
    <type>user</type>
  </wpt>
  <wpt lat="-18.29650104045868" lon="32.94250697828829">
    <ele>1449.3100357383091</ele>
    <time>2026-10-02T12:58:39.000Z</time>
    <name>The Epic 2025 001-1065</name>
    <cmt>&lt;table&gt;
&lt;tr&gt;&lt;td&gt;Longitude: 32.942507 &lt;/td&gt;&lt;/tr&gt;
&lt;tr&gt;&lt;td&gt;Latitude: -18.296501 &lt;/td&gt;&lt;/tr&gt;
&lt;tr&gt;&lt;td&gt;Heading: 41.7 &lt;/td&gt;&lt;/tr&gt;
&lt;/table&gt;</cmt>
    <desc>&lt;table&gt;
&lt;tr&gt;&lt;td&gt;Longitude: 32.942507 &lt;/td&gt;&lt;/tr&gt;
&lt;tr&gt;&lt;td&gt;Latitude: -18.296501 &lt;/td&gt;&lt;/tr&gt;
&lt;tr&gt;&lt;td&gt;Heading: 41.7 &lt;/td&gt;&lt;/tr&gt;
&lt;/table&gt;</desc>
    <sym>Flag, Blue</sym>
    <type>user</type>
  </wpt>
  <wpt lat="-18.296732967719436" lon="32.942898999899626">
    <ele>1458.9706654069676</ele>
    <time>2026-10-02T12:58:39.000Z</time>
    <name>The Epic 2025 001-1066</name>
    <cmt>&lt;table&gt;
&lt;tr&gt;&lt;td&gt;Longitude: 32.942899 &lt;/td&gt;&lt;/tr&gt;
&lt;tr&gt;&lt;td&gt;Latitude: -18.296733 &lt;/td&gt;&lt;/tr&gt;
&lt;tr&gt;&lt;td&gt;Heading: 122.0 &lt;/td&gt;&lt;/tr&gt;
&lt;/table&gt;</cmt>
    <desc>&lt;table&gt;
&lt;tr&gt;&lt;td&gt;Longitude: 32.942899 &lt;/td&gt;&lt;/tr&gt;
&lt;tr&gt;&lt;td&gt;Latitude: -18.296733 &lt;/td&gt;&lt;/tr&gt;
&lt;tr&gt;&lt;td&gt;Heading: 122.0 &lt;/td&gt;&lt;/tr&gt;
&lt;/table&gt;</desc>
    <sym>Flag, Blue</sym>
    <type>user</type>
  </wpt>
  <wpt lat="-18.296604976058006" lon="32.94316403567791">
    <ele>1465.1460887082308</ele>
    <time>2026-10-02T12:58:39.000Z</time>
    <name>The Epic 2025 001-1067</name>
    <cmt>&lt;table&gt;
&lt;tr&gt;&lt;td&gt;Longitude: 32.943164 &lt;/td&gt;&lt;/tr&gt;
&lt;tr&gt;&lt;td&gt;Latitude: -18.296605 &lt;/td&gt;&lt;/tr&gt;
&lt;tr&gt;&lt;td&gt;Heading: 63.1 &lt;/td&gt;&lt;/tr&gt;
&lt;/table&gt;</cmt>
    <desc>&lt;table&gt;
&lt;tr&gt;&lt;td&gt;Longitude: 32.943164 &lt;/td&gt;&lt;/tr&gt;
&lt;tr&gt;&lt;td&gt;Latitude: -18.296605 &lt;/td&gt;&lt;/tr&gt;
&lt;tr&gt;&lt;td&gt;Heading: 63.1 &lt;/td&gt;&lt;/tr&gt;
&lt;/table&gt;</desc>
    <sym>Flag, Blue</sym>
    <type>user</type>
  </wpt>
  <wpt lat="-18.296123016625643" lon="32.94277402572334">
    <ele>1458.884798068759</ele>
    <time>2026-10-02T12:58:39.000Z</time>
    <name>The Epic 2025 001-1068</name>
    <cmt>&lt;table&gt;
&lt;tr&gt;&lt;td&gt;Longitude: 32.942774 &lt;/td&gt;&lt;/tr&gt;
&lt;tr&gt;&lt;td&gt;Latitude: -18.296123 &lt;/td&gt;&lt;/tr&gt;
&lt;tr&gt;&lt;td&gt;Heading: 322.5 &lt;/td&gt;&lt;/tr&gt;
&lt;/table&gt;</cmt>
    <desc>&lt;table&gt;
&lt;tr&gt;&lt;td&gt;Longitude: 32.942774 &lt;/td&gt;&lt;/tr&gt;
&lt;tr&gt;&lt;td&gt;Latitude: -18.296123 &lt;/td&gt;&lt;/tr&gt;
&lt;tr&gt;&lt;td&gt;Heading: 322.5 &lt;/td&gt;&lt;/tr&gt;
&lt;/table&gt;</desc>
    <sym>Flag, Blue</sym>
    <type>user</type>
  </wpt>
  <wpt lat="-18.29536898061633" lon="32.94286899268627">
    <ele>1457.5350999693442</ele>
    <time>2026-10-02T12:58:39.000Z</time>
    <name>The Epic 2025 001-1069</name>
    <cmt>&lt;table&gt;
&lt;tr&gt;&lt;td&gt;Longitude: 32.942869 &lt;/td&gt;&lt;/tr&gt;
&lt;tr&gt;&lt;td&gt;Latitude: -18.295369 &lt;/td&gt;&lt;/tr&gt;
&lt;tr&gt;&lt;td&gt;Heading: 6.8 &lt;/td&gt;&lt;/tr&gt;
&lt;/table&gt;</cmt>
    <desc>&lt;table&gt;
&lt;tr&gt;&lt;td&gt;Longitude: 32.942869 &lt;/td&gt;&lt;/tr&gt;
&lt;tr&gt;&lt;td&gt;Latitude: -18.295369 &lt;/td&gt;&lt;/tr&gt;
&lt;tr&gt;&lt;td&gt;Heading: 6.8 &lt;/td&gt;&lt;/tr&gt;
&lt;/table&gt;</desc>
    <sym>Flag, Blue</sym>
    <type>user</type>
  </wpt>
  <wpt lat="-18.430695980787277" lon="32.80810902826488">
    <ele>1577.570894045189</ele>
    <time>2026-10-02T12:58:39.000Z</time>
    <name>The Epic 2025 001-107</name>
    <cmt>&lt;table&gt;
&lt;tr&gt;&lt;td&gt;Longitude: 32.808109 &lt;/td&gt;&lt;/tr&gt;
&lt;tr&gt;&lt;td&gt;Latitude: -18.430696 &lt;/td&gt;&lt;/tr&gt;
&lt;tr&gt;&lt;td&gt;Heading: 312.7 &lt;/td&gt;&lt;/tr&gt;
&lt;/table&gt;</cmt>
    <desc>&lt;table&gt;
&lt;tr&gt;&lt;td&gt;Longitude: 32.808109 &lt;/td&gt;&lt;/tr&gt;
&lt;tr&gt;&lt;td&gt;Latitude: -18.430696 &lt;/td&gt;&lt;/tr&gt;
&lt;tr&gt;&lt;td&gt;Heading: 312.7 &lt;/td&gt;&lt;/tr&gt;
&lt;/table&gt;</desc>
    <sym>Flag, Blue</sym>
    <type>user</type>
  </wpt>
  <wpt lat="-18.295161025598645" lon="32.94307401403785">
    <ele>1449.985243976707</ele>
    <time>2026-10-02T12:58:39.000Z</time>
    <name>The Epic 2025 001-1070</name>
    <cmt>&lt;table&gt;
&lt;tr&gt;&lt;td&gt;Longitude: 32.943074 &lt;/td&gt;&lt;/tr&gt;
&lt;tr&gt;&lt;td&gt;Latitude: -18.295161 &lt;/td&gt;&lt;/tr&gt;
&lt;tr&gt;&lt;td&gt;Heading: 43.1 &lt;/td&gt;&lt;/tr&gt;
&lt;/table&gt;</cmt>
    <desc>&lt;table&gt;
&lt;tr&gt;&lt;td&gt;Longitude: 32.943074 &lt;/td&gt;&lt;/tr&gt;
&lt;tr&gt;&lt;td&gt;Latitude: -18.295161 &lt;/td&gt;&lt;/tr&gt;
&lt;tr&gt;&lt;td&gt;Heading: 43.1 &lt;/td&gt;&lt;/tr&gt;
&lt;/table&gt;</desc>
    <sym>Flag, Blue</sym>
    <type>user</type>
  </wpt>
  <wpt lat="-18.29480898566544" lon="32.942917020991445">
    <ele>1447.390585310105</ele>
    <time>2026-10-02T12:58:39.000Z</time>
    <name>The Epic 2025 001-1071</name>
    <cmt>&lt;table&gt;
&lt;tr&gt;&lt;td&gt;Longitude: 32.942917 &lt;/td&gt;&lt;/tr&gt;
&lt;tr&gt;&lt;td&gt;Latitude: -18.294809 &lt;/td&gt;&lt;/tr&gt;
&lt;tr&gt;&lt;td&gt;Heading: 337.0 &lt;/td&gt;&lt;/tr&gt;
&lt;/table&gt;</cmt>
    <desc>&lt;table&gt;
&lt;tr&gt;&lt;td&gt;Longitude: 32.942917 &lt;/td&gt;&lt;/tr&gt;
&lt;tr&gt;&lt;td&gt;Latitude: -18.294809 &lt;/td&gt;&lt;/tr&gt;
&lt;tr&gt;&lt;td&gt;Heading: 337.0 &lt;/td&gt;&lt;/tr&gt;
&lt;/table&gt;</desc>
    <sym>Flag, Blue</sym>
    <type>user</type>
  </wpt>
  <wpt lat="-18.294086968526244" lon="32.94303101487458">
    <ele>1436.064716582487</ele>
    <time>2026-10-02T12:58:39.000Z</time>
    <name>The Epic 2025 001-1072</name>
    <cmt>&lt;table&gt;
&lt;tr&gt;&lt;td&gt;Longitude: 32.943031 &lt;/td&gt;&lt;/tr&gt;
&lt;tr&gt;&lt;td&gt;Latitude: -18.294087 &lt;/td&gt;&lt;/tr&gt;
&lt;tr&gt;&lt;td&gt;Heading: 8.6 &lt;/td&gt;&lt;/tr&gt;
&lt;/table&gt;</cmt>
    <desc>&lt;table&gt;
&lt;tr&gt;&lt;td&gt;Longitude: 32.943031 &lt;/td&gt;&lt;/tr&gt;
&lt;tr&gt;&lt;td&gt;Latitude: -18.294087 &lt;/td&gt;&lt;/tr&gt;
&lt;tr&gt;&lt;td&gt;Heading: 8.6 &lt;/td&gt;&lt;/tr&gt;
&lt;/table&gt;</desc>
    <sym>Flag, Blue</sym>
    <type>user</type>
  </wpt>
  <wpt lat="-18.29380097799003" lon="32.94288801960647">
    <ele>1431.4867724248415</ele>
    <time>2026-10-02T12:58:39.000Z</time>
    <name>The Epic 2025 001-1073</name>
    <cmt>&lt;table&gt;
&lt;tr&gt;&lt;td&gt;Longitude: 32.942888 &lt;/td&gt;&lt;/tr&gt;
&lt;tr&gt;&lt;td&gt;Latitude: -18.293801 &lt;/td&gt;&lt;/tr&gt;
&lt;tr&gt;&lt;td&gt;Heading: 334.7 &lt;/td&gt;&lt;/tr&gt;
&lt;/table&gt;</cmt>
    <desc>&lt;table&gt;
&lt;tr&gt;&lt;td&gt;Longitude: 32.942888 &lt;/td&gt;&lt;/tr&gt;
&lt;tr&gt;&lt;td&gt;Latitude: -18.293801 &lt;/td&gt;&lt;/tr&gt;
&lt;tr&gt;&lt;td&gt;Heading: 334.7 &lt;/td&gt;&lt;/tr&gt;
&lt;/table&gt;</desc>
    <sym>Flag, Blue</sym>
    <type>user</type>
  </wpt>
  <wpt lat="-18.293867027387023" lon="32.94258199632168">
    <ele>1421.777949689771</ele>
    <time>2026-10-02T12:58:39.000Z</time>
    <name>The Epic 2025 001-1074</name>
    <cmt>&lt;table&gt;
&lt;tr&gt;&lt;td&gt;Longitude: 32.942582 &lt;/td&gt;&lt;/tr&gt;
&lt;tr&gt;&lt;td&gt;Latitude: -18.293867 &lt;/td&gt;&lt;/tr&gt;
&lt;tr&gt;&lt;td&gt;Heading: 257.1 &lt;/td&gt;&lt;/tr&gt;
&lt;/table&gt;</cmt>
    <desc>&lt;table&gt;
&lt;tr&gt;&lt;td&gt;Longitude: 32.942582 &lt;/td&gt;&lt;/tr&gt;
&lt;tr&gt;&lt;td&gt;Latitude: -18.293867 &lt;/td&gt;&lt;/tr&gt;
&lt;tr&gt;&lt;td&gt;Heading: 257.1 &lt;/td&gt;&lt;/tr&gt;
&lt;/table&gt;</desc>
    <sym>Flag, Blue</sym>
    <type>user</type>
  </wpt>
  <wpt lat="-18.29416198655963" lon="32.942361971363425">
    <ele>1415.4884588561617</ele>
    <time>2026-10-02T12:58:39.000Z</time>
    <name>The Epic 2025 001-1075</name>
    <cmt>&lt;table&gt;
&lt;tr&gt;&lt;td&gt;Longitude: 32.942362 &lt;/td&gt;&lt;/tr&gt;
&lt;tr&gt;&lt;td&gt;Latitude: -18.294162 &lt;/td&gt;&lt;/tr&gt;
&lt;tr&gt;&lt;td&gt;Heading: 215.4 &lt;/td&gt;&lt;/tr&gt;
&lt;/table&gt;</cmt>
    <desc>&lt;table&gt;
&lt;tr&gt;&lt;td&gt;Longitude: 32.942362 &lt;/td&gt;&lt;/tr&gt;
&lt;tr&gt;&lt;td&gt;Latitude: -18.294162 &lt;/td&gt;&lt;/tr&gt;
&lt;tr&gt;&lt;td&gt;Heading: 215.4 &lt;/td&gt;&lt;/tr&gt;
&lt;/table&gt;</desc>
    <sym>Flag, Blue</sym>
    <type>user</type>
  </wpt>
  <wpt lat="-18.293715985491872" lon="32.942082015797496">
    <ele>1392.3081293501891</ele>
    <time>2026-10-02T12:58:39.000Z</time>
    <name>The Epic 2025 001-1076</name>
    <cmt>&lt;table&gt;
&lt;tr&gt;&lt;td&gt;Longitude: 32.942082 &lt;/td&gt;&lt;/tr&gt;
&lt;tr&gt;&lt;td&gt;Latitude: -18.293716 &lt;/td&gt;&lt;/tr&gt;
&lt;tr&gt;&lt;td&gt;Heading: 329.2 &lt;/td&gt;&lt;/tr&gt;
&lt;/table&gt;</cmt>
    <desc>&lt;table&gt;
&lt;tr&gt;&lt;td&gt;Longitude: 32.942082 &lt;/td&gt;&lt;/tr&gt;
&lt;tr&gt;&lt;td&gt;Latitude: -18.293716 &lt;/td&gt;&lt;/tr&gt;
&lt;tr&gt;&lt;td&gt;Heading: 329.2 &lt;/td&gt;&lt;/tr&gt;
&lt;/table&gt;</desc>
    <sym>Flag, Blue</sym>
    <type>user</type>
  </wpt>
  <wpt lat="-18.293699976056814" lon="32.941693011671305">
    <ele>1370.871824837393</ele>
    <time>2026-10-02T12:58:39.000Z</time>
    <name>The Epic 2025 001-1077</name>
    <cmt>&lt;table&gt;
&lt;tr&gt;&lt;td&gt;Longitude: 32.941693 &lt;/td&gt;&lt;/tr&gt;
&lt;tr&gt;&lt;td&gt;Latitude: -18.293700 &lt;/td&gt;&lt;/tr&gt;
&lt;tr&gt;&lt;td&gt;Heading: 272.5 &lt;/td&gt;&lt;/tr&gt;
&lt;/table&gt;</cmt>
    <desc>&lt;table&gt;
&lt;tr&gt;&lt;td&gt;Longitude: 32.941693 &lt;/td&gt;&lt;/tr&gt;
&lt;tr&gt;&lt;td&gt;Latitude: -18.293700 &lt;/td&gt;&lt;/tr&gt;
&lt;tr&gt;&lt;td&gt;Heading: 272.5 &lt;/td&gt;&lt;/tr&gt;
&lt;/table&gt;</desc>
    <sym>Flag, Blue</sym>
    <type>user</type>
  </wpt>
  <wpt lat="-18.293048031628132" lon="32.94141096062958">
    <ele>1359.078045635155</ele>
    <time>2026-10-02T12:58:39.000Z</time>
    <name>The Epic 2025 001-1078</name>
    <cmt>&lt;table&gt;
&lt;tr&gt;&lt;td&gt;Longitude: 32.941411 &lt;/td&gt;&lt;/tr&gt;
&lt;tr&gt;&lt;td&gt;Latitude: -18.293048 &lt;/td&gt;&lt;/tr&gt;
&lt;tr&gt;&lt;td&gt;Heading: 337.7 &lt;/td&gt;&lt;/tr&gt;
&lt;/table&gt;</cmt>
    <desc>&lt;table&gt;
&lt;tr&gt;&lt;td&gt;Longitude: 32.941411 &lt;/td&gt;&lt;/tr&gt;
&lt;tr&gt;&lt;td&gt;Latitude: -18.293048 &lt;/td&gt;&lt;/tr&gt;
&lt;tr&gt;&lt;td&gt;Heading: 337.7 &lt;/td&gt;&lt;/tr&gt;
&lt;/table&gt;</desc>
    <sym>Flag, Blue</sym>
    <type>user</type>
  </wpt>
  <wpt lat="-18.292756006121635" lon="32.94092799536884">
    <ele>1350.4950387803838</ele>
    <time>2026-10-02T12:58:39.000Z</time>
    <name>The Epic 2025 001-1079</name>
    <cmt>&lt;table&gt;
&lt;tr&gt;&lt;td&gt;Longitude: 32.940928 &lt;/td&gt;&lt;/tr&gt;
&lt;tr&gt;&lt;td&gt;Latitude: -18.292756 &lt;/td&gt;&lt;/tr&gt;
&lt;tr&gt;&lt;td&gt;Heading: 302.5 &lt;/td&gt;&lt;/tr&gt;
&lt;/table&gt;</cmt>
    <desc>&lt;table&gt;
&lt;tr&gt;&lt;td&gt;Longitude: 32.940928 &lt;/td&gt;&lt;/tr&gt;
&lt;tr&gt;&lt;td&gt;Latitude: -18.292756 &lt;/td&gt;&lt;/tr&gt;
&lt;tr&gt;&lt;td&gt;Heading: 302.5 &lt;/td&gt;&lt;/tr&gt;
&lt;/table&gt;</desc>
    <sym>Flag, Blue</sym>
    <type>user</type>
  </wpt>
  <wpt lat="-18.431136030703783" lon="32.80783896334469">
    <ele>1584.2006222397322</ele>
    <time>2026-10-02T12:58:39.000Z</time>
    <name>The Epic 2025 001-108</name>
    <cmt>&lt;table&gt;
&lt;tr&gt;&lt;td&gt;Longitude: 32.807839 &lt;/td&gt;&lt;/tr&gt;
&lt;tr&gt;&lt;td&gt;Latitude: -18.431136 &lt;/td&gt;&lt;/tr&gt;
&lt;tr&gt;&lt;td&gt;Heading: 210.2 &lt;/td&gt;&lt;/tr&gt;
&lt;/table&gt;</cmt>
    <desc>&lt;table&gt;
&lt;tr&gt;&lt;td&gt;Longitude: 32.807839 &lt;/td&gt;&lt;/tr&gt;
&lt;tr&gt;&lt;td&gt;Latitude: -18.431136 &lt;/td&gt;&lt;/tr&gt;
&lt;tr&gt;&lt;td&gt;Heading: 210.2 &lt;/td&gt;&lt;/tr&gt;
&lt;/table&gt;</desc>
    <sym>Flag, Blue</sym>
    <type>user</type>
  </wpt>
  <wpt lat="-18.291960982605815" lon="32.94062398374081">
    <ele>1341.1011149597389</ele>
    <time>2026-10-02T12:58:39.000Z</time>
    <name>The Epic 2025 001-1080</name>
    <cmt>&lt;table&gt;
&lt;tr&gt;&lt;td&gt;Longitude: 32.940624 &lt;/td&gt;&lt;/tr&gt;
&lt;tr&gt;&lt;td&gt;Latitude: -18.291961 &lt;/td&gt;&lt;/tr&gt;
&lt;tr&gt;&lt;td&gt;Heading: 340.0 &lt;/td&gt;&lt;/tr&gt;
&lt;/table&gt;</cmt>
    <desc>&lt;table&gt;
&lt;tr&gt;&lt;td&gt;Longitude: 32.940624 &lt;/td&gt;&lt;/tr&gt;
&lt;tr&gt;&lt;td&gt;Latitude: -18.291961 &lt;/td&gt;&lt;/tr&gt;
&lt;tr&gt;&lt;td&gt;Heading: 340.0 &lt;/td&gt;&lt;/tr&gt;
&lt;/table&gt;</desc>
    <sym>Flag, Blue</sym>
    <type>user</type>
  </wpt>
  <wpt lat="-18.291467959061265" lon="32.94056698679924">
    <ele>1336.8162035817331</ele>
    <time>2026-10-02T12:58:39.000Z</time>
    <name>The Epic 2025 001-1081</name>
    <cmt>&lt;table&gt;
&lt;tr&gt;&lt;td&gt;Longitude: 32.940567 &lt;/td&gt;&lt;/tr&gt;
&lt;tr&gt;&lt;td&gt;Latitude: -18.291468 &lt;/td&gt;&lt;/tr&gt;
&lt;tr&gt;&lt;td&gt;Heading: 353.7 &lt;/td&gt;&lt;/tr&gt;
&lt;/table&gt;</cmt>
    <desc>&lt;table&gt;
&lt;tr&gt;&lt;td&gt;Longitude: 32.940567 &lt;/td&gt;&lt;/tr&gt;
&lt;tr&gt;&lt;td&gt;Latitude: -18.291468 &lt;/td&gt;&lt;/tr&gt;
&lt;tr&gt;&lt;td&gt;Heading: 353.7 &lt;/td&gt;&lt;/tr&gt;
&lt;/table&gt;</desc>
    <sym>Flag, Blue</sym>
    <type>user</type>
  </wpt>
  <wpt lat="-18.291037967428565" lon="32.94058098457754">
    <ele>1333.7872353691066</ele>
    <time>2026-10-02T12:58:39.000Z</time>
    <name>The Epic 2025 001-1082</name>
    <cmt>&lt;table&gt;
&lt;tr&gt;&lt;td&gt;Longitude: 32.940581 &lt;/td&gt;&lt;/tr&gt;
&lt;tr&gt;&lt;td&gt;Latitude: -18.291038 &lt;/td&gt;&lt;/tr&gt;
&lt;tr&gt;&lt;td&gt;Heading: 1.8 &lt;/td&gt;&lt;/tr&gt;
&lt;/table&gt;</cmt>
    <desc>&lt;table&gt;
&lt;tr&gt;&lt;td&gt;Longitude: 32.940581 &lt;/td&gt;&lt;/tr&gt;
&lt;tr&gt;&lt;td&gt;Latitude: -18.291038 &lt;/td&gt;&lt;/tr&gt;
&lt;tr&gt;&lt;td&gt;Heading: 1.8 &lt;/td&gt;&lt;/tr&gt;
&lt;/table&gt;</desc>
    <sym>Flag, Blue</sym>
    <type>user</type>
  </wpt>
  <wpt lat="-18.290561959147453" lon="32.94033598154783">
    <ele>1339.127707623389</ele>
    <time>2026-10-02T12:58:39.000Z</time>
    <name>The Epic 2025 001-1083</name>
    <cmt>&lt;table&gt;
&lt;tr&gt;&lt;td&gt;Longitude: 32.940336 &lt;/td&gt;&lt;/tr&gt;
&lt;tr&gt;&lt;td&gt;Latitude: -18.290562 &lt;/td&gt;&lt;/tr&gt;
&lt;tr&gt;&lt;td&gt;Heading: 334.0 &lt;/td&gt;&lt;/tr&gt;
&lt;/table&gt;</cmt>
    <desc>&lt;table&gt;
&lt;tr&gt;&lt;td&gt;Longitude: 32.940336 &lt;/td&gt;&lt;/tr&gt;
&lt;tr&gt;&lt;td&gt;Latitude: -18.290562 &lt;/td&gt;&lt;/tr&gt;
&lt;tr&gt;&lt;td&gt;Heading: 334.0 &lt;/td&gt;&lt;/tr&gt;
&lt;/table&gt;</desc>
    <sym>Flag, Blue</sym>
    <type>user</type>
  </wpt>
  <wpt lat="-18.289967011660337" lon="32.940490040928125">
    <ele>1340.8966378869875</ele>
    <time>2026-10-02T12:58:39.000Z</time>
    <name>The Epic 2025 001-1084</name>
    <cmt>&lt;table&gt;
&lt;tr&gt;&lt;td&gt;Longitude: 32.940490 &lt;/td&gt;&lt;/tr&gt;
&lt;tr&gt;&lt;td&gt;Latitude: -18.289967 &lt;/td&gt;&lt;/tr&gt;
&lt;tr&gt;&lt;td&gt;Heading: 13.8 &lt;/td&gt;&lt;/tr&gt;
&lt;/table&gt;</cmt>
    <desc>&lt;table&gt;
&lt;tr&gt;&lt;td&gt;Longitude: 32.940490 &lt;/td&gt;&lt;/tr&gt;
&lt;tr&gt;&lt;td&gt;Latitude: -18.289967 &lt;/td&gt;&lt;/tr&gt;
&lt;tr&gt;&lt;td&gt;Heading: 13.8 &lt;/td&gt;&lt;/tr&gt;
&lt;/table&gt;</desc>
    <sym>Flag, Blue</sym>
    <type>user</type>
  </wpt>
  <wpt lat="-18.2893490139395" lon="32.94119001366198">
    <ele>1329.298676272278</ele>
    <time>2026-10-02T12:58:39.000Z</time>
    <name>The Epic 2025 001-1085</name>
    <cmt>&lt;table&gt;
&lt;tr&gt;&lt;td&gt;Longitude: 32.941190 &lt;/td&gt;&lt;/tr&gt;
&lt;tr&gt;&lt;td&gt;Latitude: -18.289349 &lt;/td&gt;&lt;/tr&gt;
&lt;tr&gt;&lt;td&gt;Heading: 47.1 &lt;/td&gt;&lt;/tr&gt;
&lt;/table&gt;</cmt>
    <desc>&lt;table&gt;
&lt;tr&gt;&lt;td&gt;Longitude: 32.941190 &lt;/td&gt;&lt;/tr&gt;
&lt;tr&gt;&lt;td&gt;Latitude: -18.289349 &lt;/td&gt;&lt;/tr&gt;
&lt;tr&gt;&lt;td&gt;Heading: 47.1 &lt;/td&gt;&lt;/tr&gt;
&lt;/table&gt;</desc>
    <sym>Flag, Blue</sym>
    <type>user</type>
  </wpt>
  <wpt lat="-18.288421975448728" lon="32.94158999808133">
    <ele>1313.176618956639</ele>
    <time>2026-10-02T12:58:39.000Z</time>
    <name>The Epic 2025 001-1086</name>
    <cmt>&lt;table&gt;
&lt;tr&gt;&lt;td&gt;Longitude: 32.941590 &lt;/td&gt;&lt;/tr&gt;
&lt;tr&gt;&lt;td&gt;Latitude: -18.288422 &lt;/td&gt;&lt;/tr&gt;
&lt;tr&gt;&lt;td&gt;Heading: 22.3 &lt;/td&gt;&lt;/tr&gt;
&lt;/table&gt;</cmt>
    <desc>&lt;table&gt;
&lt;tr&gt;&lt;td&gt;Longitude: 32.941590 &lt;/td&gt;&lt;/tr&gt;
&lt;tr&gt;&lt;td&gt;Latitude: -18.288422 &lt;/td&gt;&lt;/tr&gt;
&lt;tr&gt;&lt;td&gt;Heading: 22.3 &lt;/td&gt;&lt;/tr&gt;
&lt;/table&gt;</desc>
    <sym>Flag, Blue</sym>
    <type>user</type>
  </wpt>
  <wpt lat="-18.2879520021379" lon="32.94192602857947">
    <ele>1293.9213737468235</ele>
    <time>2026-10-02T12:58:39.000Z</time>
    <name>The Epic 2025 001-1087</name>
    <cmt>&lt;table&gt;
&lt;tr&gt;&lt;td&gt;Longitude: 32.941926 &lt;/td&gt;&lt;/tr&gt;
&lt;tr&gt;&lt;td&gt;Latitude: -18.287952 &lt;/td&gt;&lt;/tr&gt;
&lt;tr&gt;&lt;td&gt;Heading: 34.1 &lt;/td&gt;&lt;/tr&gt;
&lt;/table&gt;</cmt>
    <desc>&lt;table&gt;
&lt;tr&gt;&lt;td&gt;Longitude: 32.941926 &lt;/td&gt;&lt;/tr&gt;
&lt;tr&gt;&lt;td&gt;Latitude: -18.287952 &lt;/td&gt;&lt;/tr&gt;
&lt;tr&gt;&lt;td&gt;Heading: 34.1 &lt;/td&gt;&lt;/tr&gt;
&lt;/table&gt;</desc>
    <sym>Flag, Blue</sym>
    <type>user</type>
  </wpt>
  <wpt lat="-18.288073036819696" lon="32.94256104156375">
    <ele>1273.894762651892</ele>
    <time>2026-10-02T12:58:39.000Z</time>
    <name>The Epic 2025 001-1088</name>
    <cmt>&lt;table&gt;
&lt;tr&gt;&lt;td&gt;Longitude: 32.942561 &lt;/td&gt;&lt;/tr&gt;
&lt;tr&gt;&lt;td&gt;Latitude: -18.288073 &lt;/td&gt;&lt;/tr&gt;
&lt;tr&gt;&lt;td&gt;Heading: 101.3 &lt;/td&gt;&lt;/tr&gt;
&lt;/table&gt;</cmt>
    <desc>&lt;table&gt;
&lt;tr&gt;&lt;td&gt;Longitude: 32.942561 &lt;/td&gt;&lt;/tr&gt;
&lt;tr&gt;&lt;td&gt;Latitude: -18.288073 &lt;/td&gt;&lt;/tr&gt;
&lt;tr&gt;&lt;td&gt;Heading: 101.3 &lt;/td&gt;&lt;/tr&gt;
&lt;/table&gt;</desc>
    <sym>Flag, Blue</sym>
    <type>user</type>
  </wpt>
  <wpt lat="-18.288435973227024" lon="32.94361003674567">
    <ele>1240.994330092771</ele>
    <time>2026-10-02T12:58:39.000Z</time>
    <name>The Epic 2025 001-1089</name>
    <cmt>&lt;table&gt;
&lt;tr&gt;&lt;td&gt;Longitude: 32.943610 &lt;/td&gt;&lt;/tr&gt;
&lt;tr&gt;&lt;td&gt;Latitude: -18.288436 &lt;/td&gt;&lt;/tr&gt;
&lt;tr&gt;&lt;td&gt;Heading: 110.0 &lt;/td&gt;&lt;/tr&gt;
&lt;/table&gt;</cmt>
    <desc>&lt;table&gt;
&lt;tr&gt;&lt;td&gt;Longitude: 32.943610 &lt;/td&gt;&lt;/tr&gt;
&lt;tr&gt;&lt;td&gt;Latitude: -18.288436 &lt;/td&gt;&lt;/tr&gt;
&lt;tr&gt;&lt;td&gt;Heading: 110.0 &lt;/td&gt;&lt;/tr&gt;
&lt;/table&gt;</desc>
    <sym>Flag, Blue</sym>
    <type>user</type>
  </wpt>
  <wpt lat="-18.43089396134019" lon="32.807387011125684">
    <ele>1595.41367426247</ele>
    <time>2026-10-02T12:58:39.000Z</time>
    <name>The Epic 2025 001-109</name>
    <cmt>&lt;table&gt;
&lt;tr&gt;&lt;td&gt;Longitude: 32.807387 &lt;/td&gt;&lt;/tr&gt;
&lt;tr&gt;&lt;td&gt;Latitude: -18.430894 &lt;/td&gt;&lt;/tr&gt;
&lt;tr&gt;&lt;td&gt;Heading: 299.5 &lt;/td&gt;&lt;/tr&gt;
&lt;/table&gt;</cmt>
    <desc>&lt;table&gt;
&lt;tr&gt;&lt;td&gt;Longitude: 32.807387 &lt;/td&gt;&lt;/tr&gt;
&lt;tr&gt;&lt;td&gt;Latitude: -18.430894 &lt;/td&gt;&lt;/tr&gt;
&lt;tr&gt;&lt;td&gt;Heading: 299.5 &lt;/td&gt;&lt;/tr&gt;
&lt;/table&gt;</desc>
    <sym>Flag, Blue</sym>
    <type>user</type>
  </wpt>
  <wpt lat="-18.288373025134206" lon="32.94400398619473">
    <ele>1228.8280355643376</ele>
    <time>2026-10-02T12:58:39.000Z</time>
    <name>The Epic 2025 001-1090</name>
    <cmt>&lt;table&gt;
&lt;tr&gt;&lt;td&gt;Longitude: 32.944004 &lt;/td&gt;&lt;/tr&gt;
&lt;tr&gt;&lt;td&gt;Latitude: -18.288373 &lt;/td&gt;&lt;/tr&gt;
&lt;tr&gt;&lt;td&gt;Heading: 80.4 &lt;/td&gt;&lt;/tr&gt;
&lt;/table&gt;</cmt>
    <desc>&lt;table&gt;
&lt;tr&gt;&lt;td&gt;Longitude: 32.944004 &lt;/td&gt;&lt;/tr&gt;
&lt;tr&gt;&lt;td&gt;Latitude: -18.288373 &lt;/td&gt;&lt;/tr&gt;
&lt;tr&gt;&lt;td&gt;Heading: 80.4 &lt;/td&gt;&lt;/tr&gt;
&lt;/table&gt;</desc>
    <sym>Flag, Blue</sym>
    <type>user</type>
  </wpt>
  <wpt lat="-18.287811018526554" lon="32.94428997673094">
    <ele>1225.3629557556962</ele>
    <time>2026-10-02T12:58:39.000Z</time>
    <name>The Epic 2025 001-1091</name>
    <cmt>&lt;table&gt;
&lt;tr&gt;&lt;td&gt;Longitude: 32.944290 &lt;/td&gt;&lt;/tr&gt;
&lt;tr&gt;&lt;td&gt;Latitude: -18.287811 &lt;/td&gt;&lt;/tr&gt;
&lt;tr&gt;&lt;td&gt;Heading: 25.8 &lt;/td&gt;&lt;/tr&gt;
&lt;/table&gt;</cmt>
    <desc>&lt;table&gt;
&lt;tr&gt;&lt;td&gt;Longitude: 32.944290 &lt;/td&gt;&lt;/tr&gt;
&lt;tr&gt;&lt;td&gt;Latitude: -18.287811 &lt;/td&gt;&lt;/tr&gt;
&lt;tr&gt;&lt;td&gt;Heading: 25.8 &lt;/td&gt;&lt;/tr&gt;
&lt;/table&gt;</desc>
    <sym>Flag, Blue</sym>
    <type>user</type>
  </wpt>
  <wpt lat="-18.288371013477445" lon="32.94460496865213">
    <ele>1217.4635040482467</ele>
    <time>2026-10-02T12:58:39.000Z</time>
    <name>The Epic 2025 001-1092</name>
    <cmt>&lt;table&gt;
&lt;tr&gt;&lt;td&gt;Longitude: 32.944605 &lt;/td&gt;&lt;/tr&gt;
&lt;tr&gt;&lt;td&gt;Latitude: -18.288371 &lt;/td&gt;&lt;/tr&gt;
&lt;tr&gt;&lt;td&gt;Heading: 151.9 &lt;/td&gt;&lt;/tr&gt;
&lt;/table&gt;</cmt>
    <desc>&lt;table&gt;
&lt;tr&gt;&lt;td&gt;Longitude: 32.944605 &lt;/td&gt;&lt;/tr&gt;
&lt;tr&gt;&lt;td&gt;Latitude: -18.288371 &lt;/td&gt;&lt;/tr&gt;
&lt;tr&gt;&lt;td&gt;Heading: 151.9 &lt;/td&gt;&lt;/tr&gt;
&lt;/table&gt;</desc>
    <sym>Flag, Blue</sym>
    <type>user</type>
  </wpt>
  <wpt lat="-18.2888119854033" lon="32.94529496692121">
    <ele>1211.341066114649</ele>
    <time>2026-10-02T12:58:39.000Z</time>
    <name>The Epic 2025 001-1093</name>
    <cmt>&lt;table&gt;
&lt;tr&gt;&lt;td&gt;Longitude: 32.945295 &lt;/td&gt;&lt;/tr&gt;
&lt;tr&gt;&lt;td&gt;Latitude: -18.288812 &lt;/td&gt;&lt;/tr&gt;
&lt;tr&gt;&lt;td&gt;Heading: 124.0 &lt;/td&gt;&lt;/tr&gt;
&lt;/table&gt;</cmt>
    <desc>&lt;table&gt;
&lt;tr&gt;&lt;td&gt;Longitude: 32.945295 &lt;/td&gt;&lt;/tr&gt;
&lt;tr&gt;&lt;td&gt;Latitude: -18.288812 &lt;/td&gt;&lt;/tr&gt;
&lt;tr&gt;&lt;td&gt;Heading: 124.0 &lt;/td&gt;&lt;/tr&gt;
&lt;/table&gt;</desc>
    <sym>Flag, Blue</sym>
    <type>user</type>
  </wpt>
  <wpt lat="-18.289227979257703" lon="32.945926962420344">
    <ele>1202.906581110211</ele>
    <time>2026-10-02T12:58:39.000Z</time>
    <name>The Epic 2025 001-1094</name>
    <cmt>&lt;table&gt;
&lt;tr&gt;&lt;td&gt;Longitude: 32.945927 &lt;/td&gt;&lt;/tr&gt;
&lt;tr&gt;&lt;td&gt;Latitude: -18.289228 &lt;/td&gt;&lt;/tr&gt;
&lt;tr&gt;&lt;td&gt;Heading: 124.7 &lt;/td&gt;&lt;/tr&gt;
&lt;/table&gt;</cmt>
    <desc>&lt;table&gt;
&lt;tr&gt;&lt;td&gt;Longitude: 32.945927 &lt;/td&gt;&lt;/tr&gt;
&lt;tr&gt;&lt;td&gt;Latitude: -18.289228 &lt;/td&gt;&lt;/tr&gt;
&lt;tr&gt;&lt;td&gt;Heading: 124.7 &lt;/td&gt;&lt;/tr&gt;
&lt;/table&gt;</desc>
    <sym>Flag, Blue</sym>
    <type>user</type>
  </wpt>
  <wpt lat="-18.28875297680497" lon="32.94689700007439">
    <ele>1195.53946283404</ele>
    <time>2026-10-02T12:58:39.000Z</time>
    <name>The Epic 2025 001-1095</name>
    <cmt>&lt;table&gt;
&lt;tr&gt;&lt;td&gt;Longitude: 32.946897 &lt;/td&gt;&lt;/tr&gt;
&lt;tr&gt;&lt;td&gt;Latitude: -18.288753 &lt;/td&gt;&lt;/tr&gt;
&lt;tr&gt;&lt;td&gt;Heading: 62.7 &lt;/td&gt;&lt;/tr&gt;
&lt;/table&gt;</cmt>
    <desc>&lt;table&gt;
&lt;tr&gt;&lt;td&gt;Longitude: 32.946897 &lt;/td&gt;&lt;/tr&gt;
&lt;tr&gt;&lt;td&gt;Latitude: -18.288753 &lt;/td&gt;&lt;/tr&gt;
&lt;tr&gt;&lt;td&gt;Heading: 62.7 &lt;/td&gt;&lt;/tr&gt;
&lt;/table&gt;</desc>
    <sym>Flag, Blue</sym>
    <type>user</type>
  </wpt>
  <wpt lat="-18.288154006004333" lon="32.94707897119224">
    <ele>1194.5566636829587</ele>
    <time>2026-10-02T12:58:39.000Z</time>
    <name>The Epic 2025 001-1096</name>
    <cmt>&lt;table&gt;
&lt;tr&gt;&lt;td&gt;Longitude: 32.947079 &lt;/td&gt;&lt;/tr&gt;
&lt;tr&gt;&lt;td&gt;Latitude: -18.288154 &lt;/td&gt;&lt;/tr&gt;
&lt;tr&gt;&lt;td&gt;Heading: 16.1 &lt;/td&gt;&lt;/tr&gt;
&lt;/table&gt;</cmt>
    <desc>&lt;table&gt;
&lt;tr&gt;&lt;td&gt;Longitude: 32.947079 &lt;/td&gt;&lt;/tr&gt;
&lt;tr&gt;&lt;td&gt;Latitude: -18.288154 &lt;/td&gt;&lt;/tr&gt;
&lt;tr&gt;&lt;td&gt;Heading: 16.1 &lt;/td&gt;&lt;/tr&gt;
&lt;/table&gt;</desc>
    <sym>Flag, Blue</sym>
    <type>user</type>
  </wpt>
  <wpt lat="-18.287596022710204" lon="32.947324980050325">
    <ele>1178.183697844684</ele>
    <time>2026-10-02T12:58:39.000Z</time>
    <name>The Epic 2025 001-1097</name>
    <cmt>&lt;table&gt;
&lt;tr&gt;&lt;td&gt;Longitude: 32.947325 &lt;/td&gt;&lt;/tr&gt;
&lt;tr&gt;&lt;td&gt;Latitude: -18.287596 &lt;/td&gt;&lt;/tr&gt;
&lt;tr&gt;&lt;td&gt;Heading: 22.7 &lt;/td&gt;&lt;/tr&gt;
&lt;/table&gt;</cmt>
    <desc>&lt;table&gt;
&lt;tr&gt;&lt;td&gt;Longitude: 32.947325 &lt;/td&gt;&lt;/tr&gt;
&lt;tr&gt;&lt;td&gt;Latitude: -18.287596 &lt;/td&gt;&lt;/tr&gt;
&lt;tr&gt;&lt;td&gt;Heading: 22.7 &lt;/td&gt;&lt;/tr&gt;
&lt;/table&gt;</desc>
    <sym>Flag, Blue</sym>
    <type>user</type>
  </wpt>
  <wpt lat="-18.287469958886504" lon="32.948399959132075">
    <ele>1120.0777907941674</ele>
    <time>2026-10-02T12:58:39.000Z</time>
    <name>The Epic 2025 001-1098</name>
    <cmt>&lt;table&gt;
&lt;tr&gt;&lt;td&gt;Longitude: 32.948400 &lt;/td&gt;&lt;/tr&gt;
&lt;tr&gt;&lt;td&gt;Latitude: -18.287470 &lt;/td&gt;&lt;/tr&gt;
&lt;tr&gt;&lt;td&gt;Heading: 83.0 &lt;/td&gt;&lt;/tr&gt;
&lt;/table&gt;</cmt>
    <desc>&lt;table&gt;
&lt;tr&gt;&lt;td&gt;Longitude: 32.948400 &lt;/td&gt;&lt;/tr&gt;
&lt;tr&gt;&lt;td&gt;Latitude: -18.287470 &lt;/td&gt;&lt;/tr&gt;
&lt;tr&gt;&lt;td&gt;Heading: 83.0 &lt;/td&gt;&lt;/tr&gt;
&lt;/table&gt;</desc>
    <sym>Flag, Blue</sym>
    <type>user</type>
  </wpt>
  <wpt lat="-18.286608969792724" lon="32.949838964268565">
    <ele>1074.3405605397068</ele>
    <time>2026-10-02T12:58:39.000Z</time>
    <name>The Epic 2025 001-1099</name>
    <cmt>&lt;table&gt;
&lt;tr&gt;&lt;td&gt;Longitude: 32.949839 &lt;/td&gt;&lt;/tr&gt;
&lt;tr&gt;&lt;td&gt;Latitude: -18.286609 &lt;/td&gt;&lt;/tr&gt;
&lt;tr&gt;&lt;td&gt;Heading: 57.8 &lt;/td&gt;&lt;/tr&gt;
&lt;/table&gt;</cmt>
    <desc>&lt;table&gt;
&lt;tr&gt;&lt;td&gt;Longitude: 32.949839 &lt;/td&gt;&lt;/tr&gt;
&lt;tr&gt;&lt;td&gt;Latitude: -18.286609 &lt;/td&gt;&lt;/tr&gt;
&lt;tr&gt;&lt;td&gt;Heading: 57.8 &lt;/td&gt;&lt;/tr&gt;
&lt;/table&gt;</desc>
    <sym>Flag, Blue</sym>
    <type>user</type>
  </wpt>
  <wpt lat="-18.457677997648716" lon="32.80492901802063">
    <ele>1803.6125476004381</ele>
    <time>2026-10-02T12:58:39.000Z</time>
    <name>The Epic 2025 001-11</name>
    <cmt>&lt;table&gt;
&lt;tr&gt;&lt;td&gt;Longitude: 32.804929 &lt;/td&gt;&lt;/tr&gt;
&lt;tr&gt;&lt;td&gt;Latitude: -18.457678 &lt;/td&gt;&lt;/tr&gt;
&lt;tr&gt;&lt;td&gt;Heading: 47.9 &lt;/td&gt;&lt;/tr&gt;
&lt;/table&gt;</cmt>
    <desc>&lt;table&gt;
&lt;tr&gt;&lt;td&gt;Longitude: 32.804929 &lt;/td&gt;&lt;/tr&gt;
&lt;tr&gt;&lt;td&gt;Latitude: -18.457678 &lt;/td&gt;&lt;/tr&gt;
&lt;tr&gt;&lt;td&gt;Heading: 47.9 &lt;/td&gt;&lt;/tr&gt;
&lt;/table&gt;</desc>
    <sym>Flag, Blue</sym>
    <type>user</type>
  </wpt>
  <wpt lat="-18.430386018007994" lon="32.80714502558112">
    <ele>1601.7089550711937</ele>
    <time>2026-10-02T12:58:39.000Z</time>
    <name>The Epic 2025 001-110</name>
    <cmt>&lt;table&gt;
&lt;tr&gt;&lt;td&gt;Longitude: 32.807145 &lt;/td&gt;&lt;/tr&gt;
&lt;tr&gt;&lt;td&gt;Latitude: -18.430386 &lt;/td&gt;&lt;/tr&gt;
&lt;tr&gt;&lt;td&gt;Heading: 335.6 &lt;/td&gt;&lt;/tr&gt;
&lt;/table&gt;</cmt>
    <desc>&lt;table&gt;
&lt;tr&gt;&lt;td&gt;Longitude: 32.807145 &lt;/td&gt;&lt;/tr&gt;
&lt;tr&gt;&lt;td&gt;Latitude: -18.430386 &lt;/td&gt;&lt;/tr&gt;
&lt;tr&gt;&lt;td&gt;Heading: 335.6 &lt;/td&gt;&lt;/tr&gt;
&lt;/table&gt;</desc>
    <sym>Flag, Blue</sym>
    <type>user</type>
  </wpt>
  <wpt lat="-18.286678036674857" lon="32.951016034930944">
    <ele>1040.704349526329</ele>
    <time>2026-10-02T12:58:39.000Z</time>
    <name>The Epic 2025 001-1100</name>
    <cmt>&lt;table&gt;
&lt;tr&gt;&lt;td&gt;Longitude: 32.951016 &lt;/td&gt;&lt;/tr&gt;
&lt;tr&gt;&lt;td&gt;Latitude: -18.286678 &lt;/td&gt;&lt;/tr&gt;
&lt;tr&gt;&lt;td&gt;Heading: 93.5 &lt;/td&gt;&lt;/tr&gt;
&lt;/table&gt;</cmt>
    <desc>&lt;table&gt;
&lt;tr&gt;&lt;td&gt;Longitude: 32.951016 &lt;/td&gt;&lt;/tr&gt;
&lt;tr&gt;&lt;td&gt;Latitude: -18.286678 &lt;/td&gt;&lt;/tr&gt;
&lt;tr&gt;&lt;td&gt;Heading: 93.5 &lt;/td&gt;&lt;/tr&gt;
&lt;/table&gt;</desc>
    <sym>Flag, Blue</sym>
    <type>user</type>
  </wpt>
  <wpt lat="-18.286545015871525" lon="32.95176797546446">
    <ele>1030.2026646904424</ele>
    <time>2026-10-02T12:58:39.000Z</time>
    <name>The Epic 2025 001-1101</name>
    <cmt>&lt;table&gt;
&lt;tr&gt;&lt;td&gt;Longitude: 32.951768 &lt;/td&gt;&lt;/tr&gt;
&lt;tr&gt;&lt;td&gt;Latitude: -18.286545 &lt;/td&gt;&lt;/tr&gt;
&lt;tr&gt;&lt;td&gt;Heading: 79.5 &lt;/td&gt;&lt;/tr&gt;
&lt;/table&gt;</cmt>
    <desc>&lt;table&gt;
&lt;tr&gt;&lt;td&gt;Longitude: 32.951768 &lt;/td&gt;&lt;/tr&gt;
&lt;tr&gt;&lt;td&gt;Latitude: -18.286545 &lt;/td&gt;&lt;/tr&gt;
&lt;tr&gt;&lt;td&gt;Heading: 79.5 &lt;/td&gt;&lt;/tr&gt;
&lt;/table&gt;</desc>
    <sym>Flag, Blue</sym>
    <type>user</type>
  </wpt>
  <wpt lat="-18.286530012264848" lon="32.95262401923537">
    <ele>1017.8161376411874</ele>
    <time>2026-10-02T12:58:39.000Z</time>
    <name>The Epic 2025 001-1102</name>
    <cmt>&lt;table&gt;
&lt;tr&gt;&lt;td&gt;Longitude: 32.952624 &lt;/td&gt;&lt;/tr&gt;
&lt;tr&gt;&lt;td&gt;Latitude: -18.286530 &lt;/td&gt;&lt;/tr&gt;
&lt;tr&gt;&lt;td&gt;Heading: 89.0 &lt;/td&gt;&lt;/tr&gt;
&lt;/table&gt;</cmt>
    <desc>&lt;table&gt;
&lt;tr&gt;&lt;td&gt;Longitude: 32.952624 &lt;/td&gt;&lt;/tr&gt;
&lt;tr&gt;&lt;td&gt;Latitude: -18.286530 &lt;/td&gt;&lt;/tr&gt;
&lt;tr&gt;&lt;td&gt;Heading: 89.0 &lt;/td&gt;&lt;/tr&gt;
&lt;/table&gt;</desc>
    <sym>Flag, Blue</sym>
    <type>user</type>
  </wpt>
  <wpt lat="-18.286203034222126" lon="32.95290598645806">
    <ele>1004.703897702183</ele>
    <time>2026-10-02T12:58:39.000Z</time>
    <name>The Epic 2025 001-1103</name>
    <cmt>&lt;table&gt;
&lt;tr&gt;&lt;td&gt;Longitude: 32.952906 &lt;/td&gt;&lt;/tr&gt;
&lt;tr&gt;&lt;td&gt;Latitude: -18.286203 &lt;/td&gt;&lt;/tr&gt;
&lt;tr&gt;&lt;td&gt;Heading: 39.3 &lt;/td&gt;&lt;/tr&gt;
&lt;/table&gt;</cmt>
    <desc>&lt;table&gt;
&lt;tr&gt;&lt;td&gt;Longitude: 32.952906 &lt;/td&gt;&lt;/tr&gt;
&lt;tr&gt;&lt;td&gt;Latitude: -18.286203 &lt;/td&gt;&lt;/tr&gt;
&lt;tr&gt;&lt;td&gt;Heading: 39.3 &lt;/td&gt;&lt;/tr&gt;
&lt;/table&gt;</desc>
    <sym>Flag, Blue</sym>
    <type>user</type>
  </wpt>
  <wpt lat="-18.286722963675857" lon="32.95367402024567">
    <ele>971.647554992349</ele>
    <time>2026-10-02T12:58:39.000Z</time>
    <name>The Epic 2025 001-1104</name>
    <cmt>&lt;table&gt;
&lt;tr&gt;&lt;td&gt;Longitude: 32.953674 &lt;/td&gt;&lt;/tr&gt;
&lt;tr&gt;&lt;td&gt;Latitude: -18.286723 &lt;/td&gt;&lt;/tr&gt;
&lt;tr&gt;&lt;td&gt;Heading: 125.5 &lt;/td&gt;&lt;/tr&gt;
&lt;/table&gt;</cmt>
    <desc>&lt;table&gt;
&lt;tr&gt;&lt;td&gt;Longitude: 32.953674 &lt;/td&gt;&lt;/tr&gt;
&lt;tr&gt;&lt;td&gt;Latitude: -18.286723 &lt;/td&gt;&lt;/tr&gt;
&lt;tr&gt;&lt;td&gt;Heading: 125.5 &lt;/td&gt;&lt;/tr&gt;
&lt;/table&gt;</desc>
    <sym>Flag, Blue</sym>
    <type>user</type>
  </wpt>
  <wpt lat="-18.286650963127613" lon="32.954108035191894">
    <ele>956.0018188047688</ele>
    <time>2026-10-02T12:58:39.000Z</time>
    <name>The Epic 2025 001-1105</name>
    <cmt>&lt;table&gt;
&lt;tr&gt;&lt;td&gt;Longitude: 32.954108 &lt;/td&gt;&lt;/tr&gt;
&lt;tr&gt;&lt;td&gt;Latitude: -18.286651 &lt;/td&gt;&lt;/tr&gt;
&lt;tr&gt;&lt;td&gt;Heading: 80.2 &lt;/td&gt;&lt;/tr&gt;
&lt;/table&gt;</cmt>
    <desc>&lt;table&gt;
&lt;tr&gt;&lt;td&gt;Longitude: 32.954108 &lt;/td&gt;&lt;/tr&gt;
&lt;tr&gt;&lt;td&gt;Latitude: -18.286651 &lt;/td&gt;&lt;/tr&gt;
&lt;tr&gt;&lt;td&gt;Heading: 80.2 &lt;/td&gt;&lt;/tr&gt;
&lt;/table&gt;</desc>
    <sym>Flag, Blue</sym>
    <type>user</type>
  </wpt>
  <wpt lat="-18.287814036011696" lon="32.95516197569668">
    <ele>917.8979782003911</ele>
    <time>2026-10-02T12:58:39.000Z</time>
    <name>The Epic 2025 001-1106</name>
    <cmt>&lt;table&gt;
&lt;tr&gt;&lt;td&gt;Longitude: 32.955162 &lt;/td&gt;&lt;/tr&gt;
&lt;tr&gt;&lt;td&gt;Latitude: -18.287814 &lt;/td&gt;&lt;/tr&gt;
&lt;tr&gt;&lt;td&gt;Heading: 139.3 &lt;/td&gt;&lt;/tr&gt;
&lt;/table&gt;</cmt>
    <desc>&lt;table&gt;
&lt;tr&gt;&lt;td&gt;Longitude: 32.955162 &lt;/td&gt;&lt;/tr&gt;
&lt;tr&gt;&lt;td&gt;Latitude: -18.287814 &lt;/td&gt;&lt;/tr&gt;
&lt;tr&gt;&lt;td&gt;Heading: 139.3 &lt;/td&gt;&lt;/tr&gt;
&lt;/table&gt;</desc>
    <sym>Flag, Blue</sym>
    <type>user</type>
  </wpt>
  <wpt lat="-18.289125971496105" lon="32.95674900524318">
    <ele>899.031305764569</ele>
    <time>2026-10-02T12:58:39.000Z</time>
    <name>The Epic 2025 001-1107</name>
    <cmt>&lt;table&gt;
&lt;tr&gt;&lt;td&gt;Longitude: 32.956749 &lt;/td&gt;&lt;/tr&gt;
&lt;tr&gt;&lt;td&gt;Latitude: -18.289126 &lt;/td&gt;&lt;/tr&gt;
&lt;tr&gt;&lt;td&gt;Heading: 131.1 &lt;/td&gt;&lt;/tr&gt;
&lt;/table&gt;</cmt>
    <desc>&lt;table&gt;
&lt;tr&gt;&lt;td&gt;Longitude: 32.956749 &lt;/td&gt;&lt;/tr&gt;
&lt;tr&gt;&lt;td&gt;Latitude: -18.289126 &lt;/td&gt;&lt;/tr&gt;
&lt;tr&gt;&lt;td&gt;Heading: 131.1 &lt;/td&gt;&lt;/tr&gt;
&lt;/table&gt;</desc>
    <sym>Flag, Blue</sym>
    <type>user</type>
  </wpt>
  <wpt lat="-18.288720035925508" lon="32.95810201205313">
    <ele>885.254552637325</ele>
    <time>2026-10-02T12:58:39.000Z</time>
    <name>The Epic 2025 001-1108</name>
    <cmt>&lt;table&gt;
&lt;tr&gt;&lt;td&gt;Longitude: 32.958102 &lt;/td&gt;&lt;/tr&gt;
&lt;tr&gt;&lt;td&gt;Latitude: -18.288720 &lt;/td&gt;&lt;/tr&gt;
&lt;tr&gt;&lt;td&gt;Heading: 72.4 &lt;/td&gt;&lt;/tr&gt;
&lt;/table&gt;</cmt>
    <desc>&lt;table&gt;
&lt;tr&gt;&lt;td&gt;Longitude: 32.958102 &lt;/td&gt;&lt;/tr&gt;
&lt;tr&gt;&lt;td&gt;Latitude: -18.288720 &lt;/td&gt;&lt;/tr&gt;
&lt;tr&gt;&lt;td&gt;Heading: 72.4 &lt;/td&gt;&lt;/tr&gt;
&lt;/table&gt;</desc>
    <sym>Flag, Blue</sym>
    <type>user</type>
  </wpt>
  <wpt lat="-18.28892103396356" lon="32.95906802639365">
    <ele>877.8386171783786</ele>
    <time>2026-10-02T12:58:39.000Z</time>
    <name>The Epic 2025 001-1109</name>
    <cmt>&lt;table&gt;
&lt;tr&gt;&lt;td&gt;Longitude: 32.959068 &lt;/td&gt;&lt;/tr&gt;
&lt;tr&gt;&lt;td&gt;Latitude: -18.288921 &lt;/td&gt;&lt;/tr&gt;
&lt;tr&gt;&lt;td&gt;Heading: 102.4 &lt;/td&gt;&lt;/tr&gt;
&lt;/table&gt;</cmt>
    <desc>&lt;table&gt;
&lt;tr&gt;&lt;td&gt;Longitude: 32.959068 &lt;/td&gt;&lt;/tr&gt;
&lt;tr&gt;&lt;td&gt;Latitude: -18.288921 &lt;/td&gt;&lt;/tr&gt;
&lt;tr&gt;&lt;td&gt;Heading: 102.4 &lt;/td&gt;&lt;/tr&gt;
&lt;/table&gt;</desc>
    <sym>Flag, Blue</sym>
    <type>user</type>
  </wpt>
  <wpt lat="-18.430074965581298" lon="32.80702097341418">
    <ele>1604.9502758166404</ele>
    <time>2026-10-02T12:58:39.000Z</time>
    <name>The Epic 2025 001-111</name>
    <cmt>&lt;table&gt;
&lt;tr&gt;&lt;td&gt;Longitude: 32.807021 &lt;/td&gt;&lt;/tr&gt;
&lt;tr&gt;&lt;td&gt;Latitude: -18.430075 &lt;/td&gt;&lt;/tr&gt;
&lt;tr&gt;&lt;td&gt;Heading: 339.3 &lt;/td&gt;&lt;/tr&gt;
&lt;/table&gt;</cmt>
    <desc>&lt;table&gt;
&lt;tr&gt;&lt;td&gt;Longitude: 32.807021 &lt;/td&gt;&lt;/tr&gt;
&lt;tr&gt;&lt;td&gt;Latitude: -18.430075 &lt;/td&gt;&lt;/tr&gt;
&lt;tr&gt;&lt;td&gt;Heading: 339.3 &lt;/td&gt;&lt;/tr&gt;
&lt;/table&gt;</desc>
    <sym>Flag, Blue</sym>
    <type>user</type>
  </wpt>
  <wpt lat="-18.289023963734508" lon="32.96037903986871">
    <ele>883.8760592476176</ele>
    <time>2026-10-02T12:58:39.000Z</time>
    <name>The Epic 2025 001-1110</name>
    <cmt>&lt;table&gt;
&lt;tr&gt;&lt;td&gt;Longitude: 32.960379 &lt;/td&gt;&lt;/tr&gt;
&lt;tr&gt;&lt;td&gt;Latitude: -18.289024 &lt;/td&gt;&lt;/tr&gt;
&lt;tr&gt;&lt;td&gt;Heading: 94.7 &lt;/td&gt;&lt;/tr&gt;
&lt;/table&gt;</cmt>
    <desc>&lt;table&gt;
&lt;tr&gt;&lt;td&gt;Longitude: 32.960379 &lt;/td&gt;&lt;/tr&gt;
&lt;tr&gt;&lt;td&gt;Latitude: -18.289024 &lt;/td&gt;&lt;/tr&gt;
&lt;tr&gt;&lt;td&gt;Heading: 94.7 &lt;/td&gt;&lt;/tr&gt;
&lt;/table&gt;</desc>
    <sym>Flag, Blue</sym>
    <type>user</type>
  </wpt>
  <wpt lat="-18.29035802744329" lon="32.960321959108114">
    <ele>871.6086411533179</ele>
    <time>2026-10-02T12:58:39.000Z</time>
    <name>The Epic 2025 001-1111</name>
    <cmt>&lt;table&gt;
&lt;tr&gt;&lt;td&gt;Longitude: 32.960322 &lt;/td&gt;&lt;/tr&gt;
&lt;tr&gt;&lt;td&gt;Latitude: -18.290358 &lt;/td&gt;&lt;/tr&gt;
&lt;tr&gt;&lt;td&gt;Heading: 182.3 &lt;/td&gt;&lt;/tr&gt;
&lt;/table&gt;</cmt>
    <desc>&lt;table&gt;
&lt;tr&gt;&lt;td&gt;Longitude: 32.960322 &lt;/td&gt;&lt;/tr&gt;
&lt;tr&gt;&lt;td&gt;Latitude: -18.290358 &lt;/td&gt;&lt;/tr&gt;
&lt;tr&gt;&lt;td&gt;Heading: 182.3 &lt;/td&gt;&lt;/tr&gt;
&lt;/table&gt;</desc>
    <sym>Flag, Blue</sym>
    <type>user</type>
  </wpt>
  <wpt lat="-18.292018985375762" lon="32.960815988481045">
    <ele>863.9643313612778</ele>
    <time>2026-10-02T12:58:39.000Z</time>
    <name>The Epic 2025 001-1112</name>
    <cmt>&lt;table&gt;
&lt;tr&gt;&lt;td&gt;Longitude: 32.960816 &lt;/td&gt;&lt;/tr&gt;
&lt;tr&gt;&lt;td&gt;Latitude: -18.292019 &lt;/td&gt;&lt;/tr&gt;
&lt;tr&gt;&lt;td&gt;Heading: 164.2 &lt;/td&gt;&lt;/tr&gt;
&lt;/table&gt;</cmt>
    <desc>&lt;table&gt;
&lt;tr&gt;&lt;td&gt;Longitude: 32.960816 &lt;/td&gt;&lt;/tr&gt;
&lt;tr&gt;&lt;td&gt;Latitude: -18.292019 &lt;/td&gt;&lt;/tr&gt;
&lt;tr&gt;&lt;td&gt;Heading: 164.2 &lt;/td&gt;&lt;/tr&gt;
&lt;/table&gt;</desc>
    <sym>Flag, Blue</sym>
    <type>user</type>
  </wpt>
  <wpt lat="-18.29194698482752" lon="32.96141202561557">
    <ele>870.6589463770446</ele>
    <time>2026-10-02T12:58:39.000Z</time>
    <name>The Epic 2025 001-1113</name>
    <cmt>&lt;table&gt;
&lt;tr&gt;&lt;td&gt;Longitude: 32.961412 &lt;/td&gt;&lt;/tr&gt;
&lt;tr&gt;&lt;td&gt;Latitude: -18.291947 &lt;/td&gt;&lt;/tr&gt;
&lt;tr&gt;&lt;td&gt;Heading: 82.7 &lt;/td&gt;&lt;/tr&gt;
&lt;/table&gt;</cmt>
    <desc>&lt;table&gt;
&lt;tr&gt;&lt;td&gt;Longitude: 32.961412 &lt;/td&gt;&lt;/tr&gt;
&lt;tr&gt;&lt;td&gt;Latitude: -18.291947 &lt;/td&gt;&lt;/tr&gt;
&lt;tr&gt;&lt;td&gt;Heading: 82.7 &lt;/td&gt;&lt;/tr&gt;
&lt;/table&gt;</desc>
    <sym>Flag, Blue</sym>
    <type>user</type>
  </wpt>
  <wpt lat="-18.29115296714008" lon="32.962536038830876">
    <ele>861.1955458191378</ele>
    <time>2026-10-02T12:58:39.000Z</time>
    <name>The Epic 2025 001-1114</name>
    <cmt>&lt;table&gt;
&lt;tr&gt;&lt;td&gt;Longitude: 32.962536 &lt;/td&gt;&lt;/tr&gt;
&lt;tr&gt;&lt;td&gt;Latitude: -18.291153 &lt;/td&gt;&lt;/tr&gt;
&lt;tr&gt;&lt;td&gt;Heading: 53.4 &lt;/td&gt;&lt;/tr&gt;
&lt;/table&gt;</cmt>
    <desc>&lt;table&gt;
&lt;tr&gt;&lt;td&gt;Longitude: 32.962536 &lt;/td&gt;&lt;/tr&gt;
&lt;tr&gt;&lt;td&gt;Latitude: -18.291153 &lt;/td&gt;&lt;/tr&gt;
&lt;tr&gt;&lt;td&gt;Heading: 53.4 &lt;/td&gt;&lt;/tr&gt;
&lt;/table&gt;</desc>
    <sym>Flag, Blue</sym>
    <type>user</type>
  </wpt>
  <wpt lat="-18.290819032117724" lon="32.963568018749356">
    <ele>863.9311473390553</ele>
    <time>2026-10-02T12:58:39.000Z</time>
    <name>The Epic 2025 001-1115</name>
    <cmt>&lt;table&gt;
&lt;tr&gt;&lt;td&gt;Longitude: 32.963568 &lt;/td&gt;&lt;/tr&gt;
&lt;tr&gt;&lt;td&gt;Latitude: -18.290819 &lt;/td&gt;&lt;/tr&gt;
&lt;tr&gt;&lt;td&gt;Heading: 71.2 &lt;/td&gt;&lt;/tr&gt;
&lt;/table&gt;</cmt>
    <desc>&lt;table&gt;
&lt;tr&gt;&lt;td&gt;Longitude: 32.963568 &lt;/td&gt;&lt;/tr&gt;
&lt;tr&gt;&lt;td&gt;Latitude: -18.290819 &lt;/td&gt;&lt;/tr&gt;
&lt;tr&gt;&lt;td&gt;Heading: 71.2 &lt;/td&gt;&lt;/tr&gt;
&lt;/table&gt;</desc>
    <sym>Flag, Blue</sym>
    <type>user</type>
  </wpt>
  <wpt lat="-18.29124198295176" lon="32.96424997039139">
    <ele>856.470776808681</ele>
    <time>2026-10-02T12:58:39.000Z</time>
    <name>The Epic 2025 001-1116</name>
    <cmt>&lt;table&gt;
&lt;tr&gt;&lt;td&gt;Longitude: 32.964250 &lt;/td&gt;&lt;/tr&gt;
&lt;tr&gt;&lt;td&gt;Latitude: -18.291242 &lt;/td&gt;&lt;/tr&gt;
&lt;tr&gt;&lt;td&gt;Heading: 123.1 &lt;/td&gt;&lt;/tr&gt;
&lt;/table&gt;</cmt>
    <desc>&lt;table&gt;
&lt;tr&gt;&lt;td&gt;Longitude: 32.964250 &lt;/td&gt;&lt;/tr&gt;
&lt;tr&gt;&lt;td&gt;Latitude: -18.291242 &lt;/td&gt;&lt;/tr&gt;
&lt;tr&gt;&lt;td&gt;Heading: 123.1 &lt;/td&gt;&lt;/tr&gt;
&lt;/table&gt;</desc>
    <sym>Flag, Blue</sym>
    <type>user</type>
  </wpt>
  <wpt lat="-18.29164800234139" lon="32.96467401087284">
    <ele>841.7808817944301</ele>
    <time>2026-10-02T12:58:39.000Z</time>
    <name>The Epic 2025 001-1117</name>
    <cmt>&lt;table&gt;
&lt;tr&gt;&lt;td&gt;Longitude: 32.964674 &lt;/td&gt;&lt;/tr&gt;
&lt;tr&gt;&lt;td&gt;Latitude: -18.291648 &lt;/td&gt;&lt;/tr&gt;
&lt;tr&gt;&lt;td&gt;Heading: 135.2 &lt;/td&gt;&lt;/tr&gt;
&lt;/table&gt;</cmt>
    <desc>&lt;table&gt;
&lt;tr&gt;&lt;td&gt;Longitude: 32.964674 &lt;/td&gt;&lt;/tr&gt;
&lt;tr&gt;&lt;td&gt;Latitude: -18.291648 &lt;/td&gt;&lt;/tr&gt;
&lt;tr&gt;&lt;td&gt;Heading: 135.2 &lt;/td&gt;&lt;/tr&gt;
&lt;/table&gt;</desc>
    <sym>Flag, Blue</sym>
    <type>user</type>
  </wpt>
  <wpt lat="-18.29192804172635" lon="32.96492898836732">
    <ele>841.541997246182</ele>
    <time>2026-10-02T12:58:39.000Z</time>
    <name>The Epic 2025 001-1118</name>
    <cmt>&lt;table&gt;
&lt;tr&gt;&lt;td&gt;Longitude: 32.964929 &lt;/td&gt;&lt;/tr&gt;
&lt;tr&gt;&lt;td&gt;Latitude: -18.291928 &lt;/td&gt;&lt;/tr&gt;
&lt;tr&gt;&lt;td&gt;Heading: 139.2 &lt;/td&gt;&lt;/tr&gt;
&lt;/table&gt;</cmt>
    <desc>&lt;table&gt;
&lt;tr&gt;&lt;td&gt;Longitude: 32.964929 &lt;/td&gt;&lt;/tr&gt;
&lt;tr&gt;&lt;td&gt;Latitude: -18.291928 &lt;/td&gt;&lt;/tr&gt;
&lt;tr&gt;&lt;td&gt;Heading: 139.2 &lt;/td&gt;&lt;/tr&gt;
&lt;/table&gt;</desc>
    <sym>Flag, Blue</sym>
    <type>user</type>
  </wpt>
  <wpt lat="-18.291983027011156" lon="32.964937034994364">
    <ele>843.2462407432477</ele>
    <time>2026-10-02T12:58:39.000Z</time>
    <name>The Epic 2025 001-1119</name>
    <cmt>&lt;table&gt;
&lt;tr&gt;&lt;td&gt;Longitude: 32.964937 &lt;/td&gt;&lt;/tr&gt;
&lt;tr&gt;&lt;td&gt;Latitude: -18.291983 &lt;/td&gt;&lt;/tr&gt;
&lt;tr&gt;&lt;td&gt;Heading: 171.3 &lt;/td&gt;&lt;/tr&gt;
&lt;/table&gt;</cmt>
    <desc>&lt;table&gt;
&lt;tr&gt;&lt;td&gt;Longitude: 32.964937 &lt;/td&gt;&lt;/tr&gt;
&lt;tr&gt;&lt;td&gt;Latitude: -18.291983 &lt;/td&gt;&lt;/tr&gt;
&lt;tr&gt;&lt;td&gt;Heading: 171.3 &lt;/td&gt;&lt;/tr&gt;
&lt;/table&gt;</desc>
    <sym>Flag, Blue</sym>
    <type>user</type>
  </wpt>
  <wpt lat="-18.429512036964297" lon="32.80700798146427">
    <ele>1613.3566475264925</ele>
    <time>2026-10-02T12:58:39.000Z</time>
    <name>The Epic 2025 001-112</name>
    <cmt>&lt;table&gt;
&lt;tr&gt;&lt;td&gt;Longitude: 32.807008 &lt;/td&gt;&lt;/tr&gt;
&lt;tr&gt;&lt;td&gt;Latitude: -18.429512 &lt;/td&gt;&lt;/tr&gt;
&lt;tr&gt;&lt;td&gt;Heading: 358.8 &lt;/td&gt;&lt;/tr&gt;
&lt;/table&gt;</cmt>
    <desc>&lt;table&gt;
&lt;tr&gt;&lt;td&gt;Longitude: 32.807008 &lt;/td&gt;&lt;/tr&gt;
&lt;tr&gt;&lt;td&gt;Latitude: -18.429512 &lt;/td&gt;&lt;/tr&gt;
&lt;tr&gt;&lt;td&gt;Heading: 358.8 &lt;/td&gt;&lt;/tr&gt;
&lt;/table&gt;</desc>
    <sym>Flag, Blue</sym>
    <type>user</type>
  </wpt>
  <wpt lat="-18.292537992820144" lon="32.96542997471988">
    <ele>829.0460317990635</ele>
    <time>2026-10-02T12:58:39.000Z</time>
    <name>The Epic 2025 001-1120</name>
    <cmt>&lt;table&gt;
&lt;tr&gt;&lt;td&gt;Longitude: 32.965430 &lt;/td&gt;&lt;/tr&gt;
&lt;tr&gt;&lt;td&gt;Latitude: -18.292538 &lt;/td&gt;&lt;/tr&gt;
&lt;tr&gt;&lt;td&gt;Heading: 139.8 &lt;/td&gt;&lt;/tr&gt;
&lt;/table&gt;</cmt>
    <desc>&lt;table&gt;
&lt;tr&gt;&lt;td&gt;Longitude: 32.965430 &lt;/td&gt;&lt;/tr&gt;
&lt;tr&gt;&lt;td&gt;Latitude: -18.292538 &lt;/td&gt;&lt;/tr&gt;
&lt;tr&gt;&lt;td&gt;Heading: 139.8 &lt;/td&gt;&lt;/tr&gt;
&lt;/table&gt;</desc>
    <sym>Flag, Blue</sym>
    <type>user</type>
  </wpt>
  <wpt lat="-18.292887015268207" lon="32.96570297330618">
    <ele>826.5124984279869</ele>
    <time>2026-10-02T12:58:39.000Z</time>
    <name>The Epic 2025 001-1121</name>
    <cmt>&lt;table&gt;
&lt;tr&gt;&lt;td&gt;Longitude: 32.965703 &lt;/td&gt;&lt;/tr&gt;
&lt;tr&gt;&lt;td&gt;Latitude: -18.292887 &lt;/td&gt;&lt;/tr&gt;
&lt;tr&gt;&lt;td&gt;Heading: 143.4 &lt;/td&gt;&lt;/tr&gt;
&lt;/table&gt;</cmt>
    <desc>&lt;table&gt;
&lt;tr&gt;&lt;td&gt;Longitude: 32.965703 &lt;/td&gt;&lt;/tr&gt;
&lt;tr&gt;&lt;td&gt;Latitude: -18.292887 &lt;/td&gt;&lt;/tr&gt;
&lt;tr&gt;&lt;td&gt;Heading: 143.4 &lt;/td&gt;&lt;/tr&gt;
&lt;/table&gt;</desc>
    <sym>Flag, Blue</sym>
    <type>user</type>
  </wpt>
  <wpt lat="-18.293227991089225" lon="32.96628199517727">
    <ele>821.3997621407616</ele>
    <time>2026-10-02T12:58:39.000Z</time>
    <name>The Epic 2025 001-1122</name>
    <cmt>&lt;table&gt;
&lt;tr&gt;&lt;td&gt;Longitude: 32.966282 &lt;/td&gt;&lt;/tr&gt;
&lt;tr&gt;&lt;td&gt;Latitude: -18.293228 &lt;/td&gt;&lt;/tr&gt;
&lt;tr&gt;&lt;td&gt;Heading: 121.8 &lt;/td&gt;&lt;/tr&gt;
&lt;/table&gt;</cmt>
    <desc>&lt;table&gt;
&lt;tr&gt;&lt;td&gt;Longitude: 32.966282 &lt;/td&gt;&lt;/tr&gt;
&lt;tr&gt;&lt;td&gt;Latitude: -18.293228 &lt;/td&gt;&lt;/tr&gt;
&lt;tr&gt;&lt;td&gt;Heading: 121.8 &lt;/td&gt;&lt;/tr&gt;
&lt;/table&gt;</desc>
    <sym>Flag, Blue</sym>
    <type>user</type>
  </wpt>
  <wpt lat="-18.293193038553" lon="32.96648299321532">
    <ele>820.3248925804728</ele>
    <time>2026-10-02T12:58:39.000Z</time>
    <name>The Epic 2025 001-1123</name>
    <cmt>&lt;table&gt;
&lt;tr&gt;&lt;td&gt;Longitude: 32.966483 &lt;/td&gt;&lt;/tr&gt;
&lt;tr&gt;&lt;td&gt;Latitude: -18.293193 &lt;/td&gt;&lt;/tr&gt;
&lt;tr&gt;&lt;td&gt;Heading: 79.6 &lt;/td&gt;&lt;/tr&gt;
&lt;/table&gt;</cmt>
    <desc>&lt;table&gt;
&lt;tr&gt;&lt;td&gt;Longitude: 32.966483 &lt;/td&gt;&lt;/tr&gt;
&lt;tr&gt;&lt;td&gt;Latitude: -18.293193 &lt;/td&gt;&lt;/tr&gt;
&lt;tr&gt;&lt;td&gt;Heading: 79.6 &lt;/td&gt;&lt;/tr&gt;
&lt;/table&gt;</desc>
    <sym>Flag, Blue</sym>
    <type>user</type>
  </wpt>
  <wpt lat="-18.293555974960327" lon="32.96699001453817">
    <ele>817.2912984937429</ele>
    <time>2026-10-02T12:58:39.000Z</time>
    <name>The Epic 2025 001-1124</name>
    <cmt>&lt;table&gt;
&lt;tr&gt;&lt;td&gt;Longitude: 32.966990 &lt;/td&gt;&lt;/tr&gt;
&lt;tr&gt;&lt;td&gt;Latitude: -18.293556 &lt;/td&gt;&lt;/tr&gt;
&lt;tr&gt;&lt;td&gt;Heading: 127.0 &lt;/td&gt;&lt;/tr&gt;
&lt;/table&gt;</cmt>
    <desc>&lt;table&gt;
&lt;tr&gt;&lt;td&gt;Longitude: 32.966990 &lt;/td&gt;&lt;/tr&gt;
&lt;tr&gt;&lt;td&gt;Latitude: -18.293556 &lt;/td&gt;&lt;/tr&gt;
&lt;tr&gt;&lt;td&gt;Heading: 127.0 &lt;/td&gt;&lt;/tr&gt;
&lt;/table&gt;</desc>
    <sym>Flag, Blue</sym>
    <type>user</type>
  </wpt>
  <wpt lat="-18.29392796382308" lon="32.967283967882395">
    <ele>819.3564656281994</ele>
    <time>2026-10-02T12:58:39.000Z</time>
    <name>The Epic 2025 001-1125</name>
    <cmt>&lt;table&gt;
&lt;tr&gt;&lt;td&gt;Longitude: 32.967284 &lt;/td&gt;&lt;/tr&gt;
&lt;tr&gt;&lt;td&gt;Latitude: -18.293928 &lt;/td&gt;&lt;/tr&gt;
&lt;tr&gt;&lt;td&gt;Heading: 143.1 &lt;/td&gt;&lt;/tr&gt;
&lt;/table&gt;</cmt>
    <desc>&lt;table&gt;
&lt;tr&gt;&lt;td&gt;Longitude: 32.967284 &lt;/td&gt;&lt;/tr&gt;
&lt;tr&gt;&lt;td&gt;Latitude: -18.293928 &lt;/td&gt;&lt;/tr&gt;
&lt;tr&gt;&lt;td&gt;Heading: 143.1 &lt;/td&gt;&lt;/tr&gt;
&lt;/table&gt;</desc>
    <sym>Flag, Blue</sym>
    <type>user</type>
  </wpt>
  <wpt lat="-18.294275980442762" lon="32.9677879717201">
    <ele>824.4663303722627</ele>
    <time>2026-10-02T12:58:39.000Z</time>
    <name>The Epic 2025 001-1126</name>
    <cmt>&lt;table&gt;
&lt;tr&gt;&lt;td&gt;Longitude: 32.967788 &lt;/td&gt;&lt;/tr&gt;
&lt;tr&gt;&lt;td&gt;Latitude: -18.294276 &lt;/td&gt;&lt;/tr&gt;
&lt;tr&gt;&lt;td&gt;Heading: 126.1 &lt;/td&gt;&lt;/tr&gt;
&lt;/table&gt;</cmt>
    <desc>&lt;table&gt;
&lt;tr&gt;&lt;td&gt;Longitude: 32.967788 &lt;/td&gt;&lt;/tr&gt;
&lt;tr&gt;&lt;td&gt;Latitude: -18.294276 &lt;/td&gt;&lt;/tr&gt;
&lt;tr&gt;&lt;td&gt;Heading: 126.1 &lt;/td&gt;&lt;/tr&gt;
&lt;/table&gt;</desc>
    <sym>Flag, Blue</sym>
    <type>user</type>
  </wpt>
  <wpt lat="-18.29431001096964" lon="32.96800296753645">
    <ele>826.6485711841115</ele>
    <time>2026-10-02T12:58:39.000Z</time>
    <name>The Epic 2025 001-1127</name>
    <cmt>&lt;table&gt;
&lt;tr&gt;&lt;td&gt;Longitude: 32.968003 &lt;/td&gt;&lt;/tr&gt;
&lt;tr&gt;&lt;td&gt;Latitude: -18.294310 &lt;/td&gt;&lt;/tr&gt;
&lt;tr&gt;&lt;td&gt;Heading: 99.4 &lt;/td&gt;&lt;/tr&gt;
&lt;/table&gt;</cmt>
    <desc>&lt;table&gt;
&lt;tr&gt;&lt;td&gt;Longitude: 32.968003 &lt;/td&gt;&lt;/tr&gt;
&lt;tr&gt;&lt;td&gt;Latitude: -18.294310 &lt;/td&gt;&lt;/tr&gt;
&lt;tr&gt;&lt;td&gt;Heading: 99.4 &lt;/td&gt;&lt;/tr&gt;
&lt;/table&gt;</desc>
    <sym>Flag, Blue</sym>
    <type>user</type>
  </wpt>
  <wpt lat="-18.29450899735093" lon="32.96841602772474">
    <ele>833.670910234563</ele>
    <time>2026-10-02T12:58:39.000Z</time>
    <name>The Epic 2025 001-1128</name>
    <cmt>&lt;table&gt;
&lt;tr&gt;&lt;td&gt;Longitude: 32.968416 &lt;/td&gt;&lt;/tr&gt;
&lt;tr&gt;&lt;td&gt;Latitude: -18.294509 &lt;/td&gt;&lt;/tr&gt;
&lt;tr&gt;&lt;td&gt;Heading: 116.9 &lt;/td&gt;&lt;/tr&gt;
&lt;/table&gt;</cmt>
    <desc>&lt;table&gt;
&lt;tr&gt;&lt;td&gt;Longitude: 32.968416 &lt;/td&gt;&lt;/tr&gt;
&lt;tr&gt;&lt;td&gt;Latitude: -18.294509 &lt;/td&gt;&lt;/tr&gt;
&lt;tr&gt;&lt;td&gt;Heading: 116.9 &lt;/td&gt;&lt;/tr&gt;
&lt;/table&gt;</desc>
    <sym>Flag, Blue</sym>
    <type>user</type>
  </wpt>
  <wpt lat="-18.428863026201725" lon="32.80674001201987">
    <ele>1621.7496623494662</ele>
    <time>2026-10-02T12:58:39.000Z</time>
    <name>The Epic 2025 001-113</name>
    <cmt>&lt;table&gt;
&lt;tr&gt;&lt;td&gt;Longitude: 32.806740 &lt;/td&gt;&lt;/tr&gt;
&lt;tr&gt;&lt;td&gt;Latitude: -18.428863 &lt;/td&gt;&lt;/tr&gt;
&lt;tr&gt;&lt;td&gt;Heading: 338.6 &lt;/td&gt;&lt;/tr&gt;
&lt;/table&gt;</cmt>
    <desc>&lt;table&gt;
&lt;tr&gt;&lt;td&gt;Longitude: 32.806740 &lt;/td&gt;&lt;/tr&gt;
&lt;tr&gt;&lt;td&gt;Latitude: -18.428863 &lt;/td&gt;&lt;/tr&gt;
&lt;tr&gt;&lt;td&gt;Heading: 338.6 &lt;/td&gt;&lt;/tr&gt;
&lt;/table&gt;</desc>
    <sym>Flag, Blue</sym>
    <type>user</type>
  </wpt>
  <wpt lat="-18.428438985720277" lon="32.806486962363124">
    <ele>1628.5933354793815</ele>
    <time>2026-10-02T12:58:39.000Z</time>
    <name>The Epic 2025 001-114</name>
    <cmt>&lt;table&gt;
&lt;tr&gt;&lt;td&gt;Longitude: 32.806487 &lt;/td&gt;&lt;/tr&gt;
&lt;tr&gt;&lt;td&gt;Latitude: -18.428439 &lt;/td&gt;&lt;/tr&gt;
&lt;tr&gt;&lt;td&gt;Heading: 330.5 &lt;/td&gt;&lt;/tr&gt;
&lt;/table&gt;</cmt>
    <desc>&lt;table&gt;
&lt;tr&gt;&lt;td&gt;Longitude: 32.806487 &lt;/td&gt;&lt;/tr&gt;
&lt;tr&gt;&lt;td&gt;Latitude: -18.428439 &lt;/td&gt;&lt;/tr&gt;
&lt;tr&gt;&lt;td&gt;Heading: 330.5 &lt;/td&gt;&lt;/tr&gt;
&lt;/table&gt;</desc>
    <sym>Flag, Blue</sym>
    <type>user</type>
  </wpt>
  <wpt lat="-18.427967000752687" lon="32.80647598206997">
    <ele>1629.92578125</ele>
    <time>2026-10-02T12:58:39.000Z</time>
    <name>The Epic 2025 001-115</name>
    <cmt>&lt;table&gt;
&lt;tr&gt;&lt;td&gt;Longitude: 32.806476 &lt;/td&gt;&lt;/tr&gt;
&lt;tr&gt;&lt;td&gt;Latitude: -18.427967 &lt;/td&gt;&lt;/tr&gt;
&lt;tr&gt;&lt;td&gt;Heading: 358.7 &lt;/td&gt;&lt;/tr&gt;
&lt;/table&gt;</cmt>
    <desc>&lt;table&gt;
&lt;tr&gt;&lt;td&gt;Longitude: 32.806476 &lt;/td&gt;&lt;/tr&gt;
&lt;tr&gt;&lt;td&gt;Latitude: -18.427967 &lt;/td&gt;&lt;/tr&gt;
&lt;tr&gt;&lt;td&gt;Heading: 358.7 &lt;/td&gt;&lt;/tr&gt;
&lt;/table&gt;</desc>
    <sym>Flag, Blue</sym>
    <type>user</type>
  </wpt>
  <wpt lat="-18.42745997942984" lon="32.80633399263024">
    <ele>1633.6129486424697</ele>
    <time>2026-10-02T12:58:39.000Z</time>
    <name>The Epic 2025 001-116</name>
    <cmt>&lt;table&gt;
&lt;tr&gt;&lt;td&gt;Longitude: 32.806334 &lt;/td&gt;&lt;/tr&gt;
&lt;tr&gt;&lt;td&gt;Latitude: -18.427460 &lt;/td&gt;&lt;/tr&gt;
&lt;tr&gt;&lt;td&gt;Heading: 345.1 &lt;/td&gt;&lt;/tr&gt;
&lt;/table&gt;</cmt>
    <desc>&lt;table&gt;
&lt;tr&gt;&lt;td&gt;Longitude: 32.806334 &lt;/td&gt;&lt;/tr&gt;
&lt;tr&gt;&lt;td&gt;Latitude: -18.427460 &lt;/td&gt;&lt;/tr&gt;
&lt;tr&gt;&lt;td&gt;Heading: 345.1 &lt;/td&gt;&lt;/tr&gt;
&lt;/table&gt;</desc>
    <sym>Flag, Blue</sym>
    <type>user</type>
  </wpt>
  <wpt lat="-18.42693996615708" lon="32.806424014270306">
    <ele>1639.839241415657</ele>
    <time>2026-10-02T12:58:39.000Z</time>
    <name>The Epic 2025 001-117</name>
    <cmt>&lt;table&gt;
&lt;tr&gt;&lt;td&gt;Longitude: 32.806424 &lt;/td&gt;&lt;/tr&gt;
&lt;tr&gt;&lt;td&gt;Latitude: -18.426940 &lt;/td&gt;&lt;/tr&gt;
&lt;tr&gt;&lt;td&gt;Heading: 9.3 &lt;/td&gt;&lt;/tr&gt;
&lt;/table&gt;</cmt>
    <desc>&lt;table&gt;
&lt;tr&gt;&lt;td&gt;Longitude: 32.806424 &lt;/td&gt;&lt;/tr&gt;
&lt;tr&gt;&lt;td&gt;Latitude: -18.426940 &lt;/td&gt;&lt;/tr&gt;
&lt;tr&gt;&lt;td&gt;Heading: 9.3 &lt;/td&gt;&lt;/tr&gt;
&lt;/table&gt;</desc>
    <sym>Flag, Blue</sym>
    <type>user</type>
  </wpt>
  <wpt lat="-18.426477033644915" lon="32.80634203925729">
    <ele>1647.2810276528953</ele>
    <time>2026-10-02T12:58:39.000Z</time>
    <name>The Epic 2025 001-118</name>
    <cmt>&lt;table&gt;
&lt;tr&gt;&lt;td&gt;Longitude: 32.806342 &lt;/td&gt;&lt;/tr&gt;
&lt;tr&gt;&lt;td&gt;Latitude: -18.426477 &lt;/td&gt;&lt;/tr&gt;
&lt;tr&gt;&lt;td&gt;Heading: 350.5 &lt;/td&gt;&lt;/tr&gt;
&lt;/table&gt;</cmt>
    <desc>&lt;table&gt;
&lt;tr&gt;&lt;td&gt;Longitude: 32.806342 &lt;/td&gt;&lt;/tr&gt;
&lt;tr&gt;&lt;td&gt;Latitude: -18.426477 &lt;/td&gt;&lt;/tr&gt;
&lt;tr&gt;&lt;td&gt;Heading: 350.5 &lt;/td&gt;&lt;/tr&gt;
&lt;/table&gt;</desc>
    <sym>Flag, Blue</sym>
    <type>user</type>
  </wpt>
  <wpt lat="-18.42604100704193" lon="32.80601003207266">
    <ele>1658.592918176204</ele>
    <time>2026-10-02T12:58:39.000Z</time>
    <name>The Epic 2025 001-119</name>
    <cmt>&lt;table&gt;
&lt;tr&gt;&lt;td&gt;Longitude: 32.806010 &lt;/td&gt;&lt;/tr&gt;
&lt;tr&gt;&lt;td&gt;Latitude: -18.426041 &lt;/td&gt;&lt;/tr&gt;
&lt;tr&gt;&lt;td&gt;Heading: 324.2 &lt;/td&gt;&lt;/tr&gt;
&lt;/table&gt;</cmt>
    <desc>&lt;table&gt;
&lt;tr&gt;&lt;td&gt;Longitude: 32.806010 &lt;/td&gt;&lt;/tr&gt;
&lt;tr&gt;&lt;td&gt;Latitude: -18.426041 &lt;/td&gt;&lt;/tr&gt;
&lt;tr&gt;&lt;td&gt;Heading: 324.2 &lt;/td&gt;&lt;/tr&gt;
&lt;/table&gt;</desc>
    <sym>Flag, Blue</sym>
    <type>user</type>
  </wpt>
  <wpt lat="-18.45766399987042" lon="32.80524803325534">
    <ele>1799.8916447573574</ele>
    <time>2026-10-02T12:58:39.000Z</time>
    <name>The Epic 2025 001-12</name>
    <cmt>&lt;table&gt;
&lt;tr&gt;&lt;td&gt;Longitude: 32.805248 &lt;/td&gt;&lt;/tr&gt;
&lt;tr&gt;&lt;td&gt;Latitude: -18.457664 &lt;/td&gt;&lt;/tr&gt;
&lt;tr&gt;&lt;td&gt;Heading: 87.4 &lt;/td&gt;&lt;/tr&gt;
&lt;/table&gt;</cmt>
    <desc>&lt;table&gt;
&lt;tr&gt;&lt;td&gt;Longitude: 32.805248 &lt;/td&gt;&lt;/tr&gt;
&lt;tr&gt;&lt;td&gt;Latitude: -18.457664 &lt;/td&gt;&lt;/tr&gt;
&lt;tr&gt;&lt;td&gt;Heading: 87.4 &lt;/td&gt;&lt;/tr&gt;
&lt;/table&gt;</desc>
    <sym>Flag, Blue</sym>
    <type>user</type>
  </wpt>
  <wpt lat="-18.425582014024258" lon="32.80575396493077">
    <ele>1669.8132390777741</ele>
    <time>2026-10-02T12:58:39.000Z</time>
    <name>The Epic 2025 001-120</name>
    <cmt>&lt;table&gt;
&lt;tr&gt;&lt;td&gt;Longitude: 32.805754 &lt;/td&gt;&lt;/tr&gt;
&lt;tr&gt;&lt;td&gt;Latitude: -18.425582 &lt;/td&gt;&lt;/tr&gt;
&lt;tr&gt;&lt;td&gt;Heading: 332.1 &lt;/td&gt;&lt;/tr&gt;
&lt;/table&gt;</cmt>
    <desc>&lt;table&gt;
&lt;tr&gt;&lt;td&gt;Longitude: 32.805754 &lt;/td&gt;&lt;/tr&gt;
&lt;tr&gt;&lt;td&gt;Latitude: -18.425582 &lt;/td&gt;&lt;/tr&gt;
&lt;tr&gt;&lt;td&gt;Heading: 332.1 &lt;/td&gt;&lt;/tr&gt;
&lt;/table&gt;</desc>
    <sym>Flag, Blue</sym>
    <type>user</type>
  </wpt>
  <wpt lat="-18.425238020718098" lon="32.80551097355783">
    <ele>1678.7766223368235</ele>
    <time>2026-10-02T12:58:39.000Z</time>
    <name>The Epic 2025 001-121</name>
    <cmt>&lt;table&gt;
&lt;tr&gt;&lt;td&gt;Longitude: 32.805511 &lt;/td&gt;&lt;/tr&gt;
&lt;tr&gt;&lt;td&gt;Latitude: -18.425238 &lt;/td&gt;&lt;/tr&gt;
&lt;tr&gt;&lt;td&gt;Heading: 326.2 &lt;/td&gt;&lt;/tr&gt;
&lt;/table&gt;</cmt>
    <desc>&lt;table&gt;
&lt;tr&gt;&lt;td&gt;Longitude: 32.805511 &lt;/td&gt;&lt;/tr&gt;
&lt;tr&gt;&lt;td&gt;Latitude: -18.425238 &lt;/td&gt;&lt;/tr&gt;
&lt;tr&gt;&lt;td&gt;Heading: 326.2 &lt;/td&gt;&lt;/tr&gt;
&lt;/table&gt;</desc>
    <sym>Flag, Blue</sym>
    <type>user</type>
  </wpt>
  <wpt lat="-18.42487500049174" lon="32.80518198385835">
    <ele>1683.7893325359328</ele>
    <time>2026-10-02T12:58:39.000Z</time>
    <name>The Epic 2025 001-122</name>
    <cmt>&lt;table&gt;
&lt;tr&gt;&lt;td&gt;Longitude: 32.805182 &lt;/td&gt;&lt;/tr&gt;
&lt;tr&gt;&lt;td&gt;Latitude: -18.424875 &lt;/td&gt;&lt;/tr&gt;
&lt;tr&gt;&lt;td&gt;Heading: 319.3 &lt;/td&gt;&lt;/tr&gt;
&lt;/table&gt;</cmt>
    <desc>&lt;table&gt;
&lt;tr&gt;&lt;td&gt;Longitude: 32.805182 &lt;/td&gt;&lt;/tr&gt;
&lt;tr&gt;&lt;td&gt;Latitude: -18.424875 &lt;/td&gt;&lt;/tr&gt;
&lt;tr&gt;&lt;td&gt;Heading: 319.3 &lt;/td&gt;&lt;/tr&gt;
&lt;/table&gt;</desc>
    <sym>Flag, Blue</sym>
    <type>user</type>
  </wpt>
  <wpt lat="-18.424216015264392" lon="32.80484695918858">
    <ele>1699.7170622892202</ele>
    <time>2026-10-02T12:58:39.000Z</time>
    <name>The Epic 2025 001-123</name>
    <cmt>&lt;table&gt;
&lt;tr&gt;&lt;td&gt;Longitude: 32.804847 &lt;/td&gt;&lt;/tr&gt;
&lt;tr&gt;&lt;td&gt;Latitude: -18.424216 &lt;/td&gt;&lt;/tr&gt;
&lt;tr&gt;&lt;td&gt;Heading: 334.3 &lt;/td&gt;&lt;/tr&gt;
&lt;/table&gt;</cmt>
    <desc>&lt;table&gt;
&lt;tr&gt;&lt;td&gt;Longitude: 32.804847 &lt;/td&gt;&lt;/tr&gt;
&lt;tr&gt;&lt;td&gt;Latitude: -18.424216 &lt;/td&gt;&lt;/tr&gt;
&lt;tr&gt;&lt;td&gt;Heading: 334.3 &lt;/td&gt;&lt;/tr&gt;
&lt;/table&gt;</desc>
    <sym>Flag, Blue</sym>
    <type>user</type>
  </wpt>
  <wpt lat="-18.423904040828347" lon="32.80471997335553">
    <ele>1707.276093001943</ele>
    <time>2026-10-02T12:58:39.000Z</time>
    <name>The Epic 2025 001-124</name>
    <cmt>&lt;table&gt;
&lt;tr&gt;&lt;td&gt;Longitude: 32.804720 &lt;/td&gt;&lt;/tr&gt;
&lt;tr&gt;&lt;td&gt;Latitude: -18.423904 &lt;/td&gt;&lt;/tr&gt;
&lt;tr&gt;&lt;td&gt;Heading: 338.9 &lt;/td&gt;&lt;/tr&gt;
&lt;/table&gt;</cmt>
    <desc>&lt;table&gt;
&lt;tr&gt;&lt;td&gt;Longitude: 32.804720 &lt;/td&gt;&lt;/tr&gt;
&lt;tr&gt;&lt;td&gt;Latitude: -18.423904 &lt;/td&gt;&lt;/tr&gt;
&lt;tr&gt;&lt;td&gt;Heading: 338.9 &lt;/td&gt;&lt;/tr&gt;
&lt;/table&gt;</desc>
    <sym>Flag, Blue</sym>
    <type>user</type>
  </wpt>
  <wpt lat="-18.423280008137226" lon="32.8046889603138">
    <ele>1714.742338590485</ele>
    <time>2026-10-02T12:58:39.000Z</time>
    <name>The Epic 2025 001-125</name>
    <cmt>&lt;table&gt;
&lt;tr&gt;&lt;td&gt;Longitude: 32.804689 &lt;/td&gt;&lt;/tr&gt;
&lt;tr&gt;&lt;td&gt;Latitude: -18.423280 &lt;/td&gt;&lt;/tr&gt;
&lt;tr&gt;&lt;td&gt;Heading: 357.4 &lt;/td&gt;&lt;/tr&gt;
&lt;/table&gt;</cmt>
    <desc>&lt;table&gt;
&lt;tr&gt;&lt;td&gt;Longitude: 32.804689 &lt;/td&gt;&lt;/tr&gt;
&lt;tr&gt;&lt;td&gt;Latitude: -18.423280 &lt;/td&gt;&lt;/tr&gt;
&lt;tr&gt;&lt;td&gt;Heading: 357.4 &lt;/td&gt;&lt;/tr&gt;
&lt;/table&gt;</desc>
    <sym>Flag, Blue</sym>
    <type>user</type>
  </wpt>
  <wpt lat="-18.422824032604694" lon="32.804578989744186">
    <ele>1718.0382329641116</ele>
    <time>2026-10-02T12:58:39.000Z</time>
    <name>The Epic 2025 001-126</name>
    <cmt>&lt;table&gt;
&lt;tr&gt;&lt;td&gt;Longitude: 32.804579 &lt;/td&gt;&lt;/tr&gt;
&lt;tr&gt;&lt;td&gt;Latitude: -18.422824 &lt;/td&gt;&lt;/tr&gt;
&lt;tr&gt;&lt;td&gt;Heading: 347.0 &lt;/td&gt;&lt;/tr&gt;
&lt;/table&gt;</cmt>
    <desc>&lt;table&gt;
&lt;tr&gt;&lt;td&gt;Longitude: 32.804579 &lt;/td&gt;&lt;/tr&gt;
&lt;tr&gt;&lt;td&gt;Latitude: -18.422824 &lt;/td&gt;&lt;/tr&gt;
&lt;tr&gt;&lt;td&gt;Heading: 347.0 &lt;/td&gt;&lt;/tr&gt;
&lt;/table&gt;</desc>
    <sym>Flag, Blue</sym>
    <type>user</type>
  </wpt>
  <wpt lat="-18.422274012118578" lon="32.804277995601296">
    <ele>1731.1973602054636</ele>
    <time>2026-10-02T12:58:39.000Z</time>
    <name>The Epic 2025 001-127</name>
    <cmt>&lt;table&gt;
&lt;tr&gt;&lt;td&gt;Longitude: 32.804278 &lt;/td&gt;&lt;/tr&gt;
&lt;tr&gt;&lt;td&gt;Latitude: -18.422274 &lt;/td&gt;&lt;/tr&gt;
&lt;tr&gt;&lt;td&gt;Heading: 332.6 &lt;/td&gt;&lt;/tr&gt;
&lt;/table&gt;</cmt>
    <desc>&lt;table&gt;
&lt;tr&gt;&lt;td&gt;Longitude: 32.804278 &lt;/td&gt;&lt;/tr&gt;
&lt;tr&gt;&lt;td&gt;Latitude: -18.422274 &lt;/td&gt;&lt;/tr&gt;
&lt;tr&gt;&lt;td&gt;Heading: 332.6 &lt;/td&gt;&lt;/tr&gt;
&lt;/table&gt;</desc>
    <sym>Flag, Blue</sym>
    <type>user</type>
  </wpt>
  <wpt lat="-18.421747041866183" lon="32.80402997508645">
    <ele>1742.2757130109574</ele>
    <time>2026-10-02T12:58:39.000Z</time>
    <name>The Epic 2025 001-128</name>
    <cmt>&lt;table&gt;
&lt;tr&gt;&lt;td&gt;Longitude: 32.804030 &lt;/td&gt;&lt;/tr&gt;
&lt;tr&gt;&lt;td&gt;Latitude: -18.421747 &lt;/td&gt;&lt;/tr&gt;
&lt;tr&gt;&lt;td&gt;Heading: 335.9 &lt;/td&gt;&lt;/tr&gt;
&lt;/table&gt;</cmt>
    <desc>&lt;table&gt;
&lt;tr&gt;&lt;td&gt;Longitude: 32.804030 &lt;/td&gt;&lt;/tr&gt;
&lt;tr&gt;&lt;td&gt;Latitude: -18.421747 &lt;/td&gt;&lt;/tr&gt;
&lt;tr&gt;&lt;td&gt;Heading: 335.9 &lt;/td&gt;&lt;/tr&gt;
&lt;/table&gt;</desc>
    <sym>Flag, Blue</sym>
    <type>user</type>
  </wpt>
  <wpt lat="-18.420959981158376" lon="32.80398203060031">
    <ele>1749.0392884183675</ele>
    <time>2026-10-02T12:58:39.000Z</time>
    <name>The Epic 2025 001-129</name>
    <cmt>&lt;table&gt;
&lt;tr&gt;&lt;td&gt;Longitude: 32.803982 &lt;/td&gt;&lt;/tr&gt;
&lt;tr&gt;&lt;td&gt;Latitude: -18.420960 &lt;/td&gt;&lt;/tr&gt;
&lt;tr&gt;&lt;td&gt;Heading: 356.7 &lt;/td&gt;&lt;/tr&gt;
&lt;/table&gt;</cmt>
    <desc>&lt;table&gt;
&lt;tr&gt;&lt;td&gt;Longitude: 32.803982 &lt;/td&gt;&lt;/tr&gt;
&lt;tr&gt;&lt;td&gt;Latitude: -18.420960 &lt;/td&gt;&lt;/tr&gt;
&lt;tr&gt;&lt;td&gt;Heading: 356.7 &lt;/td&gt;&lt;/tr&gt;
&lt;/table&gt;</desc>
    <sym>Flag, Blue</sym>
    <type>user</type>
  </wpt>
  <wpt lat="-18.457438023760915" lon="32.805481972172856">
    <ele>1799.9130654680357</ele>
    <time>2026-10-02T12:58:39.000Z</time>
    <name>The Epic 2025 001-13</name>
    <cmt>&lt;table&gt;
&lt;tr&gt;&lt;td&gt;Longitude: 32.805482 &lt;/td&gt;&lt;/tr&gt;
&lt;tr&gt;&lt;td&gt;Latitude: -18.457438 &lt;/td&gt;&lt;/tr&gt;
&lt;tr&gt;&lt;td&gt;Heading: 44.4 &lt;/td&gt;&lt;/tr&gt;
&lt;/table&gt;</cmt>
    <desc>&lt;table&gt;
&lt;tr&gt;&lt;td&gt;Longitude: 32.805482 &lt;/td&gt;&lt;/tr&gt;
&lt;tr&gt;&lt;td&gt;Latitude: -18.457438 &lt;/td&gt;&lt;/tr&gt;
&lt;tr&gt;&lt;td&gt;Heading: 44.4 &lt;/td&gt;&lt;/tr&gt;
&lt;/table&gt;</desc>
    <sym>Flag, Blue</sym>
    <type>user</type>
  </wpt>
  <wpt lat="-18.420438040047884" lon="32.804004997015">
    <ele>1757.9160581314936</ele>
    <time>2026-10-02T12:58:39.000Z</time>
    <name>The Epic 2025 001-130</name>
    <cmt>&lt;table&gt;
&lt;tr&gt;&lt;td&gt;Longitude: 32.804005 &lt;/td&gt;&lt;/tr&gt;
&lt;tr&gt;&lt;td&gt;Latitude: -18.420438 &lt;/td&gt;&lt;/tr&gt;
&lt;tr&gt;&lt;td&gt;Heading: 2.4 &lt;/td&gt;&lt;/tr&gt;
&lt;/table&gt;</cmt>
    <desc>&lt;table&gt;
&lt;tr&gt;&lt;td&gt;Longitude: 32.804005 &lt;/td&gt;&lt;/tr&gt;
&lt;tr&gt;&lt;td&gt;Latitude: -18.420438 &lt;/td&gt;&lt;/tr&gt;
&lt;tr&gt;&lt;td&gt;Heading: 2.4 &lt;/td&gt;&lt;/tr&gt;
&lt;/table&gt;</desc>
    <sym>Flag, Blue</sym>
    <type>user</type>
  </wpt>
  <wpt lat="-18.419931018725038" lon="32.80407498590648">
    <ele>1766.658065916553</ele>
    <time>2026-10-02T12:58:39.000Z</time>
    <name>The Epic 2025 001-131</name>
    <cmt>&lt;table&gt;
&lt;tr&gt;&lt;td&gt;Longitude: 32.804075 &lt;/td&gt;&lt;/tr&gt;
&lt;tr&gt;&lt;td&gt;Latitude: -18.419931 &lt;/td&gt;&lt;/tr&gt;
&lt;tr&gt;&lt;td&gt;Heading: 7.5 &lt;/td&gt;&lt;/tr&gt;
&lt;/table&gt;</cmt>
    <desc>&lt;table&gt;
&lt;tr&gt;&lt;td&gt;Longitude: 32.804075 &lt;/td&gt;&lt;/tr&gt;
&lt;tr&gt;&lt;td&gt;Latitude: -18.419931 &lt;/td&gt;&lt;/tr&gt;
&lt;tr&gt;&lt;td&gt;Heading: 7.5 &lt;/td&gt;&lt;/tr&gt;
&lt;/table&gt;</desc>
    <sym>Flag, Blue</sym>
    <type>user</type>
  </wpt>
  <wpt lat="-18.419002974405885" lon="32.804513024166226">
    <ele>1778.7652817673466</ele>
    <time>2026-10-02T12:58:39.000Z</time>
    <name>The Epic 2025 001-132</name>
    <cmt>&lt;table&gt;
&lt;tr&gt;&lt;td&gt;Longitude: 32.804513 &lt;/td&gt;&lt;/tr&gt;
&lt;tr&gt;&lt;td&gt;Latitude: -18.419003 &lt;/td&gt;&lt;/tr&gt;
&lt;tr&gt;&lt;td&gt;Heading: 24.1 &lt;/td&gt;&lt;/tr&gt;
&lt;/table&gt;</cmt>
    <desc>&lt;table&gt;
&lt;tr&gt;&lt;td&gt;Longitude: 32.804513 &lt;/td&gt;&lt;/tr&gt;
&lt;tr&gt;&lt;td&gt;Latitude: -18.419003 &lt;/td&gt;&lt;/tr&gt;
&lt;tr&gt;&lt;td&gt;Heading: 24.1 &lt;/td&gt;&lt;/tr&gt;
&lt;/table&gt;</desc>
    <sym>Flag, Blue</sym>
    <type>user</type>
  </wpt>
  <wpt lat="-18.418661998584867" lon="32.805068995803595">
    <ele>1776.1902921127084</ele>
    <time>2026-10-02T12:58:39.000Z</time>
    <name>The Epic 2025 001-133</name>
    <cmt>&lt;table&gt;
&lt;tr&gt;&lt;td&gt;Longitude: 32.805069 &lt;/td&gt;&lt;/tr&gt;
&lt;tr&gt;&lt;td&gt;Latitude: -18.418662 &lt;/td&gt;&lt;/tr&gt;
&lt;tr&gt;&lt;td&gt;Heading: 57.1 &lt;/td&gt;&lt;/tr&gt;
&lt;/table&gt;</cmt>
    <desc>&lt;table&gt;
&lt;tr&gt;&lt;td&gt;Longitude: 32.805069 &lt;/td&gt;&lt;/tr&gt;
&lt;tr&gt;&lt;td&gt;Latitude: -18.418662 &lt;/td&gt;&lt;/tr&gt;
&lt;tr&gt;&lt;td&gt;Heading: 57.1 &lt;/td&gt;&lt;/tr&gt;
&lt;/table&gt;</desc>
    <sym>Flag, Blue</sym>
    <type>user</type>
  </wpt>
  <wpt lat="-18.418376008048654" lon="32.8053190279752">
    <ele>1770.711416694119</ele>
    <time>2026-10-02T12:58:39.000Z</time>
    <name>The Epic 2025 001-134</name>
    <cmt>&lt;table&gt;
&lt;tr&gt;&lt;td&gt;Longitude: 32.805319 &lt;/td&gt;&lt;/tr&gt;
&lt;tr&gt;&lt;td&gt;Latitude: -18.418376 &lt;/td&gt;&lt;/tr&gt;
&lt;tr&gt;&lt;td&gt;Heading: 39.8 &lt;/td&gt;&lt;/tr&gt;
&lt;/table&gt;</cmt>
    <desc>&lt;table&gt;
&lt;tr&gt;&lt;td&gt;Longitude: 32.805319 &lt;/td&gt;&lt;/tr&gt;
&lt;tr&gt;&lt;td&gt;Latitude: -18.418376 &lt;/td&gt;&lt;/tr&gt;
&lt;tr&gt;&lt;td&gt;Heading: 39.8 &lt;/td&gt;&lt;/tr&gt;
&lt;/table&gt;</desc>
    <sym>Flag, Blue</sym>
    <type>user</type>
  </wpt>
  <wpt lat="-18.418138967826962" lon="32.80563997104764">
    <ele>1770.727437488678</ele>
    <time>2026-10-02T12:58:39.000Z</time>
    <name>The Epic 2025 001-135</name>
    <cmt>&lt;table&gt;
&lt;tr&gt;&lt;td&gt;Longitude: 32.805640 &lt;/td&gt;&lt;/tr&gt;
&lt;tr&gt;&lt;td&gt;Latitude: -18.418139 &lt;/td&gt;&lt;/tr&gt;
&lt;tr&gt;&lt;td&gt;Heading: 52.2 &lt;/td&gt;&lt;/tr&gt;
&lt;/table&gt;</cmt>
    <desc>&lt;table&gt;
&lt;tr&gt;&lt;td&gt;Longitude: 32.805640 &lt;/td&gt;&lt;/tr&gt;
&lt;tr&gt;&lt;td&gt;Latitude: -18.418139 &lt;/td&gt;&lt;/tr&gt;
&lt;tr&gt;&lt;td&gt;Heading: 52.2 &lt;/td&gt;&lt;/tr&gt;
&lt;/table&gt;</desc>
    <sym>Flag, Blue</sym>
    <type>user</type>
  </wpt>
  <wpt lat="-18.41744301840663" lon="32.80628303065896">
    <ele>1782.7212988205767</ele>
    <time>2026-10-02T12:58:39.000Z</time>
    <name>The Epic 2025 001-136</name>
    <cmt>&lt;table&gt;
&lt;tr&gt;&lt;td&gt;Longitude: 32.806283 &lt;/td&gt;&lt;/tr&gt;
&lt;tr&gt;&lt;td&gt;Latitude: -18.417443 &lt;/td&gt;&lt;/tr&gt;
&lt;tr&gt;&lt;td&gt;Heading: 41.2 &lt;/td&gt;&lt;/tr&gt;
&lt;/table&gt;</cmt>
    <desc>&lt;table&gt;
&lt;tr&gt;&lt;td&gt;Longitude: 32.806283 &lt;/td&gt;&lt;/tr&gt;
&lt;tr&gt;&lt;td&gt;Latitude: -18.417443 &lt;/td&gt;&lt;/tr&gt;
&lt;tr&gt;&lt;td&gt;Heading: 41.2 &lt;/td&gt;&lt;/tr&gt;
&lt;/table&gt;</desc>
    <sym>Flag, Blue</sym>
    <type>user</type>
  </wpt>
  <wpt lat="-18.417288037016988" lon="32.807155000045896">
    <ele>1773.6296789733608</ele>
    <time>2026-10-02T12:58:39.000Z</time>
    <name>The Epic 2025 001-137</name>
    <cmt>&lt;table&gt;
&lt;tr&gt;&lt;td&gt;Longitude: 32.807155 &lt;/td&gt;&lt;/tr&gt;
&lt;tr&gt;&lt;td&gt;Latitude: -18.417288 &lt;/td&gt;&lt;/tr&gt;
&lt;tr&gt;&lt;td&gt;Heading: 79.3 &lt;/td&gt;&lt;/tr&gt;
&lt;/table&gt;</cmt>
    <desc>&lt;table&gt;
&lt;tr&gt;&lt;td&gt;Longitude: 32.807155 &lt;/td&gt;&lt;/tr&gt;
&lt;tr&gt;&lt;td&gt;Latitude: -18.417288 &lt;/td&gt;&lt;/tr&gt;
&lt;tr&gt;&lt;td&gt;Heading: 79.3 &lt;/td&gt;&lt;/tr&gt;
&lt;/table&gt;</desc>
    <sym>Flag, Blue</sym>
    <type>user</type>
  </wpt>
  <wpt lat="-18.417159039527178" lon="32.807823959738016">
    <ele>1771.4039217646405</ele>
    <time>2026-10-02T12:58:39.000Z</time>
    <name>The Epic 2025 001-138</name>
    <cmt>&lt;table&gt;
&lt;tr&gt;&lt;td&gt;Longitude: 32.807824 &lt;/td&gt;&lt;/tr&gt;
&lt;tr&gt;&lt;td&gt;Latitude: -18.417159 &lt;/td&gt;&lt;/tr&gt;
&lt;tr&gt;&lt;td&gt;Heading: 78.5 &lt;/td&gt;&lt;/tr&gt;
&lt;/table&gt;</cmt>
    <desc>&lt;table&gt;
&lt;tr&gt;&lt;td&gt;Longitude: 32.807824 &lt;/td&gt;&lt;/tr&gt;
&lt;tr&gt;&lt;td&gt;Latitude: -18.417159 &lt;/td&gt;&lt;/tr&gt;
&lt;tr&gt;&lt;td&gt;Heading: 78.5 &lt;/td&gt;&lt;/tr&gt;
&lt;/table&gt;</desc>
    <sym>Flag, Blue</sym>
    <type>user</type>
  </wpt>
  <wpt lat="-18.416914958506823" lon="32.808183962479234">
    <ele>1772.993806247147</ele>
    <time>2026-10-02T12:58:39.000Z</time>
    <name>The Epic 2025 001-139</name>
    <cmt>&lt;table&gt;
&lt;tr&gt;&lt;td&gt;Longitude: 32.808184 &lt;/td&gt;&lt;/tr&gt;
&lt;tr&gt;&lt;td&gt;Latitude: -18.416915 &lt;/td&gt;&lt;/tr&gt;
&lt;tr&gt;&lt;td&gt;Heading: 54.6 &lt;/td&gt;&lt;/tr&gt;
&lt;/table&gt;</cmt>
    <desc>&lt;table&gt;
&lt;tr&gt;&lt;td&gt;Longitude: 32.808184 &lt;/td&gt;&lt;/tr&gt;
&lt;tr&gt;&lt;td&gt;Latitude: -18.416915 &lt;/td&gt;&lt;/tr&gt;
&lt;tr&gt;&lt;td&gt;Heading: 54.6 &lt;/td&gt;&lt;/tr&gt;
&lt;/table&gt;</desc>
    <sym>Flag, Blue</sym>
    <type>user</type>
  </wpt>
  <wpt lat="-18.456995962187648" lon="32.80591900460422">
    <ele>1786.8861586099165</ele>
    <time>2026-10-02T12:58:39.000Z</time>
    <name>The Epic 2025 001-14</name>
    <cmt>&lt;table&gt;
&lt;tr&gt;&lt;td&gt;Longitude: 32.805919 &lt;/td&gt;&lt;/tr&gt;
&lt;tr&gt;&lt;td&gt;Latitude: -18.456996 &lt;/td&gt;&lt;/tr&gt;
&lt;tr&gt;&lt;td&gt;Heading: 43.2 &lt;/td&gt;&lt;/tr&gt;
&lt;/table&gt;</cmt>
    <desc>&lt;table&gt;
&lt;tr&gt;&lt;td&gt;Longitude: 32.805919 &lt;/td&gt;&lt;/tr&gt;
&lt;tr&gt;&lt;td&gt;Latitude: -18.456996 &lt;/td&gt;&lt;/tr&gt;
&lt;tr&gt;&lt;td&gt;Heading: 43.2 &lt;/td&gt;&lt;/tr&gt;
&lt;/table&gt;</desc>
    <sym>Flag, Blue</sym>
    <type>user</type>
  </wpt>
  <wpt lat="-18.41656400822103" lon="32.80880103819072">
    <ele>1775.3574268324576</ele>
    <time>2026-10-02T12:58:39.000Z</time>
    <name>The Epic 2025 001-140</name>
    <cmt>&lt;table&gt;
&lt;tr&gt;&lt;td&gt;Longitude: 32.808801 &lt;/td&gt;&lt;/tr&gt;
&lt;tr&gt;&lt;td&gt;Latitude: -18.416564 &lt;/td&gt;&lt;/tr&gt;
&lt;tr&gt;&lt;td&gt;Heading: 59.0 &lt;/td&gt;&lt;/tr&gt;
&lt;/table&gt;</cmt>
    <desc>&lt;table&gt;
&lt;tr&gt;&lt;td&gt;Longitude: 32.808801 &lt;/td&gt;&lt;/tr&gt;
&lt;tr&gt;&lt;td&gt;Latitude: -18.416564 &lt;/td&gt;&lt;/tr&gt;
&lt;tr&gt;&lt;td&gt;Heading: 59.0 &lt;/td&gt;&lt;/tr&gt;
&lt;/table&gt;</desc>
    <sym>Flag, Blue</sym>
    <type>user</type>
  </wpt>
  <wpt lat="-18.416085988283157" lon="32.809279980137944">
    <ele>1775.2559318489511</ele>
    <time>2026-10-02T12:58:39.000Z</time>
    <name>The Epic 2025 001-141</name>
    <cmt>&lt;table&gt;
&lt;tr&gt;&lt;td&gt;Longitude: 32.809280 &lt;/td&gt;&lt;/tr&gt;
&lt;tr&gt;&lt;td&gt;Latitude: -18.416086 &lt;/td&gt;&lt;/tr&gt;
&lt;tr&gt;&lt;td&gt;Heading: 43.6 &lt;/td&gt;&lt;/tr&gt;
&lt;/table&gt;</cmt>
    <desc>&lt;table&gt;
&lt;tr&gt;&lt;td&gt;Longitude: 32.809280 &lt;/td&gt;&lt;/tr&gt;
&lt;tr&gt;&lt;td&gt;Latitude: -18.416086 &lt;/td&gt;&lt;/tr&gt;
&lt;tr&gt;&lt;td&gt;Heading: 43.6 &lt;/td&gt;&lt;/tr&gt;
&lt;/table&gt;</desc>
    <sym>Flag, Blue</sym>
    <type>user</type>
  </wpt>
  <wpt lat="-18.415758004412055" lon="32.8096760250628">
    <ele>1769.1020549698628</ele>
    <time>2026-10-02T12:58:39.000Z</time>
    <name>The Epic 2025 001-142</name>
    <cmt>&lt;table&gt;
&lt;tr&gt;&lt;td&gt;Longitude: 32.809676 &lt;/td&gt;&lt;/tr&gt;
&lt;tr&gt;&lt;td&gt;Latitude: -18.415758 &lt;/td&gt;&lt;/tr&gt;
&lt;tr&gt;&lt;td&gt;Heading: 48.9 &lt;/td&gt;&lt;/tr&gt;
&lt;/table&gt;</cmt>
    <desc>&lt;table&gt;
&lt;tr&gt;&lt;td&gt;Longitude: 32.809676 &lt;/td&gt;&lt;/tr&gt;
&lt;tr&gt;&lt;td&gt;Latitude: -18.415758 &lt;/td&gt;&lt;/tr&gt;
&lt;tr&gt;&lt;td&gt;Heading: 48.9 &lt;/td&gt;&lt;/tr&gt;
&lt;/table&gt;</desc>
    <sym>Flag, Blue</sym>
    <type>user</type>
  </wpt>
  <wpt lat="-18.415214018896222" lon="32.81040801666677">
    <ele>1762.839849570349</ele>
    <time>2026-10-02T12:58:39.000Z</time>
    <name>The Epic 2025 001-143</name>
    <cmt>&lt;table&gt;
&lt;tr&gt;&lt;td&gt;Longitude: 32.810408 &lt;/td&gt;&lt;/tr&gt;
&lt;tr&gt;&lt;td&gt;Latitude: -18.415214 &lt;/td&gt;&lt;/tr&gt;
&lt;tr&gt;&lt;td&gt;Heading: 51.9 &lt;/td&gt;&lt;/tr&gt;
&lt;/table&gt;</cmt>
    <desc>&lt;table&gt;
&lt;tr&gt;&lt;td&gt;Longitude: 32.810408 &lt;/td&gt;&lt;/tr&gt;
&lt;tr&gt;&lt;td&gt;Latitude: -18.415214 &lt;/td&gt;&lt;/tr&gt;
&lt;tr&gt;&lt;td&gt;Heading: 51.9 &lt;/td&gt;&lt;/tr&gt;
&lt;/table&gt;</desc>
    <sym>Flag, Blue</sym>
    <type>user</type>
  </wpt>
  <wpt lat="-18.41497203335166" lon="32.810977986082435">
    <ele>1751.344741879908</ele>
    <time>2026-10-02T12:58:39.000Z</time>
    <name>The Epic 2025 001-144</name>
    <cmt>&lt;table&gt;
&lt;tr&gt;&lt;td&gt;Longitude: 32.810978 &lt;/td&gt;&lt;/tr&gt;
&lt;tr&gt;&lt;td&gt;Latitude: -18.414972 &lt;/td&gt;&lt;/tr&gt;
&lt;tr&gt;&lt;td&gt;Heading: 65.9 &lt;/td&gt;&lt;/tr&gt;
&lt;/table&gt;</cmt>
    <desc>&lt;table&gt;
&lt;tr&gt;&lt;td&gt;Longitude: 32.810978 &lt;/td&gt;&lt;/tr&gt;
&lt;tr&gt;&lt;td&gt;Latitude: -18.414972 &lt;/td&gt;&lt;/tr&gt;
&lt;tr&gt;&lt;td&gt;Heading: 65.9 &lt;/td&gt;&lt;/tr&gt;
&lt;/table&gt;</desc>
    <sym>Flag, Blue</sym>
    <type>user</type>
  </wpt>
  <wpt lat="-18.414516979828477" lon="32.81152599491179">
    <ele>1741.7036028607083</ele>
    <time>2026-10-02T12:58:39.000Z</time>
    <name>The Epic 2025 001-145</name>
    <cmt>&lt;table&gt;
&lt;tr&gt;&lt;td&gt;Longitude: 32.811526 &lt;/td&gt;&lt;/tr&gt;
&lt;tr&gt;&lt;td&gt;Latitude: -18.414517 &lt;/td&gt;&lt;/tr&gt;
&lt;tr&gt;&lt;td&gt;Heading: 48.8 &lt;/td&gt;&lt;/tr&gt;
&lt;/table&gt;</cmt>
    <desc>&lt;table&gt;
&lt;tr&gt;&lt;td&gt;Longitude: 32.811526 &lt;/td&gt;&lt;/tr&gt;
&lt;tr&gt;&lt;td&gt;Latitude: -18.414517 &lt;/td&gt;&lt;/tr&gt;
&lt;tr&gt;&lt;td&gt;Heading: 48.8 &lt;/td&gt;&lt;/tr&gt;
&lt;/table&gt;</desc>
    <sym>Flag, Blue</sym>
    <type>user</type>
  </wpt>
  <wpt lat="-18.413911974057555" lon="32.81210702843964">
    <ele>1742.9603647432184</ele>
    <time>2026-10-02T12:58:39.000Z</time>
    <name>The Epic 2025 001-146</name>
    <cmt>&lt;table&gt;
&lt;tr&gt;&lt;td&gt;Longitude: 32.812107 &lt;/td&gt;&lt;/tr&gt;
&lt;tr&gt;&lt;td&gt;Latitude: -18.413912 &lt;/td&gt;&lt;/tr&gt;
&lt;tr&gt;&lt;td&gt;Heading: 42.4 &lt;/td&gt;&lt;/tr&gt;
&lt;/table&gt;</cmt>
    <desc>&lt;table&gt;
&lt;tr&gt;&lt;td&gt;Longitude: 32.812107 &lt;/td&gt;&lt;/tr&gt;
&lt;tr&gt;&lt;td&gt;Latitude: -18.413912 &lt;/td&gt;&lt;/tr&gt;
&lt;tr&gt;&lt;td&gt;Heading: 42.4 &lt;/td&gt;&lt;/tr&gt;
&lt;/table&gt;</desc>
    <sym>Flag, Blue</sym>
    <type>user</type>
  </wpt>
  <wpt lat="-18.413506960496306" lon="32.8125839587301">
    <ele>1748.6315370625352</ele>
    <time>2026-10-02T12:58:39.000Z</time>
    <name>The Epic 2025 001-147</name>
    <cmt>&lt;table&gt;
&lt;tr&gt;&lt;td&gt;Longitude: 32.812584 &lt;/td&gt;&lt;/tr&gt;
&lt;tr&gt;&lt;td&gt;Latitude: -18.413507 &lt;/td&gt;&lt;/tr&gt;
&lt;tr&gt;&lt;td&gt;Heading: 48.2 &lt;/td&gt;&lt;/tr&gt;
&lt;/table&gt;</cmt>
    <desc>&lt;table&gt;
&lt;tr&gt;&lt;td&gt;Longitude: 32.812584 &lt;/td&gt;&lt;/tr&gt;
&lt;tr&gt;&lt;td&gt;Latitude: -18.413507 &lt;/td&gt;&lt;/tr&gt;
&lt;tr&gt;&lt;td&gt;Heading: 48.2 &lt;/td&gt;&lt;/tr&gt;
&lt;/table&gt;</desc>
    <sym>Flag, Blue</sym>
    <type>user</type>
  </wpt>
  <wpt lat="-18.413220969960093" lon="32.813062984496355">
    <ele>1747.7324327586684</ele>
    <time>2026-10-02T12:58:39.000Z</time>
    <name>The Epic 2025 001-148</name>
    <cmt>&lt;table&gt;
&lt;tr&gt;&lt;td&gt;Longitude: 32.813063 &lt;/td&gt;&lt;/tr&gt;
&lt;tr&gt;&lt;td&gt;Latitude: -18.413221 &lt;/td&gt;&lt;/tr&gt;
&lt;tr&gt;&lt;td&gt;Heading: 57.8 &lt;/td&gt;&lt;/tr&gt;
&lt;/table&gt;</cmt>
    <desc>&lt;table&gt;
&lt;tr&gt;&lt;td&gt;Longitude: 32.813063 &lt;/td&gt;&lt;/tr&gt;
&lt;tr&gt;&lt;td&gt;Latitude: -18.413221 &lt;/td&gt;&lt;/tr&gt;
&lt;tr&gt;&lt;td&gt;Heading: 57.8 &lt;/td&gt;&lt;/tr&gt;
&lt;/table&gt;</desc>
    <sym>Flag, Blue</sym>
    <type>user</type>
  </wpt>
  <wpt lat="-18.41280497610569" lon="32.81341603025794">
    <ele>1742.784356991608</ele>
    <time>2026-10-02T12:58:39.000Z</time>
    <name>The Epic 2025 001-149</name>
    <cmt>&lt;table&gt;
&lt;tr&gt;&lt;td&gt;Longitude: 32.813416 &lt;/td&gt;&lt;/tr&gt;
&lt;tr&gt;&lt;td&gt;Latitude: -18.412805 &lt;/td&gt;&lt;/tr&gt;
&lt;tr&gt;&lt;td&gt;Heading: 38.9 &lt;/td&gt;&lt;/tr&gt;
&lt;/table&gt;</cmt>
    <desc>&lt;table&gt;
&lt;tr&gt;&lt;td&gt;Longitude: 32.813416 &lt;/td&gt;&lt;/tr&gt;
&lt;tr&gt;&lt;td&gt;Latitude: -18.412805 &lt;/td&gt;&lt;/tr&gt;
&lt;tr&gt;&lt;td&gt;Heading: 38.9 &lt;/td&gt;&lt;/tr&gt;
&lt;/table&gt;</desc>
    <sym>Flag, Blue</sym>
    <type>user</type>
  </wpt>
  <wpt lat="-18.45688900910318" lon="32.806296022608876">
    <ele>1777.4723850496325</ele>
    <time>2026-10-02T12:58:39.000Z</time>
    <name>The Epic 2025 001-15</name>
    <cmt>&lt;table&gt;
&lt;tr&gt;&lt;td&gt;Longitude: 32.806296 &lt;/td&gt;&lt;/tr&gt;
&lt;tr&gt;&lt;td&gt;Latitude: -18.456889 &lt;/td&gt;&lt;/tr&gt;
&lt;tr&gt;&lt;td&gt;Heading: 73.4 &lt;/td&gt;&lt;/tr&gt;
&lt;/table&gt;</cmt>
    <desc>&lt;table&gt;
&lt;tr&gt;&lt;td&gt;Longitude: 32.806296 &lt;/td&gt;&lt;/tr&gt;
&lt;tr&gt;&lt;td&gt;Latitude: -18.456889 &lt;/td&gt;&lt;/tr&gt;
&lt;tr&gt;&lt;td&gt;Heading: 73.4 &lt;/td&gt;&lt;/tr&gt;
&lt;/table&gt;</desc>
    <sym>Flag, Blue</sym>
    <type>user</type>
  </wpt>
  <wpt lat="-18.41226601973176" lon="32.81388801522553">
    <ele>1736.587144835874</ele>
    <time>2026-10-02T12:58:39.000Z</time>
    <name>The Epic 2025 001-150</name>
    <cmt>&lt;table&gt;
&lt;tr&gt;&lt;td&gt;Longitude: 32.813888 &lt;/td&gt;&lt;/tr&gt;
&lt;tr&gt;&lt;td&gt;Latitude: -18.412266 &lt;/td&gt;&lt;/tr&gt;
&lt;tr&gt;&lt;td&gt;Heading: 39.7 &lt;/td&gt;&lt;/tr&gt;
&lt;/table&gt;</cmt>
    <desc>&lt;table&gt;
&lt;tr&gt;&lt;td&gt;Longitude: 32.813888 &lt;/td&gt;&lt;/tr&gt;
&lt;tr&gt;&lt;td&gt;Latitude: -18.412266 &lt;/td&gt;&lt;/tr&gt;
&lt;tr&gt;&lt;td&gt;Heading: 39.7 &lt;/td&gt;&lt;/tr&gt;
&lt;/table&gt;</desc>
    <sym>Flag, Blue</sym>
    <type>user</type>
  </wpt>
  <wpt lat="-18.41158197261393" lon="32.814651019871235">
    <ele>1735.177005634061</ele>
    <time>2026-10-02T12:58:39.000Z</time>
    <name>The Epic 2025 001-151</name>
    <cmt>&lt;table&gt;
&lt;tr&gt;&lt;td&gt;Longitude: 32.814651 &lt;/td&gt;&lt;/tr&gt;
&lt;tr&gt;&lt;td&gt;Latitude: -18.411582 &lt;/td&gt;&lt;/tr&gt;
&lt;tr&gt;&lt;td&gt;Heading: 46.7 &lt;/td&gt;&lt;/tr&gt;
&lt;/table&gt;</cmt>
    <desc>&lt;table&gt;
&lt;tr&gt;&lt;td&gt;Longitude: 32.814651 &lt;/td&gt;&lt;/tr&gt;
&lt;tr&gt;&lt;td&gt;Latitude: -18.411582 &lt;/td&gt;&lt;/tr&gt;
&lt;tr&gt;&lt;td&gt;Heading: 46.7 &lt;/td&gt;&lt;/tr&gt;
&lt;/table&gt;</desc>
    <sym>Flag, Blue</sym>
    <type>user</type>
  </wpt>
  <wpt lat="-18.410777980461717" lon="32.81507397070527">
    <ele>1734.9076404282941</ele>
    <time>2026-10-02T12:58:39.000Z</time>
    <name>The Epic 2025 001-152</name>
    <cmt>&lt;table&gt;
&lt;tr&gt;&lt;td&gt;Longitude: 32.815074 &lt;/td&gt;&lt;/tr&gt;
&lt;tr&gt;&lt;td&gt;Latitude: -18.410778 &lt;/td&gt;&lt;/tr&gt;
&lt;tr&gt;&lt;td&gt;Heading: 26.5 &lt;/td&gt;&lt;/tr&gt;
&lt;/table&gt;</cmt>
    <desc>&lt;table&gt;
&lt;tr&gt;&lt;td&gt;Longitude: 32.815074 &lt;/td&gt;&lt;/tr&gt;
&lt;tr&gt;&lt;td&gt;Latitude: -18.410778 &lt;/td&gt;&lt;/tr&gt;
&lt;tr&gt;&lt;td&gt;Heading: 26.5 &lt;/td&gt;&lt;/tr&gt;
&lt;/table&gt;</desc>
    <sym>Flag, Blue</sym>
    <type>user</type>
  </wpt>
  <wpt lat="-18.410261990502477" lon="32.81534302979708">
    <ele>1735.5668112987037</ele>
    <time>2026-10-02T12:58:39.000Z</time>
    <name>The Epic 2025 001-153</name>
    <cmt>&lt;table&gt;
&lt;tr&gt;&lt;td&gt;Longitude: 32.815343 &lt;/td&gt;&lt;/tr&gt;
&lt;tr&gt;&lt;td&gt;Latitude: -18.410262 &lt;/td&gt;&lt;/tr&gt;
&lt;tr&gt;&lt;td&gt;Heading: 26.3 &lt;/td&gt;&lt;/tr&gt;
&lt;/table&gt;</cmt>
    <desc>&lt;table&gt;
&lt;tr&gt;&lt;td&gt;Longitude: 32.815343 &lt;/td&gt;&lt;/tr&gt;
&lt;tr&gt;&lt;td&gt;Latitude: -18.410262 &lt;/td&gt;&lt;/tr&gt;
&lt;tr&gt;&lt;td&gt;Heading: 26.3 &lt;/td&gt;&lt;/tr&gt;
&lt;/table&gt;</desc>
    <sym>Flag, Blue</sym>
    <type>user</type>
  </wpt>
  <wpt lat="-18.40953603386879" lon="32.81568601727486">
    <ele>1734.6170908138902</ele>
    <time>2026-10-02T12:58:39.000Z</time>
    <name>The Epic 2025 001-154</name>
    <cmt>&lt;table&gt;
&lt;tr&gt;&lt;td&gt;Longitude: 32.815686 &lt;/td&gt;&lt;/tr&gt;
&lt;tr&gt;&lt;td&gt;Latitude: -18.409536 &lt;/td&gt;&lt;/tr&gt;
&lt;tr&gt;&lt;td&gt;Heading: 24.2 &lt;/td&gt;&lt;/tr&gt;
&lt;/table&gt;</cmt>
    <desc>&lt;table&gt;
&lt;tr&gt;&lt;td&gt;Longitude: 32.815686 &lt;/td&gt;&lt;/tr&gt;
&lt;tr&gt;&lt;td&gt;Latitude: -18.409536 &lt;/td&gt;&lt;/tr&gt;
&lt;tr&gt;&lt;td&gt;Heading: 24.2 &lt;/td&gt;&lt;/tr&gt;
&lt;/table&gt;</desc>
    <sym>Flag, Blue</sym>
    <type>user</type>
  </wpt>
  <wpt lat="-18.408539006486535" lon="32.81595096923411">
    <ele>1730.0845283711674</ele>
    <time>2026-10-02T12:58:39.000Z</time>
    <name>The Epic 2025 001-155</name>
    <cmt>&lt;table&gt;
&lt;tr&gt;&lt;td&gt;Longitude: 32.815951 &lt;/td&gt;&lt;/tr&gt;
&lt;tr&gt;&lt;td&gt;Latitude: -18.408539 &lt;/td&gt;&lt;/tr&gt;
&lt;tr&gt;&lt;td&gt;Heading: 14.2 &lt;/td&gt;&lt;/tr&gt;
&lt;/table&gt;</cmt>
    <desc>&lt;table&gt;
&lt;tr&gt;&lt;td&gt;Longitude: 32.815951 &lt;/td&gt;&lt;/tr&gt;
&lt;tr&gt;&lt;td&gt;Latitude: -18.408539 &lt;/td&gt;&lt;/tr&gt;
&lt;tr&gt;&lt;td&gt;Heading: 14.2 &lt;/td&gt;&lt;/tr&gt;
&lt;/table&gt;</desc>
    <sym>Flag, Blue</sym>
    <type>user</type>
  </wpt>
  <wpt lat="-18.407806009054184" lon="32.81630803830922">
    <ele>1726.0167805956607</ele>
    <time>2026-10-02T12:58:39.000Z</time>
    <name>The Epic 2025 001-156</name>
    <cmt>&lt;table&gt;
&lt;tr&gt;&lt;td&gt;Longitude: 32.816308 &lt;/td&gt;&lt;/tr&gt;
&lt;tr&gt;&lt;td&gt;Latitude: -18.407806 &lt;/td&gt;&lt;/tr&gt;
&lt;tr&gt;&lt;td&gt;Heading: 24.8 &lt;/td&gt;&lt;/tr&gt;
&lt;/table&gt;</cmt>
    <desc>&lt;table&gt;
&lt;tr&gt;&lt;td&gt;Longitude: 32.816308 &lt;/td&gt;&lt;/tr&gt;
&lt;tr&gt;&lt;td&gt;Latitude: -18.407806 &lt;/td&gt;&lt;/tr&gt;
&lt;tr&gt;&lt;td&gt;Heading: 24.8 &lt;/td&gt;&lt;/tr&gt;
&lt;/table&gt;</desc>
    <sym>Flag, Blue</sym>
    <type>user</type>
  </wpt>
  <wpt lat="-18.407398983836174" lon="32.81679200939834">
    <ele>1725.525659136036</ele>
    <time>2026-10-02T12:58:39.000Z</time>
    <name>The Epic 2025 001-157</name>
    <cmt>&lt;table&gt;
&lt;tr&gt;&lt;td&gt;Longitude: 32.816792 &lt;/td&gt;&lt;/tr&gt;
&lt;tr&gt;&lt;td&gt;Latitude: -18.407399 &lt;/td&gt;&lt;/tr&gt;
&lt;tr&gt;&lt;td&gt;Heading: 48.4 &lt;/td&gt;&lt;/tr&gt;
&lt;/table&gt;</cmt>
    <desc>&lt;table&gt;
&lt;tr&gt;&lt;td&gt;Longitude: 32.816792 &lt;/td&gt;&lt;/tr&gt;
&lt;tr&gt;&lt;td&gt;Latitude: -18.407399 &lt;/td&gt;&lt;/tr&gt;
&lt;tr&gt;&lt;td&gt;Heading: 48.4 &lt;/td&gt;&lt;/tr&gt;
&lt;/table&gt;</desc>
    <sym>Flag, Blue</sym>
    <type>user</type>
  </wpt>
  <wpt lat="-18.406883999705315" lon="32.81733197160065">
    <ele>1730.7410058157043</ele>
    <time>2026-10-02T12:58:39.000Z</time>
    <name>The Epic 2025 001-158</name>
    <cmt>&lt;table&gt;
&lt;tr&gt;&lt;td&gt;Longitude: 32.817332 &lt;/td&gt;&lt;/tr&gt;
&lt;tr&gt;&lt;td&gt;Latitude: -18.406884 &lt;/td&gt;&lt;/tr&gt;
&lt;tr&gt;&lt;td&gt;Heading: 44.8 &lt;/td&gt;&lt;/tr&gt;
&lt;/table&gt;</cmt>
    <desc>&lt;table&gt;
&lt;tr&gt;&lt;td&gt;Longitude: 32.817332 &lt;/td&gt;&lt;/tr&gt;
&lt;tr&gt;&lt;td&gt;Latitude: -18.406884 &lt;/td&gt;&lt;/tr&gt;
&lt;tr&gt;&lt;td&gt;Heading: 44.8 &lt;/td&gt;&lt;/tr&gt;
&lt;/table&gt;</desc>
    <sym>Flag, Blue</sym>
    <type>user</type>
  </wpt>
  <wpt lat="-18.406642014160752" lon="32.817723993211985">
    <ele>1733.550822185142</ele>
    <time>2026-10-02T12:58:39.000Z</time>
    <name>The Epic 2025 001-159</name>
    <cmt>&lt;table&gt;
&lt;tr&gt;&lt;td&gt;Longitude: 32.817724 &lt;/td&gt;&lt;/tr&gt;
&lt;tr&gt;&lt;td&gt;Latitude: -18.406642 &lt;/td&gt;&lt;/tr&gt;
&lt;tr&gt;&lt;td&gt;Heading: 57.1 &lt;/td&gt;&lt;/tr&gt;
&lt;/table&gt;</cmt>
    <desc>&lt;table&gt;
&lt;tr&gt;&lt;td&gt;Longitude: 32.817724 &lt;/td&gt;&lt;/tr&gt;
&lt;tr&gt;&lt;td&gt;Latitude: -18.406642 &lt;/td&gt;&lt;/tr&gt;
&lt;tr&gt;&lt;td&gt;Heading: 57.1 &lt;/td&gt;&lt;/tr&gt;
&lt;/table&gt;</desc>
    <sym>Flag, Blue</sym>
    <type>user</type>
  </wpt>
  <wpt lat="-18.456966960802674" lon="32.80647195875645">
    <ele>1772.9737548158282</ele>
    <time>2026-10-02T12:58:39.000Z</time>
    <name>The Epic 2025 001-16</name>
    <cmt>&lt;table&gt;
&lt;tr&gt;&lt;td&gt;Longitude: 32.806472 &lt;/td&gt;&lt;/tr&gt;
&lt;tr&gt;&lt;td&gt;Latitude: -18.456967 &lt;/td&gt;&lt;/tr&gt;
&lt;tr&gt;&lt;td&gt;Heading: 114.9 &lt;/td&gt;&lt;/tr&gt;
&lt;/table&gt;</cmt>
    <desc>&lt;table&gt;
&lt;tr&gt;&lt;td&gt;Longitude: 32.806472 &lt;/td&gt;&lt;/tr&gt;
&lt;tr&gt;&lt;td&gt;Latitude: -18.456967 &lt;/td&gt;&lt;/tr&gt;
&lt;tr&gt;&lt;td&gt;Heading: 114.9 &lt;/td&gt;&lt;/tr&gt;
&lt;/table&gt;</desc>
    <sym>Flag, Blue</sym>
    <type>user</type>
  </wpt>
  <wpt lat="-18.40635702945292" lon="32.8181720059365">
    <ele>1734.9452960631977</ele>
    <time>2026-10-02T12:58:39.000Z</time>
    <name>The Epic 2025 001-160</name>
    <cmt>&lt;table&gt;
&lt;tr&gt;&lt;td&gt;Longitude: 32.818172 &lt;/td&gt;&lt;/tr&gt;
&lt;tr&gt;&lt;td&gt;Latitude: -18.406357 &lt;/td&gt;&lt;/tr&gt;
&lt;tr&gt;&lt;td&gt;Heading: 56.1 &lt;/td&gt;&lt;/tr&gt;
&lt;/table&gt;</cmt>
    <desc>&lt;table&gt;
&lt;tr&gt;&lt;td&gt;Longitude: 32.818172 &lt;/td&gt;&lt;/tr&gt;
&lt;tr&gt;&lt;td&gt;Latitude: -18.406357 &lt;/td&gt;&lt;/tr&gt;
&lt;tr&gt;&lt;td&gt;Heading: 56.1 &lt;/td&gt;&lt;/tr&gt;
&lt;/table&gt;</desc>
    <sym>Flag, Blue</sym>
    <type>user</type>
  </wpt>
  <wpt lat="-18.40614002197981" lon="32.81868296675384">
    <ele>1730.0544946822697</ele>
    <time>2026-10-02T12:58:39.000Z</time>
    <name>The Epic 2025 001-161</name>
    <cmt>&lt;table&gt;
&lt;tr&gt;&lt;td&gt;Longitude: 32.818683 &lt;/td&gt;&lt;/tr&gt;
&lt;tr&gt;&lt;td&gt;Latitude: -18.406140 &lt;/td&gt;&lt;/tr&gt;
&lt;tr&gt;&lt;td&gt;Heading: 65.9 &lt;/td&gt;&lt;/tr&gt;
&lt;/table&gt;</cmt>
    <desc>&lt;table&gt;
&lt;tr&gt;&lt;td&gt;Longitude: 32.818683 &lt;/td&gt;&lt;/tr&gt;
&lt;tr&gt;&lt;td&gt;Latitude: -18.406140 &lt;/td&gt;&lt;/tr&gt;
&lt;tr&gt;&lt;td&gt;Heading: 65.9 &lt;/td&gt;&lt;/tr&gt;
&lt;/table&gt;</desc>
    <sym>Flag, Blue</sym>
    <type>user</type>
  </wpt>
  <wpt lat="-18.40588303282857" lon="32.81908496282995">
    <ele>1720.441961989164</ele>
    <time>2026-10-02T12:58:39.000Z</time>
    <name>The Epic 2025 001-162</name>
    <cmt>&lt;table&gt;
&lt;tr&gt;&lt;td&gt;Longitude: 32.819085 &lt;/td&gt;&lt;/tr&gt;
&lt;tr&gt;&lt;td&gt;Latitude: -18.405883 &lt;/td&gt;&lt;/tr&gt;
&lt;tr&gt;&lt;td&gt;Heading: 56.0 &lt;/td&gt;&lt;/tr&gt;
&lt;/table&gt;</cmt>
    <desc>&lt;table&gt;
&lt;tr&gt;&lt;td&gt;Longitude: 32.819085 &lt;/td&gt;&lt;/tr&gt;
&lt;tr&gt;&lt;td&gt;Latitude: -18.405883 &lt;/td&gt;&lt;/tr&gt;
&lt;tr&gt;&lt;td&gt;Heading: 56.0 &lt;/td&gt;&lt;/tr&gt;
&lt;/table&gt;</desc>
    <sym>Flag, Blue</sym>
    <type>user</type>
  </wpt>
  <wpt lat="-18.405621014535427" lon="32.81960698775947">
    <ele>1706.8316528902724</ele>
    <time>2026-10-02T12:58:39.000Z</time>
    <name>The Epic 2025 001-163</name>
    <cmt>&lt;table&gt;
&lt;tr&gt;&lt;td&gt;Longitude: 32.819607 &lt;/td&gt;&lt;/tr&gt;
&lt;tr&gt;&lt;td&gt;Latitude: -18.405621 &lt;/td&gt;&lt;/tr&gt;
&lt;tr&gt;&lt;td&gt;Heading: 62.1 &lt;/td&gt;&lt;/tr&gt;
&lt;/table&gt;</cmt>
    <desc>&lt;table&gt;
&lt;tr&gt;&lt;td&gt;Longitude: 32.819607 &lt;/td&gt;&lt;/tr&gt;
&lt;tr&gt;&lt;td&gt;Latitude: -18.405621 &lt;/td&gt;&lt;/tr&gt;
&lt;tr&gt;&lt;td&gt;Heading: 62.1 &lt;/td&gt;&lt;/tr&gt;
&lt;/table&gt;</desc>
    <sym>Flag, Blue</sym>
    <type>user</type>
  </wpt>
  <wpt lat="-18.405424961820245" lon="32.82000898383558">
    <ele>1703.0607764972751</ele>
    <time>2026-10-02T12:58:39.000Z</time>
    <name>The Epic 2025 001-164</name>
    <cmt>&lt;table&gt;
&lt;tr&gt;&lt;td&gt;Longitude: 32.820009 &lt;/td&gt;&lt;/tr&gt;
&lt;tr&gt;&lt;td&gt;Latitude: -18.405425 &lt;/td&gt;&lt;/tr&gt;
&lt;tr&gt;&lt;td&gt;Heading: 62.9 &lt;/td&gt;&lt;/tr&gt;
&lt;/table&gt;</cmt>
    <desc>&lt;table&gt;
&lt;tr&gt;&lt;td&gt;Longitude: 32.820009 &lt;/td&gt;&lt;/tr&gt;
&lt;tr&gt;&lt;td&gt;Latitude: -18.405425 &lt;/td&gt;&lt;/tr&gt;
&lt;tr&gt;&lt;td&gt;Heading: 62.9 &lt;/td&gt;&lt;/tr&gt;
&lt;/table&gt;</desc>
    <sym>Flag, Blue</sym>
    <type>user</type>
  </wpt>
  <wpt lat="-18.405053978785872" lon="32.821056973189116">
    <ele>1695.571498268051</ele>
    <time>2026-10-02T12:58:39.000Z</time>
    <name>The Epic 2025 001-165</name>
    <cmt>&lt;table&gt;
&lt;tr&gt;&lt;td&gt;Longitude: 32.821057 &lt;/td&gt;&lt;/tr&gt;
&lt;tr&gt;&lt;td&gt;Latitude: -18.405054 &lt;/td&gt;&lt;/tr&gt;
&lt;tr&gt;&lt;td&gt;Heading: 69.6 &lt;/td&gt;&lt;/tr&gt;
&lt;/table&gt;</cmt>
    <desc>&lt;table&gt;
&lt;tr&gt;&lt;td&gt;Longitude: 32.821057 &lt;/td&gt;&lt;/tr&gt;
&lt;tr&gt;&lt;td&gt;Latitude: -18.405054 &lt;/td&gt;&lt;/tr&gt;
&lt;tr&gt;&lt;td&gt;Heading: 69.6 &lt;/td&gt;&lt;/tr&gt;
&lt;/table&gt;</desc>
    <sym>Flag, Blue</sym>
    <type>user</type>
  </wpt>
  <wpt lat="-18.40491802431643" lon="32.82166600227356">
    <ele>1691.5920116384514</ele>
    <time>2026-10-02T12:58:39.000Z</time>
    <name>The Epic 2025 001-166</name>
    <cmt>&lt;table&gt;
&lt;tr&gt;&lt;td&gt;Longitude: 32.821666 &lt;/td&gt;&lt;/tr&gt;
&lt;tr&gt;&lt;td&gt;Latitude: -18.404918 &lt;/td&gt;&lt;/tr&gt;
&lt;tr&gt;&lt;td&gt;Heading: 76.8 &lt;/td&gt;&lt;/tr&gt;
&lt;/table&gt;</cmt>
    <desc>&lt;table&gt;
&lt;tr&gt;&lt;td&gt;Longitude: 32.821666 &lt;/td&gt;&lt;/tr&gt;
&lt;tr&gt;&lt;td&gt;Latitude: -18.404918 &lt;/td&gt;&lt;/tr&gt;
&lt;tr&gt;&lt;td&gt;Heading: 76.8 &lt;/td&gt;&lt;/tr&gt;
&lt;/table&gt;</desc>
    <sym>Flag, Blue</sym>
    <type>user</type>
  </wpt>
  <wpt lat="-18.40502799488604" lon="32.82224996946752">
    <ele>1688.802701578326</ele>
    <time>2026-10-02T12:58:39.000Z</time>
    <name>The Epic 2025 001-167</name>
    <cmt>&lt;table&gt;
&lt;tr&gt;&lt;td&gt;Longitude: 32.822250 &lt;/td&gt;&lt;/tr&gt;
&lt;tr&gt;&lt;td&gt;Latitude: -18.405028 &lt;/td&gt;&lt;/tr&gt;
&lt;tr&gt;&lt;td&gt;Heading: 101.1 &lt;/td&gt;&lt;/tr&gt;
&lt;/table&gt;</cmt>
    <desc>&lt;table&gt;
&lt;tr&gt;&lt;td&gt;Longitude: 32.822250 &lt;/td&gt;&lt;/tr&gt;
&lt;tr&gt;&lt;td&gt;Latitude: -18.405028 &lt;/td&gt;&lt;/tr&gt;
&lt;tr&gt;&lt;td&gt;Heading: 101.1 &lt;/td&gt;&lt;/tr&gt;
&lt;/table&gt;</desc>
    <sym>Flag, Blue</sym>
    <type>user</type>
  </wpt>
  <wpt lat="-18.404977032914758" lon="32.82265800051391">
    <ele>1686.7707592356</ele>
    <time>2026-10-02T12:58:39.000Z</time>
    <name>The Epic 2025 001-168</name>
    <cmt>&lt;table&gt;
&lt;tr&gt;&lt;td&gt;Longitude: 32.822658 &lt;/td&gt;&lt;/tr&gt;
&lt;tr&gt;&lt;td&gt;Latitude: -18.404977 &lt;/td&gt;&lt;/tr&gt;
&lt;tr&gt;&lt;td&gt;Heading: 82.5 &lt;/td&gt;&lt;/tr&gt;
&lt;/table&gt;</cmt>
    <desc>&lt;table&gt;
&lt;tr&gt;&lt;td&gt;Longitude: 32.822658 &lt;/td&gt;&lt;/tr&gt;
&lt;tr&gt;&lt;td&gt;Latitude: -18.404977 &lt;/td&gt;&lt;/tr&gt;
&lt;tr&gt;&lt;td&gt;Heading: 82.5 &lt;/td&gt;&lt;/tr&gt;
&lt;/table&gt;</desc>
    <sym>Flag, Blue</sym>
    <type>user</type>
  </wpt>
  <wpt lat="-18.40504702180624" lon="32.82295798882842">
    <ele>1686.3816257665826</ele>
    <time>2026-10-02T12:58:39.000Z</time>
    <name>The Epic 2025 001-169</name>
    <cmt>&lt;table&gt;
&lt;tr&gt;&lt;td&gt;Longitude: 32.822958 &lt;/td&gt;&lt;/tr&gt;
&lt;tr&gt;&lt;td&gt;Latitude: -18.405047 &lt;/td&gt;&lt;/tr&gt;
&lt;tr&gt;&lt;td&gt;Heading: 103.8 &lt;/td&gt;&lt;/tr&gt;
&lt;/table&gt;</cmt>
    <desc>&lt;table&gt;
&lt;tr&gt;&lt;td&gt;Longitude: 32.822958 &lt;/td&gt;&lt;/tr&gt;
&lt;tr&gt;&lt;td&gt;Latitude: -18.405047 &lt;/td&gt;&lt;/tr&gt;
&lt;tr&gt;&lt;td&gt;Heading: 103.8 &lt;/td&gt;&lt;/tr&gt;
&lt;/table&gt;</desc>
    <sym>Flag, Blue</sym>
    <type>user</type>
  </wpt>
  <wpt lat="-18.457251023501158" lon="32.80682299286127">
    <ele>1761.0419406914991</ele>
    <time>2026-10-02T12:58:39.000Z</time>
    <name>The Epic 2025 001-17</name>
    <cmt>&lt;table&gt;
&lt;tr&gt;&lt;td&gt;Longitude: 32.806823 &lt;/td&gt;&lt;/tr&gt;
&lt;tr&gt;&lt;td&gt;Latitude: -18.457251 &lt;/td&gt;&lt;/tr&gt;
&lt;tr&gt;&lt;td&gt;Heading: 130.5 &lt;/td&gt;&lt;/tr&gt;
&lt;/table&gt;</cmt>
    <desc>&lt;table&gt;
&lt;tr&gt;&lt;td&gt;Longitude: 32.806823 &lt;/td&gt;&lt;/tr&gt;
&lt;tr&gt;&lt;td&gt;Latitude: -18.457251 &lt;/td&gt;&lt;/tr&gt;
&lt;tr&gt;&lt;td&gt;Heading: 130.5 &lt;/td&gt;&lt;/tr&gt;
&lt;/table&gt;</desc>
    <sym>Flag, Blue</sym>
    <type>user</type>
  </wpt>
  <wpt lat="-18.404901009052992" lon="32.823871029540896">
    <ele>1680.1559318981658</ele>
    <time>2026-10-02T12:58:39.000Z</time>
    <name>The Epic 2025 001-170</name>
    <cmt>&lt;table&gt;
&lt;tr&gt;&lt;td&gt;Longitude: 32.823871 &lt;/td&gt;&lt;/tr&gt;
&lt;tr&gt;&lt;td&gt;Latitude: -18.404901 &lt;/td&gt;&lt;/tr&gt;
&lt;tr&gt;&lt;td&gt;Heading: 80.4 &lt;/td&gt;&lt;/tr&gt;
&lt;/table&gt;</cmt>
    <desc>&lt;table&gt;
&lt;tr&gt;&lt;td&gt;Longitude: 32.823871 &lt;/td&gt;&lt;/tr&gt;
&lt;tr&gt;&lt;td&gt;Latitude: -18.404901 &lt;/td&gt;&lt;/tr&gt;
&lt;tr&gt;&lt;td&gt;Heading: 80.4 &lt;/td&gt;&lt;/tr&gt;
&lt;/table&gt;</desc>
    <sym>Flag, Blue</sym>
    <type>user</type>
  </wpt>
  <wpt lat="-18.404417959973216" lon="32.824364975094795">
    <ele>1675.2895211557625</ele>
    <time>2026-10-02T12:58:39.000Z</time>
    <name>The Epic 2025 001-171</name>
    <cmt>&lt;table&gt;
&lt;tr&gt;&lt;td&gt;Longitude: 32.824365 &lt;/td&gt;&lt;/tr&gt;
&lt;tr&gt;&lt;td&gt;Latitude: -18.404418 &lt;/td&gt;&lt;/tr&gt;
&lt;tr&gt;&lt;td&gt;Heading: 44.2 &lt;/td&gt;&lt;/tr&gt;
&lt;/table&gt;</cmt>
    <desc>&lt;table&gt;
&lt;tr&gt;&lt;td&gt;Longitude: 32.824365 &lt;/td&gt;&lt;/tr&gt;
&lt;tr&gt;&lt;td&gt;Latitude: -18.404418 &lt;/td&gt;&lt;/tr&gt;
&lt;tr&gt;&lt;td&gt;Heading: 44.2 &lt;/td&gt;&lt;/tr&gt;
&lt;/table&gt;</desc>
    <sym>Flag, Blue</sym>
    <type>user</type>
  </wpt>
  <wpt lat="-18.403598964214325" lon="32.82472497783601">
    <ele>1674.4797687986888</ele>
    <time>2026-10-02T12:58:39.000Z</time>
    <name>The Epic 2025 001-172</name>
    <cmt>&lt;table&gt;
&lt;tr&gt;&lt;td&gt;Longitude: 32.824725 &lt;/td&gt;&lt;/tr&gt;
&lt;tr&gt;&lt;td&gt;Latitude: -18.403599 &lt;/td&gt;&lt;/tr&gt;
&lt;tr&gt;&lt;td&gt;Heading: 22.6 &lt;/td&gt;&lt;/tr&gt;
&lt;/table&gt;</cmt>
    <desc>&lt;table&gt;
&lt;tr&gt;&lt;td&gt;Longitude: 32.824725 &lt;/td&gt;&lt;/tr&gt;
&lt;tr&gt;&lt;td&gt;Latitude: -18.403599 &lt;/td&gt;&lt;/tr&gt;
&lt;tr&gt;&lt;td&gt;Heading: 22.6 &lt;/td&gt;&lt;/tr&gt;
&lt;/table&gt;</desc>
    <sym>Flag, Blue</sym>
    <type>user</type>
  </wpt>
  <wpt lat="-18.4031340200454" lon="32.82508699223399">
    <ele>1677.234514434822</ele>
    <time>2026-10-02T12:58:39.000Z</time>
    <name>The Epic 2025 001-173</name>
    <cmt>&lt;table&gt;
&lt;tr&gt;&lt;td&gt;Longitude: 32.825087 &lt;/td&gt;&lt;/tr&gt;
&lt;tr&gt;&lt;td&gt;Latitude: -18.403134 &lt;/td&gt;&lt;/tr&gt;
&lt;tr&gt;&lt;td&gt;Heading: 36.5 &lt;/td&gt;&lt;/tr&gt;
&lt;/table&gt;</cmt>
    <desc>&lt;table&gt;
&lt;tr&gt;&lt;td&gt;Longitude: 32.825087 &lt;/td&gt;&lt;/tr&gt;
&lt;tr&gt;&lt;td&gt;Latitude: -18.403134 &lt;/td&gt;&lt;/tr&gt;
&lt;tr&gt;&lt;td&gt;Heading: 36.5 &lt;/td&gt;&lt;/tr&gt;
&lt;/table&gt;</desc>
    <sym>Flag, Blue</sym>
    <type>user</type>
  </wpt>
  <wpt lat="-18.403837010264397" lon="32.825159998610616">
    <ele>1683.6795982015983</ele>
    <time>2026-10-02T12:58:39.000Z</time>
    <name>The Epic 2025 001-174</name>
    <cmt>&lt;table&gt;
&lt;tr&gt;&lt;td&gt;Longitude: 32.825160 &lt;/td&gt;&lt;/tr&gt;
&lt;tr&gt;&lt;td&gt;Latitude: -18.403837 &lt;/td&gt;&lt;/tr&gt;
&lt;tr&gt;&lt;td&gt;Heading: 174.4 &lt;/td&gt;&lt;/tr&gt;
&lt;/table&gt;</cmt>
    <desc>&lt;table&gt;
&lt;tr&gt;&lt;td&gt;Longitude: 32.825160 &lt;/td&gt;&lt;/tr&gt;
&lt;tr&gt;&lt;td&gt;Latitude: -18.403837 &lt;/td&gt;&lt;/tr&gt;
&lt;tr&gt;&lt;td&gt;Heading: 174.4 &lt;/td&gt;&lt;/tr&gt;
&lt;/table&gt;</desc>
    <sym>Flag, Blue</sym>
    <type>user</type>
  </wpt>
  <wpt lat="-18.404715014621615" lon="32.82559200190008">
    <ele>1675.3266335616356</ele>
    <time>2026-10-02T12:58:39.000Z</time>
    <name>The Epic 2025 001-175</name>
    <cmt>&lt;table&gt;
&lt;tr&gt;&lt;td&gt;Longitude: 32.825592 &lt;/td&gt;&lt;/tr&gt;
&lt;tr&gt;&lt;td&gt;Latitude: -18.404715 &lt;/td&gt;&lt;/tr&gt;
&lt;tr&gt;&lt;td&gt;Heading: 155.0 &lt;/td&gt;&lt;/tr&gt;
&lt;/table&gt;</cmt>
    <desc>&lt;table&gt;
&lt;tr&gt;&lt;td&gt;Longitude: 32.825592 &lt;/td&gt;&lt;/tr&gt;
&lt;tr&gt;&lt;td&gt;Latitude: -18.404715 &lt;/td&gt;&lt;/tr&gt;
&lt;tr&gt;&lt;td&gt;Heading: 155.0 &lt;/td&gt;&lt;/tr&gt;
&lt;/table&gt;</desc>
    <sym>Flag, Blue</sym>
    <type>user</type>
  </wpt>
  <wpt lat="-18.405512971803546" lon="32.8259879630059">
    <ele>1663.249595390711</ele>
    <time>2026-10-02T12:58:39.000Z</time>
    <name>The Epic 2025 001-176</name>
    <cmt>&lt;table&gt;
&lt;tr&gt;&lt;td&gt;Longitude: 32.825988 &lt;/td&gt;&lt;/tr&gt;
&lt;tr&gt;&lt;td&gt;Latitude: -18.405513 &lt;/td&gt;&lt;/tr&gt;
&lt;tr&gt;&lt;td&gt;Heading: 154.8 &lt;/td&gt;&lt;/tr&gt;
&lt;/table&gt;</cmt>
    <desc>&lt;table&gt;
&lt;tr&gt;&lt;td&gt;Longitude: 32.825988 &lt;/td&gt;&lt;/tr&gt;
&lt;tr&gt;&lt;td&gt;Latitude: -18.405513 &lt;/td&gt;&lt;/tr&gt;
&lt;tr&gt;&lt;td&gt;Heading: 154.8 &lt;/td&gt;&lt;/tr&gt;
&lt;/table&gt;</desc>
    <sym>Flag, Blue</sym>
    <type>user</type>
  </wpt>
  <wpt lat="-18.40605402365327" lon="32.82626498490572">
    <ele>1654.3855733014643</ele>
    <time>2026-10-02T12:58:39.000Z</time>
    <name>The Epic 2025 001-177</name>
    <cmt>&lt;table&gt;
&lt;tr&gt;&lt;td&gt;Longitude: 32.826265 &lt;/td&gt;&lt;/tr&gt;
&lt;tr&gt;&lt;td&gt;Latitude: -18.406054 &lt;/td&gt;&lt;/tr&gt;
&lt;tr&gt;&lt;td&gt;Heading: 154.1 &lt;/td&gt;&lt;/tr&gt;
&lt;/table&gt;</cmt>
    <desc>&lt;table&gt;
&lt;tr&gt;&lt;td&gt;Longitude: 32.826265 &lt;/td&gt;&lt;/tr&gt;
&lt;tr&gt;&lt;td&gt;Latitude: -18.406054 &lt;/td&gt;&lt;/tr&gt;
&lt;tr&gt;&lt;td&gt;Heading: 154.1 &lt;/td&gt;&lt;/tr&gt;
&lt;/table&gt;</desc>
    <sym>Flag, Blue</sym>
    <type>user</type>
  </wpt>
  <wpt lat="-18.406418971717358" lon="32.826447961851954">
    <ele>1645.477013827685</ele>
    <time>2026-10-02T12:58:39.000Z</time>
    <name>The Epic 2025 001-178</name>
    <cmt>&lt;table&gt;
&lt;tr&gt;&lt;td&gt;Longitude: 32.826448 &lt;/td&gt;&lt;/tr&gt;
&lt;tr&gt;&lt;td&gt;Latitude: -18.406419 &lt;/td&gt;&lt;/tr&gt;
&lt;tr&gt;&lt;td&gt;Heading: 154.6 &lt;/td&gt;&lt;/tr&gt;
&lt;/table&gt;</cmt>
    <desc>&lt;table&gt;
&lt;tr&gt;&lt;td&gt;Longitude: 32.826448 &lt;/td&gt;&lt;/tr&gt;
&lt;tr&gt;&lt;td&gt;Latitude: -18.406419 &lt;/td&gt;&lt;/tr&gt;
&lt;tr&gt;&lt;td&gt;Heading: 154.6 &lt;/td&gt;&lt;/tr&gt;
&lt;/table&gt;</desc>
    <sym>Flag, Blue</sym>
    <type>user</type>
  </wpt>
  <wpt lat="-18.406671015545726" lon="32.82637797296047">
    <ele>1640.5027459290577</ele>
    <time>2026-10-02T12:58:39.000Z</time>
    <name>The Epic 2025 001-179</name>
    <cmt>&lt;table&gt;
&lt;tr&gt;&lt;td&gt;Longitude: 32.826378 &lt;/td&gt;&lt;/tr&gt;
&lt;tr&gt;&lt;td&gt;Latitude: -18.406671 &lt;/td&gt;&lt;/tr&gt;
&lt;tr&gt;&lt;td&gt;Heading: 194.6 &lt;/td&gt;&lt;/tr&gt;
&lt;/table&gt;</cmt>
    <desc>&lt;table&gt;
&lt;tr&gt;&lt;td&gt;Longitude: 32.826378 &lt;/td&gt;&lt;/tr&gt;
&lt;tr&gt;&lt;td&gt;Latitude: -18.406671 &lt;/td&gt;&lt;/tr&gt;
&lt;tr&gt;&lt;td&gt;Heading: 194.6 &lt;/td&gt;&lt;/tr&gt;
&lt;/table&gt;</desc>
    <sym>Flag, Blue</sym>
    <type>user</type>
  </wpt>
  <wpt lat="-18.457023035734892" lon="32.80727997422218">
    <ele>1751.5671787320607</ele>
    <time>2026-10-02T12:58:39.000Z</time>
    <name>The Epic 2025 001-18</name>
    <cmt>&lt;table&gt;
&lt;tr&gt;&lt;td&gt;Longitude: 32.807280 &lt;/td&gt;&lt;/tr&gt;
&lt;tr&gt;&lt;td&gt;Latitude: -18.457023 &lt;/td&gt;&lt;/tr&gt;
&lt;tr&gt;&lt;td&gt;Heading: 62.2 &lt;/td&gt;&lt;/tr&gt;
&lt;/table&gt;</cmt>
    <desc>&lt;table&gt;
&lt;tr&gt;&lt;td&gt;Longitude: 32.807280 &lt;/td&gt;&lt;/tr&gt;
&lt;tr&gt;&lt;td&gt;Latitude: -18.457023 &lt;/td&gt;&lt;/tr&gt;
&lt;tr&gt;&lt;td&gt;Heading: 62.2 &lt;/td&gt;&lt;/tr&gt;
&lt;/table&gt;</desc>
    <sym>Flag, Blue</sym>
    <type>user</type>
  </wpt>
  <wpt lat="-18.406935967504978" lon="32.82636900432408">
    <ele>1633.3916684946744</ele>
    <time>2026-10-02T12:58:39.000Z</time>
    <name>The Epic 2025 001-180</name>
    <cmt>&lt;table&gt;
&lt;tr&gt;&lt;td&gt;Longitude: 32.826369 &lt;/td&gt;&lt;/tr&gt;
&lt;tr&gt;&lt;td&gt;Latitude: -18.406936 &lt;/td&gt;&lt;/tr&gt;
&lt;tr&gt;&lt;td&gt;Heading: 182.0 &lt;/td&gt;&lt;/tr&gt;
&lt;/table&gt;</cmt>
    <desc>&lt;table&gt;
&lt;tr&gt;&lt;td&gt;Longitude: 32.826369 &lt;/td&gt;&lt;/tr&gt;
&lt;tr&gt;&lt;td&gt;Latitude: -18.406936 &lt;/td&gt;&lt;/tr&gt;
&lt;tr&gt;&lt;td&gt;Heading: 182.0 &lt;/td&gt;&lt;/tr&gt;
&lt;/table&gt;</desc>
    <sym>Flag, Blue</sym>
    <type>user</type>
  </wpt>
  <wpt lat="-18.407313991338015" lon="32.826449973508716">
    <ele>1623.5275061046345</ele>
    <time>2026-10-02T12:58:39.000Z</time>
    <name>The Epic 2025 001-181</name>
    <cmt>&lt;table&gt;
&lt;tr&gt;&lt;td&gt;Longitude: 32.826450 &lt;/td&gt;&lt;/tr&gt;
&lt;tr&gt;&lt;td&gt;Latitude: -18.407314 &lt;/td&gt;&lt;/tr&gt;
&lt;tr&gt;&lt;td&gt;Heading: 168.4 &lt;/td&gt;&lt;/tr&gt;
&lt;/table&gt;</cmt>
    <desc>&lt;table&gt;
&lt;tr&gt;&lt;td&gt;Longitude: 32.826450 &lt;/td&gt;&lt;/tr&gt;
&lt;tr&gt;&lt;td&gt;Latitude: -18.407314 &lt;/td&gt;&lt;/tr&gt;
&lt;tr&gt;&lt;td&gt;Heading: 168.4 &lt;/td&gt;&lt;/tr&gt;
&lt;/table&gt;</desc>
    <sym>Flag, Blue</sym>
    <type>user</type>
  </wpt>
  <wpt lat="-18.407825035974383" lon="32.82665700651705">
    <ele>1613.348636603448</ele>
    <time>2026-10-02T12:58:39.000Z</time>
    <name>The Epic 2025 001-182</name>
    <cmt>&lt;table&gt;
&lt;tr&gt;&lt;td&gt;Longitude: 32.826657 &lt;/td&gt;&lt;/tr&gt;
&lt;tr&gt;&lt;td&gt;Latitude: -18.407825 &lt;/td&gt;&lt;/tr&gt;
&lt;tr&gt;&lt;td&gt;Heading: 159.0 &lt;/td&gt;&lt;/tr&gt;
&lt;/table&gt;</cmt>
    <desc>&lt;table&gt;
&lt;tr&gt;&lt;td&gt;Longitude: 32.826657 &lt;/td&gt;&lt;/tr&gt;
&lt;tr&gt;&lt;td&gt;Latitude: -18.407825 &lt;/td&gt;&lt;/tr&gt;
&lt;tr&gt;&lt;td&gt;Heading: 159.0 &lt;/td&gt;&lt;/tr&gt;
&lt;/table&gt;</desc>
    <sym>Flag, Blue</sym>
    <type>user</type>
  </wpt>
  <wpt lat="-18.408193001523614" lon="32.8268669731915">
    <ele>1608.6322076080412</ele>
    <time>2026-10-02T12:58:39.000Z</time>
    <name>The Epic 2025 001-183</name>
    <cmt>&lt;table&gt;
&lt;tr&gt;&lt;td&gt;Longitude: 32.826867 &lt;/td&gt;&lt;/tr&gt;
&lt;tr&gt;&lt;td&gt;Latitude: -18.408193 &lt;/td&gt;&lt;/tr&gt;
&lt;tr&gt;&lt;td&gt;Heading: 151.5 &lt;/td&gt;&lt;/tr&gt;
&lt;/table&gt;</cmt>
    <desc>&lt;table&gt;
&lt;tr&gt;&lt;td&gt;Longitude: 32.826867 &lt;/td&gt;&lt;/tr&gt;
&lt;tr&gt;&lt;td&gt;Latitude: -18.408193 &lt;/td&gt;&lt;/tr&gt;
&lt;tr&gt;&lt;td&gt;Heading: 151.5 &lt;/td&gt;&lt;/tr&gt;
&lt;/table&gt;</desc>
    <sym>Flag, Blue</sym>
    <type>user</type>
  </wpt>
  <wpt lat="-18.408653000369668" lon="32.82707802951336">
    <ele>1605.0367042720773</ele>
    <time>2026-10-02T12:58:39.000Z</time>
    <name>The Epic 2025 001-184</name>
    <cmt>&lt;table&gt;
&lt;tr&gt;&lt;td&gt;Longitude: 32.827078 &lt;/td&gt;&lt;/tr&gt;
&lt;tr&gt;&lt;td&gt;Latitude: -18.408653 &lt;/td&gt;&lt;/tr&gt;
&lt;tr&gt;&lt;td&gt;Heading: 156.5 &lt;/td&gt;&lt;/tr&gt;
&lt;/table&gt;</cmt>
    <desc>&lt;table&gt;
&lt;tr&gt;&lt;td&gt;Longitude: 32.827078 &lt;/td&gt;&lt;/tr&gt;
&lt;tr&gt;&lt;td&gt;Latitude: -18.408653 &lt;/td&gt;&lt;/tr&gt;
&lt;tr&gt;&lt;td&gt;Heading: 156.5 &lt;/td&gt;&lt;/tr&gt;
&lt;/table&gt;</desc>
    <sym>Flag, Blue</sym>
    <type>user</type>
  </wpt>
  <wpt lat="-18.40934601612389" lon="32.82782795839012">
    <ele>1596.0782941909374</ele>
    <time>2026-10-02T12:58:39.000Z</time>
    <name>The Epic 2025 001-185</name>
    <cmt>&lt;table&gt;
&lt;tr&gt;&lt;td&gt;Longitude: 32.827828 &lt;/td&gt;&lt;/tr&gt;
&lt;tr&gt;&lt;td&gt;Latitude: -18.409346 &lt;/td&gt;&lt;/tr&gt;
&lt;tr&gt;&lt;td&gt;Heading: 134.2 &lt;/td&gt;&lt;/tr&gt;
&lt;/table&gt;</cmt>
    <desc>&lt;table&gt;
&lt;tr&gt;&lt;td&gt;Longitude: 32.827828 &lt;/td&gt;&lt;/tr&gt;
&lt;tr&gt;&lt;td&gt;Latitude: -18.409346 &lt;/td&gt;&lt;/tr&gt;
&lt;tr&gt;&lt;td&gt;Heading: 134.2 &lt;/td&gt;&lt;/tr&gt;
&lt;/table&gt;</desc>
    <sym>Flag, Blue</sym>
    <type>user</type>
  </wpt>
  <wpt lat="-18.409480964764953" lon="32.82804102636874">
    <ele>1599.674982898881</ele>
    <time>2026-10-02T12:58:39.000Z</time>
    <name>The Epic 2025 001-186</name>
    <cmt>&lt;table&gt;
&lt;tr&gt;&lt;td&gt;Longitude: 32.828041 &lt;/td&gt;&lt;/tr&gt;
&lt;tr&gt;&lt;td&gt;Latitude: -18.409481 &lt;/td&gt;&lt;/tr&gt;
&lt;tr&gt;&lt;td&gt;Heading: 123.9 &lt;/td&gt;&lt;/tr&gt;
&lt;/table&gt;</cmt>
    <desc>&lt;table&gt;
&lt;tr&gt;&lt;td&gt;Longitude: 32.828041 &lt;/td&gt;&lt;/tr&gt;
&lt;tr&gt;&lt;td&gt;Latitude: -18.409481 &lt;/td&gt;&lt;/tr&gt;
&lt;tr&gt;&lt;td&gt;Heading: 123.9 &lt;/td&gt;&lt;/tr&gt;
&lt;/table&gt;</desc>
    <sym>Flag, Blue</sym>
    <type>user</type>
  </wpt>
  <wpt lat="-18.409567968919873" lon="32.828274965286255">
    <ele>1604.6517099775374</ele>
    <time>2026-10-02T12:58:39.000Z</time>
    <name>The Epic 2025 001-187</name>
    <cmt>&lt;table&gt;
&lt;tr&gt;&lt;td&gt;Longitude: 32.828275 &lt;/td&gt;&lt;/tr&gt;
&lt;tr&gt;&lt;td&gt;Latitude: -18.409568 &lt;/td&gt;&lt;/tr&gt;
&lt;tr&gt;&lt;td&gt;Heading: 111.3 &lt;/td&gt;&lt;/tr&gt;
&lt;/table&gt;</cmt>
    <desc>&lt;table&gt;
&lt;tr&gt;&lt;td&gt;Longitude: 32.828275 &lt;/td&gt;&lt;/tr&gt;
&lt;tr&gt;&lt;td&gt;Latitude: -18.409568 &lt;/td&gt;&lt;/tr&gt;
&lt;tr&gt;&lt;td&gt;Heading: 111.3 &lt;/td&gt;&lt;/tr&gt;
&lt;/table&gt;</desc>
    <sym>Flag, Blue</sym>
    <type>user</type>
  </wpt>
  <wpt lat="-18.409327995032072" lon="32.82854997552931">
    <ele>1592.3910376299173</ele>
    <time>2026-10-02T12:58:39.000Z</time>
    <name>The Epic 2025 001-188</name>
    <cmt>&lt;table&gt;
&lt;tr&gt;&lt;td&gt;Longitude: 32.828550 &lt;/td&gt;&lt;/tr&gt;
&lt;tr&gt;&lt;td&gt;Latitude: -18.409328 &lt;/td&gt;&lt;/tr&gt;
&lt;tr&gt;&lt;td&gt;Heading: 47.4 &lt;/td&gt;&lt;/tr&gt;
&lt;/table&gt;</cmt>
    <desc>&lt;table&gt;
&lt;tr&gt;&lt;td&gt;Longitude: 32.828550 &lt;/td&gt;&lt;/tr&gt;
&lt;tr&gt;&lt;td&gt;Latitude: -18.409328 &lt;/td&gt;&lt;/tr&gt;
&lt;tr&gt;&lt;td&gt;Heading: 47.4 &lt;/td&gt;&lt;/tr&gt;
&lt;/table&gt;</desc>
    <sym>Flag, Blue</sym>
    <type>user</type>
  </wpt>
  <wpt lat="-18.409490017220378" lon="32.829152969643474">
    <ele>1588.0875452133873</ele>
    <time>2026-10-02T12:58:39.000Z</time>
    <name>The Epic 2025 001-189</name>
    <cmt>&lt;table&gt;
&lt;tr&gt;&lt;td&gt;Longitude: 32.829153 &lt;/td&gt;&lt;/tr&gt;
&lt;tr&gt;&lt;td&gt;Latitude: -18.409490 &lt;/td&gt;&lt;/tr&gt;
&lt;tr&gt;&lt;td&gt;Heading: 105.8 &lt;/td&gt;&lt;/tr&gt;
&lt;/table&gt;</cmt>
    <desc>&lt;table&gt;
&lt;tr&gt;&lt;td&gt;Longitude: 32.829153 &lt;/td&gt;&lt;/tr&gt;
&lt;tr&gt;&lt;td&gt;Latitude: -18.409490 &lt;/td&gt;&lt;/tr&gt;
&lt;tr&gt;&lt;td&gt;Heading: 105.8 &lt;/td&gt;&lt;/tr&gt;
&lt;/table&gt;</desc>
    <sym>Flag, Blue</sym>
    <type>user</type>
  </wpt>
  <wpt lat="-18.456814996898174" lon="32.807474015280604">
    <ele>1756.168742924588</ele>
    <time>2026-10-02T12:58:39.000Z</time>
    <name>The Epic 2025 001-19</name>
    <cmt>&lt;table&gt;
&lt;tr&gt;&lt;td&gt;Longitude: 32.807474 &lt;/td&gt;&lt;/tr&gt;
&lt;tr&gt;&lt;td&gt;Latitude: -18.456815 &lt;/td&gt;&lt;/tr&gt;
&lt;tr&gt;&lt;td&gt;Heading: 41.5 &lt;/td&gt;&lt;/tr&gt;
&lt;/table&gt;</cmt>
    <desc>&lt;table&gt;
&lt;tr&gt;&lt;td&gt;Longitude: 32.807474 &lt;/td&gt;&lt;/tr&gt;
&lt;tr&gt;&lt;td&gt;Latitude: -18.456815 &lt;/td&gt;&lt;/tr&gt;
&lt;tr&gt;&lt;td&gt;Heading: 41.5 &lt;/td&gt;&lt;/tr&gt;
&lt;/table&gt;</desc>
    <sym>Flag, Blue</sym>
    <type>user</type>
  </wpt>
  <wpt lat="-18.40882902033627" lon="32.83007497899234">
    <ele>1564.5610813273443</ele>
    <time>2026-10-02T12:58:39.000Z</time>
    <name>The Epic 2025 001-190</name>
    <cmt>&lt;table&gt;
&lt;tr&gt;&lt;td&gt;Longitude: 32.830075 &lt;/td&gt;&lt;/tr&gt;
&lt;tr&gt;&lt;td&gt;Latitude: -18.408829 &lt;/td&gt;&lt;/tr&gt;
&lt;tr&gt;&lt;td&gt;Heading: 52.9 &lt;/td&gt;&lt;/tr&gt;
&lt;/table&gt;</cmt>
    <desc>&lt;table&gt;
&lt;tr&gt;&lt;td&gt;Longitude: 32.830075 &lt;/td&gt;&lt;/tr&gt;
&lt;tr&gt;&lt;td&gt;Latitude: -18.408829 &lt;/td&gt;&lt;/tr&gt;
&lt;tr&gt;&lt;td&gt;Heading: 52.9 &lt;/td&gt;&lt;/tr&gt;
&lt;/table&gt;</desc>
    <sym>Flag, Blue</sym>
    <type>user</type>
  </wpt>
  <wpt lat="-18.40801597572863" lon="32.831106036901474">
    <ele>1539.5008996528577</ele>
    <time>2026-10-02T12:58:39.000Z</time>
    <name>The Epic 2025 001-191</name>
    <cmt>&lt;table&gt;
&lt;tr&gt;&lt;td&gt;Longitude: 32.831106 &lt;/td&gt;&lt;/tr&gt;
&lt;tr&gt;&lt;td&gt;Latitude: -18.408016 &lt;/td&gt;&lt;/tr&gt;
&lt;tr&gt;&lt;td&gt;Heading: 50.3 &lt;/td&gt;&lt;/tr&gt;
&lt;/table&gt;</cmt>
    <desc>&lt;table&gt;
&lt;tr&gt;&lt;td&gt;Longitude: 32.831106 &lt;/td&gt;&lt;/tr&gt;
&lt;tr&gt;&lt;td&gt;Latitude: -18.408016 &lt;/td&gt;&lt;/tr&gt;
&lt;tr&gt;&lt;td&gt;Heading: 50.3 &lt;/td&gt;&lt;/tr&gt;
&lt;/table&gt;</desc>
    <sym>Flag, Blue</sym>
    <type>user</type>
  </wpt>
  <wpt lat="-18.407565029338002" lon="32.83111601136625">
    <ele>1533.0955064532532</ele>
    <time>2026-10-02T12:58:39.000Z</time>
    <name>The Epic 2025 001-192</name>
    <cmt>&lt;table&gt;
&lt;tr&gt;&lt;td&gt;Longitude: 32.831116 &lt;/td&gt;&lt;/tr&gt;
&lt;tr&gt;&lt;td&gt;Latitude: -18.407565 &lt;/td&gt;&lt;/tr&gt;
&lt;tr&gt;&lt;td&gt;Heading: 1.2 &lt;/td&gt;&lt;/tr&gt;
&lt;/table&gt;</cmt>
    <desc>&lt;table&gt;
&lt;tr&gt;&lt;td&gt;Longitude: 32.831116 &lt;/td&gt;&lt;/tr&gt;
&lt;tr&gt;&lt;td&gt;Latitude: -18.407565 &lt;/td&gt;&lt;/tr&gt;
&lt;tr&gt;&lt;td&gt;Heading: 1.2 &lt;/td&gt;&lt;/tr&gt;
&lt;/table&gt;</desc>
    <sym>Flag, Blue</sym>
    <type>user</type>
  </wpt>
  <wpt lat="-18.407249031588435" lon="32.83056599088013">
    <ele>1525.4537816051734</ele>
    <time>2026-10-02T12:58:39.000Z</time>
    <name>The Epic 2025 001-193</name>
    <cmt>&lt;table&gt;
&lt;tr&gt;&lt;td&gt;Longitude: 32.830566 &lt;/td&gt;&lt;/tr&gt;
&lt;tr&gt;&lt;td&gt;Latitude: -18.407249 &lt;/td&gt;&lt;/tr&gt;
&lt;tr&gt;&lt;td&gt;Heading: 301.2 &lt;/td&gt;&lt;/tr&gt;
&lt;/table&gt;</cmt>
    <desc>&lt;table&gt;
&lt;tr&gt;&lt;td&gt;Longitude: 32.830566 &lt;/td&gt;&lt;/tr&gt;
&lt;tr&gt;&lt;td&gt;Latitude: -18.407249 &lt;/td&gt;&lt;/tr&gt;
&lt;tr&gt;&lt;td&gt;Heading: 301.2 &lt;/td&gt;&lt;/tr&gt;
&lt;/table&gt;</desc>
    <sym>Flag, Blue</sym>
    <type>user</type>
  </wpt>
  <wpt lat="-18.406971003860235" lon="32.83058803528547">
    <ele>1517.5734677359098</ele>
    <time>2026-10-02T12:58:39.000Z</time>
    <name>The Epic 2025 001-194</name>
    <cmt>&lt;table&gt;
&lt;tr&gt;&lt;td&gt;Longitude: 32.830588 &lt;/td&gt;&lt;/tr&gt;
&lt;tr&gt;&lt;td&gt;Latitude: -18.406971 &lt;/td&gt;&lt;/tr&gt;
&lt;tr&gt;&lt;td&gt;Heading: 4.3 &lt;/td&gt;&lt;/tr&gt;
&lt;/table&gt;</cmt>
    <desc>&lt;table&gt;
&lt;tr&gt;&lt;td&gt;Longitude: 32.830588 &lt;/td&gt;&lt;/tr&gt;
&lt;tr&gt;&lt;td&gt;Latitude: -18.406971 &lt;/td&gt;&lt;/tr&gt;
&lt;tr&gt;&lt;td&gt;Heading: 4.3 &lt;/td&gt;&lt;/tr&gt;
&lt;/table&gt;</desc>
    <sym>Flag, Blue</sym>
    <type>user</type>
  </wpt>
  <wpt lat="-18.406719965860248" lon="32.83097603358328">
    <ele>1501.4957300882513</ele>
    <time>2026-10-02T12:58:39.000Z</time>
    <name>The Epic 2025 001-195</name>
    <cmt>&lt;table&gt;
&lt;tr&gt;&lt;td&gt;Longitude: 32.830976 &lt;/td&gt;&lt;/tr&gt;
&lt;tr&gt;&lt;td&gt;Latitude: -18.406720 &lt;/td&gt;&lt;/tr&gt;
&lt;tr&gt;&lt;td&gt;Heading: 55.7 &lt;/td&gt;&lt;/tr&gt;
&lt;/table&gt;</cmt>
    <desc>&lt;table&gt;
&lt;tr&gt;&lt;td&gt;Longitude: 32.830976 &lt;/td&gt;&lt;/tr&gt;
&lt;tr&gt;&lt;td&gt;Latitude: -18.406720 &lt;/td&gt;&lt;/tr&gt;
&lt;tr&gt;&lt;td&gt;Heading: 55.7 &lt;/td&gt;&lt;/tr&gt;
&lt;/table&gt;</desc>
    <sym>Flag, Blue</sym>
    <type>user</type>
  </wpt>
  <wpt lat="-18.40665902942419" lon="32.83193802461028">
    <ele>1463.7903691455265</ele>
    <time>2026-10-02T12:58:39.000Z</time>
    <name>The Epic 2025 001-196</name>
    <cmt>&lt;table&gt;
&lt;tr&gt;&lt;td&gt;Longitude: 32.831938 &lt;/td&gt;&lt;/tr&gt;
&lt;tr&gt;&lt;td&gt;Latitude: -18.406659 &lt;/td&gt;&lt;/tr&gt;
&lt;tr&gt;&lt;td&gt;Heading: 86.1 &lt;/td&gt;&lt;/tr&gt;
&lt;/table&gt;</cmt>
    <desc>&lt;table&gt;
&lt;tr&gt;&lt;td&gt;Longitude: 32.831938 &lt;/td&gt;&lt;/tr&gt;
&lt;tr&gt;&lt;td&gt;Latitude: -18.406659 &lt;/td&gt;&lt;/tr&gt;
&lt;tr&gt;&lt;td&gt;Heading: 86.1 &lt;/td&gt;&lt;/tr&gt;
&lt;/table&gt;</desc>
    <sym>Flag, Blue</sym>
    <type>user</type>
  </wpt>
  <wpt lat="-18.405868029221892" lon="32.83202603459358">
    <ele>1442.5029131917254</ele>
    <time>2026-10-02T12:58:39.000Z</time>
    <name>The Epic 2025 001-197</name>
    <cmt>&lt;table&gt;
&lt;tr&gt;&lt;td&gt;Longitude: 32.832026 &lt;/td&gt;&lt;/tr&gt;
&lt;tr&gt;&lt;td&gt;Latitude: -18.405868 &lt;/td&gt;&lt;/tr&gt;
&lt;tr&gt;&lt;td&gt;Heading: 6.0 &lt;/td&gt;&lt;/tr&gt;
&lt;/table&gt;</cmt>
    <desc>&lt;table&gt;
&lt;tr&gt;&lt;td&gt;Longitude: 32.832026 &lt;/td&gt;&lt;/tr&gt;
&lt;tr&gt;&lt;td&gt;Latitude: -18.405868 &lt;/td&gt;&lt;/tr&gt;
&lt;tr&gt;&lt;td&gt;Heading: 6.0 &lt;/td&gt;&lt;/tr&gt;
&lt;/table&gt;</desc>
    <sym>Flag, Blue</sym>
    <type>user</type>
  </wpt>
  <wpt lat="-18.40321800671518" lon="32.83279096707702">
    <ele>1360.2360556379801</ele>
    <time>2026-10-02T12:58:39.000Z</time>
    <name>The Epic 2025 001-198</name>
    <cmt>&lt;table&gt;
&lt;tr&gt;&lt;td&gt;Longitude: 32.832791 &lt;/td&gt;&lt;/tr&gt;
&lt;tr&gt;&lt;td&gt;Latitude: -18.403218 &lt;/td&gt;&lt;/tr&gt;
&lt;tr&gt;&lt;td&gt;Heading: 15.3 &lt;/td&gt;&lt;/tr&gt;
&lt;/table&gt;</cmt>
    <desc>&lt;table&gt;
&lt;tr&gt;&lt;td&gt;Longitude: 32.832791 &lt;/td&gt;&lt;/tr&gt;
&lt;tr&gt;&lt;td&gt;Latitude: -18.403218 &lt;/td&gt;&lt;/tr&gt;
&lt;tr&gt;&lt;td&gt;Heading: 15.3 &lt;/td&gt;&lt;/tr&gt;
&lt;/table&gt;</desc>
    <sym>Flag, Blue</sym>
    <type>user</type>
  </wpt>
  <wpt lat="-18.402829002588987" lon="32.83260396681726">
    <ele>1343.6292187157092</ele>
    <time>2026-10-02T12:58:39.000Z</time>
    <name>The Epic 2025 001-199</name>
    <cmt>&lt;table&gt;
&lt;tr&gt;&lt;td&gt;Longitude: 32.832604 &lt;/td&gt;&lt;/tr&gt;
&lt;tr&gt;&lt;td&gt;Latitude: -18.402829 &lt;/td&gt;&lt;/tr&gt;
&lt;tr&gt;&lt;td&gt;Heading: 335.6 &lt;/td&gt;&lt;/tr&gt;
&lt;/table&gt;</cmt>
    <desc>&lt;table&gt;
&lt;tr&gt;&lt;td&gt;Longitude: 32.832604 &lt;/td&gt;&lt;/tr&gt;
&lt;tr&gt;&lt;td&gt;Latitude: -18.402829 &lt;/td&gt;&lt;/tr&gt;
&lt;tr&gt;&lt;td&gt;Heading: 335.6 &lt;/td&gt;&lt;/tr&gt;
&lt;/table&gt;</desc>
    <sym>Flag, Blue</sym>
    <type>user</type>
  </wpt>
  <wpt lat="-18.459616983309388" lon="32.80237798579037">
    <ele>1819.3421249444225</ele>
    <time>2026-10-02T12:58:39.000Z</time>
    <name>The Epic 2025 001-2</name>
    <cmt>&lt;table&gt;
&lt;tr&gt;&lt;td&gt;Longitude: 32.802378 &lt;/td&gt;&lt;/tr&gt;
&lt;tr&gt;&lt;td&gt;Latitude: -18.459617 &lt;/td&gt;&lt;/tr&gt;
&lt;tr&gt;&lt;td&gt;Heading: 121.5 &lt;/td&gt;&lt;/tr&gt;
&lt;/table&gt;</cmt>
    <desc>&lt;table&gt;
&lt;tr&gt;&lt;td&gt;Longitude: 32.802378 &lt;/td&gt;&lt;/tr&gt;
&lt;tr&gt;&lt;td&gt;Latitude: -18.459617 &lt;/td&gt;&lt;/tr&gt;
&lt;tr&gt;&lt;td&gt;Heading: 121.5 &lt;/td&gt;&lt;/tr&gt;
&lt;/table&gt;</desc>
    <sym>Flag, Blue</sym>
    <type>user</type>
  </wpt>
  <wpt lat="-18.45637897029519" lon="32.80761600472033">
    <ele>1768.5266458054539</ele>
    <time>2026-10-02T12:58:39.000Z</time>
    <name>The Epic 2025 001-20</name>
    <cmt>&lt;table&gt;
&lt;tr&gt;&lt;td&gt;Longitude: 32.807616 &lt;/td&gt;&lt;/tr&gt;
&lt;tr&gt;&lt;td&gt;Latitude: -18.456379 &lt;/td&gt;&lt;/tr&gt;
&lt;tr&gt;&lt;td&gt;Heading: 17.1 &lt;/td&gt;&lt;/tr&gt;
&lt;/table&gt;</cmt>
    <desc>&lt;table&gt;
&lt;tr&gt;&lt;td&gt;Longitude: 32.807616 &lt;/td&gt;&lt;/tr&gt;
&lt;tr&gt;&lt;td&gt;Latitude: -18.456379 &lt;/td&gt;&lt;/tr&gt;
&lt;tr&gt;&lt;td&gt;Heading: 17.1 &lt;/td&gt;&lt;/tr&gt;
&lt;/table&gt;</desc>
    <sym>Flag, Blue</sym>
    <type>user</type>
  </wpt>
  <wpt lat="-18.402421977370977" lon="32.832402968779206">
    <ele>1325.2898460416645</ele>
    <time>2026-10-02T12:58:39.000Z</time>
    <name>The Epic 2025 001-200</name>
    <cmt>&lt;table&gt;
&lt;tr&gt;&lt;td&gt;Longitude: 32.832403 &lt;/td&gt;&lt;/tr&gt;
&lt;tr&gt;&lt;td&gt;Latitude: -18.402422 &lt;/td&gt;&lt;/tr&gt;
&lt;tr&gt;&lt;td&gt;Heading: 334.8 &lt;/td&gt;&lt;/tr&gt;
&lt;/table&gt;</cmt>
    <desc>&lt;table&gt;
&lt;tr&gt;&lt;td&gt;Longitude: 32.832403 &lt;/td&gt;&lt;/tr&gt;
&lt;tr&gt;&lt;td&gt;Latitude: -18.402422 &lt;/td&gt;&lt;/tr&gt;
&lt;tr&gt;&lt;td&gt;Heading: 334.8 &lt;/td&gt;&lt;/tr&gt;
&lt;/table&gt;</desc>
    <sym>Flag, Blue</sym>
    <type>user</type>
  </wpt>
  <wpt lat="-18.402087036520243" lon="32.832872020080686">
    <ele>1293.3189233445999</ele>
    <time>2026-10-02T12:58:39.000Z</time>
    <name>The Epic 2025 001-201</name>
    <cmt>&lt;table&gt;
&lt;tr&gt;&lt;td&gt;Longitude: 32.832872 &lt;/td&gt;&lt;/tr&gt;
&lt;tr&gt;&lt;td&gt;Latitude: -18.402087 &lt;/td&gt;&lt;/tr&gt;
&lt;tr&gt;&lt;td&gt;Heading: 53.0 &lt;/td&gt;&lt;/tr&gt;
&lt;/table&gt;</cmt>
    <desc>&lt;table&gt;
&lt;tr&gt;&lt;td&gt;Longitude: 32.832872 &lt;/td&gt;&lt;/tr&gt;
&lt;tr&gt;&lt;td&gt;Latitude: -18.402087 &lt;/td&gt;&lt;/tr&gt;
&lt;tr&gt;&lt;td&gt;Heading: 53.0 &lt;/td&gt;&lt;/tr&gt;
&lt;/table&gt;</desc>
    <sym>Flag, Blue</sym>
    <type>user</type>
  </wpt>
  <wpt lat="-18.40173801407218" lon="32.833280973136425">
    <ele>1257.787347732839</ele>
    <time>2026-10-02T12:58:39.000Z</time>
    <name>The Epic 2025 001-202</name>
    <cmt>&lt;table&gt;
&lt;tr&gt;&lt;td&gt;Longitude: 32.833281 &lt;/td&gt;&lt;/tr&gt;
&lt;tr&gt;&lt;td&gt;Latitude: -18.401738 &lt;/td&gt;&lt;/tr&gt;
&lt;tr&gt;&lt;td&gt;Heading: 48.1 &lt;/td&gt;&lt;/tr&gt;
&lt;/table&gt;</cmt>
    <desc>&lt;table&gt;
&lt;tr&gt;&lt;td&gt;Longitude: 32.833281 &lt;/td&gt;&lt;/tr&gt;
&lt;tr&gt;&lt;td&gt;Latitude: -18.401738 &lt;/td&gt;&lt;/tr&gt;
&lt;tr&gt;&lt;td&gt;Heading: 48.1 &lt;/td&gt;&lt;/tr&gt;
&lt;/table&gt;</desc>
    <sym>Flag, Blue</sym>
    <type>user</type>
  </wpt>
  <wpt lat="-18.401645980775356" lon="32.83364198170602">
    <ele>1239.3389003816992</ele>
    <time>2026-10-02T12:58:39.000Z</time>
    <name>The Epic 2025 001-203</name>
    <cmt>&lt;table&gt;
&lt;tr&gt;&lt;td&gt;Longitude: 32.833642 &lt;/td&gt;&lt;/tr&gt;
&lt;tr&gt;&lt;td&gt;Latitude: -18.401646 &lt;/td&gt;&lt;/tr&gt;
&lt;tr&gt;&lt;td&gt;Heading: 74.9 &lt;/td&gt;&lt;/tr&gt;
&lt;/table&gt;</cmt>
    <desc>&lt;table&gt;
&lt;tr&gt;&lt;td&gt;Longitude: 32.833642 &lt;/td&gt;&lt;/tr&gt;
&lt;tr&gt;&lt;td&gt;Latitude: -18.401646 &lt;/td&gt;&lt;/tr&gt;
&lt;tr&gt;&lt;td&gt;Heading: 74.9 &lt;/td&gt;&lt;/tr&gt;
&lt;/table&gt;</desc>
    <sym>Flag, Blue</sym>
    <type>user</type>
  </wpt>
  <wpt lat="-18.401186987757683" lon="32.833797968924046">
    <ele>1222.3164405178695</ele>
    <time>2026-10-02T12:58:39.000Z</time>
    <name>The Epic 2025 001-204</name>
    <cmt>&lt;table&gt;
&lt;tr&gt;&lt;td&gt;Longitude: 32.833798 &lt;/td&gt;&lt;/tr&gt;
&lt;tr&gt;&lt;td&gt;Latitude: -18.401187 &lt;/td&gt;&lt;/tr&gt;
&lt;tr&gt;&lt;td&gt;Heading: 17.9 &lt;/td&gt;&lt;/tr&gt;
&lt;/table&gt;</cmt>
    <desc>&lt;table&gt;
&lt;tr&gt;&lt;td&gt;Longitude: 32.833798 &lt;/td&gt;&lt;/tr&gt;
&lt;tr&gt;&lt;td&gt;Latitude: -18.401187 &lt;/td&gt;&lt;/tr&gt;
&lt;tr&gt;&lt;td&gt;Heading: 17.9 &lt;/td&gt;&lt;/tr&gt;
&lt;/table&gt;</desc>
    <sym>Flag, Blue</sym>
    <type>user</type>
  </wpt>
  <wpt lat="-18.401660984382033" lon="32.83425402827561">
    <ele>1208.3382227604425</ele>
    <time>2026-10-02T12:58:39.000Z</time>
    <name>The Epic 2025 001-205</name>
    <cmt>&lt;table&gt;
&lt;tr&gt;&lt;td&gt;Longitude: 32.834254 &lt;/td&gt;&lt;/tr&gt;
&lt;tr&gt;&lt;td&gt;Latitude: -18.401661 &lt;/td&gt;&lt;/tr&gt;
&lt;tr&gt;&lt;td&gt;Heading: 137.6 &lt;/td&gt;&lt;/tr&gt;
&lt;/table&gt;</cmt>
    <desc>&lt;table&gt;
&lt;tr&gt;&lt;td&gt;Longitude: 32.834254 &lt;/td&gt;&lt;/tr&gt;
&lt;tr&gt;&lt;td&gt;Latitude: -18.401661 &lt;/td&gt;&lt;/tr&gt;
&lt;tr&gt;&lt;td&gt;Heading: 137.6 &lt;/td&gt;&lt;/tr&gt;
&lt;/table&gt;</desc>
    <sym>Flag, Blue</sym>
    <type>user</type>
  </wpt>
  <wpt lat="-18.40137298218906" lon="32.83460397273302">
    <ele>1193.839388087974</ele>
    <time>2026-10-02T12:58:39.000Z</time>
    <name>The Epic 2025 001-206</name>
    <cmt>&lt;table&gt;
&lt;tr&gt;&lt;td&gt;Longitude: 32.834604 &lt;/td&gt;&lt;/tr&gt;
&lt;tr&gt;&lt;td&gt;Latitude: -18.401373 &lt;/td&gt;&lt;/tr&gt;
&lt;tr&gt;&lt;td&gt;Heading: 49.0 &lt;/td&gt;&lt;/tr&gt;
&lt;/table&gt;</cmt>
    <desc>&lt;table&gt;
&lt;tr&gt;&lt;td&gt;Longitude: 32.834604 &lt;/td&gt;&lt;/tr&gt;
&lt;tr&gt;&lt;td&gt;Latitude: -18.401373 &lt;/td&gt;&lt;/tr&gt;
&lt;tr&gt;&lt;td&gt;Heading: 49.0 &lt;/td&gt;&lt;/tr&gt;
&lt;/table&gt;</desc>
    <sym>Flag, Blue</sym>
    <type>user</type>
  </wpt>
  <wpt lat="-18.401380022987723" lon="32.835021978244185">
    <ele>1183.6583513449878</ele>
    <time>2026-10-02T12:58:39.000Z</time>
    <name>The Epic 2025 001-207</name>
    <cmt>&lt;table&gt;
&lt;tr&gt;&lt;td&gt;Longitude: 32.835022 &lt;/td&gt;&lt;/tr&gt;
&lt;tr&gt;&lt;td&gt;Latitude: -18.401380 &lt;/td&gt;&lt;/tr&gt;
&lt;tr&gt;&lt;td&gt;Heading: 91.1 &lt;/td&gt;&lt;/tr&gt;
&lt;/table&gt;</cmt>
    <desc>&lt;table&gt;
&lt;tr&gt;&lt;td&gt;Longitude: 32.835022 &lt;/td&gt;&lt;/tr&gt;
&lt;tr&gt;&lt;td&gt;Latitude: -18.401380 &lt;/td&gt;&lt;/tr&gt;
&lt;tr&gt;&lt;td&gt;Heading: 91.1 &lt;/td&gt;&lt;/tr&gt;
&lt;/table&gt;</desc>
    <sym>Flag, Blue</sym>
    <type>user</type>
  </wpt>
  <wpt lat="-18.401337023824453" lon="32.835815995931625">
    <ele>1173.6423962756526</ele>
    <time>2026-10-02T12:58:39.000Z</time>
    <name>The Epic 2025 001-208</name>
    <cmt>&lt;table&gt;
&lt;tr&gt;&lt;td&gt;Longitude: 32.835816 &lt;/td&gt;&lt;/tr&gt;
&lt;tr&gt;&lt;td&gt;Latitude: -18.401337 &lt;/td&gt;&lt;/tr&gt;
&lt;tr&gt;&lt;td&gt;Heading: 86.7 &lt;/td&gt;&lt;/tr&gt;
&lt;/table&gt;</cmt>
    <desc>&lt;table&gt;
&lt;tr&gt;&lt;td&gt;Longitude: 32.835816 &lt;/td&gt;&lt;/tr&gt;
&lt;tr&gt;&lt;td&gt;Latitude: -18.401337 &lt;/td&gt;&lt;/tr&gt;
&lt;tr&gt;&lt;td&gt;Heading: 86.7 &lt;/td&gt;&lt;/tr&gt;
&lt;/table&gt;</desc>
    <sym>Flag, Blue</sym>
    <type>user</type>
  </wpt>
  <wpt lat="-18.400851963087916" lon="32.83552103675902">
    <ele>1183.277405636385</ele>
    <time>2026-10-02T12:58:39.000Z</time>
    <name>The Epic 2025 001-209</name>
    <cmt>&lt;table&gt;
&lt;tr&gt;&lt;td&gt;Longitude: 32.835521 &lt;/td&gt;&lt;/tr&gt;
&lt;tr&gt;&lt;td&gt;Latitude: -18.400852 &lt;/td&gt;&lt;/tr&gt;
&lt;tr&gt;&lt;td&gt;Heading: 330.0 &lt;/td&gt;&lt;/tr&gt;
&lt;/table&gt;</cmt>
    <desc>&lt;table&gt;
&lt;tr&gt;&lt;td&gt;Longitude: 32.835521 &lt;/td&gt;&lt;/tr&gt;
&lt;tr&gt;&lt;td&gt;Latitude: -18.400852 &lt;/td&gt;&lt;/tr&gt;
&lt;tr&gt;&lt;td&gt;Heading: 330.0 &lt;/td&gt;&lt;/tr&gt;
&lt;/table&gt;</desc>
    <sym>Flag, Blue</sym>
    <type>user</type>
  </wpt>
  <wpt lat="-18.456344017758965" lon="32.80822000466287">
    <ele>1766.371460125898</ele>
    <time>2026-10-02T12:58:39.000Z</time>
    <name>The Epic 2025 001-21</name>
    <cmt>&lt;table&gt;
&lt;tr&gt;&lt;td&gt;Longitude: 32.808220 &lt;/td&gt;&lt;/tr&gt;
&lt;tr&gt;&lt;td&gt;Latitude: -18.456344 &lt;/td&gt;&lt;/tr&gt;
&lt;tr&gt;&lt;td&gt;Heading: 86.5 &lt;/td&gt;&lt;/tr&gt;
&lt;/table&gt;</cmt>
    <desc>&lt;table&gt;
&lt;tr&gt;&lt;td&gt;Longitude: 32.808220 &lt;/td&gt;&lt;/tr&gt;
&lt;tr&gt;&lt;td&gt;Latitude: -18.456344 &lt;/td&gt;&lt;/tr&gt;
&lt;tr&gt;&lt;td&gt;Heading: 86.5 &lt;/td&gt;&lt;/tr&gt;
&lt;/table&gt;</desc>
    <sym>Flag, Blue</sym>
    <type>user</type>
  </wpt>
  <wpt lat="-18.40021602809429" lon="32.83552799373865">
    <ele>1184.291776063852</ele>
    <time>2026-10-02T12:58:39.000Z</time>
    <name>The Epic 2025 001-210</name>
    <cmt>&lt;table&gt;
&lt;tr&gt;&lt;td&gt;Longitude: 32.835528 &lt;/td&gt;&lt;/tr&gt;
&lt;tr&gt;&lt;td&gt;Latitude: -18.400216 &lt;/td&gt;&lt;/tr&gt;
&lt;tr&gt;&lt;td&gt;Heading: 0.6 &lt;/td&gt;&lt;/tr&gt;
&lt;/table&gt;</cmt>
    <desc>&lt;table&gt;
&lt;tr&gt;&lt;td&gt;Longitude: 32.835528 &lt;/td&gt;&lt;/tr&gt;
&lt;tr&gt;&lt;td&gt;Latitude: -18.400216 &lt;/td&gt;&lt;/tr&gt;
&lt;tr&gt;&lt;td&gt;Heading: 0.6 &lt;/td&gt;&lt;/tr&gt;
&lt;/table&gt;</desc>
    <sym>Flag, Blue</sym>
    <type>user</type>
  </wpt>
  <wpt lat="-18.39948697015643" lon="32.83579898066819">
    <ele>1178.8253172521618</ele>
    <time>2026-10-02T12:58:39.000Z</time>
    <name>The Epic 2025 001-211</name>
    <cmt>&lt;table&gt;
&lt;tr&gt;&lt;td&gt;Longitude: 32.835799 &lt;/td&gt;&lt;/tr&gt;
&lt;tr&gt;&lt;td&gt;Latitude: -18.399487 &lt;/td&gt;&lt;/tr&gt;
&lt;tr&gt;&lt;td&gt;Heading: 19.5 &lt;/td&gt;&lt;/tr&gt;
&lt;/table&gt;</cmt>
    <desc>&lt;table&gt;
&lt;tr&gt;&lt;td&gt;Longitude: 32.835799 &lt;/td&gt;&lt;/tr&gt;
&lt;tr&gt;&lt;td&gt;Latitude: -18.399487 &lt;/td&gt;&lt;/tr&gt;
&lt;tr&gt;&lt;td&gt;Heading: 19.5 &lt;/td&gt;&lt;/tr&gt;
&lt;/table&gt;</desc>
    <sym>Flag, Blue</sym>
    <type>user</type>
  </wpt>
  <wpt lat="-18.399039041250944" lon="32.83599402755499">
    <ele>1179.5920071545079</ele>
    <time>2026-10-02T12:58:39.000Z</time>
    <name>The Epic 2025 001-212</name>
    <cmt>&lt;table&gt;
&lt;tr&gt;&lt;td&gt;Longitude: 32.835994 &lt;/td&gt;&lt;/tr&gt;
&lt;tr&gt;&lt;td&gt;Latitude: -18.399039 &lt;/td&gt;&lt;/tr&gt;
&lt;tr&gt;&lt;td&gt;Heading: 22.4 &lt;/td&gt;&lt;/tr&gt;
&lt;/table&gt;</cmt>
    <desc>&lt;table&gt;
&lt;tr&gt;&lt;td&gt;Longitude: 32.835994 &lt;/td&gt;&lt;/tr&gt;
&lt;tr&gt;&lt;td&gt;Latitude: -18.399039 &lt;/td&gt;&lt;/tr&gt;
&lt;tr&gt;&lt;td&gt;Heading: 22.4 &lt;/td&gt;&lt;/tr&gt;
&lt;/table&gt;</desc>
    <sym>Flag, Blue</sym>
    <type>user</type>
  </wpt>
  <wpt lat="-18.398373015224934" lon="32.836097963154316">
    <ele>1185.9685882099375</ele>
    <time>2026-10-02T12:58:39.000Z</time>
    <name>The Epic 2025 001-213</name>
    <cmt>&lt;table&gt;
&lt;tr&gt;&lt;td&gt;Longitude: 32.836098 &lt;/td&gt;&lt;/tr&gt;
&lt;tr&gt;&lt;td&gt;Latitude: -18.398373 &lt;/td&gt;&lt;/tr&gt;
&lt;tr&gt;&lt;td&gt;Heading: 8.4 &lt;/td&gt;&lt;/tr&gt;
&lt;/table&gt;</cmt>
    <desc>&lt;table&gt;
&lt;tr&gt;&lt;td&gt;Longitude: 32.836098 &lt;/td&gt;&lt;/tr&gt;
&lt;tr&gt;&lt;td&gt;Latitude: -18.398373 &lt;/td&gt;&lt;/tr&gt;
&lt;tr&gt;&lt;td&gt;Heading: 8.4 &lt;/td&gt;&lt;/tr&gt;
&lt;/table&gt;</desc>
    <sym>Flag, Blue</sym>
    <type>user</type>
  </wpt>
  <wpt lat="-18.39772098697722" lon="32.83657900057733">
    <ele>1176.2968295506885</ele>
    <time>2026-10-02T12:58:39.000Z</time>
    <name>The Epic 2025 001-214</name>
    <cmt>&lt;table&gt;
&lt;tr&gt;&lt;td&gt;Longitude: 32.836579 &lt;/td&gt;&lt;/tr&gt;
&lt;tr&gt;&lt;td&gt;Latitude: -18.397721 &lt;/td&gt;&lt;/tr&gt;
&lt;tr&gt;&lt;td&gt;Heading: 35.0 &lt;/td&gt;&lt;/tr&gt;
&lt;/table&gt;</cmt>
    <desc>&lt;table&gt;
&lt;tr&gt;&lt;td&gt;Longitude: 32.836579 &lt;/td&gt;&lt;/tr&gt;
&lt;tr&gt;&lt;td&gt;Latitude: -18.397721 &lt;/td&gt;&lt;/tr&gt;
&lt;tr&gt;&lt;td&gt;Heading: 35.0 &lt;/td&gt;&lt;/tr&gt;
&lt;/table&gt;</desc>
    <sym>Flag, Blue</sym>
    <type>user</type>
  </wpt>
  <wpt lat="-18.396953037008643" lon="32.83646701835096">
    <ele>1173.984964456351</ele>
    <time>2026-10-02T12:58:39.000Z</time>
    <name>The Epic 2025 001-215</name>
    <cmt>&lt;table&gt;
&lt;tr&gt;&lt;td&gt;Longitude: 32.836467 &lt;/td&gt;&lt;/tr&gt;
&lt;tr&gt;&lt;td&gt;Latitude: -18.396953 &lt;/td&gt;&lt;/tr&gt;
&lt;tr&gt;&lt;td&gt;Heading: 352.1 &lt;/td&gt;&lt;/tr&gt;
&lt;/table&gt;</cmt>
    <desc>&lt;table&gt;
&lt;tr&gt;&lt;td&gt;Longitude: 32.836467 &lt;/td&gt;&lt;/tr&gt;
&lt;tr&gt;&lt;td&gt;Latitude: -18.396953 &lt;/td&gt;&lt;/tr&gt;
&lt;tr&gt;&lt;td&gt;Heading: 352.1 &lt;/td&gt;&lt;/tr&gt;
&lt;/table&gt;</desc>
    <sym>Flag, Blue</sym>
    <type>user</type>
  </wpt>
  <wpt lat="-18.39684298262" lon="32.836998011916876">
    <ele>1151.204871980358</ele>
    <time>2026-10-02T12:58:39.000Z</time>
    <name>The Epic 2025 001-216</name>
    <cmt>&lt;table&gt;
&lt;tr&gt;&lt;td&gt;Longitude: 32.836998 &lt;/td&gt;&lt;/tr&gt;
&lt;tr&gt;&lt;td&gt;Latitude: -18.396843 &lt;/td&gt;&lt;/tr&gt;
&lt;tr&gt;&lt;td&gt;Heading: 77.7 &lt;/td&gt;&lt;/tr&gt;
&lt;/table&gt;</cmt>
    <desc>&lt;table&gt;
&lt;tr&gt;&lt;td&gt;Longitude: 32.836998 &lt;/td&gt;&lt;/tr&gt;
&lt;tr&gt;&lt;td&gt;Latitude: -18.396843 &lt;/td&gt;&lt;/tr&gt;
&lt;tr&gt;&lt;td&gt;Heading: 77.7 &lt;/td&gt;&lt;/tr&gt;
&lt;/table&gt;</desc>
    <sym>Flag, Blue</sym>
    <type>user</type>
  </wpt>
  <wpt lat="-18.39606799185276" lon="32.83687303774059">
    <ele>1152.675048828125</ele>
    <time>2026-10-02T12:58:39.000Z</time>
    <name>The Epic 2025 001-217</name>
    <cmt>&lt;table&gt;
&lt;tr&gt;&lt;td&gt;Longitude: 32.836873 &lt;/td&gt;&lt;/tr&gt;
&lt;tr&gt;&lt;td&gt;Latitude: -18.396068 &lt;/td&gt;&lt;/tr&gt;
&lt;tr&gt;&lt;td&gt;Heading: 351.3 &lt;/td&gt;&lt;/tr&gt;
&lt;/table&gt;</cmt>
    <desc>&lt;table&gt;
&lt;tr&gt;&lt;td&gt;Longitude: 32.836873 &lt;/td&gt;&lt;/tr&gt;
&lt;tr&gt;&lt;td&gt;Latitude: -18.396068 &lt;/td&gt;&lt;/tr&gt;
&lt;tr&gt;&lt;td&gt;Heading: 351.3 &lt;/td&gt;&lt;/tr&gt;
&lt;/table&gt;</desc>
    <sym>Flag, Blue</sym>
    <type>user</type>
  </wpt>
  <wpt lat="-18.39559399522841" lon="32.837124997749925">
    <ele>1151.652928043251</ele>
    <time>2026-10-02T12:58:39.000Z</time>
    <name>The Epic 2025 001-218</name>
    <cmt>&lt;table&gt;
&lt;tr&gt;&lt;td&gt;Longitude: 32.837125 &lt;/td&gt;&lt;/tr&gt;
&lt;tr&gt;&lt;td&gt;Latitude: -18.395594 &lt;/td&gt;&lt;/tr&gt;
&lt;tr&gt;&lt;td&gt;Heading: 26.8 &lt;/td&gt;&lt;/tr&gt;
&lt;/table&gt;</cmt>
    <desc>&lt;table&gt;
&lt;tr&gt;&lt;td&gt;Longitude: 32.837125 &lt;/td&gt;&lt;/tr&gt;
&lt;tr&gt;&lt;td&gt;Latitude: -18.395594 &lt;/td&gt;&lt;/tr&gt;
&lt;tr&gt;&lt;td&gt;Heading: 26.8 &lt;/td&gt;&lt;/tr&gt;
&lt;/table&gt;</desc>
    <sym>Flag, Blue</sym>
    <type>user</type>
  </wpt>
  <wpt lat="-18.395168026909232" lon="32.83706699497998">
    <ele>1152.180208561127</ele>
    <time>2026-10-02T12:58:39.000Z</time>
    <name>The Epic 2025 001-219</name>
    <cmt>&lt;table&gt;
&lt;tr&gt;&lt;td&gt;Longitude: 32.837067 &lt;/td&gt;&lt;/tr&gt;
&lt;tr&gt;&lt;td&gt;Latitude: -18.395168 &lt;/td&gt;&lt;/tr&gt;
&lt;tr&gt;&lt;td&gt;Heading: 352.7 &lt;/td&gt;&lt;/tr&gt;
&lt;/table&gt;</cmt>
    <desc>&lt;table&gt;
&lt;tr&gt;&lt;td&gt;Longitude: 32.837067 &lt;/td&gt;&lt;/tr&gt;
&lt;tr&gt;&lt;td&gt;Latitude: -18.395168 &lt;/td&gt;&lt;/tr&gt;
&lt;tr&gt;&lt;td&gt;Heading: 352.7 &lt;/td&gt;&lt;/tr&gt;
&lt;/table&gt;</desc>
    <sym>Flag, Blue</sym>
    <type>user</type>
  </wpt>
  <wpt lat="-18.456196999177337" lon="32.80883498489857">
    <ele>1771.0371022782238</ele>
    <time>2026-10-02T12:58:39.000Z</time>
    <name>The Epic 2025 001-22</name>
    <cmt>&lt;table&gt;
&lt;tr&gt;&lt;td&gt;Longitude: 32.808835 &lt;/td&gt;&lt;/tr&gt;
&lt;tr&gt;&lt;td&gt;Latitude: -18.456197 &lt;/td&gt;&lt;/tr&gt;
&lt;tr&gt;&lt;td&gt;Heading: 75.9 &lt;/td&gt;&lt;/tr&gt;
&lt;/table&gt;</cmt>
    <desc>&lt;table&gt;
&lt;tr&gt;&lt;td&gt;Longitude: 32.808835 &lt;/td&gt;&lt;/tr&gt;
&lt;tr&gt;&lt;td&gt;Latitude: -18.456197 &lt;/td&gt;&lt;/tr&gt;
&lt;tr&gt;&lt;td&gt;Heading: 75.9 &lt;/td&gt;&lt;/tr&gt;
&lt;/table&gt;</desc>
    <sym>Flag, Blue</sym>
    <type>user</type>
  </wpt>
  <wpt lat="-18.394850017502904" lon="32.83653499558568">
    <ele>1152.393639106942</ele>
    <time>2026-10-02T12:58:39.000Z</time>
    <name>The Epic 2025 001-220</name>
    <cmt>&lt;table&gt;
&lt;tr&gt;&lt;td&gt;Longitude: 32.836535 &lt;/td&gt;&lt;/tr&gt;
&lt;tr&gt;&lt;td&gt;Latitude: -18.394850 &lt;/td&gt;&lt;/tr&gt;
&lt;tr&gt;&lt;td&gt;Heading: 302.2 &lt;/td&gt;&lt;/tr&gt;
&lt;/table&gt;</cmt>
    <desc>&lt;table&gt;
&lt;tr&gt;&lt;td&gt;Longitude: 32.836535 &lt;/td&gt;&lt;/tr&gt;
&lt;tr&gt;&lt;td&gt;Latitude: -18.394850 &lt;/td&gt;&lt;/tr&gt;
&lt;tr&gt;&lt;td&gt;Heading: 302.2 &lt;/td&gt;&lt;/tr&gt;
&lt;/table&gt;</desc>
    <sym>Flag, Blue</sym>
    <type>user</type>
  </wpt>
  <wpt lat="-18.3947760052979" lon="32.835792023688555">
    <ele>1155.8532961684243</ele>
    <time>2026-10-02T12:58:39.000Z</time>
    <name>The Epic 2025 001-221</name>
    <cmt>&lt;table&gt;
&lt;tr&gt;&lt;td&gt;Longitude: 32.835792 &lt;/td&gt;&lt;/tr&gt;
&lt;tr&gt;&lt;td&gt;Latitude: -18.394776 &lt;/td&gt;&lt;/tr&gt;
&lt;tr&gt;&lt;td&gt;Heading: 276.0 &lt;/td&gt;&lt;/tr&gt;
&lt;/table&gt;</cmt>
    <desc>&lt;table&gt;
&lt;tr&gt;&lt;td&gt;Longitude: 32.835792 &lt;/td&gt;&lt;/tr&gt;
&lt;tr&gt;&lt;td&gt;Latitude: -18.394776 &lt;/td&gt;&lt;/tr&gt;
&lt;tr&gt;&lt;td&gt;Heading: 276.0 &lt;/td&gt;&lt;/tr&gt;
&lt;/table&gt;</desc>
    <sym>Flag, Blue</sym>
    <type>user</type>
  </wpt>
  <wpt lat="-18.394636027514935" lon="32.835224987939">
    <ele>1160.560717173521</ele>
    <time>2026-10-02T12:58:39.000Z</time>
    <name>The Epic 2025 001-222</name>
    <cmt>&lt;table&gt;
&lt;tr&gt;&lt;td&gt;Longitude: 32.835225 &lt;/td&gt;&lt;/tr&gt;
&lt;tr&gt;&lt;td&gt;Latitude: -18.394636 &lt;/td&gt;&lt;/tr&gt;
&lt;tr&gt;&lt;td&gt;Heading: 284.5 &lt;/td&gt;&lt;/tr&gt;
&lt;/table&gt;</cmt>
    <desc>&lt;table&gt;
&lt;tr&gt;&lt;td&gt;Longitude: 32.835225 &lt;/td&gt;&lt;/tr&gt;
&lt;tr&gt;&lt;td&gt;Latitude: -18.394636 &lt;/td&gt;&lt;/tr&gt;
&lt;tr&gt;&lt;td&gt;Heading: 284.5 &lt;/td&gt;&lt;/tr&gt;
&lt;/table&gt;</desc>
    <sym>Flag, Blue</sym>
    <type>user</type>
  </wpt>
  <wpt lat="-18.39355400763452" lon="32.834570026025176">
    <ele>1145.9724109903118</ele>
    <time>2026-10-02T12:58:39.000Z</time>
    <name>The Epic 2025 001-223</name>
    <cmt>&lt;table&gt;
&lt;tr&gt;&lt;td&gt;Longitude: 32.834570 &lt;/td&gt;&lt;/tr&gt;
&lt;tr&gt;&lt;td&gt;Latitude: -18.393554 &lt;/td&gt;&lt;/tr&gt;
&lt;tr&gt;&lt;td&gt;Heading: 330.1 &lt;/td&gt;&lt;/tr&gt;
&lt;/table&gt;</cmt>
    <desc>&lt;table&gt;
&lt;tr&gt;&lt;td&gt;Longitude: 32.834570 &lt;/td&gt;&lt;/tr&gt;
&lt;tr&gt;&lt;td&gt;Latitude: -18.393554 &lt;/td&gt;&lt;/tr&gt;
&lt;tr&gt;&lt;td&gt;Heading: 330.1 &lt;/td&gt;&lt;/tr&gt;
&lt;/table&gt;</desc>
    <sym>Flag, Blue</sym>
    <type>user</type>
  </wpt>
  <wpt lat="-18.39288496412337" lon="32.83425201661885">
    <ele>1146.7784638303565</ele>
    <time>2026-10-02T12:58:39.000Z</time>
    <name>The Epic 2025 001-224</name>
    <cmt>&lt;table&gt;
&lt;tr&gt;&lt;td&gt;Longitude: 32.834252 &lt;/td&gt;&lt;/tr&gt;
&lt;tr&gt;&lt;td&gt;Latitude: -18.392885 &lt;/td&gt;&lt;/tr&gt;
&lt;tr&gt;&lt;td&gt;Heading: 335.7 &lt;/td&gt;&lt;/tr&gt;
&lt;/table&gt;</cmt>
    <desc>&lt;table&gt;
&lt;tr&gt;&lt;td&gt;Longitude: 32.834252 &lt;/td&gt;&lt;/tr&gt;
&lt;tr&gt;&lt;td&gt;Latitude: -18.392885 &lt;/td&gt;&lt;/tr&gt;
&lt;tr&gt;&lt;td&gt;Heading: 335.7 &lt;/td&gt;&lt;/tr&gt;
&lt;/table&gt;</desc>
    <sym>Flag, Blue</sym>
    <type>user</type>
  </wpt>
  <wpt lat="-18.392044007778168" lon="32.83419996500015">
    <ele>1148.2596067530903</ele>
    <time>2026-10-02T12:58:39.000Z</time>
    <name>The Epic 2025 001-225</name>
    <cmt>&lt;table&gt;
&lt;tr&gt;&lt;td&gt;Longitude: 32.834200 &lt;/td&gt;&lt;/tr&gt;
&lt;tr&gt;&lt;td&gt;Latitude: -18.392044 &lt;/td&gt;&lt;/tr&gt;
&lt;tr&gt;&lt;td&gt;Heading: 356.6 &lt;/td&gt;&lt;/tr&gt;
&lt;/table&gt;</cmt>
    <desc>&lt;table&gt;
&lt;tr&gt;&lt;td&gt;Longitude: 32.834200 &lt;/td&gt;&lt;/tr&gt;
&lt;tr&gt;&lt;td&gt;Latitude: -18.392044 &lt;/td&gt;&lt;/tr&gt;
&lt;tr&gt;&lt;td&gt;Heading: 356.6 &lt;/td&gt;&lt;/tr&gt;
&lt;/table&gt;</desc>
    <sym>Flag, Blue</sym>
    <type>user</type>
  </wpt>
  <wpt lat="-18.391089979559183" lon="32.83420097082853">
    <ele>1150.0233370344474</ele>
    <time>2026-10-02T12:58:39.000Z</time>
    <name>The Epic 2025 001-226</name>
    <cmt>&lt;table&gt;
&lt;tr&gt;&lt;td&gt;Longitude: 32.834201 &lt;/td&gt;&lt;/tr&gt;
&lt;tr&gt;&lt;td&gt;Latitude: -18.391090 &lt;/td&gt;&lt;/tr&gt;
&lt;tr&gt;&lt;td&gt;Heading: 0.1 &lt;/td&gt;&lt;/tr&gt;
&lt;/table&gt;</cmt>
    <desc>&lt;table&gt;
&lt;tr&gt;&lt;td&gt;Longitude: 32.834201 &lt;/td&gt;&lt;/tr&gt;
&lt;tr&gt;&lt;td&gt;Latitude: -18.391090 &lt;/td&gt;&lt;/tr&gt;
&lt;tr&gt;&lt;td&gt;Heading: 0.1 &lt;/td&gt;&lt;/tr&gt;
&lt;/table&gt;</desc>
    <sym>Flag, Blue</sym>
    <type>user</type>
  </wpt>
  <wpt lat="-18.390390006825328" lon="32.83400097861886">
    <ele>1154.624613812202</ele>
    <time>2026-10-02T12:58:39.000Z</time>
    <name>The Epic 2025 001-227</name>
    <cmt>&lt;table&gt;
&lt;tr&gt;&lt;td&gt;Longitude: 32.834001 &lt;/td&gt;&lt;/tr&gt;
&lt;tr&gt;&lt;td&gt;Latitude: -18.390390 &lt;/td&gt;&lt;/tr&gt;
&lt;tr&gt;&lt;td&gt;Heading: 344.8 &lt;/td&gt;&lt;/tr&gt;
&lt;/table&gt;</cmt>
    <desc>&lt;table&gt;
&lt;tr&gt;&lt;td&gt;Longitude: 32.834001 &lt;/td&gt;&lt;/tr&gt;
&lt;tr&gt;&lt;td&gt;Latitude: -18.390390 &lt;/td&gt;&lt;/tr&gt;
&lt;tr&gt;&lt;td&gt;Heading: 344.8 &lt;/td&gt;&lt;/tr&gt;
&lt;/table&gt;</desc>
    <sym>Flag, Blue</sym>
    <type>user</type>
  </wpt>
  <wpt lat="-18.39009697549045" lon="32.83407901413739">
    <ele>1153.849369290167</ele>
    <time>2026-10-02T12:58:39.000Z</time>
    <name>The Epic 2025 001-228</name>
    <cmt>&lt;table&gt;
&lt;tr&gt;&lt;td&gt;Longitude: 32.834079 &lt;/td&gt;&lt;/tr&gt;
&lt;tr&gt;&lt;td&gt;Latitude: -18.390097 &lt;/td&gt;&lt;/tr&gt;
&lt;tr&gt;&lt;td&gt;Heading: 14.3 &lt;/td&gt;&lt;/tr&gt;
&lt;/table&gt;</cmt>
    <desc>&lt;table&gt;
&lt;tr&gt;&lt;td&gt;Longitude: 32.834079 &lt;/td&gt;&lt;/tr&gt;
&lt;tr&gt;&lt;td&gt;Latitude: -18.390097 &lt;/td&gt;&lt;/tr&gt;
&lt;tr&gt;&lt;td&gt;Heading: 14.3 &lt;/td&gt;&lt;/tr&gt;
&lt;/table&gt;</desc>
    <sym>Flag, Blue</sym>
    <type>user</type>
  </wpt>
  <wpt lat="-18.389824982732534" lon="32.83443298190832">
    <ele>1150.8785212199437</ele>
    <time>2026-10-02T12:58:39.000Z</time>
    <name>The Epic 2025 001-229</name>
    <cmt>&lt;table&gt;
&lt;tr&gt;&lt;td&gt;Longitude: 32.834433 &lt;/td&gt;&lt;/tr&gt;
&lt;tr&gt;&lt;td&gt;Latitude: -18.389825 &lt;/td&gt;&lt;/tr&gt;
&lt;tr&gt;&lt;td&gt;Heading: 50.9 &lt;/td&gt;&lt;/tr&gt;
&lt;/table&gt;</cmt>
    <desc>&lt;table&gt;
&lt;tr&gt;&lt;td&gt;Longitude: 32.834433 &lt;/td&gt;&lt;/tr&gt;
&lt;tr&gt;&lt;td&gt;Latitude: -18.389825 &lt;/td&gt;&lt;/tr&gt;
&lt;tr&gt;&lt;td&gt;Heading: 50.9 &lt;/td&gt;&lt;/tr&gt;
&lt;/table&gt;</desc>
    <sym>Flag, Blue</sym>
    <type>user</type>
  </wpt>
  <wpt lat="-18.456295989453793" lon="32.80918803066015">
    <ele>1771.530131116975</ele>
    <time>2026-10-02T12:58:39.000Z</time>
    <name>The Epic 2025 001-23</name>
    <cmt>&lt;table&gt;
&lt;tr&gt;&lt;td&gt;Longitude: 32.809188 &lt;/td&gt;&lt;/tr&gt;
&lt;tr&gt;&lt;td&gt;Latitude: -18.456296 &lt;/td&gt;&lt;/tr&gt;
&lt;tr&gt;&lt;td&gt;Heading: 106.5 &lt;/td&gt;&lt;/tr&gt;
&lt;/table&gt;</cmt>
    <desc>&lt;table&gt;
&lt;tr&gt;&lt;td&gt;Longitude: 32.809188 &lt;/td&gt;&lt;/tr&gt;
&lt;tr&gt;&lt;td&gt;Latitude: -18.456296 &lt;/td&gt;&lt;/tr&gt;
&lt;tr&gt;&lt;td&gt;Heading: 106.5 &lt;/td&gt;&lt;/tr&gt;
&lt;/table&gt;</desc>
    <sym>Flag, Blue</sym>
    <type>user</type>
  </wpt>
  <wpt lat="-18.38882301002741" lon="32.83446902409196">
    <ele>1151.4382431773197</ele>
    <time>2026-10-02T12:58:39.000Z</time>
    <name>The Epic 2025 001-230</name>
    <cmt>&lt;table&gt;
&lt;tr&gt;&lt;td&gt;Longitude: 32.834469 &lt;/td&gt;&lt;/tr&gt;
&lt;tr&gt;&lt;td&gt;Latitude: -18.388823 &lt;/td&gt;&lt;/tr&gt;
&lt;tr&gt;&lt;td&gt;Heading: 2.0 &lt;/td&gt;&lt;/tr&gt;
&lt;/table&gt;</cmt>
    <desc>&lt;table&gt;
&lt;tr&gt;&lt;td&gt;Longitude: 32.834469 &lt;/td&gt;&lt;/tr&gt;
&lt;tr&gt;&lt;td&gt;Latitude: -18.388823 &lt;/td&gt;&lt;/tr&gt;
&lt;tr&gt;&lt;td&gt;Heading: 2.0 &lt;/td&gt;&lt;/tr&gt;
&lt;/table&gt;</desc>
    <sym>Flag, Blue</sym>
    <type>user</type>
  </wpt>
  <wpt lat="-18.388176010921597" lon="32.83431898802519">
    <ele>1155.0619747451274</ele>
    <time>2026-10-02T12:58:39.000Z</time>
    <name>The Epic 2025 001-231</name>
    <cmt>&lt;table&gt;
&lt;tr&gt;&lt;td&gt;Longitude: 32.834319 &lt;/td&gt;&lt;/tr&gt;
&lt;tr&gt;&lt;td&gt;Latitude: -18.388176 &lt;/td&gt;&lt;/tr&gt;
&lt;tr&gt;&lt;td&gt;Heading: 347.6 &lt;/td&gt;&lt;/tr&gt;
&lt;/table&gt;</cmt>
    <desc>&lt;table&gt;
&lt;tr&gt;&lt;td&gt;Longitude: 32.834319 &lt;/td&gt;&lt;/tr&gt;
&lt;tr&gt;&lt;td&gt;Latitude: -18.388176 &lt;/td&gt;&lt;/tr&gt;
&lt;tr&gt;&lt;td&gt;Heading: 347.6 &lt;/td&gt;&lt;/tr&gt;
&lt;/table&gt;</desc>
    <sym>Flag, Blue</sym>
    <type>user</type>
  </wpt>
  <wpt lat="-18.387912986800075" lon="32.83402796834707">
    <ele>1155.9742858815007</ele>
    <time>2026-10-02T12:58:39.000Z</time>
    <name>The Epic 2025 001-232</name>
    <cmt>&lt;table&gt;
&lt;tr&gt;&lt;td&gt;Longitude: 32.834028 &lt;/td&gt;&lt;/tr&gt;
&lt;tr&gt;&lt;td&gt;Latitude: -18.387913 &lt;/td&gt;&lt;/tr&gt;
&lt;tr&gt;&lt;td&gt;Heading: 313.7 &lt;/td&gt;&lt;/tr&gt;
&lt;/table&gt;</cmt>
    <desc>&lt;table&gt;
&lt;tr&gt;&lt;td&gt;Longitude: 32.834028 &lt;/td&gt;&lt;/tr&gt;
&lt;tr&gt;&lt;td&gt;Latitude: -18.387913 &lt;/td&gt;&lt;/tr&gt;
&lt;tr&gt;&lt;td&gt;Heading: 313.7 &lt;/td&gt;&lt;/tr&gt;
&lt;/table&gt;</desc>
    <sym>Flag, Blue</sym>
    <type>user</type>
  </wpt>
  <wpt lat="-18.388198977336287" lon="32.833452969789505">
    <ele>1158.0864174949274</ele>
    <time>2026-10-02T12:58:39.000Z</time>
    <name>The Epic 2025 001-233</name>
    <cmt>&lt;table&gt;
&lt;tr&gt;&lt;td&gt;Longitude: 32.833453 &lt;/td&gt;&lt;/tr&gt;
&lt;tr&gt;&lt;td&gt;Latitude: -18.388199 &lt;/td&gt;&lt;/tr&gt;
&lt;tr&gt;&lt;td&gt;Heading: 242.4 &lt;/td&gt;&lt;/tr&gt;
&lt;/table&gt;</cmt>
    <desc>&lt;table&gt;
&lt;tr&gt;&lt;td&gt;Longitude: 32.833453 &lt;/td&gt;&lt;/tr&gt;
&lt;tr&gt;&lt;td&gt;Latitude: -18.388199 &lt;/td&gt;&lt;/tr&gt;
&lt;tr&gt;&lt;td&gt;Heading: 242.4 &lt;/td&gt;&lt;/tr&gt;
&lt;/table&gt;</desc>
    <sym>Flag, Blue</sym>
    <type>user</type>
  </wpt>
  <wpt lat="-18.388323029503226" lon="32.832678984850645">
    <ele>1157.5423865292723</ele>
    <time>2026-10-02T12:58:39.000Z</time>
    <name>The Epic 2025 001-234</name>
    <cmt>&lt;table&gt;
&lt;tr&gt;&lt;td&gt;Longitude: 32.832679 &lt;/td&gt;&lt;/tr&gt;
&lt;tr&gt;&lt;td&gt;Latitude: -18.388323 &lt;/td&gt;&lt;/tr&gt;
&lt;tr&gt;&lt;td&gt;Heading: 260.4 &lt;/td&gt;&lt;/tr&gt;
&lt;/table&gt;</cmt>
    <desc>&lt;table&gt;
&lt;tr&gt;&lt;td&gt;Longitude: 32.832679 &lt;/td&gt;&lt;/tr&gt;
&lt;tr&gt;&lt;td&gt;Latitude: -18.388323 &lt;/td&gt;&lt;/tr&gt;
&lt;tr&gt;&lt;td&gt;Heading: 260.4 &lt;/td&gt;&lt;/tr&gt;
&lt;/table&gt;</desc>
    <sym>Flag, Blue</sym>
    <type>user</type>
  </wpt>
  <wpt lat="-18.388599967584014" lon="32.83199602738023">
    <ele>1164.3362061074106</ele>
    <time>2026-10-02T12:58:39.000Z</time>
    <name>The Epic 2025 001-235</name>
    <cmt>&lt;table&gt;
&lt;tr&gt;&lt;td&gt;Longitude: 32.831996 &lt;/td&gt;&lt;/tr&gt;
&lt;tr&gt;&lt;td&gt;Latitude: -18.388600 &lt;/td&gt;&lt;/tr&gt;
&lt;tr&gt;&lt;td&gt;Heading: 246.8 &lt;/td&gt;&lt;/tr&gt;
&lt;/table&gt;</cmt>
    <desc>&lt;table&gt;
&lt;tr&gt;&lt;td&gt;Longitude: 32.831996 &lt;/td&gt;&lt;/tr&gt;
&lt;tr&gt;&lt;td&gt;Latitude: -18.388600 &lt;/td&gt;&lt;/tr&gt;
&lt;tr&gt;&lt;td&gt;Heading: 246.8 &lt;/td&gt;&lt;/tr&gt;
&lt;/table&gt;</desc>
    <sym>Flag, Blue</sym>
    <type>user</type>
  </wpt>
  <wpt lat="-18.388641960918903" lon="32.83152496442199">
    <ele>1166.1826503263958</ele>
    <time>2026-10-02T12:58:39.000Z</time>
    <name>The Epic 2025 001-236</name>
    <cmt>&lt;table&gt;
&lt;tr&gt;&lt;td&gt;Longitude: 32.831525 &lt;/td&gt;&lt;/tr&gt;
&lt;tr&gt;&lt;td&gt;Latitude: -18.388642 &lt;/td&gt;&lt;/tr&gt;
&lt;tr&gt;&lt;td&gt;Heading: 264.6 &lt;/td&gt;&lt;/tr&gt;
&lt;/table&gt;</cmt>
    <desc>&lt;table&gt;
&lt;tr&gt;&lt;td&gt;Longitude: 32.831525 &lt;/td&gt;&lt;/tr&gt;
&lt;tr&gt;&lt;td&gt;Latitude: -18.388642 &lt;/td&gt;&lt;/tr&gt;
&lt;tr&gt;&lt;td&gt;Heading: 264.6 &lt;/td&gt;&lt;/tr&gt;
&lt;/table&gt;</desc>
    <sym>Flag, Blue</sym>
    <type>user</type>
  </wpt>
  <wpt lat="-18.388901967555285" lon="32.83103697001934">
    <ele>1169.5670951812062</ele>
    <time>2026-10-02T12:58:39.000Z</time>
    <name>The Epic 2025 001-237</name>
    <cmt>&lt;table&gt;
&lt;tr&gt;&lt;td&gt;Longitude: 32.831037 &lt;/td&gt;&lt;/tr&gt;
&lt;tr&gt;&lt;td&gt;Latitude: -18.388902 &lt;/td&gt;&lt;/tr&gt;
&lt;tr&gt;&lt;td&gt;Heading: 240.7 &lt;/td&gt;&lt;/tr&gt;
&lt;/table&gt;</cmt>
    <desc>&lt;table&gt;
&lt;tr&gt;&lt;td&gt;Longitude: 32.831037 &lt;/td&gt;&lt;/tr&gt;
&lt;tr&gt;&lt;td&gt;Latitude: -18.388902 &lt;/td&gt;&lt;/tr&gt;
&lt;tr&gt;&lt;td&gt;Heading: 240.7 &lt;/td&gt;&lt;/tr&gt;
&lt;/table&gt;</desc>
    <sym>Flag, Blue</sym>
    <type>user</type>
  </wpt>
  <wpt lat="-18.389012021943927" lon="32.83029802143574">
    <ele>1169.9726333372091</ele>
    <time>2026-10-02T12:58:39.000Z</time>
    <name>The Epic 2025 001-238</name>
    <cmt>&lt;table&gt;
&lt;tr&gt;&lt;td&gt;Longitude: 32.830298 &lt;/td&gt;&lt;/tr&gt;
&lt;tr&gt;&lt;td&gt;Latitude: -18.389012 &lt;/td&gt;&lt;/tr&gt;
&lt;tr&gt;&lt;td&gt;Heading: 261.1 &lt;/td&gt;&lt;/tr&gt;
&lt;/table&gt;</cmt>
    <desc>&lt;table&gt;
&lt;tr&gt;&lt;td&gt;Longitude: 32.830298 &lt;/td&gt;&lt;/tr&gt;
&lt;tr&gt;&lt;td&gt;Latitude: -18.389012 &lt;/td&gt;&lt;/tr&gt;
&lt;tr&gt;&lt;td&gt;Heading: 261.1 &lt;/td&gt;&lt;/tr&gt;
&lt;/table&gt;</desc>
    <sym>Flag, Blue</sym>
    <type>user</type>
  </wpt>
  <wpt lat="-18.38889199309051" lon="32.82963199540973">
    <ele>1172.3359047013446</ele>
    <time>2026-10-02T12:58:39.000Z</time>
    <name>The Epic 2025 001-239</name>
    <cmt>&lt;table&gt;
&lt;tr&gt;&lt;td&gt;Longitude: 32.829632 &lt;/td&gt;&lt;/tr&gt;
&lt;tr&gt;&lt;td&gt;Latitude: -18.388892 &lt;/td&gt;&lt;/tr&gt;
&lt;tr&gt;&lt;td&gt;Heading: 280.7 &lt;/td&gt;&lt;/tr&gt;
&lt;/table&gt;</cmt>
    <desc>&lt;table&gt;
&lt;tr&gt;&lt;td&gt;Longitude: 32.829632 &lt;/td&gt;&lt;/tr&gt;
&lt;tr&gt;&lt;td&gt;Latitude: -18.388892 &lt;/td&gt;&lt;/tr&gt;
&lt;tr&gt;&lt;td&gt;Heading: 280.7 &lt;/td&gt;&lt;/tr&gt;
&lt;/table&gt;</desc>
    <sym>Flag, Blue</sym>
    <type>user</type>
  </wpt>
  <wpt lat="-18.456425992771983" lon="32.8097640350461">
    <ele>1774.5875304242363</ele>
    <time>2026-10-02T12:58:39.000Z</time>
    <name>The Epic 2025 001-24</name>
    <cmt>&lt;table&gt;
&lt;tr&gt;&lt;td&gt;Longitude: 32.809764 &lt;/td&gt;&lt;/tr&gt;
&lt;tr&gt;&lt;td&gt;Latitude: -18.456426 &lt;/td&gt;&lt;/tr&gt;
&lt;tr&gt;&lt;td&gt;Heading: 103.4 &lt;/td&gt;&lt;/tr&gt;
&lt;/table&gt;</cmt>
    <desc>&lt;table&gt;
&lt;tr&gt;&lt;td&gt;Longitude: 32.809764 &lt;/td&gt;&lt;/tr&gt;
&lt;tr&gt;&lt;td&gt;Latitude: -18.456426 &lt;/td&gt;&lt;/tr&gt;
&lt;tr&gt;&lt;td&gt;Heading: 103.4 &lt;/td&gt;&lt;/tr&gt;
&lt;/table&gt;</desc>
    <sym>Flag, Blue</sym>
    <type>user</type>
  </wpt>
  <wpt lat="-18.388731982558966" lon="32.82921097241342">
    <ele>1175.9919575611477</ele>
    <time>2026-10-02T12:58:39.000Z</time>
    <name>The Epic 2025 001-240</name>
    <cmt>&lt;table&gt;
&lt;tr&gt;&lt;td&gt;Longitude: 32.829211 &lt;/td&gt;&lt;/tr&gt;
&lt;tr&gt;&lt;td&gt;Latitude: -18.388732 &lt;/td&gt;&lt;/tr&gt;
&lt;tr&gt;&lt;td&gt;Heading: 291.9 &lt;/td&gt;&lt;/tr&gt;
&lt;/table&gt;</cmt>
    <desc>&lt;table&gt;
&lt;tr&gt;&lt;td&gt;Longitude: 32.829211 &lt;/td&gt;&lt;/tr&gt;
&lt;tr&gt;&lt;td&gt;Latitude: -18.388732 &lt;/td&gt;&lt;/tr&gt;
&lt;tr&gt;&lt;td&gt;Heading: 291.9 &lt;/td&gt;&lt;/tr&gt;
&lt;/table&gt;</desc>
    <sym>Flag, Blue</sym>
    <type>user</type>
  </wpt>
  <wpt lat="-18.388861985877156" lon="32.828103974461555">
    <ele>1180.650123831188</ele>
    <time>2026-10-02T12:58:39.000Z</time>
    <name>The Epic 2025 001-241</name>
    <cmt>&lt;table&gt;
&lt;tr&gt;&lt;td&gt;Longitude: 32.828104 &lt;/td&gt;&lt;/tr&gt;
&lt;tr&gt;&lt;td&gt;Latitude: -18.388862 &lt;/td&gt;&lt;/tr&gt;
&lt;tr&gt;&lt;td&gt;Heading: 262.9 &lt;/td&gt;&lt;/tr&gt;
&lt;/table&gt;</cmt>
    <desc>&lt;table&gt;
&lt;tr&gt;&lt;td&gt;Longitude: 32.828104 &lt;/td&gt;&lt;/tr&gt;
&lt;tr&gt;&lt;td&gt;Latitude: -18.388862 &lt;/td&gt;&lt;/tr&gt;
&lt;tr&gt;&lt;td&gt;Heading: 262.9 &lt;/td&gt;&lt;/tr&gt;
&lt;/table&gt;</desc>
    <sym>Flag, Blue</sym>
    <type>user</type>
  </wpt>
  <wpt lat="-18.38919499889016" lon="32.827651016414165">
    <ele>1176.781781359561</ele>
    <time>2026-10-02T12:58:39.000Z</time>
    <name>The Epic 2025 001-242</name>
    <cmt>&lt;table&gt;
&lt;tr&gt;&lt;td&gt;Longitude: 32.827651 &lt;/td&gt;&lt;/tr&gt;
&lt;tr&gt;&lt;td&gt;Latitude: -18.389195 &lt;/td&gt;&lt;/tr&gt;
&lt;tr&gt;&lt;td&gt;Heading: 232.2 &lt;/td&gt;&lt;/tr&gt;
&lt;/table&gt;</cmt>
    <desc>&lt;table&gt;
&lt;tr&gt;&lt;td&gt;Longitude: 32.827651 &lt;/td&gt;&lt;/tr&gt;
&lt;tr&gt;&lt;td&gt;Latitude: -18.389195 &lt;/td&gt;&lt;/tr&gt;
&lt;tr&gt;&lt;td&gt;Heading: 232.2 &lt;/td&gt;&lt;/tr&gt;
&lt;/table&gt;</desc>
    <sym>Flag, Blue</sym>
    <type>user</type>
  </wpt>
  <wpt lat="-18.389262976124883" lon="32.82671903260052">
    <ele>1182.3945014677824</ele>
    <time>2026-10-02T12:58:39.000Z</time>
    <name>The Epic 2025 001-243</name>
    <cmt>&lt;table&gt;
&lt;tr&gt;&lt;td&gt;Longitude: 32.826719 &lt;/td&gt;&lt;/tr&gt;
&lt;tr&gt;&lt;td&gt;Latitude: -18.389263 &lt;/td&gt;&lt;/tr&gt;
&lt;tr&gt;&lt;td&gt;Heading: 265.6 &lt;/td&gt;&lt;/tr&gt;
&lt;/table&gt;</cmt>
    <desc>&lt;table&gt;
&lt;tr&gt;&lt;td&gt;Longitude: 32.826719 &lt;/td&gt;&lt;/tr&gt;
&lt;tr&gt;&lt;td&gt;Latitude: -18.389263 &lt;/td&gt;&lt;/tr&gt;
&lt;tr&gt;&lt;td&gt;Heading: 265.6 &lt;/td&gt;&lt;/tr&gt;
&lt;/table&gt;</desc>
    <sym>Flag, Blue</sym>
    <type>user</type>
  </wpt>
  <wpt lat="-18.389245038852096" lon="32.82589500769973">
    <ele>1192.040939012308</ele>
    <time>2026-10-02T12:58:39.000Z</time>
    <name>The Epic 2025 001-244</name>
    <cmt>&lt;table&gt;
&lt;tr&gt;&lt;td&gt;Longitude: 32.825895 &lt;/td&gt;&lt;/tr&gt;
&lt;tr&gt;&lt;td&gt;Latitude: -18.389245 &lt;/td&gt;&lt;/tr&gt;
&lt;tr&gt;&lt;td&gt;Heading: 271.3 &lt;/td&gt;&lt;/tr&gt;
&lt;/table&gt;</cmt>
    <desc>&lt;table&gt;
&lt;tr&gt;&lt;td&gt;Longitude: 32.825895 &lt;/td&gt;&lt;/tr&gt;
&lt;tr&gt;&lt;td&gt;Latitude: -18.389245 &lt;/td&gt;&lt;/tr&gt;
&lt;tr&gt;&lt;td&gt;Heading: 271.3 &lt;/td&gt;&lt;/tr&gt;
&lt;/table&gt;</desc>
    <sym>Flag, Blue</sym>
    <type>user</type>
  </wpt>
  <wpt lat="-18.389345034956932" lon="32.825420005247">
    <ele>1196.4390875128106</ele>
    <time>2026-10-02T12:58:39.000Z</time>
    <name>The Epic 2025 001-245</name>
    <cmt>&lt;table&gt;
&lt;tr&gt;&lt;td&gt;Longitude: 32.825420 &lt;/td&gt;&lt;/tr&gt;
&lt;tr&gt;&lt;td&gt;Latitude: -18.389345 &lt;/td&gt;&lt;/tr&gt;
&lt;tr&gt;&lt;td&gt;Heading: 257.5 &lt;/td&gt;&lt;/tr&gt;
&lt;/table&gt;</cmt>
    <desc>&lt;table&gt;
&lt;tr&gt;&lt;td&gt;Longitude: 32.825420 &lt;/td&gt;&lt;/tr&gt;
&lt;tr&gt;&lt;td&gt;Latitude: -18.389345 &lt;/td&gt;&lt;/tr&gt;
&lt;tr&gt;&lt;td&gt;Heading: 257.5 &lt;/td&gt;&lt;/tr&gt;
&lt;/table&gt;</desc>
    <sym>Flag, Blue</sym>
    <type>user</type>
  </wpt>
  <wpt lat="-18.38929901830852" lon="32.82484299503267">
    <ele>1193.7031688805496</ele>
    <time>2026-10-02T12:58:39.000Z</time>
    <name>The Epic 2025 001-246</name>
    <cmt>&lt;table&gt;
&lt;tr&gt;&lt;td&gt;Longitude: 32.824843 &lt;/td&gt;&lt;/tr&gt;
&lt;tr&gt;&lt;td&gt;Latitude: -18.389299 &lt;/td&gt;&lt;/tr&gt;
&lt;tr&gt;&lt;td&gt;Heading: 274.9 &lt;/td&gt;&lt;/tr&gt;
&lt;/table&gt;</cmt>
    <desc>&lt;table&gt;
&lt;tr&gt;&lt;td&gt;Longitude: 32.824843 &lt;/td&gt;&lt;/tr&gt;
&lt;tr&gt;&lt;td&gt;Latitude: -18.389299 &lt;/td&gt;&lt;/tr&gt;
&lt;tr&gt;&lt;td&gt;Heading: 274.9 &lt;/td&gt;&lt;/tr&gt;
&lt;/table&gt;</desc>
    <sym>Flag, Blue</sym>
    <type>user</type>
  </wpt>
  <wpt lat="-18.389530023559928" lon="32.82443102449179">
    <ele>1197.389754860264</ele>
    <time>2026-10-02T12:58:39.000Z</time>
    <name>The Epic 2025 001-247</name>
    <cmt>&lt;table&gt;
&lt;tr&gt;&lt;td&gt;Longitude: 32.824431 &lt;/td&gt;&lt;/tr&gt;
&lt;tr&gt;&lt;td&gt;Latitude: -18.389530 &lt;/td&gt;&lt;/tr&gt;
&lt;tr&gt;&lt;td&gt;Heading: 239.4 &lt;/td&gt;&lt;/tr&gt;
&lt;/table&gt;</cmt>
    <desc>&lt;table&gt;
&lt;tr&gt;&lt;td&gt;Longitude: 32.824431 &lt;/td&gt;&lt;/tr&gt;
&lt;tr&gt;&lt;td&gt;Latitude: -18.389530 &lt;/td&gt;&lt;/tr&gt;
&lt;tr&gt;&lt;td&gt;Heading: 239.4 &lt;/td&gt;&lt;/tr&gt;
&lt;/table&gt;</desc>
    <sym>Flag, Blue</sym>
    <type>user</type>
  </wpt>
  <wpt lat="-18.39112401008606" lon="32.82186197116971">
    <ele>1202.9750374865632</ele>
    <time>2026-10-02T12:58:39.000Z</time>
    <name>The Epic 2025 001-248</name>
    <cmt>&lt;table&gt;
&lt;tr&gt;&lt;td&gt;Longitude: 32.821862 &lt;/td&gt;&lt;/tr&gt;
&lt;tr&gt;&lt;td&gt;Latitude: -18.391124 &lt;/td&gt;&lt;/tr&gt;
&lt;tr&gt;&lt;td&gt;Heading: 236.8 &lt;/td&gt;&lt;/tr&gt;
&lt;/table&gt;</cmt>
    <desc>&lt;table&gt;
&lt;tr&gt;&lt;td&gt;Longitude: 32.821862 &lt;/td&gt;&lt;/tr&gt;
&lt;tr&gt;&lt;td&gt;Latitude: -18.391124 &lt;/td&gt;&lt;/tr&gt;
&lt;tr&gt;&lt;td&gt;Heading: 236.8 &lt;/td&gt;&lt;/tr&gt;
&lt;/table&gt;</desc>
    <sym>Flag, Blue</sym>
    <type>user</type>
  </wpt>
  <wpt lat="-18.393067019060254" lon="32.82082202844322">
    <ele>1223.6178268498995</ele>
    <time>2026-10-02T12:58:39.000Z</time>
    <name>The Epic 2025 001-249</name>
    <cmt>&lt;table&gt;
&lt;tr&gt;&lt;td&gt;Longitude: 32.820822 &lt;/td&gt;&lt;/tr&gt;
&lt;tr&gt;&lt;td&gt;Latitude: -18.393067 &lt;/td&gt;&lt;/tr&gt;
&lt;tr&gt;&lt;td&gt;Heading: 206.9 &lt;/td&gt;&lt;/tr&gt;
&lt;/table&gt;</cmt>
    <desc>&lt;table&gt;
&lt;tr&gt;&lt;td&gt;Longitude: 32.820822 &lt;/td&gt;&lt;/tr&gt;
&lt;tr&gt;&lt;td&gt;Latitude: -18.393067 &lt;/td&gt;&lt;/tr&gt;
&lt;tr&gt;&lt;td&gt;Heading: 206.9 &lt;/td&gt;&lt;/tr&gt;
&lt;/table&gt;</desc>
    <sym>Flag, Blue</sym>
    <type>user</type>
  </wpt>
  <wpt lat="-18.456192975863814" lon="32.81021003611386">
    <ele>1781.29802913055</ele>
    <time>2026-10-02T12:58:39.000Z</time>
    <name>The Epic 2025 001-25</name>
    <cmt>&lt;table&gt;
&lt;tr&gt;&lt;td&gt;Longitude: 32.810210 &lt;/td&gt;&lt;/tr&gt;
&lt;tr&gt;&lt;td&gt;Latitude: -18.456193 &lt;/td&gt;&lt;/tr&gt;
&lt;tr&gt;&lt;td&gt;Heading: 61.2 &lt;/td&gt;&lt;/tr&gt;
&lt;/table&gt;</cmt>
    <desc>&lt;table&gt;
&lt;tr&gt;&lt;td&gt;Longitude: 32.810210 &lt;/td&gt;&lt;/tr&gt;
&lt;tr&gt;&lt;td&gt;Latitude: -18.456193 &lt;/td&gt;&lt;/tr&gt;
&lt;tr&gt;&lt;td&gt;Heading: 61.2 &lt;/td&gt;&lt;/tr&gt;
&lt;/table&gt;</desc>
    <sym>Flag, Blue</sym>
    <type>user</type>
  </wpt>
  <wpt lat="-18.3932270295918" lon="32.82031400129199">
    <ele>1211.719572871597</ele>
    <time>2026-10-02T12:58:39.000Z</time>
    <name>The Epic 2025 001-250</name>
    <cmt>&lt;table&gt;
&lt;tr&gt;&lt;td&gt;Longitude: 32.820314 &lt;/td&gt;&lt;/tr&gt;
&lt;tr&gt;&lt;td&gt;Latitude: -18.393227 &lt;/td&gt;&lt;/tr&gt;
&lt;tr&gt;&lt;td&gt;Heading: 251.6 &lt;/td&gt;&lt;/tr&gt;
&lt;/table&gt;</cmt>
    <desc>&lt;table&gt;
&lt;tr&gt;&lt;td&gt;Longitude: 32.820314 &lt;/td&gt;&lt;/tr&gt;
&lt;tr&gt;&lt;td&gt;Latitude: -18.393227 &lt;/td&gt;&lt;/tr&gt;
&lt;tr&gt;&lt;td&gt;Heading: 251.6 &lt;/td&gt;&lt;/tr&gt;
&lt;/table&gt;</desc>
    <sym>Flag, Blue</sym>
    <type>user</type>
  </wpt>
  <wpt lat="-18.39321001432836" lon="32.82001401297748">
    <ele>1208.3660835848773</ele>
    <time>2026-10-02T12:58:39.000Z</time>
    <name>The Epic 2025 001-251</name>
    <cmt>&lt;table&gt;
&lt;tr&gt;&lt;td&gt;Longitude: 32.820014 &lt;/td&gt;&lt;/tr&gt;
&lt;tr&gt;&lt;td&gt;Latitude: -18.393210 &lt;/td&gt;&lt;/tr&gt;
&lt;tr&gt;&lt;td&gt;Heading: 273.6 &lt;/td&gt;&lt;/tr&gt;
&lt;/table&gt;</cmt>
    <desc>&lt;table&gt;
&lt;tr&gt;&lt;td&gt;Longitude: 32.820014 &lt;/td&gt;&lt;/tr&gt;
&lt;tr&gt;&lt;td&gt;Latitude: -18.393210 &lt;/td&gt;&lt;/tr&gt;
&lt;tr&gt;&lt;td&gt;Heading: 273.6 &lt;/td&gt;&lt;/tr&gt;
&lt;/table&gt;</desc>
    <sym>Flag, Blue</sym>
    <type>user</type>
  </wpt>
  <wpt lat="-18.39334001764655" lon="32.819400960579515">
    <ele>1211.63232421875</ele>
    <time>2026-10-02T12:58:39.000Z</time>
    <name>The Epic 2025 001-252</name>
    <cmt>&lt;table&gt;
&lt;tr&gt;&lt;td&gt;Longitude: 32.819401 &lt;/td&gt;&lt;/tr&gt;
&lt;tr&gt;&lt;td&gt;Latitude: -18.393340 &lt;/td&gt;&lt;/tr&gt;
&lt;tr&gt;&lt;td&gt;Heading: 257.4 &lt;/td&gt;&lt;/tr&gt;
&lt;/table&gt;</cmt>
    <desc>&lt;table&gt;
&lt;tr&gt;&lt;td&gt;Longitude: 32.819401 &lt;/td&gt;&lt;/tr&gt;
&lt;tr&gt;&lt;td&gt;Latitude: -18.393340 &lt;/td&gt;&lt;/tr&gt;
&lt;tr&gt;&lt;td&gt;Heading: 257.4 &lt;/td&gt;&lt;/tr&gt;
&lt;/table&gt;</desc>
    <sym>Flag, Blue</sym>
    <type>user</type>
  </wpt>
  <wpt lat="-18.393375976011157" lon="32.8188940230757">
    <ele>1211.8909908540718</ele>
    <time>2026-10-02T12:58:39.000Z</time>
    <name>The Epic 2025 001-253</name>
    <cmt>&lt;table&gt;
&lt;tr&gt;&lt;td&gt;Longitude: 32.818894 &lt;/td&gt;&lt;/tr&gt;
&lt;tr&gt;&lt;td&gt;Latitude: -18.393376 &lt;/td&gt;&lt;/tr&gt;
&lt;tr&gt;&lt;td&gt;Heading: 265.7 &lt;/td&gt;&lt;/tr&gt;
&lt;/table&gt;</cmt>
    <desc>&lt;table&gt;
&lt;tr&gt;&lt;td&gt;Longitude: 32.818894 &lt;/td&gt;&lt;/tr&gt;
&lt;tr&gt;&lt;td&gt;Latitude: -18.393376 &lt;/td&gt;&lt;/tr&gt;
&lt;tr&gt;&lt;td&gt;Heading: 265.7 &lt;/td&gt;&lt;/tr&gt;
&lt;/table&gt;</desc>
    <sym>Flag, Blue</sym>
    <type>user</type>
  </wpt>
  <wpt lat="-18.39340497739613" lon="32.81848800368607">
    <ele>1211.2951369380653</ele>
    <time>2026-10-02T12:58:39.000Z</time>
    <name>The Epic 2025 001-254</name>
    <cmt>&lt;table&gt;
&lt;tr&gt;&lt;td&gt;Longitude: 32.818488 &lt;/td&gt;&lt;/tr&gt;
&lt;tr&gt;&lt;td&gt;Latitude: -18.393405 &lt;/td&gt;&lt;/tr&gt;
&lt;tr&gt;&lt;td&gt;Heading: 265.7 &lt;/td&gt;&lt;/tr&gt;
&lt;/table&gt;</cmt>
    <desc>&lt;table&gt;
&lt;tr&gt;&lt;td&gt;Longitude: 32.818488 &lt;/td&gt;&lt;/tr&gt;
&lt;tr&gt;&lt;td&gt;Latitude: -18.393405 &lt;/td&gt;&lt;/tr&gt;
&lt;tr&gt;&lt;td&gt;Heading: 265.7 &lt;/td&gt;&lt;/tr&gt;
&lt;/table&gt;</desc>
    <sym>Flag, Blue</sym>
    <type>user</type>
  </wpt>
  <wpt lat="-18.39353397488594" lon="32.817878974601626">
    <ele>1216.1704173417054</ele>
    <time>2026-10-02T12:58:39.000Z</time>
    <name>The Epic 2025 001-255</name>
    <cmt>&lt;table&gt;
&lt;tr&gt;&lt;td&gt;Longitude: 32.817879 &lt;/td&gt;&lt;/tr&gt;
&lt;tr&gt;&lt;td&gt;Latitude: -18.393534 &lt;/td&gt;&lt;/tr&gt;
&lt;tr&gt;&lt;td&gt;Heading: 257.4 &lt;/td&gt;&lt;/tr&gt;
&lt;/table&gt;</cmt>
    <desc>&lt;table&gt;
&lt;tr&gt;&lt;td&gt;Longitude: 32.817879 &lt;/td&gt;&lt;/tr&gt;
&lt;tr&gt;&lt;td&gt;Latitude: -18.393534 &lt;/td&gt;&lt;/tr&gt;
&lt;tr&gt;&lt;td&gt;Heading: 257.4 &lt;/td&gt;&lt;/tr&gt;
&lt;/table&gt;</desc>
    <sym>Flag, Blue</sym>
    <type>user</type>
  </wpt>
  <wpt lat="-18.393692979589105" lon="32.81773497350514">
    <ele>1219.1496273205303</ele>
    <time>2026-10-02T12:58:39.000Z</time>
    <name>The Epic 2025 001-256</name>
    <cmt>&lt;table&gt;
&lt;tr&gt;&lt;td&gt;Longitude: 32.817735 &lt;/td&gt;&lt;/tr&gt;
&lt;tr&gt;&lt;td&gt;Latitude: -18.393693 &lt;/td&gt;&lt;/tr&gt;
&lt;tr&gt;&lt;td&gt;Heading: 220.8 &lt;/td&gt;&lt;/tr&gt;
&lt;/table&gt;</cmt>
    <desc>&lt;table&gt;
&lt;tr&gt;&lt;td&gt;Longitude: 32.817735 &lt;/td&gt;&lt;/tr&gt;
&lt;tr&gt;&lt;td&gt;Latitude: -18.393693 &lt;/td&gt;&lt;/tr&gt;
&lt;tr&gt;&lt;td&gt;Heading: 220.8 &lt;/td&gt;&lt;/tr&gt;
&lt;/table&gt;</desc>
    <sym>Flag, Blue</sym>
    <type>user</type>
  </wpt>
  <wpt lat="-18.394126994535327" lon="32.81723599880934">
    <ele>1224.772488051327</ele>
    <time>2026-10-02T12:58:39.000Z</time>
    <name>The Epic 2025 001-257</name>
    <cmt>&lt;table&gt;
&lt;tr&gt;&lt;td&gt;Longitude: 32.817236 &lt;/td&gt;&lt;/tr&gt;
&lt;tr&gt;&lt;td&gt;Latitude: -18.394127 &lt;/td&gt;&lt;/tr&gt;
&lt;tr&gt;&lt;td&gt;Heading: 227.5 &lt;/td&gt;&lt;/tr&gt;
&lt;/table&gt;</cmt>
    <desc>&lt;table&gt;
&lt;tr&gt;&lt;td&gt;Longitude: 32.817236 &lt;/td&gt;&lt;/tr&gt;
&lt;tr&gt;&lt;td&gt;Latitude: -18.394127 &lt;/td&gt;&lt;/tr&gt;
&lt;tr&gt;&lt;td&gt;Heading: 227.5 &lt;/td&gt;&lt;/tr&gt;
&lt;/table&gt;</desc>
    <sym>Flag, Blue</sym>
    <type>user</type>
  </wpt>
  <wpt lat="-18.39469000697136" lon="32.81704598106444">
    <ele>1222.8004045916182</ele>
    <time>2026-10-02T12:58:39.000Z</time>
    <name>The Epic 2025 001-258</name>
    <cmt>&lt;table&gt;
&lt;tr&gt;&lt;td&gt;Longitude: 32.817046 &lt;/td&gt;&lt;/tr&gt;
&lt;tr&gt;&lt;td&gt;Latitude: -18.394690 &lt;/td&gt;&lt;/tr&gt;
&lt;tr&gt;&lt;td&gt;Heading: 197.7 &lt;/td&gt;&lt;/tr&gt;
&lt;/table&gt;</cmt>
    <desc>&lt;table&gt;
&lt;tr&gt;&lt;td&gt;Longitude: 32.817046 &lt;/td&gt;&lt;/tr&gt;
&lt;tr&gt;&lt;td&gt;Latitude: -18.394690 &lt;/td&gt;&lt;/tr&gt;
&lt;tr&gt;&lt;td&gt;Heading: 197.7 &lt;/td&gt;&lt;/tr&gt;
&lt;/table&gt;</desc>
    <sym>Flag, Blue</sym>
    <type>user</type>
  </wpt>
  <wpt lat="-18.395180013030767" lon="32.81705696135759">
    <ele>1232.819624345284</ele>
    <time>2026-10-02T12:58:39.000Z</time>
    <name>The Epic 2025 001-259</name>
    <cmt>&lt;table&gt;
&lt;tr&gt;&lt;td&gt;Longitude: 32.817057 &lt;/td&gt;&lt;/tr&gt;
&lt;tr&gt;&lt;td&gt;Latitude: -18.395180 &lt;/td&gt;&lt;/tr&gt;
&lt;tr&gt;&lt;td&gt;Heading: 178.8 &lt;/td&gt;&lt;/tr&gt;
&lt;/table&gt;</cmt>
    <desc>&lt;table&gt;
&lt;tr&gt;&lt;td&gt;Longitude: 32.817057 &lt;/td&gt;&lt;/tr&gt;
&lt;tr&gt;&lt;td&gt;Latitude: -18.395180 &lt;/td&gt;&lt;/tr&gt;
&lt;tr&gt;&lt;td&gt;Heading: 178.8 &lt;/td&gt;&lt;/tr&gt;
&lt;/table&gt;</desc>
    <sym>Flag, Blue</sym>
    <type>user</type>
  </wpt>
  <wpt lat="-18.456016033887863" lon="32.810504995286465">
    <ele>1782.0878219052684</ele>
    <time>2026-10-02T12:58:39.000Z</time>
    <name>The Epic 2025 001-26</name>
    <cmt>&lt;table&gt;
&lt;tr&gt;&lt;td&gt;Longitude: 32.810505 &lt;/td&gt;&lt;/tr&gt;
&lt;tr&gt;&lt;td&gt;Latitude: -18.456016 &lt;/td&gt;&lt;/tr&gt;
&lt;tr&gt;&lt;td&gt;Heading: 57.6 &lt;/td&gt;&lt;/tr&gt;
&lt;/table&gt;</cmt>
    <desc>&lt;table&gt;
&lt;tr&gt;&lt;td&gt;Longitude: 32.810505 &lt;/td&gt;&lt;/tr&gt;
&lt;tr&gt;&lt;td&gt;Latitude: -18.456016 &lt;/td&gt;&lt;/tr&gt;
&lt;tr&gt;&lt;td&gt;Heading: 57.6 &lt;/td&gt;&lt;/tr&gt;
&lt;/table&gt;</desc>
    <sym>Flag, Blue</sym>
    <type>user</type>
  </wpt>
  <wpt lat="-18.39589398354292" lon="32.81662101857364">
    <ele>1239.489390650242</ele>
    <time>2026-10-02T12:58:39.000Z</time>
    <name>The Epic 2025 001-260</name>
    <cmt>&lt;table&gt;
&lt;tr&gt;&lt;td&gt;Longitude: 32.816621 &lt;/td&gt;&lt;/tr&gt;
&lt;tr&gt;&lt;td&gt;Latitude: -18.395894 &lt;/td&gt;&lt;/tr&gt;
&lt;tr&gt;&lt;td&gt;Heading: 210.1 &lt;/td&gt;&lt;/tr&gt;
&lt;/table&gt;</cmt>
    <desc>&lt;table&gt;
&lt;tr&gt;&lt;td&gt;Longitude: 32.816621 &lt;/td&gt;&lt;/tr&gt;
&lt;tr&gt;&lt;td&gt;Latitude: -18.395894 &lt;/td&gt;&lt;/tr&gt;
&lt;tr&gt;&lt;td&gt;Heading: 210.1 &lt;/td&gt;&lt;/tr&gt;
&lt;/table&gt;</desc>
    <sym>Flag, Blue</sym>
    <type>user</type>
  </wpt>
  <wpt lat="-18.39632003568113" lon="32.81641700305045">
    <ele>1241.5615938462392</ele>
    <time>2026-10-02T12:58:39.000Z</time>
    <name>The Epic 2025 001-261</name>
    <cmt>&lt;table&gt;
&lt;tr&gt;&lt;td&gt;Longitude: 32.816417 &lt;/td&gt;&lt;/tr&gt;
&lt;tr&gt;&lt;td&gt;Latitude: -18.396320 &lt;/td&gt;&lt;/tr&gt;
&lt;tr&gt;&lt;td&gt;Heading: 204.5 &lt;/td&gt;&lt;/tr&gt;
&lt;/table&gt;</cmt>
    <desc>&lt;table&gt;
&lt;tr&gt;&lt;td&gt;Longitude: 32.816417 &lt;/td&gt;&lt;/tr&gt;
&lt;tr&gt;&lt;td&gt;Latitude: -18.396320 &lt;/td&gt;&lt;/tr&gt;
&lt;tr&gt;&lt;td&gt;Heading: 204.5 &lt;/td&gt;&lt;/tr&gt;
&lt;/table&gt;</desc>
    <sym>Flag, Blue</sym>
    <type>user</type>
  </wpt>
  <wpt lat="-18.396354988217354" lon="32.81615900807083">
    <ele>1235.5265822778456</ele>
    <time>2026-10-02T12:58:39.000Z</time>
    <name>The Epic 2025 001-262</name>
    <cmt>&lt;table&gt;
&lt;tr&gt;&lt;td&gt;Longitude: 32.816159 &lt;/td&gt;&lt;/tr&gt;
&lt;tr&gt;&lt;td&gt;Latitude: -18.396355 &lt;/td&gt;&lt;/tr&gt;
&lt;tr&gt;&lt;td&gt;Heading: 261.8 &lt;/td&gt;&lt;/tr&gt;
&lt;/table&gt;</cmt>
    <desc>&lt;table&gt;
&lt;tr&gt;&lt;td&gt;Longitude: 32.816159 &lt;/td&gt;&lt;/tr&gt;
&lt;tr&gt;&lt;td&gt;Latitude: -18.396355 &lt;/td&gt;&lt;/tr&gt;
&lt;tr&gt;&lt;td&gt;Heading: 261.8 &lt;/td&gt;&lt;/tr&gt;
&lt;/table&gt;</desc>
    <sym>Flag, Blue</sym>
    <type>user</type>
  </wpt>
  <wpt lat="-18.396332021802664" lon="32.81571895815432">
    <ele>1226.7040831852962</ele>
    <time>2026-10-02T12:58:39.000Z</time>
    <name>The Epic 2025 001-263</name>
    <cmt>&lt;table&gt;
&lt;tr&gt;&lt;td&gt;Longitude: 32.815719 &lt;/td&gt;&lt;/tr&gt;
&lt;tr&gt;&lt;td&gt;Latitude: -18.396332 &lt;/td&gt;&lt;/tr&gt;
&lt;tr&gt;&lt;td&gt;Heading: 273.2 &lt;/td&gt;&lt;/tr&gt;
&lt;/table&gt;</cmt>
    <desc>&lt;table&gt;
&lt;tr&gt;&lt;td&gt;Longitude: 32.815719 &lt;/td&gt;&lt;/tr&gt;
&lt;tr&gt;&lt;td&gt;Latitude: -18.396332 &lt;/td&gt;&lt;/tr&gt;
&lt;tr&gt;&lt;td&gt;Heading: 273.2 &lt;/td&gt;&lt;/tr&gt;
&lt;/table&gt;</desc>
    <sym>Flag, Blue</sym>
    <type>user</type>
  </wpt>
  <wpt lat="-18.396231019869447" lon="32.81504597514868">
    <ele>1223.2604453457911</ele>
    <time>2026-10-02T12:58:39.000Z</time>
    <name>The Epic 2025 001-264</name>
    <cmt>&lt;table&gt;
&lt;tr&gt;&lt;td&gt;Longitude: 32.815046 &lt;/td&gt;&lt;/tr&gt;
&lt;tr&gt;&lt;td&gt;Latitude: -18.396231 &lt;/td&gt;&lt;/tr&gt;
&lt;tr&gt;&lt;td&gt;Heading: 278.9 &lt;/td&gt;&lt;/tr&gt;
&lt;/table&gt;</cmt>
    <desc>&lt;table&gt;
&lt;tr&gt;&lt;td&gt;Longitude: 32.815046 &lt;/td&gt;&lt;/tr&gt;
&lt;tr&gt;&lt;td&gt;Latitude: -18.396231 &lt;/td&gt;&lt;/tr&gt;
&lt;tr&gt;&lt;td&gt;Heading: 278.9 &lt;/td&gt;&lt;/tr&gt;
&lt;/table&gt;</desc>
    <sym>Flag, Blue</sym>
    <type>user</type>
  </wpt>
  <wpt lat="-18.39619698934257" lon="32.814479023218155">
    <ele>1224.3046875</ele>
    <time>2026-10-02T12:58:39.000Z</time>
    <name>The Epic 2025 001-265</name>
    <cmt>&lt;table&gt;
&lt;tr&gt;&lt;td&gt;Longitude: 32.814479 &lt;/td&gt;&lt;/tr&gt;
&lt;tr&gt;&lt;td&gt;Latitude: -18.396197 &lt;/td&gt;&lt;/tr&gt;
&lt;tr&gt;&lt;td&gt;Heading: 273.6 &lt;/td&gt;&lt;/tr&gt;
&lt;/table&gt;</cmt>
    <desc>&lt;table&gt;
&lt;tr&gt;&lt;td&gt;Longitude: 32.814479 &lt;/td&gt;&lt;/tr&gt;
&lt;tr&gt;&lt;td&gt;Latitude: -18.396197 &lt;/td&gt;&lt;/tr&gt;
&lt;tr&gt;&lt;td&gt;Heading: 273.6 &lt;/td&gt;&lt;/tr&gt;
&lt;/table&gt;</desc>
    <sym>Flag, Blue</sym>
    <type>user</type>
  </wpt>
  <wpt lat="-18.39628097601235" lon="32.81378399580717">
    <ele>1227.3949110978283</ele>
    <time>2026-10-02T12:58:39.000Z</time>
    <name>The Epic 2025 001-266</name>
    <cmt>&lt;table&gt;
&lt;tr&gt;&lt;td&gt;Longitude: 32.813784 &lt;/td&gt;&lt;/tr&gt;
&lt;tr&gt;&lt;td&gt;Latitude: -18.396281 &lt;/td&gt;&lt;/tr&gt;
&lt;tr&gt;&lt;td&gt;Heading: 262.7 &lt;/td&gt;&lt;/tr&gt;
&lt;/table&gt;</cmt>
    <desc>&lt;table&gt;
&lt;tr&gt;&lt;td&gt;Longitude: 32.813784 &lt;/td&gt;&lt;/tr&gt;
&lt;tr&gt;&lt;td&gt;Latitude: -18.396281 &lt;/td&gt;&lt;/tr&gt;
&lt;tr&gt;&lt;td&gt;Heading: 262.7 &lt;/td&gt;&lt;/tr&gt;
&lt;/table&gt;</desc>
    <sym>Flag, Blue</sym>
    <type>user</type>
  </wpt>
  <wpt lat="-18.396521033719182" lon="32.81325199641287">
    <ele>1230.4064662964709</ele>
    <time>2026-10-02T12:58:39.000Z</time>
    <name>The Epic 2025 001-267</name>
    <cmt>&lt;table&gt;
&lt;tr&gt;&lt;td&gt;Longitude: 32.813252 &lt;/td&gt;&lt;/tr&gt;
&lt;tr&gt;&lt;td&gt;Latitude: -18.396521 &lt;/td&gt;&lt;/tr&gt;
&lt;tr&gt;&lt;td&gt;Heading: 244.6 &lt;/td&gt;&lt;/tr&gt;
&lt;/table&gt;</cmt>
    <desc>&lt;table&gt;
&lt;tr&gt;&lt;td&gt;Longitude: 32.813252 &lt;/td&gt;&lt;/tr&gt;
&lt;tr&gt;&lt;td&gt;Latitude: -18.396521 &lt;/td&gt;&lt;/tr&gt;
&lt;tr&gt;&lt;td&gt;Heading: 244.6 &lt;/td&gt;&lt;/tr&gt;
&lt;/table&gt;</desc>
    <sym>Flag, Blue</sym>
    <type>user</type>
  </wpt>
  <wpt lat="-18.39682102203369" lon="32.812783028930426">
    <ele>1234.3540380406212</ele>
    <time>2026-10-02T12:58:39.000Z</time>
    <name>The Epic 2025 001-268</name>
    <cmt>&lt;table&gt;
&lt;tr&gt;&lt;td&gt;Longitude: 32.812783 &lt;/td&gt;&lt;/tr&gt;
&lt;tr&gt;&lt;td&gt;Latitude: -18.396821 &lt;/td&gt;&lt;/tr&gt;
&lt;tr&gt;&lt;td&gt;Heading: 236.0 &lt;/td&gt;&lt;/tr&gt;
&lt;/table&gt;</cmt>
    <desc>&lt;table&gt;
&lt;tr&gt;&lt;td&gt;Longitude: 32.812783 &lt;/td&gt;&lt;/tr&gt;
&lt;tr&gt;&lt;td&gt;Latitude: -18.396821 &lt;/td&gt;&lt;/tr&gt;
&lt;tr&gt;&lt;td&gt;Heading: 236.0 &lt;/td&gt;&lt;/tr&gt;
&lt;/table&gt;</desc>
    <sym>Flag, Blue</sym>
    <type>user</type>
  </wpt>
  <wpt lat="-18.397384034469724" lon="32.8126169834286">
    <ele>1244.425982807763</ele>
    <time>2026-10-02T12:58:39.000Z</time>
    <name>The Epic 2025 001-269</name>
    <cmt>&lt;table&gt;
&lt;tr&gt;&lt;td&gt;Longitude: 32.812617 &lt;/td&gt;&lt;/tr&gt;
&lt;tr&gt;&lt;td&gt;Latitude: -18.397384 &lt;/td&gt;&lt;/tr&gt;
&lt;tr&gt;&lt;td&gt;Heading: 195.7 &lt;/td&gt;&lt;/tr&gt;
&lt;/table&gt;</cmt>
    <desc>&lt;table&gt;
&lt;tr&gt;&lt;td&gt;Longitude: 32.812617 &lt;/td&gt;&lt;/tr&gt;
&lt;tr&gt;&lt;td&gt;Latitude: -18.397384 &lt;/td&gt;&lt;/tr&gt;
&lt;tr&gt;&lt;td&gt;Heading: 195.7 &lt;/td&gt;&lt;/tr&gt;
&lt;/table&gt;</desc>
    <sym>Flag, Blue</sym>
    <type>user</type>
  </wpt>
  <wpt lat="-18.455939004197717" lon="32.81082199886441">
    <ele>1781.936371035059</ele>
    <time>2026-10-02T12:58:39.000Z</time>
    <name>The Epic 2025 001-27</name>
    <cmt>&lt;table&gt;
&lt;tr&gt;&lt;td&gt;Longitude: 32.810822 &lt;/td&gt;&lt;/tr&gt;
&lt;tr&gt;&lt;td&gt;Latitude: -18.455939 &lt;/td&gt;&lt;/tr&gt;
&lt;tr&gt;&lt;td&gt;Heading: 75.7 &lt;/td&gt;&lt;/tr&gt;
&lt;/table&gt;</cmt>
    <desc>&lt;table&gt;
&lt;tr&gt;&lt;td&gt;Longitude: 32.810822 &lt;/td&gt;&lt;/tr&gt;
&lt;tr&gt;&lt;td&gt;Latitude: -18.455939 &lt;/td&gt;&lt;/tr&gt;
&lt;tr&gt;&lt;td&gt;Heading: 75.7 &lt;/td&gt;&lt;/tr&gt;
&lt;/table&gt;</desc>
    <sym>Flag, Blue</sym>
    <type>user</type>
  </wpt>
  <wpt lat="-18.39834099635482" lon="32.81190703622997">
    <ele>1250.810404456161</ele>
    <time>2026-10-02T12:58:39.000Z</time>
    <name>The Epic 2025 001-270</name>
    <cmt>&lt;table&gt;
&lt;tr&gt;&lt;td&gt;Longitude: 32.811907 &lt;/td&gt;&lt;/tr&gt;
&lt;tr&gt;&lt;td&gt;Latitude: -18.398341 &lt;/td&gt;&lt;/tr&gt;
&lt;tr&gt;&lt;td&gt;Heading: 215.2 &lt;/td&gt;&lt;/tr&gt;
&lt;/table&gt;</cmt>
    <desc>&lt;table&gt;
&lt;tr&gt;&lt;td&gt;Longitude: 32.811907 &lt;/td&gt;&lt;/tr&gt;
&lt;tr&gt;&lt;td&gt;Latitude: -18.398341 &lt;/td&gt;&lt;/tr&gt;
&lt;tr&gt;&lt;td&gt;Heading: 215.2 &lt;/td&gt;&lt;/tr&gt;
&lt;/table&gt;</desc>
    <sym>Flag, Blue</sym>
    <type>user</type>
  </wpt>
  <wpt lat="-18.398997969925404" lon="32.81173403374851">
    <ele>1263.7758948783157</ele>
    <time>2026-10-02T12:58:39.000Z</time>
    <name>The Epic 2025 001-271</name>
    <cmt>&lt;table&gt;
&lt;tr&gt;&lt;td&gt;Longitude: 32.811734 &lt;/td&gt;&lt;/tr&gt;
&lt;tr&gt;&lt;td&gt;Latitude: -18.398998 &lt;/td&gt;&lt;/tr&gt;
&lt;tr&gt;&lt;td&gt;Heading: 194.0 &lt;/td&gt;&lt;/tr&gt;
&lt;/table&gt;</cmt>
    <desc>&lt;table&gt;
&lt;tr&gt;&lt;td&gt;Longitude: 32.811734 &lt;/td&gt;&lt;/tr&gt;
&lt;tr&gt;&lt;td&gt;Latitude: -18.398998 &lt;/td&gt;&lt;/tr&gt;
&lt;tr&gt;&lt;td&gt;Heading: 194.0 &lt;/td&gt;&lt;/tr&gt;
&lt;/table&gt;</desc>
    <sym>Flag, Blue</sym>
    <type>user</type>
  </wpt>
  <wpt lat="-18.39913995936513" lon="32.8108830191195">
    <ele>1251.3770259970252</ele>
    <time>2026-10-02T12:58:39.000Z</time>
    <name>The Epic 2025 001-272</name>
    <cmt>&lt;table&gt;
&lt;tr&gt;&lt;td&gt;Longitude: 32.810883 &lt;/td&gt;&lt;/tr&gt;
&lt;tr&gt;&lt;td&gt;Latitude: -18.399140 &lt;/td&gt;&lt;/tr&gt;
&lt;tr&gt;&lt;td&gt;Heading: 260.0 &lt;/td&gt;&lt;/tr&gt;
&lt;/table&gt;</cmt>
    <desc>&lt;table&gt;
&lt;tr&gt;&lt;td&gt;Longitude: 32.810883 &lt;/td&gt;&lt;/tr&gt;
&lt;tr&gt;&lt;td&gt;Latitude: -18.399140 &lt;/td&gt;&lt;/tr&gt;
&lt;tr&gt;&lt;td&gt;Heading: 260.0 &lt;/td&gt;&lt;/tr&gt;
&lt;/table&gt;</desc>
    <sym>Flag, Blue</sym>
    <type>user</type>
  </wpt>
  <wpt lat="-18.39909603819251" lon="32.81038396060467">
    <ele>1247.2348900434</ele>
    <time>2026-10-02T12:58:39.000Z</time>
    <name>The Epic 2025 001-273</name>
    <cmt>&lt;table&gt;
&lt;tr&gt;&lt;td&gt;Longitude: 32.810384 &lt;/td&gt;&lt;/tr&gt;
&lt;tr&gt;&lt;td&gt;Latitude: -18.399096 &lt;/td&gt;&lt;/tr&gt;
&lt;tr&gt;&lt;td&gt;Heading: 275.3 &lt;/td&gt;&lt;/tr&gt;
&lt;/table&gt;</cmt>
    <desc>&lt;table&gt;
&lt;tr&gt;&lt;td&gt;Longitude: 32.810384 &lt;/td&gt;&lt;/tr&gt;
&lt;tr&gt;&lt;td&gt;Latitude: -18.399096 &lt;/td&gt;&lt;/tr&gt;
&lt;tr&gt;&lt;td&gt;Heading: 275.3 &lt;/td&gt;&lt;/tr&gt;
&lt;/table&gt;</desc>
    <sym>Flag, Blue</sym>
    <type>user</type>
  </wpt>
  <wpt lat="-18.399234004318714" lon="32.80994097702205">
    <ele>1247.662031963584</ele>
    <time>2026-10-02T12:58:39.000Z</time>
    <name>The Epic 2025 001-274</name>
    <cmt>&lt;table&gt;
&lt;tr&gt;&lt;td&gt;Longitude: 32.809941 &lt;/td&gt;&lt;/tr&gt;
&lt;tr&gt;&lt;td&gt;Latitude: -18.399234 &lt;/td&gt;&lt;/tr&gt;
&lt;tr&gt;&lt;td&gt;Heading: 251.9 &lt;/td&gt;&lt;/tr&gt;
&lt;/table&gt;</cmt>
    <desc>&lt;table&gt;
&lt;tr&gt;&lt;td&gt;Longitude: 32.809941 &lt;/td&gt;&lt;/tr&gt;
&lt;tr&gt;&lt;td&gt;Latitude: -18.399234 &lt;/td&gt;&lt;/tr&gt;
&lt;tr&gt;&lt;td&gt;Heading: 251.9 &lt;/td&gt;&lt;/tr&gt;
&lt;/table&gt;</desc>
    <sym>Flag, Blue</sym>
    <type>user</type>
  </wpt>
  <wpt lat="-18.399230986833572" lon="32.809561025351286">
    <ele>1248.053876526386</ele>
    <time>2026-10-02T12:58:39.000Z</time>
    <name>The Epic 2025 001-275</name>
    <cmt>&lt;table&gt;
&lt;tr&gt;&lt;td&gt;Longitude: 32.809561 &lt;/td&gt;&lt;/tr&gt;
&lt;tr&gt;&lt;td&gt;Latitude: -18.399231 &lt;/td&gt;&lt;/tr&gt;
&lt;tr&gt;&lt;td&gt;Heading: 270.4 &lt;/td&gt;&lt;/tr&gt;
&lt;/table&gt;</cmt>
    <desc>&lt;table&gt;
&lt;tr&gt;&lt;td&gt;Longitude: 32.809561 &lt;/td&gt;&lt;/tr&gt;
&lt;tr&gt;&lt;td&gt;Latitude: -18.399231 &lt;/td&gt;&lt;/tr&gt;
&lt;tr&gt;&lt;td&gt;Heading: 270.4 &lt;/td&gt;&lt;/tr&gt;
&lt;/table&gt;</desc>
    <sym>Flag, Blue</sym>
    <type>user</type>
  </wpt>
  <wpt lat="-18.399401977658272" lon="32.809216026216745">
    <ele>1249.5905519155954</ele>
    <time>2026-10-02T12:58:39.000Z</time>
    <name>The Epic 2025 001-276</name>
    <cmt>&lt;table&gt;
&lt;tr&gt;&lt;td&gt;Longitude: 32.809216 &lt;/td&gt;&lt;/tr&gt;
&lt;tr&gt;&lt;td&gt;Latitude: -18.399402 &lt;/td&gt;&lt;/tr&gt;
&lt;tr&gt;&lt;td&gt;Heading: 242.5 &lt;/td&gt;&lt;/tr&gt;
&lt;/table&gt;</cmt>
    <desc>&lt;table&gt;
&lt;tr&gt;&lt;td&gt;Longitude: 32.809216 &lt;/td&gt;&lt;/tr&gt;
&lt;tr&gt;&lt;td&gt;Latitude: -18.399402 &lt;/td&gt;&lt;/tr&gt;
&lt;tr&gt;&lt;td&gt;Heading: 242.5 &lt;/td&gt;&lt;/tr&gt;
&lt;/table&gt;</desc>
    <sym>Flag, Blue</sym>
    <type>user</type>
  </wpt>
  <wpt lat="-18.399681011214852" lon="32.80898300930858">
    <ele>1250.1690608414133</ele>
    <time>2026-10-02T12:58:39.000Z</time>
    <name>The Epic 2025 001-277</name>
    <cmt>&lt;table&gt;
&lt;tr&gt;&lt;td&gt;Longitude: 32.808983 &lt;/td&gt;&lt;/tr&gt;
&lt;tr&gt;&lt;td&gt;Latitude: -18.399681 &lt;/td&gt;&lt;/tr&gt;
&lt;tr&gt;&lt;td&gt;Heading: 218.3 &lt;/td&gt;&lt;/tr&gt;
&lt;/table&gt;</cmt>
    <desc>&lt;table&gt;
&lt;tr&gt;&lt;td&gt;Longitude: 32.808983 &lt;/td&gt;&lt;/tr&gt;
&lt;tr&gt;&lt;td&gt;Latitude: -18.399681 &lt;/td&gt;&lt;/tr&gt;
&lt;tr&gt;&lt;td&gt;Heading: 218.3 &lt;/td&gt;&lt;/tr&gt;
&lt;/table&gt;</desc>
    <sym>Flag, Blue</sym>
    <type>user</type>
  </wpt>
  <wpt lat="-18.400099016726017" lon="32.80884001404047">
    <ele>1252.6707395705944</ele>
    <time>2026-10-02T12:58:39.000Z</time>
    <name>The Epic 2025 001-278</name>
    <cmt>&lt;table&gt;
&lt;tr&gt;&lt;td&gt;Longitude: 32.808840 &lt;/td&gt;&lt;/tr&gt;
&lt;tr&gt;&lt;td&gt;Latitude: -18.400099 &lt;/td&gt;&lt;/tr&gt;
&lt;tr&gt;&lt;td&gt;Heading: 198.0 &lt;/td&gt;&lt;/tr&gt;
&lt;/table&gt;</cmt>
    <desc>&lt;table&gt;
&lt;tr&gt;&lt;td&gt;Longitude: 32.808840 &lt;/td&gt;&lt;/tr&gt;
&lt;tr&gt;&lt;td&gt;Latitude: -18.400099 &lt;/td&gt;&lt;/tr&gt;
&lt;tr&gt;&lt;td&gt;Heading: 198.0 &lt;/td&gt;&lt;/tr&gt;
&lt;/table&gt;</desc>
    <sym>Flag, Blue</sym>
    <type>user</type>
  </wpt>
  <wpt lat="-18.400545017793775" lon="32.80869198963046">
    <ele>1259.0686332127134</ele>
    <time>2026-10-02T12:58:39.000Z</time>
    <name>The Epic 2025 001-279</name>
    <cmt>&lt;table&gt;
&lt;tr&gt;&lt;td&gt;Longitude: 32.808692 &lt;/td&gt;&lt;/tr&gt;
&lt;tr&gt;&lt;td&gt;Latitude: -18.400545 &lt;/td&gt;&lt;/tr&gt;
&lt;tr&gt;&lt;td&gt;Heading: 197.5 &lt;/td&gt;&lt;/tr&gt;
&lt;/table&gt;</cmt>
    <desc>&lt;table&gt;
&lt;tr&gt;&lt;td&gt;Longitude: 32.808692 &lt;/td&gt;&lt;/tr&gt;
&lt;tr&gt;&lt;td&gt;Latitude: -18.400545 &lt;/td&gt;&lt;/tr&gt;
&lt;tr&gt;&lt;td&gt;Heading: 197.5 &lt;/td&gt;&lt;/tr&gt;
&lt;/table&gt;</desc>
    <sym>Flag, Blue</sym>
    <type>user</type>
  </wpt>
  <wpt lat="-18.45596599392593" lon="32.81118300743401">
    <ele>1783.1210193072911</ele>
    <time>2026-10-02T12:58:39.000Z</time>
    <name>The Epic 2025 001-28</name>
    <cmt>&lt;table&gt;
&lt;tr&gt;&lt;td&gt;Longitude: 32.811183 &lt;/td&gt;&lt;/tr&gt;
&lt;tr&gt;&lt;td&gt;Latitude: -18.455966 &lt;/td&gt;&lt;/tr&gt;
&lt;tr&gt;&lt;td&gt;Heading: 94.4 &lt;/td&gt;&lt;/tr&gt;
&lt;/table&gt;</cmt>
    <desc>&lt;table&gt;
&lt;tr&gt;&lt;td&gt;Longitude: 32.811183 &lt;/td&gt;&lt;/tr&gt;
&lt;tr&gt;&lt;td&gt;Latitude: -18.455966 &lt;/td&gt;&lt;/tr&gt;
&lt;tr&gt;&lt;td&gt;Heading: 94.4 &lt;/td&gt;&lt;/tr&gt;
&lt;/table&gt;</desc>
    <sym>Flag, Blue</sym>
    <type>user</type>
  </wpt>
  <wpt lat="-18.40092203579843" lon="32.808466013520956">
    <ele>1263.7316824983993</ele>
    <time>2026-10-02T12:58:39.000Z</time>
    <name>The Epic 2025 001-280</name>
    <cmt>&lt;table&gt;
&lt;tr&gt;&lt;td&gt;Longitude: 32.808466 &lt;/td&gt;&lt;/tr&gt;
&lt;tr&gt;&lt;td&gt;Latitude: -18.400922 &lt;/td&gt;&lt;/tr&gt;
&lt;tr&gt;&lt;td&gt;Heading: 209.6 &lt;/td&gt;&lt;/tr&gt;
&lt;/table&gt;</cmt>
    <desc>&lt;table&gt;
&lt;tr&gt;&lt;td&gt;Longitude: 32.808466 &lt;/td&gt;&lt;/tr&gt;
&lt;tr&gt;&lt;td&gt;Latitude: -18.400922 &lt;/td&gt;&lt;/tr&gt;
&lt;tr&gt;&lt;td&gt;Heading: 209.6 &lt;/td&gt;&lt;/tr&gt;
&lt;/table&gt;</desc>
    <sym>Flag, Blue</sym>
    <type>user</type>
  </wpt>
  <wpt lat="-18.401207020506263" lon="32.808013977482915">
    <ele>1264.5766727231048</ele>
    <time>2026-10-02T12:58:39.000Z</time>
    <name>The Epic 2025 001-281</name>
    <cmt>&lt;table&gt;
&lt;tr&gt;&lt;td&gt;Longitude: 32.808014 &lt;/td&gt;&lt;/tr&gt;
&lt;tr&gt;&lt;td&gt;Latitude: -18.401207 &lt;/td&gt;&lt;/tr&gt;
&lt;tr&gt;&lt;td&gt;Heading: 236.4 &lt;/td&gt;&lt;/tr&gt;
&lt;/table&gt;</cmt>
    <desc>&lt;table&gt;
&lt;tr&gt;&lt;td&gt;Longitude: 32.808014 &lt;/td&gt;&lt;/tr&gt;
&lt;tr&gt;&lt;td&gt;Latitude: -18.401207 &lt;/td&gt;&lt;/tr&gt;
&lt;tr&gt;&lt;td&gt;Heading: 236.4 &lt;/td&gt;&lt;/tr&gt;
&lt;/table&gt;</desc>
    <sym>Flag, Blue</sym>
    <type>user</type>
  </wpt>
  <wpt lat="-18.401512037962675" lon="32.807754976674914">
    <ele>1269.0261442061521</ele>
    <time>2026-10-02T12:58:39.000Z</time>
    <name>The Epic 2025 001-282</name>
    <cmt>&lt;table&gt;
&lt;tr&gt;&lt;td&gt;Longitude: 32.807755 &lt;/td&gt;&lt;/tr&gt;
&lt;tr&gt;&lt;td&gt;Latitude: -18.401512 &lt;/td&gt;&lt;/tr&gt;
&lt;tr&gt;&lt;td&gt;Heading: 218.9 &lt;/td&gt;&lt;/tr&gt;
&lt;/table&gt;</cmt>
    <desc>&lt;table&gt;
&lt;tr&gt;&lt;td&gt;Longitude: 32.807755 &lt;/td&gt;&lt;/tr&gt;
&lt;tr&gt;&lt;td&gt;Latitude: -18.401512 &lt;/td&gt;&lt;/tr&gt;
&lt;tr&gt;&lt;td&gt;Heading: 218.9 &lt;/td&gt;&lt;/tr&gt;
&lt;/table&gt;</desc>
    <sym>Flag, Blue</sym>
    <type>user</type>
  </wpt>
  <wpt lat="-18.401602981612086" lon="32.807305036112666">
    <ele>1267.840289747994</ele>
    <time>2026-10-02T12:58:39.000Z</time>
    <name>The Epic 2025 001-283</name>
    <cmt>&lt;table&gt;
&lt;tr&gt;&lt;td&gt;Longitude: 32.807305 &lt;/td&gt;&lt;/tr&gt;
&lt;tr&gt;&lt;td&gt;Latitude: -18.401603 &lt;/td&gt;&lt;/tr&gt;
&lt;tr&gt;&lt;td&gt;Heading: 258.0 &lt;/td&gt;&lt;/tr&gt;
&lt;/table&gt;</cmt>
    <desc>&lt;table&gt;
&lt;tr&gt;&lt;td&gt;Longitude: 32.807305 &lt;/td&gt;&lt;/tr&gt;
&lt;tr&gt;&lt;td&gt;Latitude: -18.401603 &lt;/td&gt;&lt;/tr&gt;
&lt;tr&gt;&lt;td&gt;Heading: 258.0 &lt;/td&gt;&lt;/tr&gt;
&lt;/table&gt;</desc>
    <sym>Flag, Blue</sym>
    <type>user</type>
  </wpt>
  <wpt lat="-18.401733990758657" lon="32.806873032823205">
    <ele>1266.4325427860022</ele>
    <time>2026-10-02T12:58:39.000Z</time>
    <name>The Epic 2025 001-284</name>
    <cmt>&lt;table&gt;
&lt;tr&gt;&lt;td&gt;Longitude: 32.806873 &lt;/td&gt;&lt;/tr&gt;
&lt;tr&gt;&lt;td&gt;Latitude: -18.401734 &lt;/td&gt;&lt;/tr&gt;
&lt;tr&gt;&lt;td&gt;Heading: 252.3 &lt;/td&gt;&lt;/tr&gt;
&lt;/table&gt;</cmt>
    <desc>&lt;table&gt;
&lt;tr&gt;&lt;td&gt;Longitude: 32.806873 &lt;/td&gt;&lt;/tr&gt;
&lt;tr&gt;&lt;td&gt;Latitude: -18.401734 &lt;/td&gt;&lt;/tr&gt;
&lt;tr&gt;&lt;td&gt;Heading: 252.3 &lt;/td&gt;&lt;/tr&gt;
&lt;/table&gt;</desc>
    <sym>Flag, Blue</sym>
    <type>user</type>
  </wpt>
  <wpt lat="-18.401883020997047" lon="32.80651202425361">
    <ele>1267.1701654139906</ele>
    <time>2026-10-02T12:58:39.000Z</time>
    <name>The Epic 2025 001-285</name>
    <cmt>&lt;table&gt;
&lt;tr&gt;&lt;td&gt;Longitude: 32.806512 &lt;/td&gt;&lt;/tr&gt;
&lt;tr&gt;&lt;td&gt;Latitude: -18.401883 &lt;/td&gt;&lt;/tr&gt;
&lt;tr&gt;&lt;td&gt;Heading: 246.5 &lt;/td&gt;&lt;/tr&gt;
&lt;/table&gt;</cmt>
    <desc>&lt;table&gt;
&lt;tr&gt;&lt;td&gt;Longitude: 32.806512 &lt;/td&gt;&lt;/tr&gt;
&lt;tr&gt;&lt;td&gt;Latitude: -18.401883 &lt;/td&gt;&lt;/tr&gt;
&lt;tr&gt;&lt;td&gt;Heading: 246.5 &lt;/td&gt;&lt;/tr&gt;
&lt;/table&gt;</desc>
    <sym>Flag, Blue</sym>
    <type>user</type>
  </wpt>
  <wpt lat="-18.402048982679844" lon="32.80623399652541">
    <ele>1271.6396553092445</ele>
    <time>2026-10-02T12:58:39.000Z</time>
    <name>The Epic 2025 001-286</name>
    <cmt>&lt;table&gt;
&lt;tr&gt;&lt;td&gt;Longitude: 32.806234 &lt;/td&gt;&lt;/tr&gt;
&lt;tr&gt;&lt;td&gt;Latitude: -18.402049 &lt;/td&gt;&lt;/tr&gt;
&lt;tr&gt;&lt;td&gt;Heading: 237.8 &lt;/td&gt;&lt;/tr&gt;
&lt;/table&gt;</cmt>
    <desc>&lt;table&gt;
&lt;tr&gt;&lt;td&gt;Longitude: 32.806234 &lt;/td&gt;&lt;/tr&gt;
&lt;tr&gt;&lt;td&gt;Latitude: -18.402049 &lt;/td&gt;&lt;/tr&gt;
&lt;tr&gt;&lt;td&gt;Heading: 237.8 &lt;/td&gt;&lt;/tr&gt;
&lt;/table&gt;</desc>
    <sym>Flag, Blue</sym>
    <type>user</type>
  </wpt>
  <wpt lat="-18.402197007089853" lon="32.80587701126933">
    <ele>1272.6985410479829</ele>
    <time>2026-10-02T12:58:39.000Z</time>
    <name>The Epic 2025 001-287</name>
    <cmt>&lt;table&gt;
&lt;tr&gt;&lt;td&gt;Longitude: 32.805877 &lt;/td&gt;&lt;/tr&gt;
&lt;tr&gt;&lt;td&gt;Latitude: -18.402197 &lt;/td&gt;&lt;/tr&gt;
&lt;tr&gt;&lt;td&gt;Heading: 246.4 &lt;/td&gt;&lt;/tr&gt;
&lt;/table&gt;</cmt>
    <desc>&lt;table&gt;
&lt;tr&gt;&lt;td&gt;Longitude: 32.805877 &lt;/td&gt;&lt;/tr&gt;
&lt;tr&gt;&lt;td&gt;Latitude: -18.402197 &lt;/td&gt;&lt;/tr&gt;
&lt;tr&gt;&lt;td&gt;Heading: 246.4 &lt;/td&gt;&lt;/tr&gt;
&lt;/table&gt;</desc>
    <sym>Flag, Blue</sym>
    <type>user</type>
  </wpt>
  <wpt lat="-18.40229800902307" lon="32.805260019376874">
    <ele>1270.5684656797378</ele>
    <time>2026-10-02T12:58:39.000Z</time>
    <name>The Epic 2025 001-288</name>
    <cmt>&lt;table&gt;
&lt;tr&gt;&lt;td&gt;Longitude: 32.805260 &lt;/td&gt;&lt;/tr&gt;
&lt;tr&gt;&lt;td&gt;Latitude: -18.402298 &lt;/td&gt;&lt;/tr&gt;
&lt;tr&gt;&lt;td&gt;Heading: 260.2 &lt;/td&gt;&lt;/tr&gt;
&lt;/table&gt;</cmt>
    <desc>&lt;table&gt;
&lt;tr&gt;&lt;td&gt;Longitude: 32.805260 &lt;/td&gt;&lt;/tr&gt;
&lt;tr&gt;&lt;td&gt;Latitude: -18.402298 &lt;/td&gt;&lt;/tr&gt;
&lt;tr&gt;&lt;td&gt;Heading: 260.2 &lt;/td&gt;&lt;/tr&gt;
&lt;/table&gt;</desc>
    <sym>Flag, Blue</sym>
    <type>user</type>
  </wpt>
  <wpt lat="-18.40255298651755" lon="32.804726008325815">
    <ele>1273.988121898999</ele>
    <time>2026-10-02T12:58:39.000Z</time>
    <name>The Epic 2025 001-289</name>
    <cmt>&lt;table&gt;
&lt;tr&gt;&lt;td&gt;Longitude: 32.804726 &lt;/td&gt;&lt;/tr&gt;
&lt;tr&gt;&lt;td&gt;Latitude: -18.402553 &lt;/td&gt;&lt;/tr&gt;
&lt;tr&gt;&lt;td&gt;Heading: 243.3 &lt;/td&gt;&lt;/tr&gt;
&lt;/table&gt;</cmt>
    <desc>&lt;table&gt;
&lt;tr&gt;&lt;td&gt;Longitude: 32.804726 &lt;/td&gt;&lt;/tr&gt;
&lt;tr&gt;&lt;td&gt;Latitude: -18.402553 &lt;/td&gt;&lt;/tr&gt;
&lt;tr&gt;&lt;td&gt;Heading: 243.3 &lt;/td&gt;&lt;/tr&gt;
&lt;/table&gt;</desc>
    <sym>Flag, Blue</sym>
    <type>user</type>
  </wpt>
  <wpt lat="-18.455998012796044" lon="32.81182497739792">
    <ele>1780.1603619533344</ele>
    <time>2026-10-02T12:58:39.000Z</time>
    <name>The Epic 2025 001-29</name>
    <cmt>&lt;table&gt;
&lt;tr&gt;&lt;td&gt;Longitude: 32.811825 &lt;/td&gt;&lt;/tr&gt;
&lt;tr&gt;&lt;td&gt;Latitude: -18.455998 &lt;/td&gt;&lt;/tr&gt;
&lt;tr&gt;&lt;td&gt;Heading: 93.0 &lt;/td&gt;&lt;/tr&gt;
&lt;/table&gt;</cmt>
    <desc>&lt;table&gt;
&lt;tr&gt;&lt;td&gt;Longitude: 32.811825 &lt;/td&gt;&lt;/tr&gt;
&lt;tr&gt;&lt;td&gt;Latitude: -18.455998 &lt;/td&gt;&lt;/tr&gt;
&lt;tr&gt;&lt;td&gt;Heading: 93.0 &lt;/td&gt;&lt;/tr&gt;
&lt;/table&gt;</desc>
    <sym>Flag, Blue</sym>
    <type>user</type>
  </wpt>
  <wpt lat="-18.402654994279146" lon="32.804361982271075">
    <ele>1270.4291528033327</ele>
    <time>2026-10-02T12:58:39.000Z</time>
    <name>The Epic 2025 001-290</name>
    <cmt>&lt;table&gt;
&lt;tr&gt;&lt;td&gt;Longitude: 32.804362 &lt;/td&gt;&lt;/tr&gt;
&lt;tr&gt;&lt;td&gt;Latitude: -18.402655 &lt;/td&gt;&lt;/tr&gt;
&lt;tr&gt;&lt;td&gt;Heading: 253.6 &lt;/td&gt;&lt;/tr&gt;
&lt;/table&gt;</cmt>
    <desc>&lt;table&gt;
&lt;tr&gt;&lt;td&gt;Longitude: 32.804362 &lt;/td&gt;&lt;/tr&gt;
&lt;tr&gt;&lt;td&gt;Latitude: -18.402655 &lt;/td&gt;&lt;/tr&gt;
&lt;tr&gt;&lt;td&gt;Heading: 253.6 &lt;/td&gt;&lt;/tr&gt;
&lt;/table&gt;</desc>
    <sym>Flag, Blue</sym>
    <type>user</type>
  </wpt>
  <wpt lat="-18.402850041165948" lon="32.804004997015">
    <ele>1267.4363121570004</ele>
    <time>2026-10-02T12:58:39.000Z</time>
    <name>The Epic 2025 001-291</name>
    <cmt>&lt;table&gt;
&lt;tr&gt;&lt;td&gt;Longitude: 32.804005 &lt;/td&gt;&lt;/tr&gt;
&lt;tr&gt;&lt;td&gt;Latitude: -18.402850 &lt;/td&gt;&lt;/tr&gt;
&lt;tr&gt;&lt;td&gt;Heading: 240.1 &lt;/td&gt;&lt;/tr&gt;
&lt;/table&gt;</cmt>
    <desc>&lt;table&gt;
&lt;tr&gt;&lt;td&gt;Longitude: 32.804005 &lt;/td&gt;&lt;/tr&gt;
&lt;tr&gt;&lt;td&gt;Latitude: -18.402850 &lt;/td&gt;&lt;/tr&gt;
&lt;tr&gt;&lt;td&gt;Heading: 240.1 &lt;/td&gt;&lt;/tr&gt;
&lt;/table&gt;</desc>
    <sym>Flag, Blue</sym>
    <type>user</type>
  </wpt>
  <wpt lat="-18.403043998405337" lon="32.803649017587304">
    <ele>1268.8143725655677</ele>
    <time>2026-10-02T12:58:39.000Z</time>
    <name>The Epic 2025 001-292</name>
    <cmt>&lt;table&gt;
&lt;tr&gt;&lt;td&gt;Longitude: 32.803649 &lt;/td&gt;&lt;/tr&gt;
&lt;tr&gt;&lt;td&gt;Latitude: -18.403044 &lt;/td&gt;&lt;/tr&gt;
&lt;tr&gt;&lt;td&gt;Heading: 240.1 &lt;/td&gt;&lt;/tr&gt;
&lt;/table&gt;</cmt>
    <desc>&lt;table&gt;
&lt;tr&gt;&lt;td&gt;Longitude: 32.803649 &lt;/td&gt;&lt;/tr&gt;
&lt;tr&gt;&lt;td&gt;Latitude: -18.403044 &lt;/td&gt;&lt;/tr&gt;
&lt;tr&gt;&lt;td&gt;Heading: 240.1 &lt;/td&gt;&lt;/tr&gt;
&lt;/table&gt;</desc>
    <sym>Flag, Blue</sym>
    <type>user</type>
  </wpt>
  <wpt lat="-18.403367958962917" lon="32.80303403735161">
    <ele>1271.1873097160642</ele>
    <time>2026-10-02T12:58:39.000Z</time>
    <name>The Epic 2025 001-293</name>
    <cmt>&lt;table&gt;
&lt;tr&gt;&lt;td&gt;Longitude: 32.803034 &lt;/td&gt;&lt;/tr&gt;
&lt;tr&gt;&lt;td&gt;Latitude: -18.403368 &lt;/td&gt;&lt;/tr&gt;
&lt;tr&gt;&lt;td&gt;Heading: 241.0 &lt;/td&gt;&lt;/tr&gt;
&lt;/table&gt;</cmt>
    <desc>&lt;table&gt;
&lt;tr&gt;&lt;td&gt;Longitude: 32.803034 &lt;/td&gt;&lt;/tr&gt;
&lt;tr&gt;&lt;td&gt;Latitude: -18.403368 &lt;/td&gt;&lt;/tr&gt;
&lt;tr&gt;&lt;td&gt;Heading: 241.0 &lt;/td&gt;&lt;/tr&gt;
&lt;/table&gt;</desc>
    <sym>Flag, Blue</sym>
    <type>user</type>
  </wpt>
  <wpt lat="-18.40384698472917" lon="32.802665987983346">
    <ele>1275.2844418211607</ele>
    <time>2026-10-02T12:58:39.000Z</time>
    <name>The Epic 2025 001-294</name>
    <cmt>&lt;table&gt;
&lt;tr&gt;&lt;td&gt;Longitude: 32.802666 &lt;/td&gt;&lt;/tr&gt;
&lt;tr&gt;&lt;td&gt;Latitude: -18.403847 &lt;/td&gt;&lt;/tr&gt;
&lt;tr&gt;&lt;td&gt;Heading: 216.1 &lt;/td&gt;&lt;/tr&gt;
&lt;/table&gt;</cmt>
    <desc>&lt;table&gt;
&lt;tr&gt;&lt;td&gt;Longitude: 32.802666 &lt;/td&gt;&lt;/tr&gt;
&lt;tr&gt;&lt;td&gt;Latitude: -18.403847 &lt;/td&gt;&lt;/tr&gt;
&lt;tr&gt;&lt;td&gt;Heading: 216.1 &lt;/td&gt;&lt;/tr&gt;
&lt;/table&gt;</desc>
    <sym>Flag, Blue</sym>
    <type>user</type>
  </wpt>
  <wpt lat="-18.404090981930494" lon="32.802447974681854">
    <ele>1279.4647655518493</ele>
    <time>2026-10-02T12:58:39.000Z</time>
    <name>The Epic 2025 001-295</name>
    <cmt>&lt;table&gt;
&lt;tr&gt;&lt;td&gt;Longitude: 32.802448 &lt;/td&gt;&lt;/tr&gt;
&lt;tr&gt;&lt;td&gt;Latitude: -18.404091 &lt;/td&gt;&lt;/tr&gt;
&lt;tr&gt;&lt;td&gt;Heading: 220.2 &lt;/td&gt;&lt;/tr&gt;
&lt;/table&gt;</cmt>
    <desc>&lt;table&gt;
&lt;tr&gt;&lt;td&gt;Longitude: 32.802448 &lt;/td&gt;&lt;/tr&gt;
&lt;tr&gt;&lt;td&gt;Latitude: -18.404091 &lt;/td&gt;&lt;/tr&gt;
&lt;tr&gt;&lt;td&gt;Heading: 220.2 &lt;/td&gt;&lt;/tr&gt;
&lt;/table&gt;</desc>
    <sym>Flag, Blue</sym>
    <type>user</type>
  </wpt>
  <wpt lat="-18.40444796718657" lon="32.8023870382458">
    <ele>1284.8091591953998</ele>
    <time>2026-10-02T12:58:39.000Z</time>
    <name>The Epic 2025 001-296</name>
    <cmt>&lt;table&gt;
&lt;tr&gt;&lt;td&gt;Longitude: 32.802387 &lt;/td&gt;&lt;/tr&gt;
&lt;tr&gt;&lt;td&gt;Latitude: -18.404448 &lt;/td&gt;&lt;/tr&gt;
&lt;tr&gt;&lt;td&gt;Heading: 189.3 &lt;/td&gt;&lt;/tr&gt;
&lt;/table&gt;</cmt>
    <desc>&lt;table&gt;
&lt;tr&gt;&lt;td&gt;Longitude: 32.802387 &lt;/td&gt;&lt;/tr&gt;
&lt;tr&gt;&lt;td&gt;Latitude: -18.404448 &lt;/td&gt;&lt;/tr&gt;
&lt;tr&gt;&lt;td&gt;Heading: 189.3 &lt;/td&gt;&lt;/tr&gt;
&lt;/table&gt;</desc>
    <sym>Flag, Blue</sym>
    <type>user</type>
  </wpt>
  <wpt lat="-18.404946019873023" lon="32.80224395915866">
    <ele>1289.7421113522723</ele>
    <time>2026-10-02T12:58:39.000Z</time>
    <name>The Epic 2025 001-297</name>
    <cmt>&lt;table&gt;
&lt;tr&gt;&lt;td&gt;Longitude: 32.802244 &lt;/td&gt;&lt;/tr&gt;
&lt;tr&gt;&lt;td&gt;Latitude: -18.404946 &lt;/td&gt;&lt;/tr&gt;
&lt;tr&gt;&lt;td&gt;Heading: 195.2 &lt;/td&gt;&lt;/tr&gt;
&lt;/table&gt;</cmt>
    <desc>&lt;table&gt;
&lt;tr&gt;&lt;td&gt;Longitude: 32.802244 &lt;/td&gt;&lt;/tr&gt;
&lt;tr&gt;&lt;td&gt;Latitude: -18.404946 &lt;/td&gt;&lt;/tr&gt;
&lt;tr&gt;&lt;td&gt;Heading: 195.2 &lt;/td&gt;&lt;/tr&gt;
&lt;/table&gt;</desc>
    <sym>Flag, Blue</sym>
    <type>user</type>
  </wpt>
  <wpt lat="-18.40564800426364" lon="32.80250203795731">
    <ele>1298.6520493704672</ele>
    <time>2026-10-02T12:58:39.000Z</time>
    <name>The Epic 2025 001-298</name>
    <cmt>&lt;table&gt;
&lt;tr&gt;&lt;td&gt;Longitude: 32.802502 &lt;/td&gt;&lt;/tr&gt;
&lt;tr&gt;&lt;td&gt;Latitude: -18.405648 &lt;/td&gt;&lt;/tr&gt;
&lt;tr&gt;&lt;td&gt;Heading: 160.7 &lt;/td&gt;&lt;/tr&gt;
&lt;/table&gt;</cmt>
    <desc>&lt;table&gt;
&lt;tr&gt;&lt;td&gt;Longitude: 32.802502 &lt;/td&gt;&lt;/tr&gt;
&lt;tr&gt;&lt;td&gt;Latitude: -18.405648 &lt;/td&gt;&lt;/tr&gt;
&lt;tr&gt;&lt;td&gt;Heading: 160.7 &lt;/td&gt;&lt;/tr&gt;
&lt;/table&gt;</desc>
    <sym>Flag, Blue</sym>
    <type>user</type>
  </wpt>
  <wpt lat="-18.405919997021556" lon="32.80256096273661">
    <ele>1303.7594352745539</ele>
    <time>2026-10-02T12:58:39.000Z</time>
    <name>The Epic 2025 001-299</name>
    <cmt>&lt;table&gt;
&lt;tr&gt;&lt;td&gt;Longitude: 32.802561 &lt;/td&gt;&lt;/tr&gt;
&lt;tr&gt;&lt;td&gt;Latitude: -18.405920 &lt;/td&gt;&lt;/tr&gt;
&lt;tr&gt;&lt;td&gt;Heading: 168.5 &lt;/td&gt;&lt;/tr&gt;
&lt;/table&gt;</cmt>
    <desc>&lt;table&gt;
&lt;tr&gt;&lt;td&gt;Longitude: 32.802561 &lt;/td&gt;&lt;/tr&gt;
&lt;tr&gt;&lt;td&gt;Latitude: -18.405920 &lt;/td&gt;&lt;/tr&gt;
&lt;tr&gt;&lt;td&gt;Heading: 168.5 &lt;/td&gt;&lt;/tr&gt;
&lt;/table&gt;</desc>
    <sym>Flag, Blue</sym>
    <type>user</type>
  </wpt>
  <wpt lat="-18.45970801077783" lon="32.80265299603343">
    <ele>1818.468536610715</ele>
    <time>2026-10-02T12:58:39.000Z</time>
    <name>The Epic 2025 001-3</name>
    <cmt>&lt;table&gt;
&lt;tr&gt;&lt;td&gt;Longitude: 32.802653 &lt;/td&gt;&lt;/tr&gt;
&lt;tr&gt;&lt;td&gt;Latitude: -18.459708 &lt;/td&gt;&lt;/tr&gt;
&lt;tr&gt;&lt;td&gt;Heading: 109.2 &lt;/td&gt;&lt;/tr&gt;
&lt;/table&gt;</cmt>
    <desc>&lt;table&gt;
&lt;tr&gt;&lt;td&gt;Longitude: 32.802653 &lt;/td&gt;&lt;/tr&gt;
&lt;tr&gt;&lt;td&gt;Latitude: -18.459708 &lt;/td&gt;&lt;/tr&gt;
&lt;tr&gt;&lt;td&gt;Heading: 109.2 &lt;/td&gt;&lt;/tr&gt;
&lt;/table&gt;</desc>
    <sym>Flag, Blue</sym>
    <type>user</type>
  </wpt>
  <wpt lat="-18.45590396784246" lon="32.811922961845994">
    <ele>1781.062070283921</ele>
    <time>2026-10-02T12:58:39.000Z</time>
    <name>The Epic 2025 001-30</name>
    <cmt>&lt;table&gt;
&lt;tr&gt;&lt;td&gt;Longitude: 32.811923 &lt;/td&gt;&lt;/tr&gt;
&lt;tr&gt;&lt;td&gt;Latitude: -18.455904 &lt;/td&gt;&lt;/tr&gt;
&lt;tr&gt;&lt;td&gt;Heading: 44.5 &lt;/td&gt;&lt;/tr&gt;
&lt;/table&gt;</cmt>
    <desc>&lt;table&gt;
&lt;tr&gt;&lt;td&gt;Longitude: 32.811923 &lt;/td&gt;&lt;/tr&gt;
&lt;tr&gt;&lt;td&gt;Latitude: -18.455904 &lt;/td&gt;&lt;/tr&gt;
&lt;tr&gt;&lt;td&gt;Heading: 44.5 &lt;/td&gt;&lt;/tr&gt;
&lt;/table&gt;</desc>
    <sym>Flag, Blue</sym>
    <type>user</type>
  </wpt>
  <wpt lat="-18.406501030549407" lon="32.802446968853474">
    <ele>1305.29224435847</ele>
    <time>2026-10-02T12:58:39.000Z</time>
    <name>The Epic 2025 001-300</name>
    <cmt>&lt;table&gt;
&lt;tr&gt;&lt;td&gt;Longitude: 32.802447 &lt;/td&gt;&lt;/tr&gt;
&lt;tr&gt;&lt;td&gt;Latitude: -18.406501 &lt;/td&gt;&lt;/tr&gt;
&lt;tr&gt;&lt;td&gt;Heading: 190.5 &lt;/td&gt;&lt;/tr&gt;
&lt;/table&gt;</cmt>
    <desc>&lt;table&gt;
&lt;tr&gt;&lt;td&gt;Longitude: 32.802447 &lt;/td&gt;&lt;/tr&gt;
&lt;tr&gt;&lt;td&gt;Latitude: -18.406501 &lt;/td&gt;&lt;/tr&gt;
&lt;tr&gt;&lt;td&gt;Heading: 190.5 &lt;/td&gt;&lt;/tr&gt;
&lt;/table&gt;</desc>
    <sym>Flag, Blue</sym>
    <type>user</type>
  </wpt>
  <wpt lat="-18.407105030491948" lon="32.80222803354263">
    <ele>1313.9013449051417</ele>
    <time>2026-10-02T12:58:39.000Z</time>
    <name>The Epic 2025 001-301</name>
    <cmt>&lt;table&gt;
&lt;tr&gt;&lt;td&gt;Longitude: 32.802228 &lt;/td&gt;&lt;/tr&gt;
&lt;tr&gt;&lt;td&gt;Latitude: -18.407105 &lt;/td&gt;&lt;/tr&gt;
&lt;tr&gt;&lt;td&gt;Heading: 199.0 &lt;/td&gt;&lt;/tr&gt;
&lt;/table&gt;</cmt>
    <desc>&lt;table&gt;
&lt;tr&gt;&lt;td&gt;Longitude: 32.802228 &lt;/td&gt;&lt;/tr&gt;
&lt;tr&gt;&lt;td&gt;Latitude: -18.407105 &lt;/td&gt;&lt;/tr&gt;
&lt;tr&gt;&lt;td&gt;Heading: 199.0 &lt;/td&gt;&lt;/tr&gt;
&lt;/table&gt;</desc>
    <sym>Flag, Blue</sym>
    <type>user</type>
  </wpt>
  <wpt lat="-18.407448017969728" lon="32.80199903994799">
    <ele>1315.470311723533</ele>
    <time>2026-10-02T12:58:39.000Z</time>
    <name>The Epic 2025 001-302</name>
    <cmt>&lt;table&gt;
&lt;tr&gt;&lt;td&gt;Longitude: 32.801999 &lt;/td&gt;&lt;/tr&gt;
&lt;tr&gt;&lt;td&gt;Latitude: -18.407448 &lt;/td&gt;&lt;/tr&gt;
&lt;tr&gt;&lt;td&gt;Heading: 212.4 &lt;/td&gt;&lt;/tr&gt;
&lt;/table&gt;</cmt>
    <desc>&lt;table&gt;
&lt;tr&gt;&lt;td&gt;Longitude: 32.801999 &lt;/td&gt;&lt;/tr&gt;
&lt;tr&gt;&lt;td&gt;Latitude: -18.407448 &lt;/td&gt;&lt;/tr&gt;
&lt;tr&gt;&lt;td&gt;Heading: 212.4 &lt;/td&gt;&lt;/tr&gt;
&lt;/table&gt;</desc>
    <sym>Flag, Blue</sym>
    <type>user</type>
  </wpt>
  <wpt lat="-18.40758196078241" lon="32.80176501721144">
    <ele>1309.2293338128557</ele>
    <time>2026-10-02T12:58:39.000Z</time>
    <name>The Epic 2025 001-303</name>
    <cmt>&lt;table&gt;
&lt;tr&gt;&lt;td&gt;Longitude: 32.801765 &lt;/td&gt;&lt;/tr&gt;
&lt;tr&gt;&lt;td&gt;Latitude: -18.407582 &lt;/td&gt;&lt;/tr&gt;
&lt;tr&gt;&lt;td&gt;Heading: 238.8 &lt;/td&gt;&lt;/tr&gt;
&lt;/table&gt;</cmt>
    <desc>&lt;table&gt;
&lt;tr&gt;&lt;td&gt;Longitude: 32.801765 &lt;/td&gt;&lt;/tr&gt;
&lt;tr&gt;&lt;td&gt;Latitude: -18.407582 &lt;/td&gt;&lt;/tr&gt;
&lt;tr&gt;&lt;td&gt;Heading: 238.8 &lt;/td&gt;&lt;/tr&gt;
&lt;/table&gt;</desc>
    <sym>Flag, Blue</sym>
    <type>user</type>
  </wpt>
  <wpt lat="-18.408046988770366" lon="32.80158002860844">
    <ele>1316.6868091211654</ele>
    <time>2026-10-02T12:58:39.000Z</time>
    <name>The Epic 2025 001-304</name>
    <cmt>&lt;table&gt;
&lt;tr&gt;&lt;td&gt;Longitude: 32.801580 &lt;/td&gt;&lt;/tr&gt;
&lt;tr&gt;&lt;td&gt;Latitude: -18.408047 &lt;/td&gt;&lt;/tr&gt;
&lt;tr&gt;&lt;td&gt;Heading: 200.7 &lt;/td&gt;&lt;/tr&gt;
&lt;/table&gt;</cmt>
    <desc>&lt;table&gt;
&lt;tr&gt;&lt;td&gt;Longitude: 32.801580 &lt;/td&gt;&lt;/tr&gt;
&lt;tr&gt;&lt;td&gt;Latitude: -18.408047 &lt;/td&gt;&lt;/tr&gt;
&lt;tr&gt;&lt;td&gt;Heading: 200.7 &lt;/td&gt;&lt;/tr&gt;
&lt;/table&gt;</desc>
    <sym>Flag, Blue</sym>
    <type>user</type>
  </wpt>
  <wpt lat="-18.408498018980026" lon="32.80139001086354">
    <ele>1326.0934704515098</ele>
    <time>2026-10-02T12:58:39.000Z</time>
    <name>The Epic 2025 001-305</name>
    <cmt>&lt;table&gt;
&lt;tr&gt;&lt;td&gt;Longitude: 32.801390 &lt;/td&gt;&lt;/tr&gt;
&lt;tr&gt;&lt;td&gt;Latitude: -18.408498 &lt;/td&gt;&lt;/tr&gt;
&lt;tr&gt;&lt;td&gt;Heading: 201.7 &lt;/td&gt;&lt;/tr&gt;
&lt;/table&gt;</cmt>
    <desc>&lt;table&gt;
&lt;tr&gt;&lt;td&gt;Longitude: 32.801390 &lt;/td&gt;&lt;/tr&gt;
&lt;tr&gt;&lt;td&gt;Latitude: -18.408498 &lt;/td&gt;&lt;/tr&gt;
&lt;tr&gt;&lt;td&gt;Heading: 201.7 &lt;/td&gt;&lt;/tr&gt;
&lt;/table&gt;</desc>
    <sym>Flag, Blue</sym>
    <type>user</type>
  </wpt>
  <wpt lat="-18.408905966207385" lon="32.80110502615571">
    <ele>1323.5097034450405</ele>
    <time>2026-10-02T12:58:39.000Z</time>
    <name>The Epic 2025 001-306</name>
    <cmt>&lt;table&gt;
&lt;tr&gt;&lt;td&gt;Longitude: 32.801105 &lt;/td&gt;&lt;/tr&gt;
&lt;tr&gt;&lt;td&gt;Latitude: -18.408906 &lt;/td&gt;&lt;/tr&gt;
&lt;tr&gt;&lt;td&gt;Heading: 213.6 &lt;/td&gt;&lt;/tr&gt;
&lt;/table&gt;</cmt>
    <desc>&lt;table&gt;
&lt;tr&gt;&lt;td&gt;Longitude: 32.801105 &lt;/td&gt;&lt;/tr&gt;
&lt;tr&gt;&lt;td&gt;Latitude: -18.408906 &lt;/td&gt;&lt;/tr&gt;
&lt;tr&gt;&lt;td&gt;Heading: 213.6 &lt;/td&gt;&lt;/tr&gt;
&lt;/table&gt;</desc>
    <sym>Flag, Blue</sym>
    <type>user</type>
  </wpt>
  <wpt lat="-18.409290025010705" lon="32.80069900676608">
    <ele>1325.0958565769304</ele>
    <time>2026-10-02T12:58:39.000Z</time>
    <name>The Epic 2025 001-307</name>
    <cmt>&lt;table&gt;
&lt;tr&gt;&lt;td&gt;Longitude: 32.800699 &lt;/td&gt;&lt;/tr&gt;
&lt;tr&gt;&lt;td&gt;Latitude: -18.409290 &lt;/td&gt;&lt;/tr&gt;
&lt;tr&gt;&lt;td&gt;Heading: 225.1 &lt;/td&gt;&lt;/tr&gt;
&lt;/table&gt;</cmt>
    <desc>&lt;table&gt;
&lt;tr&gt;&lt;td&gt;Longitude: 32.800699 &lt;/td&gt;&lt;/tr&gt;
&lt;tr&gt;&lt;td&gt;Latitude: -18.409290 &lt;/td&gt;&lt;/tr&gt;
&lt;tr&gt;&lt;td&gt;Heading: 225.1 &lt;/td&gt;&lt;/tr&gt;
&lt;/table&gt;</desc>
    <sym>Flag, Blue</sym>
    <type>user</type>
  </wpt>
  <wpt lat="-18.409358002245426" lon="32.80032802373171">
    <ele>1317.8305522808605</ele>
    <time>2026-10-02T12:58:39.000Z</time>
    <name>The Epic 2025 001-308</name>
    <cmt>&lt;table&gt;
&lt;tr&gt;&lt;td&gt;Longitude: 32.800328 &lt;/td&gt;&lt;/tr&gt;
&lt;tr&gt;&lt;td&gt;Latitude: -18.409358 &lt;/td&gt;&lt;/tr&gt;
&lt;tr&gt;&lt;td&gt;Heading: 259.0 &lt;/td&gt;&lt;/tr&gt;
&lt;/table&gt;</cmt>
    <desc>&lt;table&gt;
&lt;tr&gt;&lt;td&gt;Longitude: 32.800328 &lt;/td&gt;&lt;/tr&gt;
&lt;tr&gt;&lt;td&gt;Latitude: -18.409358 &lt;/td&gt;&lt;/tr&gt;
&lt;tr&gt;&lt;td&gt;Heading: 259.0 &lt;/td&gt;&lt;/tr&gt;
&lt;/table&gt;</desc>
    <sym>Flag, Blue</sym>
    <type>user</type>
  </wpt>
  <wpt lat="-18.409373005852103" lon="32.80014404095709">
    <ele>1315.6557848756174</ele>
    <time>2026-10-02T12:58:39.000Z</time>
    <name>The Epic 2025 001-309</name>
    <cmt>&lt;table&gt;
&lt;tr&gt;&lt;td&gt;Longitude: 32.800144 &lt;/td&gt;&lt;/tr&gt;
&lt;tr&gt;&lt;td&gt;Latitude: -18.409373 &lt;/td&gt;&lt;/tr&gt;
&lt;tr&gt;&lt;td&gt;Heading: 265.2 &lt;/td&gt;&lt;/tr&gt;
&lt;/table&gt;</cmt>
    <desc>&lt;table&gt;
&lt;tr&gt;&lt;td&gt;Longitude: 32.800144 &lt;/td&gt;&lt;/tr&gt;
&lt;tr&gt;&lt;td&gt;Latitude: -18.409373 &lt;/td&gt;&lt;/tr&gt;
&lt;tr&gt;&lt;td&gt;Heading: 265.2 &lt;/td&gt;&lt;/tr&gt;
&lt;/table&gt;</desc>
    <sym>Flag, Blue</sym>
    <type>user</type>
  </wpt>
  <wpt lat="-18.455737000331283" lon="32.811967972666025">
    <ele>1781.6987247381899</ele>
    <time>2026-10-02T12:58:39.000Z</time>
    <name>The Epic 2025 001-31</name>
    <cmt>&lt;table&gt;
&lt;tr&gt;&lt;td&gt;Longitude: 32.811968 &lt;/td&gt;&lt;/tr&gt;
&lt;tr&gt;&lt;td&gt;Latitude: -18.455737 &lt;/td&gt;&lt;/tr&gt;
&lt;tr&gt;&lt;td&gt;Heading: 14.4 &lt;/td&gt;&lt;/tr&gt;
&lt;/table&gt;</cmt>
    <desc>&lt;table&gt;
&lt;tr&gt;&lt;td&gt;Longitude: 32.811968 &lt;/td&gt;&lt;/tr&gt;
&lt;tr&gt;&lt;td&gt;Latitude: -18.455737 &lt;/td&gt;&lt;/tr&gt;
&lt;tr&gt;&lt;td&gt;Heading: 14.4 &lt;/td&gt;&lt;/tr&gt;
&lt;/table&gt;</desc>
    <sym>Flag, Blue</sym>
    <type>user</type>
  </wpt>
  <wpt lat="-18.409606022760272" lon="32.79988001100719">
    <ele>1319.6264412560984</ele>
    <time>2026-10-02T12:58:39.000Z</time>
    <name>The Epic 2025 001-310</name>
    <cmt>&lt;table&gt;
&lt;tr&gt;&lt;td&gt;Longitude: 32.799880 &lt;/td&gt;&lt;/tr&gt;
&lt;tr&gt;&lt;td&gt;Latitude: -18.409606 &lt;/td&gt;&lt;/tr&gt;
&lt;tr&gt;&lt;td&gt;Heading: 227.0 &lt;/td&gt;&lt;/tr&gt;
&lt;/table&gt;</cmt>
    <desc>&lt;table&gt;
&lt;tr&gt;&lt;td&gt;Longitude: 32.799880 &lt;/td&gt;&lt;/tr&gt;
&lt;tr&gt;&lt;td&gt;Latitude: -18.409606 &lt;/td&gt;&lt;/tr&gt;
&lt;tr&gt;&lt;td&gt;Heading: 227.0 &lt;/td&gt;&lt;/tr&gt;
&lt;/table&gt;</desc>
    <sym>Flag, Blue</sym>
    <type>user</type>
  </wpt>
  <wpt lat="-18.409854965284467" lon="32.799098985269666">
    <ele>1319.932113919283</ele>
    <time>2026-10-02T12:58:39.000Z</time>
    <name>The Epic 2025 001-311</name>
    <cmt>&lt;table&gt;
&lt;tr&gt;&lt;td&gt;Longitude: 32.799099 &lt;/td&gt;&lt;/tr&gt;
&lt;tr&gt;&lt;td&gt;Latitude: -18.409855 &lt;/td&gt;&lt;/tr&gt;
&lt;tr&gt;&lt;td&gt;Heading: 251.4 &lt;/td&gt;&lt;/tr&gt;
&lt;/table&gt;</cmt>
    <desc>&lt;table&gt;
&lt;tr&gt;&lt;td&gt;Longitude: 32.799099 &lt;/td&gt;&lt;/tr&gt;
&lt;tr&gt;&lt;td&gt;Latitude: -18.409855 &lt;/td&gt;&lt;/tr&gt;
&lt;tr&gt;&lt;td&gt;Heading: 251.4 &lt;/td&gt;&lt;/tr&gt;
&lt;/table&gt;</desc>
    <sym>Flag, Blue</sym>
    <type>user</type>
  </wpt>
  <wpt lat="-18.41041998937726" lon="32.79943602159619">
    <ele>1339.5580805281888</ele>
    <time>2026-10-02T12:58:39.000Z</time>
    <name>The Epic 2025 001-312</name>
    <cmt>&lt;table&gt;
&lt;tr&gt;&lt;td&gt;Longitude: 32.799436 &lt;/td&gt;&lt;/tr&gt;
&lt;tr&gt;&lt;td&gt;Latitude: -18.410420 &lt;/td&gt;&lt;/tr&gt;
&lt;tr&gt;&lt;td&gt;Heading: 150.5 &lt;/td&gt;&lt;/tr&gt;
&lt;/table&gt;</cmt>
    <desc>&lt;table&gt;
&lt;tr&gt;&lt;td&gt;Longitude: 32.799436 &lt;/td&gt;&lt;/tr&gt;
&lt;tr&gt;&lt;td&gt;Latitude: -18.410420 &lt;/td&gt;&lt;/tr&gt;
&lt;tr&gt;&lt;td&gt;Heading: 150.5 &lt;/td&gt;&lt;/tr&gt;
&lt;/table&gt;</desc>
    <sym>Flag, Blue</sym>
    <type>user</type>
  </wpt>
  <wpt lat="-18.41080103069544" lon="32.799871964380145">
    <ele>1350.736541556603</ele>
    <time>2026-10-02T12:58:39.000Z</time>
    <name>The Epic 2025 001-313</name>
    <cmt>&lt;table&gt;
&lt;tr&gt;&lt;td&gt;Longitude: 32.799872 &lt;/td&gt;&lt;/tr&gt;
&lt;tr&gt;&lt;td&gt;Latitude: -18.410801 &lt;/td&gt;&lt;/tr&gt;
&lt;tr&gt;&lt;td&gt;Heading: 132.7 &lt;/td&gt;&lt;/tr&gt;
&lt;/table&gt;</cmt>
    <desc>&lt;table&gt;
&lt;tr&gt;&lt;td&gt;Longitude: 32.799872 &lt;/td&gt;&lt;/tr&gt;
&lt;tr&gt;&lt;td&gt;Latitude: -18.410801 &lt;/td&gt;&lt;/tr&gt;
&lt;tr&gt;&lt;td&gt;Heading: 132.7 &lt;/td&gt;&lt;/tr&gt;
&lt;/table&gt;</desc>
    <sym>Flag, Blue</sym>
    <type>user</type>
  </wpt>
  <wpt lat="-18.41119104065001" lon="32.7998879738152">
    <ele>1363.646005579807</ele>
    <time>2026-10-02T12:58:39.000Z</time>
    <name>The Epic 2025 001-314</name>
    <cmt>&lt;table&gt;
&lt;tr&gt;&lt;td&gt;Longitude: 32.799888 &lt;/td&gt;&lt;/tr&gt;
&lt;tr&gt;&lt;td&gt;Latitude: -18.411191 &lt;/td&gt;&lt;/tr&gt;
&lt;tr&gt;&lt;td&gt;Heading: 177.7 &lt;/td&gt;&lt;/tr&gt;
&lt;/table&gt;</cmt>
    <desc>&lt;table&gt;
&lt;tr&gt;&lt;td&gt;Longitude: 32.799888 &lt;/td&gt;&lt;/tr&gt;
&lt;tr&gt;&lt;td&gt;Latitude: -18.411191 &lt;/td&gt;&lt;/tr&gt;
&lt;tr&gt;&lt;td&gt;Heading: 177.7 &lt;/td&gt;&lt;/tr&gt;
&lt;/table&gt;</desc>
    <sym>Flag, Blue</sym>
    <type>user</type>
  </wpt>
  <wpt lat="-18.41136496514082" lon="32.799226976931095">
    <ele>1379.0037352447398</ele>
    <time>2026-10-02T12:58:39.000Z</time>
    <name>The Epic 2025 001-315</name>
    <cmt>&lt;table&gt;
&lt;tr&gt;&lt;td&gt;Longitude: 32.799227 &lt;/td&gt;&lt;/tr&gt;
&lt;tr&gt;&lt;td&gt;Latitude: -18.411365 &lt;/td&gt;&lt;/tr&gt;
&lt;tr&gt;&lt;td&gt;Heading: 254.5 &lt;/td&gt;&lt;/tr&gt;
&lt;/table&gt;</cmt>
    <desc>&lt;table&gt;
&lt;tr&gt;&lt;td&gt;Longitude: 32.799227 &lt;/td&gt;&lt;/tr&gt;
&lt;tr&gt;&lt;td&gt;Latitude: -18.411365 &lt;/td&gt;&lt;/tr&gt;
&lt;tr&gt;&lt;td&gt;Heading: 254.5 &lt;/td&gt;&lt;/tr&gt;
&lt;/table&gt;</desc>
    <sym>Flag, Blue</sym>
    <type>user</type>
  </wpt>
  <wpt lat="-18.411627989262342" lon="32.798966970294714">
    <ele>1384.3276568548176</ele>
    <time>2026-10-02T12:58:39.000Z</time>
    <name>The Epic 2025 001-316</name>
    <cmt>&lt;table&gt;
&lt;tr&gt;&lt;td&gt;Longitude: 32.798967 &lt;/td&gt;&lt;/tr&gt;
&lt;tr&gt;&lt;td&gt;Latitude: -18.411628 &lt;/td&gt;&lt;/tr&gt;
&lt;tr&gt;&lt;td&gt;Heading: 223.2 &lt;/td&gt;&lt;/tr&gt;
&lt;/table&gt;</cmt>
    <desc>&lt;table&gt;
&lt;tr&gt;&lt;td&gt;Longitude: 32.798967 &lt;/td&gt;&lt;/tr&gt;
&lt;tr&gt;&lt;td&gt;Latitude: -18.411628 &lt;/td&gt;&lt;/tr&gt;
&lt;tr&gt;&lt;td&gt;Heading: 223.2 &lt;/td&gt;&lt;/tr&gt;
&lt;/table&gt;</desc>
    <sym>Flag, Blue</sym>
    <type>user</type>
  </wpt>
  <wpt lat="-18.411957984790206" lon="32.79893796890974">
    <ele>1393.0274930255189</ele>
    <time>2026-10-02T12:58:39.000Z</time>
    <name>The Epic 2025 001-317</name>
    <cmt>&lt;table&gt;
&lt;tr&gt;&lt;td&gt;Longitude: 32.798938 &lt;/td&gt;&lt;/tr&gt;
&lt;tr&gt;&lt;td&gt;Latitude: -18.411958 &lt;/td&gt;&lt;/tr&gt;
&lt;tr&gt;&lt;td&gt;Heading: 184.7 &lt;/td&gt;&lt;/tr&gt;
&lt;/table&gt;</cmt>
    <desc>&lt;table&gt;
&lt;tr&gt;&lt;td&gt;Longitude: 32.798938 &lt;/td&gt;&lt;/tr&gt;
&lt;tr&gt;&lt;td&gt;Latitude: -18.411958 &lt;/td&gt;&lt;/tr&gt;
&lt;tr&gt;&lt;td&gt;Heading: 184.7 &lt;/td&gt;&lt;/tr&gt;
&lt;/table&gt;</desc>
    <sym>Flag, Blue</sym>
    <type>user</type>
  </wpt>
  <wpt lat="-18.41224397532642" lon="32.798864962533116">
    <ele>1397.2547020483794</ele>
    <time>2026-10-02T12:58:39.000Z</time>
    <name>The Epic 2025 001-318</name>
    <cmt>&lt;table&gt;
&lt;tr&gt;&lt;td&gt;Longitude: 32.798865 &lt;/td&gt;&lt;/tr&gt;
&lt;tr&gt;&lt;td&gt;Latitude: -18.412244 &lt;/td&gt;&lt;/tr&gt;
&lt;tr&gt;&lt;td&gt;Heading: 193.5 &lt;/td&gt;&lt;/tr&gt;
&lt;/table&gt;</cmt>
    <desc>&lt;table&gt;
&lt;tr&gt;&lt;td&gt;Longitude: 32.798865 &lt;/td&gt;&lt;/tr&gt;
&lt;tr&gt;&lt;td&gt;Latitude: -18.412244 &lt;/td&gt;&lt;/tr&gt;
&lt;tr&gt;&lt;td&gt;Heading: 193.5 &lt;/td&gt;&lt;/tr&gt;
&lt;/table&gt;</desc>
    <sym>Flag, Blue</sym>
    <type>user</type>
  </wpt>
  <wpt lat="-18.41252200305462" lon="32.7987499628216">
    <ele>1401.2076996017272</ele>
    <time>2026-10-02T12:58:39.000Z</time>
    <name>The Epic 2025 001-319</name>
    <cmt>&lt;table&gt;
&lt;tr&gt;&lt;td&gt;Longitude: 32.798750 &lt;/td&gt;&lt;/tr&gt;
&lt;tr&gt;&lt;td&gt;Latitude: -18.412522 &lt;/td&gt;&lt;/tr&gt;
&lt;tr&gt;&lt;td&gt;Heading: 201.5 &lt;/td&gt;&lt;/tr&gt;
&lt;/table&gt;</cmt>
    <desc>&lt;table&gt;
&lt;tr&gt;&lt;td&gt;Longitude: 32.798750 &lt;/td&gt;&lt;/tr&gt;
&lt;tr&gt;&lt;td&gt;Latitude: -18.412522 &lt;/td&gt;&lt;/tr&gt;
&lt;tr&gt;&lt;td&gt;Heading: 201.5 &lt;/td&gt;&lt;/tr&gt;
&lt;/table&gt;</desc>
    <sym>Flag, Blue</sym>
    <type>user</type>
  </wpt>
  <wpt lat="-18.455442041158676" lon="32.81165096908808">
    <ele>1786.1840332124916</ele>
    <time>2026-10-02T12:58:39.000Z</time>
    <name>The Epic 2025 001-32</name>
    <cmt>&lt;table&gt;
&lt;tr&gt;&lt;td&gt;Longitude: 32.811651 &lt;/td&gt;&lt;/tr&gt;
&lt;tr&gt;&lt;td&gt;Latitude: -18.455442 &lt;/td&gt;&lt;/tr&gt;
&lt;tr&gt;&lt;td&gt;Heading: 314.5 &lt;/td&gt;&lt;/tr&gt;
&lt;/table&gt;</cmt>
    <desc>&lt;table&gt;
&lt;tr&gt;&lt;td&gt;Longitude: 32.811651 &lt;/td&gt;&lt;/tr&gt;
&lt;tr&gt;&lt;td&gt;Latitude: -18.455442 &lt;/td&gt;&lt;/tr&gt;
&lt;tr&gt;&lt;td&gt;Heading: 314.5 &lt;/td&gt;&lt;/tr&gt;
&lt;/table&gt;</desc>
    <sym>Flag, Blue</sym>
    <type>user</type>
  </wpt>
  <wpt lat="-18.41269299387932" lon="32.79797597788274">
    <ele>1406.896261418432</ele>
    <time>2026-10-02T12:58:39.000Z</time>
    <name>The Epic 2025 001-320</name>
    <cmt>&lt;table&gt;
&lt;tr&gt;&lt;td&gt;Longitude: 32.797976 &lt;/td&gt;&lt;/tr&gt;
&lt;tr&gt;&lt;td&gt;Latitude: -18.412693 &lt;/td&gt;&lt;/tr&gt;
&lt;tr&gt;&lt;td&gt;Heading: 256.9 &lt;/td&gt;&lt;/tr&gt;
&lt;/table&gt;</cmt>
    <desc>&lt;table&gt;
&lt;tr&gt;&lt;td&gt;Longitude: 32.797976 &lt;/td&gt;&lt;/tr&gt;
&lt;tr&gt;&lt;td&gt;Latitude: -18.412693 &lt;/td&gt;&lt;/tr&gt;
&lt;tr&gt;&lt;td&gt;Heading: 256.9 &lt;/td&gt;&lt;/tr&gt;
&lt;/table&gt;</desc>
    <sym>Flag, Blue</sym>
    <type>user</type>
  </wpt>
  <wpt lat="-18.413004968315363" lon="32.79781797900796">
    <ele>1416.3690091351673</ele>
    <time>2026-10-02T12:58:39.000Z</time>
    <name>The Epic 2025 001-321</name>
    <cmt>&lt;table&gt;
&lt;tr&gt;&lt;td&gt;Longitude: 32.797818 &lt;/td&gt;&lt;/tr&gt;
&lt;tr&gt;&lt;td&gt;Latitude: -18.413005 &lt;/td&gt;&lt;/tr&gt;
&lt;tr&gt;&lt;td&gt;Heading: 205.6 &lt;/td&gt;&lt;/tr&gt;
&lt;/table&gt;</cmt>
    <desc>&lt;table&gt;
&lt;tr&gt;&lt;td&gt;Longitude: 32.797818 &lt;/td&gt;&lt;/tr&gt;
&lt;tr&gt;&lt;td&gt;Latitude: -18.413005 &lt;/td&gt;&lt;/tr&gt;
&lt;tr&gt;&lt;td&gt;Heading: 205.6 &lt;/td&gt;&lt;/tr&gt;
&lt;/table&gt;</desc>
    <sym>Flag, Blue</sym>
    <type>user</type>
  </wpt>
  <wpt lat="-18.413393972441554" lon="32.79750097543001">
    <ele>1422.999684310308</ele>
    <time>2026-10-02T12:58:39.000Z</time>
    <name>The Epic 2025 001-322</name>
    <cmt>&lt;table&gt;
&lt;tr&gt;&lt;td&gt;Longitude: 32.797501 &lt;/td&gt;&lt;/tr&gt;
&lt;tr&gt;&lt;td&gt;Latitude: -18.413394 &lt;/td&gt;&lt;/tr&gt;
&lt;tr&gt;&lt;td&gt;Heading: 217.7 &lt;/td&gt;&lt;/tr&gt;
&lt;/table&gt;</cmt>
    <desc>&lt;table&gt;
&lt;tr&gt;&lt;td&gt;Longitude: 32.797501 &lt;/td&gt;&lt;/tr&gt;
&lt;tr&gt;&lt;td&gt;Latitude: -18.413394 &lt;/td&gt;&lt;/tr&gt;
&lt;tr&gt;&lt;td&gt;Heading: 217.7 &lt;/td&gt;&lt;/tr&gt;
&lt;/table&gt;</desc>
    <sym>Flag, Blue</sym>
    <type>user</type>
  </wpt>
  <wpt lat="-18.414205005392432" lon="32.79747800901532">
    <ele>1443.3482886261215</ele>
    <time>2026-10-02T12:58:39.000Z</time>
    <name>The Epic 2025 001-323</name>
    <cmt>&lt;table&gt;
&lt;tr&gt;&lt;td&gt;Longitude: 32.797478 &lt;/td&gt;&lt;/tr&gt;
&lt;tr&gt;&lt;td&gt;Latitude: -18.414205 &lt;/td&gt;&lt;/tr&gt;
&lt;tr&gt;&lt;td&gt;Heading: 181.5 &lt;/td&gt;&lt;/tr&gt;
&lt;/table&gt;</cmt>
    <desc>&lt;table&gt;
&lt;tr&gt;&lt;td&gt;Longitude: 32.797478 &lt;/td&gt;&lt;/tr&gt;
&lt;tr&gt;&lt;td&gt;Latitude: -18.414205 &lt;/td&gt;&lt;/tr&gt;
&lt;tr&gt;&lt;td&gt;Heading: 181.5 &lt;/td&gt;&lt;/tr&gt;
&lt;/table&gt;</desc>
    <sym>Flag, Blue</sym>
    <type>user</type>
  </wpt>
  <wpt lat="-18.414530977606773" lon="32.79706503264606">
    <ele>1448.4738034675192</ele>
    <time>2026-10-02T12:58:39.000Z</time>
    <name>The Epic 2025 001-324</name>
    <cmt>&lt;table&gt;
&lt;tr&gt;&lt;td&gt;Longitude: 32.797065 &lt;/td&gt;&lt;/tr&gt;
&lt;tr&gt;&lt;td&gt;Latitude: -18.414531 &lt;/td&gt;&lt;/tr&gt;
&lt;tr&gt;&lt;td&gt;Heading: 230.2 &lt;/td&gt;&lt;/tr&gt;
&lt;/table&gt;</cmt>
    <desc>&lt;table&gt;
&lt;tr&gt;&lt;td&gt;Longitude: 32.797065 &lt;/td&gt;&lt;/tr&gt;
&lt;tr&gt;&lt;td&gt;Latitude: -18.414531 &lt;/td&gt;&lt;/tr&gt;
&lt;tr&gt;&lt;td&gt;Heading: 230.2 &lt;/td&gt;&lt;/tr&gt;
&lt;/table&gt;</desc>
    <sym>Flag, Blue</sym>
    <type>user</type>
  </wpt>
  <wpt lat="-18.415137995034456" lon="32.79718900099397">
    <ele>1473.3743437673184</ele>
    <time>2026-10-02T12:58:39.000Z</time>
    <name>The Epic 2025 001-325</name>
    <cmt>&lt;table&gt;
&lt;tr&gt;&lt;td&gt;Longitude: 32.797189 &lt;/td&gt;&lt;/tr&gt;
&lt;tr&gt;&lt;td&gt;Latitude: -18.415138 &lt;/td&gt;&lt;/tr&gt;
&lt;tr&gt;&lt;td&gt;Heading: 169.0 &lt;/td&gt;&lt;/tr&gt;
&lt;/table&gt;</cmt>
    <desc>&lt;table&gt;
&lt;tr&gt;&lt;td&gt;Longitude: 32.797189 &lt;/td&gt;&lt;/tr&gt;
&lt;tr&gt;&lt;td&gt;Latitude: -18.415138 &lt;/td&gt;&lt;/tr&gt;
&lt;tr&gt;&lt;td&gt;Heading: 169.0 &lt;/td&gt;&lt;/tr&gt;
&lt;/table&gt;</desc>
    <sym>Flag, Blue</sym>
    <type>user</type>
  </wpt>
  <wpt lat="-18.415590031072497" lon="32.79672699049115">
    <ele>1501.8027388629653</ele>
    <time>2026-10-02T12:58:39.000Z</time>
    <name>The Epic 2025 001-326</name>
    <cmt>&lt;table&gt;
&lt;tr&gt;&lt;td&gt;Longitude: 32.796727 &lt;/td&gt;&lt;/tr&gt;
&lt;tr&gt;&lt;td&gt;Latitude: -18.415590 &lt;/td&gt;&lt;/tr&gt;
&lt;tr&gt;&lt;td&gt;Heading: 224.1 &lt;/td&gt;&lt;/tr&gt;
&lt;/table&gt;</cmt>
    <desc>&lt;table&gt;
&lt;tr&gt;&lt;td&gt;Longitude: 32.796727 &lt;/td&gt;&lt;/tr&gt;
&lt;tr&gt;&lt;td&gt;Latitude: -18.415590 &lt;/td&gt;&lt;/tr&gt;
&lt;tr&gt;&lt;td&gt;Heading: 224.1 &lt;/td&gt;&lt;/tr&gt;
&lt;/table&gt;</desc>
    <sym>Flag, Blue</sym>
    <type>user</type>
  </wpt>
  <wpt lat="-18.41570603661239" lon="32.79648198746145">
    <ele>1509.943703999835</ele>
    <time>2026-10-02T12:58:39.000Z</time>
    <name>The Epic 2025 001-327</name>
    <cmt>&lt;table&gt;
&lt;tr&gt;&lt;td&gt;Longitude: 32.796482 &lt;/td&gt;&lt;/tr&gt;
&lt;tr&gt;&lt;td&gt;Latitude: -18.415706 &lt;/td&gt;&lt;/tr&gt;
&lt;tr&gt;&lt;td&gt;Heading: 243.5 &lt;/td&gt;&lt;/tr&gt;
&lt;/table&gt;</cmt>
    <desc>&lt;table&gt;
&lt;tr&gt;&lt;td&gt;Longitude: 32.796482 &lt;/td&gt;&lt;/tr&gt;
&lt;tr&gt;&lt;td&gt;Latitude: -18.415706 &lt;/td&gt;&lt;/tr&gt;
&lt;tr&gt;&lt;td&gt;Heading: 243.5 &lt;/td&gt;&lt;/tr&gt;
&lt;/table&gt;</desc>
    <sym>Flag, Blue</sym>
    <type>user</type>
  </wpt>
  <wpt lat="-18.416223032400012" lon="32.796390037983656">
    <ele>1538.096924496034</ele>
    <time>2026-10-02T12:58:39.000Z</time>
    <name>The Epic 2025 001-328</name>
    <cmt>&lt;table&gt;
&lt;tr&gt;&lt;td&gt;Longitude: 32.796390 &lt;/td&gt;&lt;/tr&gt;
&lt;tr&gt;&lt;td&gt;Latitude: -18.416223 &lt;/td&gt;&lt;/tr&gt;
&lt;tr&gt;&lt;td&gt;Heading: 189.5 &lt;/td&gt;&lt;/tr&gt;
&lt;/table&gt;</cmt>
    <desc>&lt;table&gt;
&lt;tr&gt;&lt;td&gt;Longitude: 32.796390 &lt;/td&gt;&lt;/tr&gt;
&lt;tr&gt;&lt;td&gt;Latitude: -18.416223 &lt;/td&gt;&lt;/tr&gt;
&lt;tr&gt;&lt;td&gt;Heading: 189.5 &lt;/td&gt;&lt;/tr&gt;
&lt;/table&gt;</desc>
    <sym>Flag, Blue</sym>
    <type>user</type>
  </wpt>
  <wpt lat="-18.416365021839738" lon="32.79607001692057">
    <ele>1552.8986074371119</ele>
    <time>2026-10-02T12:58:39.000Z</time>
    <name>The Epic 2025 001-329</name>
    <cmt>&lt;table&gt;
&lt;tr&gt;&lt;td&gt;Longitude: 32.796070 &lt;/td&gt;&lt;/tr&gt;
&lt;tr&gt;&lt;td&gt;Latitude: -18.416365 &lt;/td&gt;&lt;/tr&gt;
&lt;tr&gt;&lt;td&gt;Heading: 245.0 &lt;/td&gt;&lt;/tr&gt;
&lt;/table&gt;</cmt>
    <desc>&lt;table&gt;
&lt;tr&gt;&lt;td&gt;Longitude: 32.796070 &lt;/td&gt;&lt;/tr&gt;
&lt;tr&gt;&lt;td&gt;Latitude: -18.416365 &lt;/td&gt;&lt;/tr&gt;
&lt;tr&gt;&lt;td&gt;Heading: 245.0 &lt;/td&gt;&lt;/tr&gt;
&lt;/table&gt;</desc>
    <sym>Flag, Blue</sym>
    <type>user</type>
  </wpt>
  <wpt lat="-18.455189997330308" lon="32.81133103184402">
    <ele>1789.3887377635165</ele>
    <time>2026-10-02T12:58:39.000Z</time>
    <name>The Epic 2025 001-33</name>
    <cmt>&lt;table&gt;
&lt;tr&gt;&lt;td&gt;Longitude: 32.811331 &lt;/td&gt;&lt;/tr&gt;
&lt;tr&gt;&lt;td&gt;Latitude: -18.455190 &lt;/td&gt;&lt;/tr&gt;
&lt;tr&gt;&lt;td&gt;Heading: 309.7 &lt;/td&gt;&lt;/tr&gt;
&lt;/table&gt;</cmt>
    <desc>&lt;table&gt;
&lt;tr&gt;&lt;td&gt;Longitude: 32.811331 &lt;/td&gt;&lt;/tr&gt;
&lt;tr&gt;&lt;td&gt;Latitude: -18.455190 &lt;/td&gt;&lt;/tr&gt;
&lt;tr&gt;&lt;td&gt;Heading: 309.7 &lt;/td&gt;&lt;/tr&gt;
&lt;/table&gt;</desc>
    <sym>Flag, Blue</sym>
    <type>user</type>
  </wpt>
  <wpt lat="-18.41628497466445" lon="32.79562996700406">
    <ele>1563.1976104061841</ele>
    <time>2026-10-02T12:58:39.000Z</time>
    <name>The Epic 2025 001-330</name>
    <cmt>&lt;table&gt;
&lt;tr&gt;&lt;td&gt;Longitude: 32.795630 &lt;/td&gt;&lt;/tr&gt;
&lt;tr&gt;&lt;td&gt;Latitude: -18.416285 &lt;/td&gt;&lt;/tr&gt;
&lt;tr&gt;&lt;td&gt;Heading: 280.8 &lt;/td&gt;&lt;/tr&gt;
&lt;/table&gt;</cmt>
    <desc>&lt;table&gt;
&lt;tr&gt;&lt;td&gt;Longitude: 32.795630 &lt;/td&gt;&lt;/tr&gt;
&lt;tr&gt;&lt;td&gt;Latitude: -18.416285 &lt;/td&gt;&lt;/tr&gt;
&lt;tr&gt;&lt;td&gt;Heading: 280.8 &lt;/td&gt;&lt;/tr&gt;
&lt;/table&gt;</desc>
    <sym>Flag, Blue</sym>
    <type>user</type>
  </wpt>
  <wpt lat="-18.416429981589317" lon="32.79526200145483">
    <ele>1576.2594717179118</ele>
    <time>2026-10-02T12:58:39.000Z</time>
    <name>The Epic 2025 001-331</name>
    <cmt>&lt;table&gt;
&lt;tr&gt;&lt;td&gt;Longitude: 32.795262 &lt;/td&gt;&lt;/tr&gt;
&lt;tr&gt;&lt;td&gt;Latitude: -18.416430 &lt;/td&gt;&lt;/tr&gt;
&lt;tr&gt;&lt;td&gt;Heading: 247.4 &lt;/td&gt;&lt;/tr&gt;
&lt;/table&gt;</cmt>
    <desc>&lt;table&gt;
&lt;tr&gt;&lt;td&gt;Longitude: 32.795262 &lt;/td&gt;&lt;/tr&gt;
&lt;tr&gt;&lt;td&gt;Latitude: -18.416430 &lt;/td&gt;&lt;/tr&gt;
&lt;tr&gt;&lt;td&gt;Heading: 247.4 &lt;/td&gt;&lt;/tr&gt;
&lt;/table&gt;</desc>
    <sym>Flag, Blue</sym>
    <type>user</type>
  </wpt>
  <wpt lat="-18.416946977376938" lon="32.795251021161675">
    <ele>1594.9500456247479</ele>
    <time>2026-10-02T12:58:39.000Z</time>
    <name>The Epic 2025 001-332</name>
    <cmt>&lt;table&gt;
&lt;tr&gt;&lt;td&gt;Longitude: 32.795251 &lt;/td&gt;&lt;/tr&gt;
&lt;tr&gt;&lt;td&gt;Latitude: -18.416947 &lt;/td&gt;&lt;/tr&gt;
&lt;tr&gt;&lt;td&gt;Heading: 181.1 &lt;/td&gt;&lt;/tr&gt;
&lt;/table&gt;</cmt>
    <desc>&lt;table&gt;
&lt;tr&gt;&lt;td&gt;Longitude: 32.795251 &lt;/td&gt;&lt;/tr&gt;
&lt;tr&gt;&lt;td&gt;Latitude: -18.416947 &lt;/td&gt;&lt;/tr&gt;
&lt;tr&gt;&lt;td&gt;Heading: 181.1 &lt;/td&gt;&lt;/tr&gt;
&lt;/table&gt;</desc>
    <sym>Flag, Blue</sym>
    <type>user</type>
  </wpt>
  <wpt lat="-18.417331036180258" lon="32.79517801478505">
    <ele>1603.9570806398988</ele>
    <time>2026-10-02T12:58:39.000Z</time>
    <name>The Epic 2025 001-333</name>
    <cmt>&lt;table&gt;
&lt;tr&gt;&lt;td&gt;Longitude: 32.795178 &lt;/td&gt;&lt;/tr&gt;
&lt;tr&gt;&lt;td&gt;Latitude: -18.417331 &lt;/td&gt;&lt;/tr&gt;
&lt;tr&gt;&lt;td&gt;Heading: 190.3 &lt;/td&gt;&lt;/tr&gt;
&lt;/table&gt;</cmt>
    <desc>&lt;table&gt;
&lt;tr&gt;&lt;td&gt;Longitude: 32.795178 &lt;/td&gt;&lt;/tr&gt;
&lt;tr&gt;&lt;td&gt;Latitude: -18.417331 &lt;/td&gt;&lt;/tr&gt;
&lt;tr&gt;&lt;td&gt;Heading: 190.3 &lt;/td&gt;&lt;/tr&gt;
&lt;/table&gt;</desc>
    <sym>Flag, Blue</sym>
    <type>user</type>
  </wpt>
  <wpt lat="-18.417518036440015" lon="32.79498003423214">
    <ele>1607.9565160392526</ele>
    <time>2026-10-02T12:58:39.000Z</time>
    <name>The Epic 2025 001-334</name>
    <cmt>&lt;table&gt;
&lt;tr&gt;&lt;td&gt;Longitude: 32.794980 &lt;/td&gt;&lt;/tr&gt;
&lt;tr&gt;&lt;td&gt;Latitude: -18.417518 &lt;/td&gt;&lt;/tr&gt;
&lt;tr&gt;&lt;td&gt;Heading: 225.1 &lt;/td&gt;&lt;/tr&gt;
&lt;/table&gt;</cmt>
    <desc>&lt;table&gt;
&lt;tr&gt;&lt;td&gt;Longitude: 32.794980 &lt;/td&gt;&lt;/tr&gt;
&lt;tr&gt;&lt;td&gt;Latitude: -18.417518 &lt;/td&gt;&lt;/tr&gt;
&lt;tr&gt;&lt;td&gt;Heading: 225.1 &lt;/td&gt;&lt;/tr&gt;
&lt;/table&gt;</desc>
    <sym>Flag, Blue</sym>
    <type>user</type>
  </wpt>
  <wpt lat="-18.417950039729476" lon="32.79470100067556">
    <ele>1620.0776919156824</ele>
    <time>2026-10-02T12:58:39.000Z</time>
    <name>The Epic 2025 001-335</name>
    <cmt>&lt;table&gt;
&lt;tr&gt;&lt;td&gt;Longitude: 32.794701 &lt;/td&gt;&lt;/tr&gt;
&lt;tr&gt;&lt;td&gt;Latitude: -18.417950 &lt;/td&gt;&lt;/tr&gt;
&lt;tr&gt;&lt;td&gt;Heading: 211.5 &lt;/td&gt;&lt;/tr&gt;
&lt;/table&gt;</cmt>
    <desc>&lt;table&gt;
&lt;tr&gt;&lt;td&gt;Longitude: 32.794701 &lt;/td&gt;&lt;/tr&gt;
&lt;tr&gt;&lt;td&gt;Latitude: -18.417950 &lt;/td&gt;&lt;/tr&gt;
&lt;tr&gt;&lt;td&gt;Heading: 211.5 &lt;/td&gt;&lt;/tr&gt;
&lt;/table&gt;</desc>
    <sym>Flag, Blue</sym>
    <type>user</type>
  </wpt>
  <wpt lat="-18.41824298724532" lon="32.794329011812806">
    <ele>1626.3425380207927</ele>
    <time>2026-10-02T12:58:39.000Z</time>
    <name>The Epic 2025 001-336</name>
    <cmt>&lt;table&gt;
&lt;tr&gt;&lt;td&gt;Longitude: 32.794329 &lt;/td&gt;&lt;/tr&gt;
&lt;tr&gt;&lt;td&gt;Latitude: -18.418243 &lt;/td&gt;&lt;/tr&gt;
&lt;tr&gt;&lt;td&gt;Heading: 230.3 &lt;/td&gt;&lt;/tr&gt;
&lt;/table&gt;</cmt>
    <desc>&lt;table&gt;
&lt;tr&gt;&lt;td&gt;Longitude: 32.794329 &lt;/td&gt;&lt;/tr&gt;
&lt;tr&gt;&lt;td&gt;Latitude: -18.418243 &lt;/td&gt;&lt;/tr&gt;
&lt;tr&gt;&lt;td&gt;Heading: 230.3 &lt;/td&gt;&lt;/tr&gt;
&lt;/table&gt;</desc>
    <sym>Flag, Blue</sym>
    <type>user</type>
  </wpt>
  <wpt lat="-18.418640037998557" lon="32.79405802488327">
    <ele>1631.4149487738414</ele>
    <time>2026-10-02T12:58:39.000Z</time>
    <name>The Epic 2025 001-337</name>
    <cmt>&lt;table&gt;
&lt;tr&gt;&lt;td&gt;Longitude: 32.794058 &lt;/td&gt;&lt;/tr&gt;
&lt;tr&gt;&lt;td&gt;Latitude: -18.418640 &lt;/td&gt;&lt;/tr&gt;
&lt;tr&gt;&lt;td&gt;Heading: 212.9 &lt;/td&gt;&lt;/tr&gt;
&lt;/table&gt;</cmt>
    <desc>&lt;table&gt;
&lt;tr&gt;&lt;td&gt;Longitude: 32.794058 &lt;/td&gt;&lt;/tr&gt;
&lt;tr&gt;&lt;td&gt;Latitude: -18.418640 &lt;/td&gt;&lt;/tr&gt;
&lt;tr&gt;&lt;td&gt;Heading: 212.9 &lt;/td&gt;&lt;/tr&gt;
&lt;/table&gt;</desc>
    <sym>Flag, Blue</sym>
    <type>user</type>
  </wpt>
  <wpt lat="-18.418812034651637" lon="32.79349903576076">
    <ele>1635.271780299372</ele>
    <time>2026-10-02T12:58:39.000Z</time>
    <name>The Epic 2025 001-338</name>
    <cmt>&lt;table&gt;
&lt;tr&gt;&lt;td&gt;Longitude: 32.793499 &lt;/td&gt;&lt;/tr&gt;
&lt;tr&gt;&lt;td&gt;Latitude: -18.418812 &lt;/td&gt;&lt;/tr&gt;
&lt;tr&gt;&lt;td&gt;Heading: 252.1 &lt;/td&gt;&lt;/tr&gt;
&lt;/table&gt;</cmt>
    <desc>&lt;table&gt;
&lt;tr&gt;&lt;td&gt;Longitude: 32.793499 &lt;/td&gt;&lt;/tr&gt;
&lt;tr&gt;&lt;td&gt;Latitude: -18.418812 &lt;/td&gt;&lt;/tr&gt;
&lt;tr&gt;&lt;td&gt;Heading: 252.1 &lt;/td&gt;&lt;/tr&gt;
&lt;/table&gt;</desc>
    <sym>Flag, Blue</sym>
    <type>user</type>
  </wpt>
  <wpt lat="-18.419008003547788" lon="32.79313199222088">
    <ele>1639.2978966115043</ele>
    <time>2026-10-02T12:58:39.000Z</time>
    <name>The Epic 2025 001-339</name>
    <cmt>&lt;table&gt;
&lt;tr&gt;&lt;td&gt;Longitude: 32.793132 &lt;/td&gt;&lt;/tr&gt;
&lt;tr&gt;&lt;td&gt;Latitude: -18.419008 &lt;/td&gt;&lt;/tr&gt;
&lt;tr&gt;&lt;td&gt;Heading: 240.6 &lt;/td&gt;&lt;/tr&gt;
&lt;/table&gt;</cmt>
    <desc>&lt;table&gt;
&lt;tr&gt;&lt;td&gt;Longitude: 32.793132 &lt;/td&gt;&lt;/tr&gt;
&lt;tr&gt;&lt;td&gt;Latitude: -18.419008 &lt;/td&gt;&lt;/tr&gt;
&lt;tr&gt;&lt;td&gt;Heading: 240.6 &lt;/td&gt;&lt;/tr&gt;
&lt;/table&gt;</desc>
    <sym>Flag, Blue</sym>
    <type>user</type>
  </wpt>
  <wpt lat="-18.454868970438838" lon="32.811236986890435">
    <ele>1790.598804053372</ele>
    <time>2026-10-02T12:58:39.000Z</time>
    <name>The Epic 2025 001-34</name>
    <cmt>&lt;table&gt;
&lt;tr&gt;&lt;td&gt;Longitude: 32.811237 &lt;/td&gt;&lt;/tr&gt;
&lt;tr&gt;&lt;td&gt;Latitude: -18.454869 &lt;/td&gt;&lt;/tr&gt;
&lt;tr&gt;&lt;td&gt;Heading: 344.6 &lt;/td&gt;&lt;/tr&gt;
&lt;/table&gt;</cmt>
    <desc>&lt;table&gt;
&lt;tr&gt;&lt;td&gt;Longitude: 32.811237 &lt;/td&gt;&lt;/tr&gt;
&lt;tr&gt;&lt;td&gt;Latitude: -18.454869 &lt;/td&gt;&lt;/tr&gt;
&lt;tr&gt;&lt;td&gt;Heading: 344.6 &lt;/td&gt;&lt;/tr&gt;
&lt;/table&gt;</desc>
    <sym>Flag, Blue</sym>
    <type>user</type>
  </wpt>
  <wpt lat="-18.4192250110209" lon="32.792954966425896">
    <ele>1642.0804239291915</ele>
    <time>2026-10-02T12:58:39.000Z</time>
    <name>The Epic 2025 001-340</name>
    <cmt>&lt;table&gt;
&lt;tr&gt;&lt;td&gt;Longitude: 32.792955 &lt;/td&gt;&lt;/tr&gt;
&lt;tr&gt;&lt;td&gt;Latitude: -18.419225 &lt;/td&gt;&lt;/tr&gt;
&lt;tr&gt;&lt;td&gt;Heading: 217.7 &lt;/td&gt;&lt;/tr&gt;
&lt;/table&gt;</cmt>
    <desc>&lt;table&gt;
&lt;tr&gt;&lt;td&gt;Longitude: 32.792955 &lt;/td&gt;&lt;/tr&gt;
&lt;tr&gt;&lt;td&gt;Latitude: -18.419225 &lt;/td&gt;&lt;/tr&gt;
&lt;tr&gt;&lt;td&gt;Heading: 217.7 &lt;/td&gt;&lt;/tr&gt;
&lt;/table&gt;</desc>
    <sym>Flag, Blue</sym>
    <type>user</type>
  </wpt>
  <wpt lat="-18.419452998787165" lon="32.79288296587765">
    <ele>1644.7403450179845</ele>
    <time>2026-10-02T12:58:39.000Z</time>
    <name>The Epic 2025 001-341</name>
    <cmt>&lt;table&gt;
&lt;tr&gt;&lt;td&gt;Longitude: 32.792883 &lt;/td&gt;&lt;/tr&gt;
&lt;tr&gt;&lt;td&gt;Latitude: -18.419453 &lt;/td&gt;&lt;/tr&gt;
&lt;tr&gt;&lt;td&gt;Heading: 196.8 &lt;/td&gt;&lt;/tr&gt;
&lt;/table&gt;</cmt>
    <desc>&lt;table&gt;
&lt;tr&gt;&lt;td&gt;Longitude: 32.792883 &lt;/td&gt;&lt;/tr&gt;
&lt;tr&gt;&lt;td&gt;Latitude: -18.419453 &lt;/td&gt;&lt;/tr&gt;
&lt;tr&gt;&lt;td&gt;Heading: 196.8 &lt;/td&gt;&lt;/tr&gt;
&lt;/table&gt;</desc>
    <sym>Flag, Blue</sym>
    <type>user</type>
  </wpt>
  <wpt lat="-18.419881984591484" lon="32.792846001684666">
    <ele>1649.8290883412299</ele>
    <time>2026-10-02T12:58:39.000Z</time>
    <name>The Epic 2025 001-342</name>
    <cmt>&lt;table&gt;
&lt;tr&gt;&lt;td&gt;Longitude: 32.792846 &lt;/td&gt;&lt;/tr&gt;
&lt;tr&gt;&lt;td&gt;Latitude: -18.419882 &lt;/td&gt;&lt;/tr&gt;
&lt;tr&gt;&lt;td&gt;Heading: 184.7 &lt;/td&gt;&lt;/tr&gt;
&lt;/table&gt;</cmt>
    <desc>&lt;table&gt;
&lt;tr&gt;&lt;td&gt;Longitude: 32.792846 &lt;/td&gt;&lt;/tr&gt;
&lt;tr&gt;&lt;td&gt;Latitude: -18.419882 &lt;/td&gt;&lt;/tr&gt;
&lt;tr&gt;&lt;td&gt;Heading: 184.7 &lt;/td&gt;&lt;/tr&gt;
&lt;/table&gt;</desc>
    <sym>Flag, Blue</sym>
    <type>user</type>
  </wpt>
  <wpt lat="-18.42028498649597" lon="32.792372005060315">
    <ele>1652.0419537414564</ele>
    <time>2026-10-02T12:58:39.000Z</time>
    <name>The Epic 2025 001-343</name>
    <cmt>&lt;table&gt;
&lt;tr&gt;&lt;td&gt;Longitude: 32.792372 &lt;/td&gt;&lt;/tr&gt;
&lt;tr&gt;&lt;td&gt;Latitude: -18.420285 &lt;/td&gt;&lt;/tr&gt;
&lt;tr&gt;&lt;td&gt;Heading: 228.2 &lt;/td&gt;&lt;/tr&gt;
&lt;/table&gt;</cmt>
    <desc>&lt;table&gt;
&lt;tr&gt;&lt;td&gt;Longitude: 32.792372 &lt;/td&gt;&lt;/tr&gt;
&lt;tr&gt;&lt;td&gt;Latitude: -18.420285 &lt;/td&gt;&lt;/tr&gt;
&lt;tr&gt;&lt;td&gt;Heading: 228.2 &lt;/td&gt;&lt;/tr&gt;
&lt;/table&gt;</desc>
    <sym>Flag, Blue</sym>
    <type>user</type>
  </wpt>
  <wpt lat="-18.420610036700964" lon="32.79199699871242">
    <ele>1657.1969794019824</ele>
    <time>2026-10-02T12:58:39.000Z</time>
    <name>The Epic 2025 001-344</name>
    <cmt>&lt;table&gt;
&lt;tr&gt;&lt;td&gt;Longitude: 32.791997 &lt;/td&gt;&lt;/tr&gt;
&lt;tr&gt;&lt;td&gt;Latitude: -18.420610 &lt;/td&gt;&lt;/tr&gt;
&lt;tr&gt;&lt;td&gt;Heading: 227.5 &lt;/td&gt;&lt;/tr&gt;
&lt;/table&gt;</cmt>
    <desc>&lt;table&gt;
&lt;tr&gt;&lt;td&gt;Longitude: 32.791997 &lt;/td&gt;&lt;/tr&gt;
&lt;tr&gt;&lt;td&gt;Latitude: -18.420610 &lt;/td&gt;&lt;/tr&gt;
&lt;tr&gt;&lt;td&gt;Heading: 227.5 &lt;/td&gt;&lt;/tr&gt;
&lt;/table&gt;</desc>
    <sym>Flag, Blue</sym>
    <type>user</type>
  </wpt>
  <wpt lat="-18.42053703032434" lon="32.79175601899624">
    <ele>1657.876478234306</ele>
    <time>2026-10-02T12:58:39.000Z</time>
    <name>The Epic 2025 001-345</name>
    <cmt>&lt;table&gt;
&lt;tr&gt;&lt;td&gt;Longitude: 32.791756 &lt;/td&gt;&lt;/tr&gt;
&lt;tr&gt;&lt;td&gt;Latitude: -18.420537 &lt;/td&gt;&lt;/tr&gt;
&lt;tr&gt;&lt;td&gt;Heading: 287.8 &lt;/td&gt;&lt;/tr&gt;
&lt;/table&gt;</cmt>
    <desc>&lt;table&gt;
&lt;tr&gt;&lt;td&gt;Longitude: 32.791756 &lt;/td&gt;&lt;/tr&gt;
&lt;tr&gt;&lt;td&gt;Latitude: -18.420537 &lt;/td&gt;&lt;/tr&gt;
&lt;tr&gt;&lt;td&gt;Heading: 287.8 &lt;/td&gt;&lt;/tr&gt;
&lt;/table&gt;</desc>
    <sym>Flag, Blue</sym>
    <type>user</type>
  </wpt>
  <wpt lat="-18.420524960383773" lon="32.791361985728145">
    <ele>1663.3986382537987</ele>
    <time>2026-10-02T12:58:39.000Z</time>
    <name>The Epic 2025 001-346</name>
    <cmt>&lt;table&gt;
&lt;tr&gt;&lt;td&gt;Longitude: 32.791362 &lt;/td&gt;&lt;/tr&gt;
&lt;tr&gt;&lt;td&gt;Latitude: -18.420525 &lt;/td&gt;&lt;/tr&gt;
&lt;tr&gt;&lt;td&gt;Heading: 271.8 &lt;/td&gt;&lt;/tr&gt;
&lt;/table&gt;</cmt>
    <desc>&lt;table&gt;
&lt;tr&gt;&lt;td&gt;Longitude: 32.791362 &lt;/td&gt;&lt;/tr&gt;
&lt;tr&gt;&lt;td&gt;Latitude: -18.420525 &lt;/td&gt;&lt;/tr&gt;
&lt;tr&gt;&lt;td&gt;Heading: 271.8 &lt;/td&gt;&lt;/tr&gt;
&lt;/table&gt;</desc>
    <sym>Flag, Blue</sym>
    <type>user</type>
  </wpt>
  <wpt lat="-18.42060400173068" lon="32.790675004944205">
    <ele>1669.2984200655924</ele>
    <time>2026-10-02T12:58:39.000Z</time>
    <name>The Epic 2025 001-347</name>
    <cmt>&lt;table&gt;
&lt;tr&gt;&lt;td&gt;Longitude: 32.790675 &lt;/td&gt;&lt;/tr&gt;
&lt;tr&gt;&lt;td&gt;Latitude: -18.420604 &lt;/td&gt;&lt;/tr&gt;
&lt;tr&gt;&lt;td&gt;Heading: 263.1 &lt;/td&gt;&lt;/tr&gt;
&lt;/table&gt;</cmt>
    <desc>&lt;table&gt;
&lt;tr&gt;&lt;td&gt;Longitude: 32.790675 &lt;/td&gt;&lt;/tr&gt;
&lt;tr&gt;&lt;td&gt;Latitude: -18.420604 &lt;/td&gt;&lt;/tr&gt;
&lt;tr&gt;&lt;td&gt;Heading: 263.1 &lt;/td&gt;&lt;/tr&gt;
&lt;/table&gt;</desc>
    <sym>Flag, Blue</sym>
    <type>user</type>
  </wpt>
  <wpt lat="-18.420681031420827" lon="32.79031701385975">
    <ele>1672.5060033351183</ele>
    <time>2026-10-02T12:58:39.000Z</time>
    <name>The Epic 2025 001-348</name>
    <cmt>&lt;table&gt;
&lt;tr&gt;&lt;td&gt;Longitude: 32.790317 &lt;/td&gt;&lt;/tr&gt;
&lt;tr&gt;&lt;td&gt;Latitude: -18.420681 &lt;/td&gt;&lt;/tr&gt;
&lt;tr&gt;&lt;td&gt;Heading: 257.2 &lt;/td&gt;&lt;/tr&gt;
&lt;/table&gt;</cmt>
    <desc>&lt;table&gt;
&lt;tr&gt;&lt;td&gt;Longitude: 32.790317 &lt;/td&gt;&lt;/tr&gt;
&lt;tr&gt;&lt;td&gt;Latitude: -18.420681 &lt;/td&gt;&lt;/tr&gt;
&lt;tr&gt;&lt;td&gt;Heading: 257.2 &lt;/td&gt;&lt;/tr&gt;
&lt;/table&gt;</desc>
    <sym>Flag, Blue</sym>
    <type>user</type>
  </wpt>
  <wpt lat="-18.420746996998787" lon="32.789242034778">
    <ele>1693.7325722328949</ele>
    <time>2026-10-02T12:58:39.000Z</time>
    <name>The Epic 2025 001-349</name>
    <cmt>&lt;table&gt;
&lt;tr&gt;&lt;td&gt;Longitude: 32.789242 &lt;/td&gt;&lt;/tr&gt;
&lt;tr&gt;&lt;td&gt;Latitude: -18.420747 &lt;/td&gt;&lt;/tr&gt;
&lt;tr&gt;&lt;td&gt;Heading: 266.3 &lt;/td&gt;&lt;/tr&gt;
&lt;/table&gt;</cmt>
    <desc>&lt;table&gt;
&lt;tr&gt;&lt;td&gt;Longitude: 32.789242 &lt;/td&gt;&lt;/tr&gt;
&lt;tr&gt;&lt;td&gt;Latitude: -18.420747 &lt;/td&gt;&lt;/tr&gt;
&lt;tr&gt;&lt;td&gt;Heading: 266.3 &lt;/td&gt;&lt;/tr&gt;
&lt;/table&gt;</desc>
    <sym>Flag, Blue</sym>
    <type>user</type>
  </wpt>
  <wpt lat="-18.45420403406024" lon="32.81110203824937">
    <ele>1791.7969342996366</ele>
    <time>2026-10-02T12:58:39.000Z</time>
    <name>The Epic 2025 001-35</name>
    <cmt>&lt;table&gt;
&lt;tr&gt;&lt;td&gt;Longitude: 32.811102 &lt;/td&gt;&lt;/tr&gt;
&lt;tr&gt;&lt;td&gt;Latitude: -18.454204 &lt;/td&gt;&lt;/tr&gt;
&lt;tr&gt;&lt;td&gt;Heading: 349.0 &lt;/td&gt;&lt;/tr&gt;
&lt;/table&gt;</cmt>
    <desc>&lt;table&gt;
&lt;tr&gt;&lt;td&gt;Longitude: 32.811102 &lt;/td&gt;&lt;/tr&gt;
&lt;tr&gt;&lt;td&gt;Latitude: -18.454204 &lt;/td&gt;&lt;/tr&gt;
&lt;tr&gt;&lt;td&gt;Heading: 349.0 &lt;/td&gt;&lt;/tr&gt;
&lt;/table&gt;</desc>
    <sym>Flag, Blue</sym>
    <type>user</type>
  </wpt>
  <wpt lat="-18.420398980379105" lon="32.78885101899505">
    <ele>1692.3773590452015</ele>
    <time>2026-10-02T12:58:39.000Z</time>
    <name>The Epic 2025 001-350</name>
    <cmt>&lt;table&gt;
&lt;tr&gt;&lt;td&gt;Longitude: 32.788851 &lt;/td&gt;&lt;/tr&gt;
&lt;tr&gt;&lt;td&gt;Latitude: -18.420399 &lt;/td&gt;&lt;/tr&gt;
&lt;tr&gt;&lt;td&gt;Heading: 313.2 &lt;/td&gt;&lt;/tr&gt;
&lt;/table&gt;</cmt>
    <desc>&lt;table&gt;
&lt;tr&gt;&lt;td&gt;Longitude: 32.788851 &lt;/td&gt;&lt;/tr&gt;
&lt;tr&gt;&lt;td&gt;Latitude: -18.420399 &lt;/td&gt;&lt;/tr&gt;
&lt;tr&gt;&lt;td&gt;Heading: 313.2 &lt;/td&gt;&lt;/tr&gt;
&lt;/table&gt;</desc>
    <sym>Flag, Blue</sym>
    <type>user</type>
  </wpt>
  <wpt lat="-18.420314993709326" lon="32.78851800598204">
    <ele>1691.4999880212304</ele>
    <time>2026-10-02T12:58:39.000Z</time>
    <name>The Epic 2025 001-351</name>
    <cmt>&lt;table&gt;
&lt;tr&gt;&lt;td&gt;Longitude: 32.788518 &lt;/td&gt;&lt;/tr&gt;
&lt;tr&gt;&lt;td&gt;Latitude: -18.420315 &lt;/td&gt;&lt;/tr&gt;
&lt;tr&gt;&lt;td&gt;Heading: 284.9 &lt;/td&gt;&lt;/tr&gt;
&lt;/table&gt;</cmt>
    <desc>&lt;table&gt;
&lt;tr&gt;&lt;td&gt;Longitude: 32.788518 &lt;/td&gt;&lt;/tr&gt;
&lt;tr&gt;&lt;td&gt;Latitude: -18.420315 &lt;/td&gt;&lt;/tr&gt;
&lt;tr&gt;&lt;td&gt;Heading: 284.9 &lt;/td&gt;&lt;/tr&gt;
&lt;/table&gt;</desc>
    <sym>Flag, Blue</sym>
    <type>user</type>
  </wpt>
  <wpt lat="-18.420529989525676" lon="32.788270991295576">
    <ele>1697.801936814308</ele>
    <time>2026-10-02T12:58:39.000Z</time>
    <name>The Epic 2025 001-352</name>
    <cmt>&lt;table&gt;
&lt;tr&gt;&lt;td&gt;Longitude: 32.788271 &lt;/td&gt;&lt;/tr&gt;
&lt;tr&gt;&lt;td&gt;Latitude: -18.420530 &lt;/td&gt;&lt;/tr&gt;
&lt;tr&gt;&lt;td&gt;Heading: 227.4 &lt;/td&gt;&lt;/tr&gt;
&lt;/table&gt;</cmt>
    <desc>&lt;table&gt;
&lt;tr&gt;&lt;td&gt;Longitude: 32.788271 &lt;/td&gt;&lt;/tr&gt;
&lt;tr&gt;&lt;td&gt;Latitude: -18.420530 &lt;/td&gt;&lt;/tr&gt;
&lt;tr&gt;&lt;td&gt;Heading: 227.4 &lt;/td&gt;&lt;/tr&gt;
&lt;/table&gt;</desc>
    <sym>Flag, Blue</sym>
    <type>user</type>
  </wpt>
  <wpt lat="-18.42066703364253" lon="32.78813595883548">
    <ele>1700.3155349067715</ele>
    <time>2026-10-02T12:58:39.000Z</time>
    <name>The Epic 2025 001-353</name>
    <cmt>&lt;table&gt;
&lt;tr&gt;&lt;td&gt;Longitude: 32.788136 &lt;/td&gt;&lt;/tr&gt;
&lt;tr&gt;&lt;td&gt;Latitude: -18.420667 &lt;/td&gt;&lt;/tr&gt;
&lt;tr&gt;&lt;td&gt;Heading: 223.1 &lt;/td&gt;&lt;/tr&gt;
&lt;/table&gt;</cmt>
    <desc>&lt;table&gt;
&lt;tr&gt;&lt;td&gt;Longitude: 32.788136 &lt;/td&gt;&lt;/tr&gt;
&lt;tr&gt;&lt;td&gt;Latitude: -18.420667 &lt;/td&gt;&lt;/tr&gt;
&lt;tr&gt;&lt;td&gt;Heading: 223.1 &lt;/td&gt;&lt;/tr&gt;
&lt;/table&gt;</desc>
    <sym>Flag, Blue</sym>
    <type>user</type>
  </wpt>
  <wpt lat="-18.42062897980213" lon="32.78761301189661">
    <ele>1685.1416668923378</ele>
    <time>2026-10-02T12:58:39.000Z</time>
    <name>The Epic 2025 001-354</name>
    <cmt>&lt;table&gt;
&lt;tr&gt;&lt;td&gt;Longitude: 32.787613 &lt;/td&gt;&lt;/tr&gt;
&lt;tr&gt;&lt;td&gt;Latitude: -18.420629 &lt;/td&gt;&lt;/tr&gt;
&lt;tr&gt;&lt;td&gt;Heading: 274.4 &lt;/td&gt;&lt;/tr&gt;
&lt;/table&gt;</cmt>
    <desc>&lt;table&gt;
&lt;tr&gt;&lt;td&gt;Longitude: 32.787613 &lt;/td&gt;&lt;/tr&gt;
&lt;tr&gt;&lt;td&gt;Latitude: -18.420629 &lt;/td&gt;&lt;/tr&gt;
&lt;tr&gt;&lt;td&gt;Heading: 274.4 &lt;/td&gt;&lt;/tr&gt;
&lt;/table&gt;</desc>
    <sym>Flag, Blue</sym>
    <type>user</type>
  </wpt>
  <wpt lat="-18.420849004760385" lon="32.7871560305357">
    <ele>1686.645207285134</ele>
    <time>2026-10-02T12:58:39.000Z</time>
    <name>The Epic 2025 001-355</name>
    <cmt>&lt;table&gt;
&lt;tr&gt;&lt;td&gt;Longitude: 32.787156 &lt;/td&gt;&lt;/tr&gt;
&lt;tr&gt;&lt;td&gt;Latitude: -18.420849 &lt;/td&gt;&lt;/tr&gt;
&lt;tr&gt;&lt;td&gt;Heading: 243.1 &lt;/td&gt;&lt;/tr&gt;
&lt;/table&gt;</cmt>
    <desc>&lt;table&gt;
&lt;tr&gt;&lt;td&gt;Longitude: 32.787156 &lt;/td&gt;&lt;/tr&gt;
&lt;tr&gt;&lt;td&gt;Latitude: -18.420849 &lt;/td&gt;&lt;/tr&gt;
&lt;tr&gt;&lt;td&gt;Heading: 243.1 &lt;/td&gt;&lt;/tr&gt;
&lt;/table&gt;</desc>
    <sym>Flag, Blue</sym>
    <type>user</type>
  </wpt>
  <wpt lat="-18.421274973079562" lon="32.786872973665595">
    <ele>1690.2785806445795</ele>
    <time>2026-10-02T12:58:39.000Z</time>
    <name>The Epic 2025 001-356</name>
    <cmt>&lt;table&gt;
&lt;tr&gt;&lt;td&gt;Longitude: 32.786873 &lt;/td&gt;&lt;/tr&gt;
&lt;tr&gt;&lt;td&gt;Latitude: -18.421275 &lt;/td&gt;&lt;/tr&gt;
&lt;tr&gt;&lt;td&gt;Heading: 212.2 &lt;/td&gt;&lt;/tr&gt;
&lt;/table&gt;</cmt>
    <desc>&lt;table&gt;
&lt;tr&gt;&lt;td&gt;Longitude: 32.786873 &lt;/td&gt;&lt;/tr&gt;
&lt;tr&gt;&lt;td&gt;Latitude: -18.421275 &lt;/td&gt;&lt;/tr&gt;
&lt;tr&gt;&lt;td&gt;Heading: 212.2 &lt;/td&gt;&lt;/tr&gt;
&lt;/table&gt;</desc>
    <sym>Flag, Blue</sym>
    <type>user</type>
  </wpt>
  <wpt lat="-18.42135401442647" lon="32.78669795952737">
    <ele>1690.3059183530981</ele>
    <time>2026-10-02T12:58:39.000Z</time>
    <name>The Epic 2025 001-357</name>
    <cmt>&lt;table&gt;
&lt;tr&gt;&lt;td&gt;Longitude: 32.786698 &lt;/td&gt;&lt;/tr&gt;
&lt;tr&gt;&lt;td&gt;Latitude: -18.421354 &lt;/td&gt;&lt;/tr&gt;
&lt;tr&gt;&lt;td&gt;Heading: 244.6 &lt;/td&gt;&lt;/tr&gt;
&lt;/table&gt;</cmt>
    <desc>&lt;table&gt;
&lt;tr&gt;&lt;td&gt;Longitude: 32.786698 &lt;/td&gt;&lt;/tr&gt;
&lt;tr&gt;&lt;td&gt;Latitude: -18.421354 &lt;/td&gt;&lt;/tr&gt;
&lt;tr&gt;&lt;td&gt;Heading: 244.6 &lt;/td&gt;&lt;/tr&gt;
&lt;/table&gt;</desc>
    <sym>Flag, Blue</sym>
    <type>user</type>
  </wpt>
  <wpt lat="-18.42154897749424" lon="32.786550018936396">
    <ele>1697.709382451796</ele>
    <time>2026-10-02T12:58:39.000Z</time>
    <name>The Epic 2025 001-358</name>
    <cmt>&lt;table&gt;
&lt;tr&gt;&lt;td&gt;Longitude: 32.786550 &lt;/td&gt;&lt;/tr&gt;
&lt;tr&gt;&lt;td&gt;Latitude: -18.421549 &lt;/td&gt;&lt;/tr&gt;
&lt;tr&gt;&lt;td&gt;Heading: 215.9 &lt;/td&gt;&lt;/tr&gt;
&lt;/table&gt;</cmt>
    <desc>&lt;table&gt;
&lt;tr&gt;&lt;td&gt;Longitude: 32.786550 &lt;/td&gt;&lt;/tr&gt;
&lt;tr&gt;&lt;td&gt;Latitude: -18.421549 &lt;/td&gt;&lt;/tr&gt;
&lt;tr&gt;&lt;td&gt;Heading: 215.9 &lt;/td&gt;&lt;/tr&gt;
&lt;/table&gt;</desc>
    <sym>Flag, Blue</sym>
    <type>user</type>
  </wpt>
  <wpt lat="-18.42184703797102" lon="32.78589203953743">
    <ele>1696.9473423700256</ele>
    <time>2026-10-02T12:58:39.000Z</time>
    <name>The Epic 2025 001-359</name>
    <cmt>&lt;table&gt;
&lt;tr&gt;&lt;td&gt;Longitude: 32.785892 &lt;/td&gt;&lt;/tr&gt;
&lt;tr&gt;&lt;td&gt;Latitude: -18.421847 &lt;/td&gt;&lt;/tr&gt;
&lt;tr&gt;&lt;td&gt;Heading: 244.4 &lt;/td&gt;&lt;/tr&gt;
&lt;/table&gt;</cmt>
    <desc>&lt;table&gt;
&lt;tr&gt;&lt;td&gt;Longitude: 32.785892 &lt;/td&gt;&lt;/tr&gt;
&lt;tr&gt;&lt;td&gt;Latitude: -18.421847 &lt;/td&gt;&lt;/tr&gt;
&lt;tr&gt;&lt;td&gt;Heading: 244.4 &lt;/td&gt;&lt;/tr&gt;
&lt;/table&gt;</desc>
    <sym>Flag, Blue</sym>
    <type>user</type>
  </wpt>
  <wpt lat="-18.454261031001806" lon="32.81075502745807">
    <ele>1799.1578354725443</ele>
    <time>2026-10-02T12:58:39.000Z</time>
    <name>The Epic 2025 001-36</name>
    <cmt>&lt;table&gt;
&lt;tr&gt;&lt;td&gt;Longitude: 32.810755 &lt;/td&gt;&lt;/tr&gt;
&lt;tr&gt;&lt;td&gt;Latitude: -18.454261 &lt;/td&gt;&lt;/tr&gt;
&lt;tr&gt;&lt;td&gt;Heading: 260.1 &lt;/td&gt;&lt;/tr&gt;
&lt;/table&gt;</cmt>
    <desc>&lt;table&gt;
&lt;tr&gt;&lt;td&gt;Longitude: 32.810755 &lt;/td&gt;&lt;/tr&gt;
&lt;tr&gt;&lt;td&gt;Latitude: -18.454261 &lt;/td&gt;&lt;/tr&gt;
&lt;tr&gt;&lt;td&gt;Heading: 260.1 &lt;/td&gt;&lt;/tr&gt;
&lt;/table&gt;</desc>
    <sym>Flag, Blue</sym>
    <type>user</type>
  </wpt>
  <wpt lat="-18.422267977148294" lon="32.785326009616256">
    <ele>1695.991413015023</ele>
    <time>2026-10-02T12:58:39.000Z</time>
    <name>The Epic 2025 001-360</name>
    <cmt>&lt;table&gt;
&lt;tr&gt;&lt;td&gt;Longitude: 32.785326 &lt;/td&gt;&lt;/tr&gt;
&lt;tr&gt;&lt;td&gt;Latitude: -18.422268 &lt;/td&gt;&lt;/tr&gt;
&lt;tr&gt;&lt;td&gt;Heading: 231.9 &lt;/td&gt;&lt;/tr&gt;
&lt;/table&gt;</cmt>
    <desc>&lt;table&gt;
&lt;tr&gt;&lt;td&gt;Longitude: 32.785326 &lt;/td&gt;&lt;/tr&gt;
&lt;tr&gt;&lt;td&gt;Latitude: -18.422268 &lt;/td&gt;&lt;/tr&gt;
&lt;tr&gt;&lt;td&gt;Heading: 231.9 &lt;/td&gt;&lt;/tr&gt;
&lt;/table&gt;</desc>
    <sym>Flag, Blue</sym>
    <type>user</type>
  </wpt>
  <wpt lat="-18.422681037336588" lon="32.78514102101326">
    <ele>1703.3607984996806</ele>
    <time>2026-10-02T12:58:39.000Z</time>
    <name>The Epic 2025 001-361</name>
    <cmt>&lt;table&gt;
&lt;tr&gt;&lt;td&gt;Longitude: 32.785141 &lt;/td&gt;&lt;/tr&gt;
&lt;tr&gt;&lt;td&gt;Latitude: -18.422681 &lt;/td&gt;&lt;/tr&gt;
&lt;tr&gt;&lt;td&gt;Heading: 203.1 &lt;/td&gt;&lt;/tr&gt;
&lt;/table&gt;</cmt>
    <desc>&lt;table&gt;
&lt;tr&gt;&lt;td&gt;Longitude: 32.785141 &lt;/td&gt;&lt;/tr&gt;
&lt;tr&gt;&lt;td&gt;Latitude: -18.422681 &lt;/td&gt;&lt;/tr&gt;
&lt;tr&gt;&lt;td&gt;Heading: 203.1 &lt;/td&gt;&lt;/tr&gt;
&lt;/table&gt;</desc>
    <sym>Flag, Blue</sym>
    <type>user</type>
  </wpt>
  <wpt lat="-18.42292302288115" lon="32.78502803295851">
    <ele>1706.1572862524772</ele>
    <time>2026-10-02T12:58:39.000Z</time>
    <name>The Epic 2025 001-362</name>
    <cmt>&lt;table&gt;
&lt;tr&gt;&lt;td&gt;Longitude: 32.785028 &lt;/td&gt;&lt;/tr&gt;
&lt;tr&gt;&lt;td&gt;Latitude: -18.422923 &lt;/td&gt;&lt;/tr&gt;
&lt;tr&gt;&lt;td&gt;Heading: 203.9 &lt;/td&gt;&lt;/tr&gt;
&lt;/table&gt;</cmt>
    <desc>&lt;table&gt;
&lt;tr&gt;&lt;td&gt;Longitude: 32.785028 &lt;/td&gt;&lt;/tr&gt;
&lt;tr&gt;&lt;td&gt;Latitude: -18.422923 &lt;/td&gt;&lt;/tr&gt;
&lt;tr&gt;&lt;td&gt;Heading: 203.9 &lt;/td&gt;&lt;/tr&gt;
&lt;/table&gt;</desc>
    <sym>Flag, Blue</sym>
    <type>user</type>
  </wpt>
  <wpt lat="-18.422960992902517" lon="32.78452796861529">
    <ele>1698.9062886834145</ele>
    <time>2026-10-02T12:58:39.000Z</time>
    <name>The Epic 2025 001-363</name>
    <cmt>&lt;table&gt;
&lt;tr&gt;&lt;td&gt;Longitude: 32.784528 &lt;/td&gt;&lt;/tr&gt;
&lt;tr&gt;&lt;td&gt;Latitude: -18.422961 &lt;/td&gt;&lt;/tr&gt;
&lt;tr&gt;&lt;td&gt;Heading: 265.4 &lt;/td&gt;&lt;/tr&gt;
&lt;/table&gt;</cmt>
    <desc>&lt;table&gt;
&lt;tr&gt;&lt;td&gt;Longitude: 32.784528 &lt;/td&gt;&lt;/tr&gt;
&lt;tr&gt;&lt;td&gt;Latitude: -18.422961 &lt;/td&gt;&lt;/tr&gt;
&lt;tr&gt;&lt;td&gt;Heading: 265.4 &lt;/td&gt;&lt;/tr&gt;
&lt;/table&gt;</desc>
    <sym>Flag, Blue</sym>
    <type>user</type>
  </wpt>
  <wpt lat="-18.422853033989668" lon="32.78432998806238">
    <ele>1691.4135750620626</ele>
    <time>2026-10-02T12:58:39.000Z</time>
    <name>The Epic 2025 001-364</name>
    <cmt>&lt;table&gt;
&lt;tr&gt;&lt;td&gt;Longitude: 32.784330 &lt;/td&gt;&lt;/tr&gt;
&lt;tr&gt;&lt;td&gt;Latitude: -18.422853 &lt;/td&gt;&lt;/tr&gt;
&lt;tr&gt;&lt;td&gt;Heading: 300.0 &lt;/td&gt;&lt;/tr&gt;
&lt;/table&gt;</cmt>
    <desc>&lt;table&gt;
&lt;tr&gt;&lt;td&gt;Longitude: 32.784330 &lt;/td&gt;&lt;/tr&gt;
&lt;tr&gt;&lt;td&gt;Latitude: -18.422853 &lt;/td&gt;&lt;/tr&gt;
&lt;tr&gt;&lt;td&gt;Heading: 300.0 &lt;/td&gt;&lt;/tr&gt;
&lt;/table&gt;</desc>
    <sym>Flag, Blue</sym>
    <type>user</type>
  </wpt>
  <wpt lat="-18.423191998153925" lon="32.78397903777659">
    <ele>1686.881212189879</ele>
    <time>2026-10-02T12:58:39.000Z</time>
    <name>The Epic 2025 001-365</name>
    <cmt>&lt;table&gt;
&lt;tr&gt;&lt;td&gt;Longitude: 32.783979 &lt;/td&gt;&lt;/tr&gt;
&lt;tr&gt;&lt;td&gt;Latitude: -18.423192 &lt;/td&gt;&lt;/tr&gt;
&lt;tr&gt;&lt;td&gt;Heading: 224.4 &lt;/td&gt;&lt;/tr&gt;
&lt;/table&gt;</cmt>
    <desc>&lt;table&gt;
&lt;tr&gt;&lt;td&gt;Longitude: 32.783979 &lt;/td&gt;&lt;/tr&gt;
&lt;tr&gt;&lt;td&gt;Latitude: -18.423192 &lt;/td&gt;&lt;/tr&gt;
&lt;tr&gt;&lt;td&gt;Heading: 224.4 &lt;/td&gt;&lt;/tr&gt;
&lt;/table&gt;</desc>
    <sym>Flag, Blue</sym>
    <type>user</type>
  </wpt>
  <wpt lat="-18.423328958451748" lon="32.78363697230816">
    <ele>1684.8737980814185</ele>
    <time>2026-10-02T12:58:39.000Z</time>
    <name>The Epic 2025 001-366</name>
    <cmt>&lt;table&gt;
&lt;tr&gt;&lt;td&gt;Longitude: 32.783637 &lt;/td&gt;&lt;/tr&gt;
&lt;tr&gt;&lt;td&gt;Latitude: -18.423329 &lt;/td&gt;&lt;/tr&gt;
&lt;tr&gt;&lt;td&gt;Heading: 247.2 &lt;/td&gt;&lt;/tr&gt;
&lt;/table&gt;</cmt>
    <desc>&lt;table&gt;
&lt;tr&gt;&lt;td&gt;Longitude: 32.783637 &lt;/td&gt;&lt;/tr&gt;
&lt;tr&gt;&lt;td&gt;Latitude: -18.423329 &lt;/td&gt;&lt;/tr&gt;
&lt;tr&gt;&lt;td&gt;Heading: 247.2 &lt;/td&gt;&lt;/tr&gt;
&lt;/table&gt;</desc>
    <sym>Flag, Blue</sym>
    <type>user</type>
  </wpt>
  <wpt lat="-18.423282019793987" lon="32.78354602865875">
    <ele>1682.804384112047</ele>
    <time>2026-10-02T12:58:39.000Z</time>
    <name>The Epic 2025 001-367</name>
    <cmt>&lt;table&gt;
&lt;tr&gt;&lt;td&gt;Longitude: 32.783546 &lt;/td&gt;&lt;/tr&gt;
&lt;tr&gt;&lt;td&gt;Latitude: -18.423282 &lt;/td&gt;&lt;/tr&gt;
&lt;tr&gt;&lt;td&gt;Heading: 298.4 &lt;/td&gt;&lt;/tr&gt;
&lt;/table&gt;</cmt>
    <desc>&lt;table&gt;
&lt;tr&gt;&lt;td&gt;Longitude: 32.783546 &lt;/td&gt;&lt;/tr&gt;
&lt;tr&gt;&lt;td&gt;Latitude: -18.423282 &lt;/td&gt;&lt;/tr&gt;
&lt;tr&gt;&lt;td&gt;Heading: 298.4 &lt;/td&gt;&lt;/tr&gt;
&lt;/table&gt;</desc>
    <sym>Flag, Blue</sym>
    <type>user</type>
  </wpt>
  <wpt lat="-18.423318983986974" lon="32.78341602534056">
    <ele>1681.8252489731562</ele>
    <time>2026-10-02T12:58:39.000Z</time>
    <name>The Epic 2025 001-368</name>
    <cmt>&lt;table&gt;
&lt;tr&gt;&lt;td&gt;Longitude: 32.783416 &lt;/td&gt;&lt;/tr&gt;
&lt;tr&gt;&lt;td&gt;Latitude: -18.423319 &lt;/td&gt;&lt;/tr&gt;
&lt;tr&gt;&lt;td&gt;Heading: 253.5 &lt;/td&gt;&lt;/tr&gt;
&lt;/table&gt;</cmt>
    <desc>&lt;table&gt;
&lt;tr&gt;&lt;td&gt;Longitude: 32.783416 &lt;/td&gt;&lt;/tr&gt;
&lt;tr&gt;&lt;td&gt;Latitude: -18.423319 &lt;/td&gt;&lt;/tr&gt;
&lt;tr&gt;&lt;td&gt;Heading: 253.5 &lt;/td&gt;&lt;/tr&gt;
&lt;/table&gt;</desc>
    <sym>Flag, Blue</sym>
    <type>user</type>
  </wpt>
  <wpt lat="-18.423273973166943" lon="32.78334000147879">
    <ele>1679.3545015413679</ele>
    <time>2026-10-02T12:58:39.000Z</time>
    <name>The Epic 2025 001-369</name>
    <cmt>&lt;table&gt;
&lt;tr&gt;&lt;td&gt;Longitude: 32.783340 &lt;/td&gt;&lt;/tr&gt;
&lt;tr&gt;&lt;td&gt;Latitude: -18.423274 &lt;/td&gt;&lt;/tr&gt;
&lt;tr&gt;&lt;td&gt;Heading: 301.6 &lt;/td&gt;&lt;/tr&gt;
&lt;/table&gt;</cmt>
    <desc>&lt;table&gt;
&lt;tr&gt;&lt;td&gt;Longitude: 32.783340 &lt;/td&gt;&lt;/tr&gt;
&lt;tr&gt;&lt;td&gt;Latitude: -18.423274 &lt;/td&gt;&lt;/tr&gt;
&lt;tr&gt;&lt;td&gt;Heading: 301.6 &lt;/td&gt;&lt;/tr&gt;
&lt;/table&gt;</desc>
    <sym>Flag, Blue</sym>
    <type>user</type>
  </wpt>
  <wpt lat="-18.454296989366412" lon="32.81029402278364">
    <ele>1802.18408203125</ele>
    <time>2026-10-02T12:58:39.000Z</time>
    <name>The Epic 2025 001-37</name>
    <cmt>&lt;table&gt;
&lt;tr&gt;&lt;td&gt;Longitude: 32.810294 &lt;/td&gt;&lt;/tr&gt;
&lt;tr&gt;&lt;td&gt;Latitude: -18.454297 &lt;/td&gt;&lt;/tr&gt;
&lt;tr&gt;&lt;td&gt;Heading: 265.2 &lt;/td&gt;&lt;/tr&gt;
&lt;/table&gt;</cmt>
    <desc>&lt;table&gt;
&lt;tr&gt;&lt;td&gt;Longitude: 32.810294 &lt;/td&gt;&lt;/tr&gt;
&lt;tr&gt;&lt;td&gt;Latitude: -18.454297 &lt;/td&gt;&lt;/tr&gt;
&lt;tr&gt;&lt;td&gt;Heading: 265.2 &lt;/td&gt;&lt;/tr&gt;
&lt;/table&gt;</desc>
    <sym>Flag, Blue</sym>
    <type>user</type>
  </wpt>
  <wpt lat="-18.423390984535217" lon="32.783261965960264">
    <ele>1680.9000436258493</ele>
    <time>2026-10-02T12:58:39.000Z</time>
    <name>The Epic 2025 001-370</name>
    <cmt>&lt;table&gt;
&lt;tr&gt;&lt;td&gt;Longitude: 32.783262 &lt;/td&gt;&lt;/tr&gt;
&lt;tr&gt;&lt;td&gt;Latitude: -18.423391 &lt;/td&gt;&lt;/tr&gt;
&lt;tr&gt;&lt;td&gt;Heading: 212.3 &lt;/td&gt;&lt;/tr&gt;
&lt;/table&gt;</cmt>
    <desc>&lt;table&gt;
&lt;tr&gt;&lt;td&gt;Longitude: 32.783262 &lt;/td&gt;&lt;/tr&gt;
&lt;tr&gt;&lt;td&gt;Latitude: -18.423391 &lt;/td&gt;&lt;/tr&gt;
&lt;tr&gt;&lt;td&gt;Heading: 212.3 &lt;/td&gt;&lt;/tr&gt;
&lt;/table&gt;</desc>
    <sym>Flag, Blue</sym>
    <type>user</type>
  </wpt>
  <wpt lat="-18.42339601367712" lon="32.783068008720875">
    <ele>1675.7316953795962</ele>
    <time>2026-10-02T12:58:39.000Z</time>
    <name>The Epic 2025 001-371</name>
    <cmt>&lt;table&gt;
&lt;tr&gt;&lt;td&gt;Longitude: 32.783068 &lt;/td&gt;&lt;/tr&gt;
&lt;tr&gt;&lt;td&gt;Latitude: -18.423396 &lt;/td&gt;&lt;/tr&gt;
&lt;tr&gt;&lt;td&gt;Heading: 268.6 &lt;/td&gt;&lt;/tr&gt;
&lt;/table&gt;</cmt>
    <desc>&lt;table&gt;
&lt;tr&gt;&lt;td&gt;Longitude: 32.783068 &lt;/td&gt;&lt;/tr&gt;
&lt;tr&gt;&lt;td&gt;Latitude: -18.423396 &lt;/td&gt;&lt;/tr&gt;
&lt;tr&gt;&lt;td&gt;Heading: 268.6 &lt;/td&gt;&lt;/tr&gt;
&lt;/table&gt;</desc>
    <sym>Flag, Blue</sym>
    <type>user</type>
  </wpt>
  <wpt lat="-18.423514030873775" lon="32.78299097903073">
    <ele>1678.629173682976</ele>
    <time>2026-10-02T12:58:39.000Z</time>
    <name>The Epic 2025 001-372</name>
    <cmt>&lt;table&gt;
&lt;tr&gt;&lt;td&gt;Longitude: 32.782991 &lt;/td&gt;&lt;/tr&gt;
&lt;tr&gt;&lt;td&gt;Latitude: -18.423514 &lt;/td&gt;&lt;/tr&gt;
&lt;tr&gt;&lt;td&gt;Heading: 211.6 &lt;/td&gt;&lt;/tr&gt;
&lt;/table&gt;</cmt>
    <desc>&lt;table&gt;
&lt;tr&gt;&lt;td&gt;Longitude: 32.782991 &lt;/td&gt;&lt;/tr&gt;
&lt;tr&gt;&lt;td&gt;Latitude: -18.423514 &lt;/td&gt;&lt;/tr&gt;
&lt;tr&gt;&lt;td&gt;Heading: 211.6 &lt;/td&gt;&lt;/tr&gt;
&lt;/table&gt;</desc>
    <sym>Flag, Blue</sym>
    <type>user</type>
  </wpt>
  <wpt lat="-18.42350598424673" lon="32.78285996988416">
    <ele>1675.2509183514335</ele>
    <time>2026-10-02T12:58:39.000Z</time>
    <name>The Epic 2025 001-373</name>
    <cmt>&lt;table&gt;
&lt;tr&gt;&lt;td&gt;Longitude: 32.782860 &lt;/td&gt;&lt;/tr&gt;
&lt;tr&gt;&lt;td&gt;Latitude: -18.423506 &lt;/td&gt;&lt;/tr&gt;
&lt;tr&gt;&lt;td&gt;Heading: 273.6 &lt;/td&gt;&lt;/tr&gt;
&lt;/table&gt;</cmt>
    <desc>&lt;table&gt;
&lt;tr&gt;&lt;td&gt;Longitude: 32.782860 &lt;/td&gt;&lt;/tr&gt;
&lt;tr&gt;&lt;td&gt;Latitude: -18.423506 &lt;/td&gt;&lt;/tr&gt;
&lt;tr&gt;&lt;td&gt;Heading: 273.6 &lt;/td&gt;&lt;/tr&gt;
&lt;/table&gt;</desc>
    <sym>Flag, Blue</sym>
    <type>user</type>
  </wpt>
  <wpt lat="-18.42365300282836" lon="32.78280297294259">
    <ele>1680.4237412511127</ele>
    <time>2026-10-02T12:58:39.000Z</time>
    <name>The Epic 2025 001-374</name>
    <cmt>&lt;table&gt;
&lt;tr&gt;&lt;td&gt;Longitude: 32.782803 &lt;/td&gt;&lt;/tr&gt;
&lt;tr&gt;&lt;td&gt;Latitude: -18.423653 &lt;/td&gt;&lt;/tr&gt;
&lt;tr&gt;&lt;td&gt;Heading: 200.3 &lt;/td&gt;&lt;/tr&gt;
&lt;/table&gt;</cmt>
    <desc>&lt;table&gt;
&lt;tr&gt;&lt;td&gt;Longitude: 32.782803 &lt;/td&gt;&lt;/tr&gt;
&lt;tr&gt;&lt;td&gt;Latitude: -18.423653 &lt;/td&gt;&lt;/tr&gt;
&lt;tr&gt;&lt;td&gt;Heading: 200.3 &lt;/td&gt;&lt;/tr&gt;
&lt;/table&gt;</desc>
    <sym>Flag, Blue</sym>
    <type>user</type>
  </wpt>
  <wpt lat="-18.423625007271767" lon="32.782553024590015">
    <ele>1674.129607088477</ele>
    <time>2026-10-02T12:58:39.000Z</time>
    <name>The Epic 2025 001-375</name>
    <cmt>&lt;table&gt;
&lt;tr&gt;&lt;td&gt;Longitude: 32.782553 &lt;/td&gt;&lt;/tr&gt;
&lt;tr&gt;&lt;td&gt;Latitude: -18.423625 &lt;/td&gt;&lt;/tr&gt;
&lt;tr&gt;&lt;td&gt;Heading: 276.8 &lt;/td&gt;&lt;/tr&gt;
&lt;/table&gt;</cmt>
    <desc>&lt;table&gt;
&lt;tr&gt;&lt;td&gt;Longitude: 32.782553 &lt;/td&gt;&lt;/tr&gt;
&lt;tr&gt;&lt;td&gt;Latitude: -18.423625 &lt;/td&gt;&lt;/tr&gt;
&lt;tr&gt;&lt;td&gt;Heading: 276.8 &lt;/td&gt;&lt;/tr&gt;
&lt;/table&gt;</desc>
    <sym>Flag, Blue</sym>
    <type>user</type>
  </wpt>
  <wpt lat="-18.423702036961913" lon="32.78213895857334">
    <ele>1675.2112995466487</ele>
    <time>2026-10-02T12:58:39.000Z</time>
    <name>The Epic 2025 001-376</name>
    <cmt>&lt;table&gt;
&lt;tr&gt;&lt;td&gt;Longitude: 32.782139 &lt;/td&gt;&lt;/tr&gt;
&lt;tr&gt;&lt;td&gt;Latitude: -18.423702 &lt;/td&gt;&lt;/tr&gt;
&lt;tr&gt;&lt;td&gt;Heading: 258.8 &lt;/td&gt;&lt;/tr&gt;
&lt;/table&gt;</cmt>
    <desc>&lt;table&gt;
&lt;tr&gt;&lt;td&gt;Longitude: 32.782139 &lt;/td&gt;&lt;/tr&gt;
&lt;tr&gt;&lt;td&gt;Latitude: -18.423702 &lt;/td&gt;&lt;/tr&gt;
&lt;tr&gt;&lt;td&gt;Heading: 258.8 &lt;/td&gt;&lt;/tr&gt;
&lt;/table&gt;</desc>
    <sym>Flag, Blue</sym>
    <type>user</type>
  </wpt>
  <wpt lat="-18.423662977293134" lon="32.78187098912895">
    <ele>1671.1046322633488</ele>
    <time>2026-10-02T12:58:39.000Z</time>
    <name>The Epic 2025 001-377</name>
    <cmt>&lt;table&gt;
&lt;tr&gt;&lt;td&gt;Longitude: 32.781871 &lt;/td&gt;&lt;/tr&gt;
&lt;tr&gt;&lt;td&gt;Latitude: -18.423663 &lt;/td&gt;&lt;/tr&gt;
&lt;tr&gt;&lt;td&gt;Heading: 278.9 &lt;/td&gt;&lt;/tr&gt;
&lt;/table&gt;</cmt>
    <desc>&lt;table&gt;
&lt;tr&gt;&lt;td&gt;Longitude: 32.781871 &lt;/td&gt;&lt;/tr&gt;
&lt;tr&gt;&lt;td&gt;Latitude: -18.423663 &lt;/td&gt;&lt;/tr&gt;
&lt;tr&gt;&lt;td&gt;Heading: 278.9 &lt;/td&gt;&lt;/tr&gt;
&lt;/table&gt;</desc>
    <sym>Flag, Blue</sym>
    <type>user</type>
  </wpt>
  <wpt lat="-18.42401996254921" lon="32.78176403604448">
    <ele>1697.6042377249955</ele>
    <time>2026-10-02T12:58:39.000Z</time>
    <name>The Epic 2025 001-378</name>
    <cmt>&lt;table&gt;
&lt;tr&gt;&lt;td&gt;Longitude: 32.781764 &lt;/td&gt;&lt;/tr&gt;
&lt;tr&gt;&lt;td&gt;Latitude: -18.424020 &lt;/td&gt;&lt;/tr&gt;
&lt;tr&gt;&lt;td&gt;Heading: 195.9 &lt;/td&gt;&lt;/tr&gt;
&lt;/table&gt;</cmt>
    <desc>&lt;table&gt;
&lt;tr&gt;&lt;td&gt;Longitude: 32.781764 &lt;/td&gt;&lt;/tr&gt;
&lt;tr&gt;&lt;td&gt;Latitude: -18.424020 &lt;/td&gt;&lt;/tr&gt;
&lt;tr&gt;&lt;td&gt;Heading: 195.9 &lt;/td&gt;&lt;/tr&gt;
&lt;/table&gt;</desc>
    <sym>Flag, Blue</sym>
    <type>user</type>
  </wpt>
  <wpt lat="-18.423770014196634" lon="32.78159899637103">
    <ele>1678.0194687983367</ele>
    <time>2026-10-02T12:58:39.000Z</time>
    <name>The Epic 2025 001-379</name>
    <cmt>&lt;table&gt;
&lt;tr&gt;&lt;td&gt;Longitude: 32.781599 &lt;/td&gt;&lt;/tr&gt;
&lt;tr&gt;&lt;td&gt;Latitude: -18.423770 &lt;/td&gt;&lt;/tr&gt;
&lt;tr&gt;&lt;td&gt;Heading: 328.2 &lt;/td&gt;&lt;/tr&gt;
&lt;/table&gt;</cmt>
    <desc>&lt;table&gt;
&lt;tr&gt;&lt;td&gt;Longitude: 32.781599 &lt;/td&gt;&lt;/tr&gt;
&lt;tr&gt;&lt;td&gt;Latitude: -18.423770 &lt;/td&gt;&lt;/tr&gt;
&lt;tr&gt;&lt;td&gt;Heading: 328.2 &lt;/td&gt;&lt;/tr&gt;
&lt;/table&gt;</desc>
    <sym>Flag, Blue</sym>
    <type>user</type>
  </wpt>
  <wpt lat="-18.454190958291292" lon="32.80987802892923">
    <ele>1802.7805178556591</ele>
    <time>2026-10-02T12:58:39.000Z</time>
    <name>The Epic 2025 001-38</name>
    <cmt>&lt;table&gt;
&lt;tr&gt;&lt;td&gt;Longitude: 32.809878 &lt;/td&gt;&lt;/tr&gt;
&lt;tr&gt;&lt;td&gt;Latitude: -18.454191 &lt;/td&gt;&lt;/tr&gt;
&lt;tr&gt;&lt;td&gt;Heading: 285.1 &lt;/td&gt;&lt;/tr&gt;
&lt;/table&gt;</cmt>
    <desc>&lt;table&gt;
&lt;tr&gt;&lt;td&gt;Longitude: 32.809878 &lt;/td&gt;&lt;/tr&gt;
&lt;tr&gt;&lt;td&gt;Latitude: -18.454191 &lt;/td&gt;&lt;/tr&gt;
&lt;tr&gt;&lt;td&gt;Heading: 285.1 &lt;/td&gt;&lt;/tr&gt;
&lt;/table&gt;</desc>
    <sym>Flag, Blue</sym>
    <type>user</type>
  </wpt>
  <wpt lat="-18.4237390011549" lon="32.78145398944616">
    <ele>1675.0137689365074</ele>
    <time>2026-10-02T12:58:39.000Z</time>
    <name>The Epic 2025 001-380</name>
    <cmt>&lt;table&gt;
&lt;tr&gt;&lt;td&gt;Longitude: 32.781454 &lt;/td&gt;&lt;/tr&gt;
&lt;tr&gt;&lt;td&gt;Latitude: -18.423739 &lt;/td&gt;&lt;/tr&gt;
&lt;tr&gt;&lt;td&gt;Heading: 282.5 &lt;/td&gt;&lt;/tr&gt;
&lt;/table&gt;</cmt>
    <desc>&lt;table&gt;
&lt;tr&gt;&lt;td&gt;Longitude: 32.781454 &lt;/td&gt;&lt;/tr&gt;
&lt;tr&gt;&lt;td&gt;Latitude: -18.423739 &lt;/td&gt;&lt;/tr&gt;
&lt;tr&gt;&lt;td&gt;Heading: 282.5 &lt;/td&gt;&lt;/tr&gt;
&lt;/table&gt;</desc>
    <sym>Flag, Blue</sym>
    <type>user</type>
  </wpt>
  <wpt lat="-18.42388903722167" lon="32.78135499916971">
    <ele>1690.3707870765884</ele>
    <time>2026-10-02T12:58:39.000Z</time>
    <name>The Epic 2025 001-381</name>
    <cmt>&lt;table&gt;
&lt;tr&gt;&lt;td&gt;Longitude: 32.781355 &lt;/td&gt;&lt;/tr&gt;
&lt;tr&gt;&lt;td&gt;Latitude: -18.423889 &lt;/td&gt;&lt;/tr&gt;
&lt;tr&gt;&lt;td&gt;Heading: 212.1 &lt;/td&gt;&lt;/tr&gt;
&lt;/table&gt;</cmt>
    <desc>&lt;table&gt;
&lt;tr&gt;&lt;td&gt;Longitude: 32.781355 &lt;/td&gt;&lt;/tr&gt;
&lt;tr&gt;&lt;td&gt;Latitude: -18.423889 &lt;/td&gt;&lt;/tr&gt;
&lt;tr&gt;&lt;td&gt;Heading: 212.1 &lt;/td&gt;&lt;/tr&gt;
&lt;/table&gt;</desc>
    <sym>Flag, Blue</sym>
    <type>user</type>
  </wpt>
  <wpt lat="-18.42410302720964" lon="32.78123597614467">
    <ele>1719.4661102012806</ele>
    <time>2026-10-02T12:58:39.000Z</time>
    <name>The Epic 2025 001-382</name>
    <cmt>&lt;table&gt;
&lt;tr&gt;&lt;td&gt;Longitude: 32.781236 &lt;/td&gt;&lt;/tr&gt;
&lt;tr&gt;&lt;td&gt;Latitude: -18.424103 &lt;/td&gt;&lt;/tr&gt;
&lt;tr&gt;&lt;td&gt;Heading: 207.8 &lt;/td&gt;&lt;/tr&gt;
&lt;/table&gt;</cmt>
    <desc>&lt;table&gt;
&lt;tr&gt;&lt;td&gt;Longitude: 32.781236 &lt;/td&gt;&lt;/tr&gt;
&lt;tr&gt;&lt;td&gt;Latitude: -18.424103 &lt;/td&gt;&lt;/tr&gt;
&lt;tr&gt;&lt;td&gt;Heading: 207.8 &lt;/td&gt;&lt;/tr&gt;
&lt;/table&gt;</desc>
    <sym>Flag, Blue</sym>
    <type>user</type>
  </wpt>
  <wpt lat="-18.42363598756492" lon="32.78099298477173">
    <ele>1675.6959187751927</ele>
    <time>2026-10-02T12:58:39.000Z</time>
    <name>The Epic 2025 001-383</name>
    <cmt>&lt;table&gt;
&lt;tr&gt;&lt;td&gt;Longitude: 32.780993 &lt;/td&gt;&lt;/tr&gt;
&lt;tr&gt;&lt;td&gt;Latitude: -18.423636 &lt;/td&gt;&lt;/tr&gt;
&lt;tr&gt;&lt;td&gt;Heading: 333.7 &lt;/td&gt;&lt;/tr&gt;
&lt;/table&gt;</cmt>
    <desc>&lt;table&gt;
&lt;tr&gt;&lt;td&gt;Longitude: 32.780993 &lt;/td&gt;&lt;/tr&gt;
&lt;tr&gt;&lt;td&gt;Latitude: -18.423636 &lt;/td&gt;&lt;/tr&gt;
&lt;tr&gt;&lt;td&gt;Heading: 333.7 &lt;/td&gt;&lt;/tr&gt;
&lt;/table&gt;</desc>
    <sym>Flag, Blue</sym>
    <type>user</type>
  </wpt>
  <wpt lat="-18.42350598424673" lon="32.78077798895538">
    <ele>1678.0515449229306</ele>
    <time>2026-10-02T12:58:39.000Z</time>
    <name>The Epic 2025 001-384</name>
    <cmt>&lt;table&gt;
&lt;tr&gt;&lt;td&gt;Longitude: 32.780778 &lt;/td&gt;&lt;/tr&gt;
&lt;tr&gt;&lt;td&gt;Latitude: -18.423506 &lt;/td&gt;&lt;/tr&gt;
&lt;tr&gt;&lt;td&gt;Heading: 302.4 &lt;/td&gt;&lt;/tr&gt;
&lt;/table&gt;</cmt>
    <desc>&lt;table&gt;
&lt;tr&gt;&lt;td&gt;Longitude: 32.780778 &lt;/td&gt;&lt;/tr&gt;
&lt;tr&gt;&lt;td&gt;Latitude: -18.423506 &lt;/td&gt;&lt;/tr&gt;
&lt;tr&gt;&lt;td&gt;Heading: 302.4 &lt;/td&gt;&lt;/tr&gt;
&lt;/table&gt;</desc>
    <sym>Flag, Blue</sym>
    <type>user</type>
  </wpt>
  <wpt lat="-18.42326500453055" lon="32.78065997175872">
    <ele>1677.6853059954642</ele>
    <time>2026-10-02T12:58:39.000Z</time>
    <name>The Epic 2025 001-385</name>
    <cmt>&lt;table&gt;
&lt;tr&gt;&lt;td&gt;Longitude: 32.780660 &lt;/td&gt;&lt;/tr&gt;
&lt;tr&gt;&lt;td&gt;Latitude: -18.423265 &lt;/td&gt;&lt;/tr&gt;
&lt;tr&gt;&lt;td&gt;Heading: 335.2 &lt;/td&gt;&lt;/tr&gt;
&lt;/table&gt;</cmt>
    <desc>&lt;table&gt;
&lt;tr&gt;&lt;td&gt;Longitude: 32.780660 &lt;/td&gt;&lt;/tr&gt;
&lt;tr&gt;&lt;td&gt;Latitude: -18.423265 &lt;/td&gt;&lt;/tr&gt;
&lt;tr&gt;&lt;td&gt;Heading: 335.2 &lt;/td&gt;&lt;/tr&gt;
&lt;/table&gt;</desc>
    <sym>Flag, Blue</sym>
    <type>user</type>
  </wpt>
  <wpt lat="-18.422932997345924" lon="32.780793998390436">
    <ele>1670.6699940798844</ele>
    <time>2026-10-02T12:58:39.000Z</time>
    <name>The Epic 2025 001-386</name>
    <cmt>&lt;table&gt;
&lt;tr&gt;&lt;td&gt;Longitude: 32.780794 &lt;/td&gt;&lt;/tr&gt;
&lt;tr&gt;&lt;td&gt;Latitude: -18.422933 &lt;/td&gt;&lt;/tr&gt;
&lt;tr&gt;&lt;td&gt;Heading: 20.9 &lt;/td&gt;&lt;/tr&gt;
&lt;/table&gt;</cmt>
    <desc>&lt;table&gt;
&lt;tr&gt;&lt;td&gt;Longitude: 32.780794 &lt;/td&gt;&lt;/tr&gt;
&lt;tr&gt;&lt;td&gt;Latitude: -18.422933 &lt;/td&gt;&lt;/tr&gt;
&lt;tr&gt;&lt;td&gt;Heading: 20.9 &lt;/td&gt;&lt;/tr&gt;
&lt;/table&gt;</desc>
    <sym>Flag, Blue</sym>
    <type>user</type>
  </wpt>
  <wpt lat="-18.422785978764296" lon="32.78069299645722">
    <ele>1681.4929498363263</ele>
    <time>2026-10-02T12:58:39.000Z</time>
    <name>The Epic 2025 001-387</name>
    <cmt>&lt;table&gt;
&lt;tr&gt;&lt;td&gt;Longitude: 32.780693 &lt;/td&gt;&lt;/tr&gt;
&lt;tr&gt;&lt;td&gt;Latitude: -18.422786 &lt;/td&gt;&lt;/tr&gt;
&lt;tr&gt;&lt;td&gt;Heading: 327.0 &lt;/td&gt;&lt;/tr&gt;
&lt;/table&gt;</cmt>
    <desc>&lt;table&gt;
&lt;tr&gt;&lt;td&gt;Longitude: 32.780693 &lt;/td&gt;&lt;/tr&gt;
&lt;tr&gt;&lt;td&gt;Latitude: -18.422786 &lt;/td&gt;&lt;/tr&gt;
&lt;tr&gt;&lt;td&gt;Heading: 327.0 &lt;/td&gt;&lt;/tr&gt;
&lt;/table&gt;</desc>
    <sym>Flag, Blue</sym>
    <type>user</type>
  </wpt>
  <wpt lat="-18.422569977119565" lon="32.78072199784219">
    <ele>1684.2064983988162</ele>
    <time>2026-10-02T12:58:39.000Z</time>
    <name>The Epic 2025 001-388</name>
    <cmt>&lt;table&gt;
&lt;tr&gt;&lt;td&gt;Longitude: 32.780722 &lt;/td&gt;&lt;/tr&gt;
&lt;tr&gt;&lt;td&gt;Latitude: -18.422570 &lt;/td&gt;&lt;/tr&gt;
&lt;tr&gt;&lt;td&gt;Heading: 7.2 &lt;/td&gt;&lt;/tr&gt;
&lt;/table&gt;</cmt>
    <desc>&lt;table&gt;
&lt;tr&gt;&lt;td&gt;Longitude: 32.780722 &lt;/td&gt;&lt;/tr&gt;
&lt;tr&gt;&lt;td&gt;Latitude: -18.422570 &lt;/td&gt;&lt;/tr&gt;
&lt;tr&gt;&lt;td&gt;Heading: 7.2 &lt;/td&gt;&lt;/tr&gt;
&lt;/table&gt;</desc>
    <sym>Flag, Blue</sym>
    <type>user</type>
  </wpt>
  <wpt lat="-18.422230007126927" lon="32.78082802891731">
    <ele>1681.7743184322826</ele>
    <time>2026-10-02T12:58:39.000Z</time>
    <name>The Epic 2025 001-389</name>
    <cmt>&lt;table&gt;
&lt;tr&gt;&lt;td&gt;Longitude: 32.780828 &lt;/td&gt;&lt;/tr&gt;
&lt;tr&gt;&lt;td&gt;Latitude: -18.422230 &lt;/td&gt;&lt;/tr&gt;
&lt;tr&gt;&lt;td&gt;Heading: 16.4 &lt;/td&gt;&lt;/tr&gt;
&lt;/table&gt;</cmt>
    <desc>&lt;table&gt;
&lt;tr&gt;&lt;td&gt;Longitude: 32.780828 &lt;/td&gt;&lt;/tr&gt;
&lt;tr&gt;&lt;td&gt;Latitude: -18.422230 &lt;/td&gt;&lt;/tr&gt;
&lt;tr&gt;&lt;td&gt;Heading: 16.4 &lt;/td&gt;&lt;/tr&gt;
&lt;/table&gt;</desc>
    <sym>Flag, Blue</sym>
    <type>user</type>
  </wpt>
  <wpt lat="-18.453975040465593" lon="32.80941803008318">
    <ele>1800.4714955927207</ele>
    <time>2026-10-02T12:58:39.000Z</time>
    <name>The Epic 2025 001-39</name>
    <cmt>&lt;table&gt;
&lt;tr&gt;&lt;td&gt;Longitude: 32.809418 &lt;/td&gt;&lt;/tr&gt;
&lt;tr&gt;&lt;td&gt;Latitude: -18.453975 &lt;/td&gt;&lt;/tr&gt;
&lt;tr&gt;&lt;td&gt;Heading: 296.3 &lt;/td&gt;&lt;/tr&gt;
&lt;/table&gt;</cmt>
    <desc>&lt;table&gt;
&lt;tr&gt;&lt;td&gt;Longitude: 32.809418 &lt;/td&gt;&lt;/tr&gt;
&lt;tr&gt;&lt;td&gt;Latitude: -18.453975 &lt;/td&gt;&lt;/tr&gt;
&lt;tr&gt;&lt;td&gt;Heading: 296.3 &lt;/td&gt;&lt;/tr&gt;
&lt;/table&gt;</desc>
    <sym>Flag, Blue</sym>
    <type>user</type>
  </wpt>
  <wpt lat="-18.42206102795899" lon="32.78084403835237">
    <ele>1679.6313581915806</ele>
    <time>2026-10-02T12:58:39.000Z</time>
    <name>The Epic 2025 001-390</name>
    <cmt>&lt;table&gt;
&lt;tr&gt;&lt;td&gt;Longitude: 32.780844 &lt;/td&gt;&lt;/tr&gt;
&lt;tr&gt;&lt;td&gt;Latitude: -18.422061 &lt;/td&gt;&lt;/tr&gt;
&lt;tr&gt;&lt;td&gt;Heading: 5.3 &lt;/td&gt;&lt;/tr&gt;
&lt;/table&gt;</cmt>
    <desc>&lt;table&gt;
&lt;tr&gt;&lt;td&gt;Longitude: 32.780844 &lt;/td&gt;&lt;/tr&gt;
&lt;tr&gt;&lt;td&gt;Latitude: -18.422061 &lt;/td&gt;&lt;/tr&gt;
&lt;tr&gt;&lt;td&gt;Heading: 5.3 &lt;/td&gt;&lt;/tr&gt;
&lt;/table&gt;</desc>
    <sym>Flag, Blue</sym>
    <type>user</type>
  </wpt>
  <wpt lat="-18.421946028247476" lon="32.78077597729862">
    <ele>1678.9366347727191</ele>
    <time>2026-10-02T12:58:39.000Z</time>
    <name>The Epic 2025 001-391</name>
    <cmt>&lt;table&gt;
&lt;tr&gt;&lt;td&gt;Longitude: 32.780776 &lt;/td&gt;&lt;/tr&gt;
&lt;tr&gt;&lt;td&gt;Latitude: -18.421946 &lt;/td&gt;&lt;/tr&gt;
&lt;tr&gt;&lt;td&gt;Heading: 330.6 &lt;/td&gt;&lt;/tr&gt;
&lt;/table&gt;</cmt>
    <desc>&lt;table&gt;
&lt;tr&gt;&lt;td&gt;Longitude: 32.780776 &lt;/td&gt;&lt;/tr&gt;
&lt;tr&gt;&lt;td&gt;Latitude: -18.421946 &lt;/td&gt;&lt;/tr&gt;
&lt;tr&gt;&lt;td&gt;Heading: 330.6 &lt;/td&gt;&lt;/tr&gt;
&lt;/table&gt;</desc>
    <sym>Flag, Blue</sym>
    <type>user</type>
  </wpt>
  <wpt lat="-18.422055998817086" lon="32.780660977587104">
    <ele>1682.6720554124477</ele>
    <time>2026-10-02T12:58:39.000Z</time>
    <name>The Epic 2025 001-392</name>
    <cmt>&lt;table&gt;
&lt;tr&gt;&lt;td&gt;Longitude: 32.780661 &lt;/td&gt;&lt;/tr&gt;
&lt;tr&gt;&lt;td&gt;Latitude: -18.422056 &lt;/td&gt;&lt;/tr&gt;
&lt;tr&gt;&lt;td&gt;Heading: 225.1 &lt;/td&gt;&lt;/tr&gt;
&lt;/table&gt;</cmt>
    <desc>&lt;table&gt;
&lt;tr&gt;&lt;td&gt;Longitude: 32.780661 &lt;/td&gt;&lt;/tr&gt;
&lt;tr&gt;&lt;td&gt;Latitude: -18.422056 &lt;/td&gt;&lt;/tr&gt;
&lt;tr&gt;&lt;td&gt;Heading: 225.1 &lt;/td&gt;&lt;/tr&gt;
&lt;/table&gt;</desc>
    <sym>Flag, Blue</sym>
    <type>user</type>
  </wpt>
  <wpt lat="-18.42202004045248" lon="32.78031597845256">
    <ele>1681.6792473014975</ele>
    <time>2026-10-02T12:58:39.000Z</time>
    <name>The Epic 2025 001-393</name>
    <cmt>&lt;table&gt;
&lt;tr&gt;&lt;td&gt;Longitude: 32.780316 &lt;/td&gt;&lt;/tr&gt;
&lt;tr&gt;&lt;td&gt;Latitude: -18.422020 &lt;/td&gt;&lt;/tr&gt;
&lt;tr&gt;&lt;td&gt;Heading: 276.3 &lt;/td&gt;&lt;/tr&gt;
&lt;/table&gt;</cmt>
    <desc>&lt;table&gt;
&lt;tr&gt;&lt;td&gt;Longitude: 32.780316 &lt;/td&gt;&lt;/tr&gt;
&lt;tr&gt;&lt;td&gt;Latitude: -18.422020 &lt;/td&gt;&lt;/tr&gt;
&lt;tr&gt;&lt;td&gt;Heading: 276.3 &lt;/td&gt;&lt;/tr&gt;
&lt;/table&gt;</desc>
    <sym>Flag, Blue</sym>
    <type>user</type>
  </wpt>
  <wpt lat="-18.421905962750316" lon="32.780187986791134">
    <ele>1678.0270615305176</ele>
    <time>2026-10-02T12:58:39.000Z</time>
    <name>The Epic 2025 001-394</name>
    <cmt>&lt;table&gt;
&lt;tr&gt;&lt;td&gt;Longitude: 32.780188 &lt;/td&gt;&lt;/tr&gt;
&lt;tr&gt;&lt;td&gt;Latitude: -18.421906 &lt;/td&gt;&lt;/tr&gt;
&lt;tr&gt;&lt;td&gt;Heading: 312.9 &lt;/td&gt;&lt;/tr&gt;
&lt;/table&gt;</cmt>
    <desc>&lt;table&gt;
&lt;tr&gt;&lt;td&gt;Longitude: 32.780188 &lt;/td&gt;&lt;/tr&gt;
&lt;tr&gt;&lt;td&gt;Latitude: -18.421906 &lt;/td&gt;&lt;/tr&gt;
&lt;tr&gt;&lt;td&gt;Heading: 312.9 &lt;/td&gt;&lt;/tr&gt;
&lt;/table&gt;</desc>
    <sym>Flag, Blue</sym>
    <type>user</type>
  </wpt>
  <wpt lat="-18.421755004674196" lon="32.7799859829247">
    <ele>1676.0832256779881</ele>
    <time>2026-10-02T12:58:39.000Z</time>
    <name>The Epic 2025 001-395</name>
    <cmt>&lt;table&gt;
&lt;tr&gt;&lt;td&gt;Longitude: 32.779986 &lt;/td&gt;&lt;/tr&gt;
&lt;tr&gt;&lt;td&gt;Latitude: -18.421755 &lt;/td&gt;&lt;/tr&gt;
&lt;tr&gt;&lt;td&gt;Heading: 308.4 &lt;/td&gt;&lt;/tr&gt;
&lt;/table&gt;</cmt>
    <desc>&lt;table&gt;
&lt;tr&gt;&lt;td&gt;Longitude: 32.779986 &lt;/td&gt;&lt;/tr&gt;
&lt;tr&gt;&lt;td&gt;Latitude: -18.421755 &lt;/td&gt;&lt;/tr&gt;
&lt;tr&gt;&lt;td&gt;Heading: 308.4 &lt;/td&gt;&lt;/tr&gt;
&lt;/table&gt;</desc>
    <sym>Flag, Blue</sym>
    <type>user</type>
  </wpt>
  <wpt lat="-18.42161301523447" lon="32.779993023723364">
    <ele>1671.569979963242</ele>
    <time>2026-10-02T12:58:39.000Z</time>
    <name>The Epic 2025 001-396</name>
    <cmt>&lt;table&gt;
&lt;tr&gt;&lt;td&gt;Longitude: 32.779993 &lt;/td&gt;&lt;/tr&gt;
&lt;tr&gt;&lt;td&gt;Latitude: -18.421613 &lt;/td&gt;&lt;/tr&gt;
&lt;tr&gt;&lt;td&gt;Heading: 2.6 &lt;/td&gt;&lt;/tr&gt;
&lt;/table&gt;</cmt>
    <desc>&lt;table&gt;
&lt;tr&gt;&lt;td&gt;Longitude: 32.779993 &lt;/td&gt;&lt;/tr&gt;
&lt;tr&gt;&lt;td&gt;Latitude: -18.421613 &lt;/td&gt;&lt;/tr&gt;
&lt;tr&gt;&lt;td&gt;Heading: 2.6 &lt;/td&gt;&lt;/tr&gt;
&lt;/table&gt;</desc>
    <sym>Flag, Blue</sym>
    <type>user</type>
  </wpt>
  <wpt lat="-18.42144001275301" lon="32.77968901209533">
    <ele>1677.635997553026</ele>
    <time>2026-10-02T12:58:39.000Z</time>
    <name>The Epic 2025 001-397</name>
    <cmt>&lt;table&gt;
&lt;tr&gt;&lt;td&gt;Longitude: 32.779689 &lt;/td&gt;&lt;/tr&gt;
&lt;tr&gt;&lt;td&gt;Latitude: -18.421440 &lt;/td&gt;&lt;/tr&gt;
&lt;tr&gt;&lt;td&gt;Heading: 300.9 &lt;/td&gt;&lt;/tr&gt;
&lt;/table&gt;</cmt>
    <desc>&lt;table&gt;
&lt;tr&gt;&lt;td&gt;Longitude: 32.779689 &lt;/td&gt;&lt;/tr&gt;
&lt;tr&gt;&lt;td&gt;Latitude: -18.421440 &lt;/td&gt;&lt;/tr&gt;
&lt;tr&gt;&lt;td&gt;Heading: 300.9 &lt;/td&gt;&lt;/tr&gt;
&lt;/table&gt;</desc>
    <sym>Flag, Blue</sym>
    <type>user</type>
  </wpt>
  <wpt lat="-18.42107799835503" lon="32.77959496714175">
    <ele>1676.0881775529124</ele>
    <time>2026-10-02T12:58:39.000Z</time>
    <name>The Epic 2025 001-398</name>
    <cmt>&lt;table&gt;
&lt;tr&gt;&lt;td&gt;Longitude: 32.779595 &lt;/td&gt;&lt;/tr&gt;
&lt;tr&gt;&lt;td&gt;Latitude: -18.421078 &lt;/td&gt;&lt;/tr&gt;
&lt;tr&gt;&lt;td&gt;Heading: 346.2 &lt;/td&gt;&lt;/tr&gt;
&lt;/table&gt;</cmt>
    <desc>&lt;table&gt;
&lt;tr&gt;&lt;td&gt;Longitude: 32.779595 &lt;/td&gt;&lt;/tr&gt;
&lt;tr&gt;&lt;td&gt;Latitude: -18.421078 &lt;/td&gt;&lt;/tr&gt;
&lt;tr&gt;&lt;td&gt;Heading: 346.2 &lt;/td&gt;&lt;/tr&gt;
&lt;/table&gt;</desc>
    <sym>Flag, Blue</sym>
    <type>user</type>
  </wpt>
  <wpt lat="-18.42077599838376" lon="32.77942196466029">
    <ele>1675.155334369978</ele>
    <time>2026-10-02T12:58:39.000Z</time>
    <name>The Epic 2025 001-399</name>
    <cmt>&lt;table&gt;
&lt;tr&gt;&lt;td&gt;Longitude: 32.779422 &lt;/td&gt;&lt;/tr&gt;
&lt;tr&gt;&lt;td&gt;Latitude: -18.420776 &lt;/td&gt;&lt;/tr&gt;
&lt;tr&gt;&lt;td&gt;Heading: 331.6 &lt;/td&gt;&lt;/tr&gt;
&lt;/table&gt;</cmt>
    <desc>&lt;table&gt;
&lt;tr&gt;&lt;td&gt;Longitude: 32.779422 &lt;/td&gt;&lt;/tr&gt;
&lt;tr&gt;&lt;td&gt;Latitude: -18.420776 &lt;/td&gt;&lt;/tr&gt;
&lt;tr&gt;&lt;td&gt;Heading: 331.6 &lt;/td&gt;&lt;/tr&gt;
&lt;/table&gt;</desc>
    <sym>Flag, Blue</sym>
    <type>user</type>
  </wpt>
  <wpt lat="-18.45979501493275" lon="32.80304200015962">
    <ele>1811.0742353150022</ele>
    <time>2026-10-02T12:58:39.000Z</time>
    <name>The Epic 2025 001-4</name>
    <cmt>&lt;table&gt;
&lt;tr&gt;&lt;td&gt;Longitude: 32.803042 &lt;/td&gt;&lt;/tr&gt;
&lt;tr&gt;&lt;td&gt;Latitude: -18.459795 &lt;/td&gt;&lt;/tr&gt;
&lt;tr&gt;&lt;td&gt;Heading: 103.2 &lt;/td&gt;&lt;/tr&gt;
&lt;/table&gt;</cmt>
    <desc>&lt;table&gt;
&lt;tr&gt;&lt;td&gt;Longitude: 32.803042 &lt;/td&gt;&lt;/tr&gt;
&lt;tr&gt;&lt;td&gt;Latitude: -18.459795 &lt;/td&gt;&lt;/tr&gt;
&lt;tr&gt;&lt;td&gt;Heading: 103.2 &lt;/td&gt;&lt;/tr&gt;
&lt;/table&gt;</desc>
    <sym>Flag, Blue</sym>
    <type>user</type>
  </wpt>
  <wpt lat="-18.45364303328097" lon="32.80909599736333">
    <ele>1802.2906309725552</ele>
    <time>2026-10-02T12:58:39.000Z</time>
    <name>The Epic 2025 001-40</name>
    <cmt>&lt;table&gt;
&lt;tr&gt;&lt;td&gt;Longitude: 32.809096 &lt;/td&gt;&lt;/tr&gt;
&lt;tr&gt;&lt;td&gt;Latitude: -18.453643 &lt;/td&gt;&lt;/tr&gt;
&lt;tr&gt;&lt;td&gt;Heading: 317.4 &lt;/td&gt;&lt;/tr&gt;
&lt;/table&gt;</cmt>
    <desc>&lt;table&gt;
&lt;tr&gt;&lt;td&gt;Longitude: 32.809096 &lt;/td&gt;&lt;/tr&gt;
&lt;tr&gt;&lt;td&gt;Latitude: -18.453643 &lt;/td&gt;&lt;/tr&gt;
&lt;tr&gt;&lt;td&gt;Heading: 317.4 &lt;/td&gt;&lt;/tr&gt;
&lt;/table&gt;</desc>
    <sym>Flag, Blue</sym>
    <type>user</type>
  </wpt>
  <wpt lat="-18.42026202008128" lon="32.77938298881054">
    <ele>1666.9192111129232</ele>
    <time>2026-10-02T12:58:39.000Z</time>
    <name>The Epic 2025 001-400</name>
    <cmt>&lt;table&gt;
&lt;tr&gt;&lt;td&gt;Longitude: 32.779383 &lt;/td&gt;&lt;/tr&gt;
&lt;tr&gt;&lt;td&gt;Latitude: -18.420262 &lt;/td&gt;&lt;/tr&gt;
&lt;tr&gt;&lt;td&gt;Heading: 355.8 &lt;/td&gt;&lt;/tr&gt;
&lt;/table&gt;</cmt>
    <desc>&lt;table&gt;
&lt;tr&gt;&lt;td&gt;Longitude: 32.779383 &lt;/td&gt;&lt;/tr&gt;
&lt;tr&gt;&lt;td&gt;Latitude: -18.420262 &lt;/td&gt;&lt;/tr&gt;
&lt;tr&gt;&lt;td&gt;Heading: 355.8 &lt;/td&gt;&lt;/tr&gt;
&lt;/table&gt;</desc>
    <sym>Flag, Blue</sym>
    <type>user</type>
  </wpt>
  <wpt lat="-18.41998399235308" lon="32.77908199466765">
    <ele>1668.2756161251773</ele>
    <time>2026-10-02T12:58:39.000Z</time>
    <name>The Epic 2025 001-401</name>
    <cmt>&lt;table&gt;
&lt;tr&gt;&lt;td&gt;Longitude: 32.779082 &lt;/td&gt;&lt;/tr&gt;
&lt;tr&gt;&lt;td&gt;Latitude: -18.419984 &lt;/td&gt;&lt;/tr&gt;
&lt;tr&gt;&lt;td&gt;Heading: 314.3 &lt;/td&gt;&lt;/tr&gt;
&lt;/table&gt;</cmt>
    <desc>&lt;table&gt;
&lt;tr&gt;&lt;td&gt;Longitude: 32.779082 &lt;/td&gt;&lt;/tr&gt;
&lt;tr&gt;&lt;td&gt;Latitude: -18.419984 &lt;/td&gt;&lt;/tr&gt;
&lt;tr&gt;&lt;td&gt;Heading: 314.3 &lt;/td&gt;&lt;/tr&gt;
&lt;/table&gt;</desc>
    <sym>Flag, Blue</sym>
    <type>user</type>
  </wpt>
  <wpt lat="-18.419780982658267" lon="32.77884596027434">
    <ele>1669.1400485672057</ele>
    <time>2026-10-02T12:58:39.000Z</time>
    <name>The Epic 2025 001-402</name>
    <cmt>&lt;table&gt;
&lt;tr&gt;&lt;td&gt;Longitude: 32.778846 &lt;/td&gt;&lt;/tr&gt;
&lt;tr&gt;&lt;td&gt;Latitude: -18.419781 &lt;/td&gt;&lt;/tr&gt;
&lt;tr&gt;&lt;td&gt;Heading: 312.2 &lt;/td&gt;&lt;/tr&gt;
&lt;/table&gt;</cmt>
    <desc>&lt;table&gt;
&lt;tr&gt;&lt;td&gt;Longitude: 32.778846 &lt;/td&gt;&lt;/tr&gt;
&lt;tr&gt;&lt;td&gt;Latitude: -18.419781 &lt;/td&gt;&lt;/tr&gt;
&lt;tr&gt;&lt;td&gt;Heading: 312.2 &lt;/td&gt;&lt;/tr&gt;
&lt;/table&gt;</desc>
    <sym>Flag, Blue</sym>
    <type>user</type>
  </wpt>
  <wpt lat="-18.419501027092338" lon="32.77878100052476">
    <ele>1666.9964147639128</ele>
    <time>2026-10-02T12:58:39.000Z</time>
    <name>The Epic 2025 001-403</name>
    <cmt>&lt;table&gt;
&lt;tr&gt;&lt;td&gt;Longitude: 32.778781 &lt;/td&gt;&lt;/tr&gt;
&lt;tr&gt;&lt;td&gt;Latitude: -18.419501 &lt;/td&gt;&lt;/tr&gt;
&lt;tr&gt;&lt;td&gt;Heading: 347.6 &lt;/td&gt;&lt;/tr&gt;
&lt;/table&gt;</cmt>
    <desc>&lt;table&gt;
&lt;tr&gt;&lt;td&gt;Longitude: 32.778781 &lt;/td&gt;&lt;/tr&gt;
&lt;tr&gt;&lt;td&gt;Latitude: -18.419501 &lt;/td&gt;&lt;/tr&gt;
&lt;tr&gt;&lt;td&gt;Heading: 347.6 &lt;/td&gt;&lt;/tr&gt;
&lt;/table&gt;</desc>
    <sym>Flag, Blue</sym>
    <type>user</type>
  </wpt>
  <wpt lat="-18.4191420301795" lon="32.77855100110173">
    <ele>1665.5672882515091</ele>
    <time>2026-10-02T12:58:39.000Z</time>
    <name>The Epic 2025 001-404</name>
    <cmt>&lt;table&gt;
&lt;tr&gt;&lt;td&gt;Longitude: 32.778551 &lt;/td&gt;&lt;/tr&gt;
&lt;tr&gt;&lt;td&gt;Latitude: -18.419142 &lt;/td&gt;&lt;/tr&gt;
&lt;tr&gt;&lt;td&gt;Heading: 328.7 &lt;/td&gt;&lt;/tr&gt;
&lt;/table&gt;</cmt>
    <desc>&lt;table&gt;
&lt;tr&gt;&lt;td&gt;Longitude: 32.778551 &lt;/td&gt;&lt;/tr&gt;
&lt;tr&gt;&lt;td&gt;Latitude: -18.419142 &lt;/td&gt;&lt;/tr&gt;
&lt;tr&gt;&lt;td&gt;Heading: 328.7 &lt;/td&gt;&lt;/tr&gt;
&lt;/table&gt;</desc>
    <sym>Flag, Blue</sym>
    <type>user</type>
  </wpt>
  <wpt lat="-18.418875988572836" lon="32.778214970603585">
    <ele>1665.6257269312755</ele>
    <time>2026-10-02T12:58:39.000Z</time>
    <name>The Epic 2025 001-405</name>
    <cmt>&lt;table&gt;
&lt;tr&gt;&lt;td&gt;Longitude: 32.778215 &lt;/td&gt;&lt;/tr&gt;
&lt;tr&gt;&lt;td&gt;Latitude: -18.418876 &lt;/td&gt;&lt;/tr&gt;
&lt;tr&gt;&lt;td&gt;Heading: 309.8 &lt;/td&gt;&lt;/tr&gt;
&lt;/table&gt;</cmt>
    <desc>&lt;table&gt;
&lt;tr&gt;&lt;td&gt;Longitude: 32.778215 &lt;/td&gt;&lt;/tr&gt;
&lt;tr&gt;&lt;td&gt;Latitude: -18.418876 &lt;/td&gt;&lt;/tr&gt;
&lt;tr&gt;&lt;td&gt;Heading: 309.8 &lt;/td&gt;&lt;/tr&gt;
&lt;/table&gt;</desc>
    <sym>Flag, Blue</sym>
    <type>user</type>
  </wpt>
  <wpt lat="-18.418544987216592" lon="32.77788204140961">
    <ele>1668.9942436533593</ele>
    <time>2026-10-02T12:58:39.000Z</time>
    <name>The Epic 2025 001-406</name>
    <cmt>&lt;table&gt;
&lt;tr&gt;&lt;td&gt;Longitude: 32.777882 &lt;/td&gt;&lt;/tr&gt;
&lt;tr&gt;&lt;td&gt;Latitude: -18.418545 &lt;/td&gt;&lt;/tr&gt;
&lt;tr&gt;&lt;td&gt;Heading: 316.4 &lt;/td&gt;&lt;/tr&gt;
&lt;/table&gt;</cmt>
    <desc>&lt;table&gt;
&lt;tr&gt;&lt;td&gt;Longitude: 32.777882 &lt;/td&gt;&lt;/tr&gt;
&lt;tr&gt;&lt;td&gt;Latitude: -18.418545 &lt;/td&gt;&lt;/tr&gt;
&lt;tr&gt;&lt;td&gt;Heading: 316.4 &lt;/td&gt;&lt;/tr&gt;
&lt;/table&gt;</desc>
    <sym>Flag, Blue</sym>
    <type>user</type>
  </wpt>
  <wpt lat="-18.41834499500692" lon="32.77770300395787">
    <ele>1673.5993483080465</ele>
    <time>2026-10-02T12:58:39.000Z</time>
    <name>The Epic 2025 001-407</name>
    <cmt>&lt;table&gt;
&lt;tr&gt;&lt;td&gt;Longitude: 32.777703 &lt;/td&gt;&lt;/tr&gt;
&lt;tr&gt;&lt;td&gt;Latitude: -18.418345 &lt;/td&gt;&lt;/tr&gt;
&lt;tr&gt;&lt;td&gt;Heading: 319.7 &lt;/td&gt;&lt;/tr&gt;
&lt;/table&gt;</cmt>
    <desc>&lt;table&gt;
&lt;tr&gt;&lt;td&gt;Longitude: 32.777703 &lt;/td&gt;&lt;/tr&gt;
&lt;tr&gt;&lt;td&gt;Latitude: -18.418345 &lt;/td&gt;&lt;/tr&gt;
&lt;tr&gt;&lt;td&gt;Heading: 319.7 &lt;/td&gt;&lt;/tr&gt;
&lt;/table&gt;</desc>
    <sym>Flag, Blue</sym>
    <type>user</type>
  </wpt>
  <wpt lat="-18.417929001152515" lon="32.77753997594118">
    <ele>1681.203005979753</ele>
    <time>2026-10-02T12:58:39.000Z</time>
    <name>The Epic 2025 001-408</name>
    <cmt>&lt;table&gt;
&lt;tr&gt;&lt;td&gt;Longitude: 32.777540 &lt;/td&gt;&lt;/tr&gt;
&lt;tr&gt;&lt;td&gt;Latitude: -18.417929 &lt;/td&gt;&lt;/tr&gt;
&lt;tr&gt;&lt;td&gt;Heading: 339.6 &lt;/td&gt;&lt;/tr&gt;
&lt;/table&gt;</cmt>
    <desc>&lt;table&gt;
&lt;tr&gt;&lt;td&gt;Longitude: 32.777540 &lt;/td&gt;&lt;/tr&gt;
&lt;tr&gt;&lt;td&gt;Latitude: -18.417929 &lt;/td&gt;&lt;/tr&gt;
&lt;tr&gt;&lt;td&gt;Heading: 339.6 &lt;/td&gt;&lt;/tr&gt;
&lt;/table&gt;</desc>
    <sym>Flag, Blue</sym>
    <type>user</type>
  </wpt>
  <wpt lat="-18.417435977607965" lon="32.77743302285671">
    <ele>1677.349546727321</ele>
    <time>2026-10-02T12:58:39.000Z</time>
    <name>The Epic 2025 001-409</name>
    <cmt>&lt;table&gt;
&lt;tr&gt;&lt;td&gt;Longitude: 32.777433 &lt;/td&gt;&lt;/tr&gt;
&lt;tr&gt;&lt;td&gt;Latitude: -18.417436 &lt;/td&gt;&lt;/tr&gt;
&lt;tr&gt;&lt;td&gt;Heading: 348.3 &lt;/td&gt;&lt;/tr&gt;
&lt;/table&gt;</cmt>
    <desc>&lt;table&gt;
&lt;tr&gt;&lt;td&gt;Longitude: 32.777433 &lt;/td&gt;&lt;/tr&gt;
&lt;tr&gt;&lt;td&gt;Latitude: -18.417436 &lt;/td&gt;&lt;/tr&gt;
&lt;tr&gt;&lt;td&gt;Heading: 348.3 &lt;/td&gt;&lt;/tr&gt;
&lt;/table&gt;</desc>
    <sym>Flag, Blue</sym>
    <type>user</type>
  </wpt>
  <wpt lat="-18.45325604081154" lon="32.80896398238838">
    <ele>1805.930289265505</ele>
    <time>2026-10-02T12:58:39.000Z</time>
    <name>The Epic 2025 001-41</name>
    <cmt>&lt;table&gt;
&lt;tr&gt;&lt;td&gt;Longitude: 32.808964 &lt;/td&gt;&lt;/tr&gt;
&lt;tr&gt;&lt;td&gt;Latitude: -18.453256 &lt;/td&gt;&lt;/tr&gt;
&lt;tr&gt;&lt;td&gt;Heading: 342.0 &lt;/td&gt;&lt;/tr&gt;
&lt;/table&gt;</cmt>
    <desc>&lt;table&gt;
&lt;tr&gt;&lt;td&gt;Longitude: 32.808964 &lt;/td&gt;&lt;/tr&gt;
&lt;tr&gt;&lt;td&gt;Latitude: -18.453256 &lt;/td&gt;&lt;/tr&gt;
&lt;tr&gt;&lt;td&gt;Heading: 342.0 &lt;/td&gt;&lt;/tr&gt;
&lt;/table&gt;</desc>
    <sym>Flag, Blue</sym>
    <type>user</type>
  </wpt>
  <wpt lat="-18.417074969038367" lon="32.777204029262066">
    <ele>1672.733622386766</ele>
    <time>2026-10-02T12:58:39.000Z</time>
    <name>The Epic 2025 001-410</name>
    <cmt>&lt;table&gt;
&lt;tr&gt;&lt;td&gt;Longitude: 32.777204 &lt;/td&gt;&lt;/tr&gt;
&lt;tr&gt;&lt;td&gt;Latitude: -18.417075 &lt;/td&gt;&lt;/tr&gt;
&lt;tr&gt;&lt;td&gt;Heading: 329.0 &lt;/td&gt;&lt;/tr&gt;
&lt;/table&gt;</cmt>
    <desc>&lt;table&gt;
&lt;tr&gt;&lt;td&gt;Longitude: 32.777204 &lt;/td&gt;&lt;/tr&gt;
&lt;tr&gt;&lt;td&gt;Latitude: -18.417075 &lt;/td&gt;&lt;/tr&gt;
&lt;tr&gt;&lt;td&gt;Heading: 329.0 &lt;/td&gt;&lt;/tr&gt;
&lt;/table&gt;</desc>
    <sym>Flag, Blue</sym>
    <type>user</type>
  </wpt>
  <wpt lat="-18.416770035400987" lon="32.77715700678527">
    <ele>1671.0312089086262</ele>
    <time>2026-10-02T12:58:39.000Z</time>
    <name>The Epic 2025 001-411</name>
    <cmt>&lt;table&gt;
&lt;tr&gt;&lt;td&gt;Longitude: 32.777157 &lt;/td&gt;&lt;/tr&gt;
&lt;tr&gt;&lt;td&gt;Latitude: -18.416770 &lt;/td&gt;&lt;/tr&gt;
&lt;tr&gt;&lt;td&gt;Heading: 351.7 &lt;/td&gt;&lt;/tr&gt;
&lt;/table&gt;</cmt>
    <desc>&lt;table&gt;
&lt;tr&gt;&lt;td&gt;Longitude: 32.777157 &lt;/td&gt;&lt;/tr&gt;
&lt;tr&gt;&lt;td&gt;Latitude: -18.416770 &lt;/td&gt;&lt;/tr&gt;
&lt;tr&gt;&lt;td&gt;Heading: 351.7 &lt;/td&gt;&lt;/tr&gt;
&lt;/table&gt;</desc>
    <sym>Flag, Blue</sym>
    <type>user</type>
  </wpt>
  <wpt lat="-18.41623996384442" lon="32.77719598263502">
    <ele>1671.4110462466126</ele>
    <time>2026-10-02T12:58:39.000Z</time>
    <name>The Epic 2025 001-412</name>
    <cmt>&lt;table&gt;
&lt;tr&gt;&lt;td&gt;Longitude: 32.777196 &lt;/td&gt;&lt;/tr&gt;
&lt;tr&gt;&lt;td&gt;Latitude: -18.416240 &lt;/td&gt;&lt;/tr&gt;
&lt;tr&gt;&lt;td&gt;Heading: 4.0 &lt;/td&gt;&lt;/tr&gt;
&lt;/table&gt;</cmt>
    <desc>&lt;table&gt;
&lt;tr&gt;&lt;td&gt;Longitude: 32.777196 &lt;/td&gt;&lt;/tr&gt;
&lt;tr&gt;&lt;td&gt;Latitude: -18.416240 &lt;/td&gt;&lt;/tr&gt;
&lt;tr&gt;&lt;td&gt;Heading: 4.0 &lt;/td&gt;&lt;/tr&gt;
&lt;/table&gt;</desc>
    <sym>Flag, Blue</sym>
    <type>user</type>
  </wpt>
  <wpt lat="-18.41579002328217" lon="32.777179973199964">
    <ele>1670.1159295225934</ele>
    <time>2026-10-02T12:58:39.000Z</time>
    <name>The Epic 2025 001-413</name>
    <cmt>&lt;table&gt;
&lt;tr&gt;&lt;td&gt;Longitude: 32.777180 &lt;/td&gt;&lt;/tr&gt;
&lt;tr&gt;&lt;td&gt;Latitude: -18.415790 &lt;/td&gt;&lt;/tr&gt;
&lt;tr&gt;&lt;td&gt;Heading: 358.0 &lt;/td&gt;&lt;/tr&gt;
&lt;/table&gt;</cmt>
    <desc>&lt;table&gt;
&lt;tr&gt;&lt;td&gt;Longitude: 32.777180 &lt;/td&gt;&lt;/tr&gt;
&lt;tr&gt;&lt;td&gt;Latitude: -18.415790 &lt;/td&gt;&lt;/tr&gt;
&lt;tr&gt;&lt;td&gt;Heading: 358.0 &lt;/td&gt;&lt;/tr&gt;
&lt;/table&gt;</desc>
    <sym>Flag, Blue</sym>
    <type>user</type>
  </wpt>
  <wpt lat="-18.41506096534431" lon="32.77715298347175">
    <ele>1672.039636385627</ele>
    <time>2026-10-02T12:58:39.000Z</time>
    <name>The Epic 2025 001-414</name>
    <cmt>&lt;table&gt;
&lt;tr&gt;&lt;td&gt;Longitude: 32.777153 &lt;/td&gt;&lt;/tr&gt;
&lt;tr&gt;&lt;td&gt;Latitude: -18.415061 &lt;/td&gt;&lt;/tr&gt;
&lt;tr&gt;&lt;td&gt;Heading: 358.0 &lt;/td&gt;&lt;/tr&gt;
&lt;/table&gt;</cmt>
    <desc>&lt;table&gt;
&lt;tr&gt;&lt;td&gt;Longitude: 32.777153 &lt;/td&gt;&lt;/tr&gt;
&lt;tr&gt;&lt;td&gt;Latitude: -18.415061 &lt;/td&gt;&lt;/tr&gt;
&lt;tr&gt;&lt;td&gt;Heading: 358.0 &lt;/td&gt;&lt;/tr&gt;
&lt;/table&gt;</desc>
    <sym>Flag, Blue</sym>
    <type>user</type>
  </wpt>
  <wpt lat="-18.414880000054836" lon="32.77727896347642">
    <ele>1670.26611328125</ele>
    <time>2026-10-02T12:58:39.000Z</time>
    <name>The Epic 2025 001-415</name>
    <cmt>&lt;table&gt;
&lt;tr&gt;&lt;td&gt;Longitude: 32.777279 &lt;/td&gt;&lt;/tr&gt;
&lt;tr&gt;&lt;td&gt;Latitude: -18.414880 &lt;/td&gt;&lt;/tr&gt;
&lt;tr&gt;&lt;td&gt;Heading: 33.3 &lt;/td&gt;&lt;/tr&gt;
&lt;/table&gt;</cmt>
    <desc>&lt;table&gt;
&lt;tr&gt;&lt;td&gt;Longitude: 32.777279 &lt;/td&gt;&lt;/tr&gt;
&lt;tr&gt;&lt;td&gt;Latitude: -18.414880 &lt;/td&gt;&lt;/tr&gt;
&lt;tr&gt;&lt;td&gt;Heading: 33.3 &lt;/td&gt;&lt;/tr&gt;
&lt;/table&gt;</desc>
    <sym>Flag, Blue</sym>
    <type>user</type>
  </wpt>
  <wpt lat="-18.41433299705386" lon="32.77726303786039">
    <ele>1673.831266615669</ele>
    <time>2026-10-02T12:58:39.000Z</time>
    <name>The Epic 2025 001-416</name>
    <cmt>&lt;table&gt;
&lt;tr&gt;&lt;td&gt;Longitude: 32.777263 &lt;/td&gt;&lt;/tr&gt;
&lt;tr&gt;&lt;td&gt;Latitude: -18.414333 &lt;/td&gt;&lt;/tr&gt;
&lt;tr&gt;&lt;td&gt;Heading: 358.4 &lt;/td&gt;&lt;/tr&gt;
&lt;/table&gt;</cmt>
    <desc>&lt;table&gt;
&lt;tr&gt;&lt;td&gt;Longitude: 32.777263 &lt;/td&gt;&lt;/tr&gt;
&lt;tr&gt;&lt;td&gt;Latitude: -18.414333 &lt;/td&gt;&lt;/tr&gt;
&lt;tr&gt;&lt;td&gt;Heading: 358.4 &lt;/td&gt;&lt;/tr&gt;
&lt;/table&gt;</desc>
    <sym>Flag, Blue</sym>
    <type>user</type>
  </wpt>
  <wpt lat="-18.41386000625789" lon="32.77743302285671">
    <ele>1675.841755588107</ele>
    <time>2026-10-02T12:58:39.000Z</time>
    <name>The Epic 2025 001-417</name>
    <cmt>&lt;table&gt;
&lt;tr&gt;&lt;td&gt;Longitude: 32.777433 &lt;/td&gt;&lt;/tr&gt;
&lt;tr&gt;&lt;td&gt;Latitude: -18.413860 &lt;/td&gt;&lt;/tr&gt;
&lt;tr&gt;&lt;td&gt;Heading: 18.9 &lt;/td&gt;&lt;/tr&gt;
&lt;/table&gt;</cmt>
    <desc>&lt;table&gt;
&lt;tr&gt;&lt;td&gt;Longitude: 32.777433 &lt;/td&gt;&lt;/tr&gt;
&lt;tr&gt;&lt;td&gt;Latitude: -18.413860 &lt;/td&gt;&lt;/tr&gt;
&lt;tr&gt;&lt;td&gt;Heading: 18.9 &lt;/td&gt;&lt;/tr&gt;
&lt;/table&gt;</desc>
    <sym>Flag, Blue</sym>
    <type>user</type>
  </wpt>
  <wpt lat="-18.413332030177116" lon="32.77753695845604">
    <ele>1674.0450167168874</ele>
    <time>2026-10-02T12:58:39.000Z</time>
    <name>The Epic 2025 001-418</name>
    <cmt>&lt;table&gt;
&lt;tr&gt;&lt;td&gt;Longitude: 32.777537 &lt;/td&gt;&lt;/tr&gt;
&lt;tr&gt;&lt;td&gt;Latitude: -18.413332 &lt;/td&gt;&lt;/tr&gt;
&lt;tr&gt;&lt;td&gt;Heading: 10.6 &lt;/td&gt;&lt;/tr&gt;
&lt;/table&gt;</cmt>
    <desc>&lt;table&gt;
&lt;tr&gt;&lt;td&gt;Longitude: 32.777537 &lt;/td&gt;&lt;/tr&gt;
&lt;tr&gt;&lt;td&gt;Latitude: -18.413332 &lt;/td&gt;&lt;/tr&gt;
&lt;tr&gt;&lt;td&gt;Heading: 10.6 &lt;/td&gt;&lt;/tr&gt;
&lt;/table&gt;</desc>
    <sym>Flag, Blue</sym>
    <type>user</type>
  </wpt>
  <wpt lat="-18.412980996072292" lon="32.77757903560996">
    <ele>1673.1426242508246</ele>
    <time>2026-10-02T12:58:39.000Z</time>
    <name>The Epic 2025 001-419</name>
    <cmt>&lt;table&gt;
&lt;tr&gt;&lt;td&gt;Longitude: 32.777579 &lt;/td&gt;&lt;/tr&gt;
&lt;tr&gt;&lt;td&gt;Latitude: -18.412981 &lt;/td&gt;&lt;/tr&gt;
&lt;tr&gt;&lt;td&gt;Heading: 6.4 &lt;/td&gt;&lt;/tr&gt;
&lt;/table&gt;</cmt>
    <desc>&lt;table&gt;
&lt;tr&gt;&lt;td&gt;Longitude: 32.777579 &lt;/td&gt;&lt;/tr&gt;
&lt;tr&gt;&lt;td&gt;Latitude: -18.412981 &lt;/td&gt;&lt;/tr&gt;
&lt;tr&gt;&lt;td&gt;Heading: 6.4 &lt;/td&gt;&lt;/tr&gt;
&lt;/table&gt;</desc>
    <sym>Flag, Blue</sym>
    <type>user</type>
  </wpt>
  <wpt lat="-18.453051019459963" lon="32.80888301320374">
    <ele>1810.2209669370552</ele>
    <time>2026-10-02T12:58:39.000Z</time>
    <name>The Epic 2025 001-42</name>
    <cmt>&lt;table&gt;
&lt;tr&gt;&lt;td&gt;Longitude: 32.808883 &lt;/td&gt;&lt;/tr&gt;
&lt;tr&gt;&lt;td&gt;Latitude: -18.453051 &lt;/td&gt;&lt;/tr&gt;
&lt;tr&gt;&lt;td&gt;Heading: 339.5 &lt;/td&gt;&lt;/tr&gt;
&lt;/table&gt;</cmt>
    <desc>&lt;table&gt;
&lt;tr&gt;&lt;td&gt;Longitude: 32.808883 &lt;/td&gt;&lt;/tr&gt;
&lt;tr&gt;&lt;td&gt;Latitude: -18.453051 &lt;/td&gt;&lt;/tr&gt;
&lt;tr&gt;&lt;td&gt;Heading: 339.5 &lt;/td&gt;&lt;/tr&gt;
&lt;/table&gt;</desc>
    <sym>Flag, Blue</sym>
    <type>user</type>
  </wpt>
  <wpt lat="-18.412749990820885" lon="32.77766201645136">
    <ele>1674.458271333091</ele>
    <time>2026-10-02T12:58:39.000Z</time>
    <name>The Epic 2025 001-420</name>
    <cmt>&lt;table&gt;
&lt;tr&gt;&lt;td&gt;Longitude: 32.777662 &lt;/td&gt;&lt;/tr&gt;
&lt;tr&gt;&lt;td&gt;Latitude: -18.412750 &lt;/td&gt;&lt;/tr&gt;
&lt;tr&gt;&lt;td&gt;Heading: 18.9 &lt;/td&gt;&lt;/tr&gt;
&lt;/table&gt;</cmt>
    <desc>&lt;table&gt;
&lt;tr&gt;&lt;td&gt;Longitude: 32.777662 &lt;/td&gt;&lt;/tr&gt;
&lt;tr&gt;&lt;td&gt;Latitude: -18.412750 &lt;/td&gt;&lt;/tr&gt;
&lt;tr&gt;&lt;td&gt;Heading: 18.9 &lt;/td&gt;&lt;/tr&gt;
&lt;/table&gt;</desc>
    <sym>Flag, Blue</sym>
    <type>user</type>
  </wpt>
  <wpt lat="-18.412111960351467" lon="32.77787600643933">
    <ele>1675.328895411339</ele>
    <time>2026-10-02T12:58:39.000Z</time>
    <name>The Epic 2025 001-421</name>
    <cmt>&lt;table&gt;
&lt;tr&gt;&lt;td&gt;Longitude: 32.777876 &lt;/td&gt;&lt;/tr&gt;
&lt;tr&gt;&lt;td&gt;Latitude: -18.412112 &lt;/td&gt;&lt;/tr&gt;
&lt;tr&gt;&lt;td&gt;Heading: 17.6 &lt;/td&gt;&lt;/tr&gt;
&lt;/table&gt;</cmt>
    <desc>&lt;table&gt;
&lt;tr&gt;&lt;td&gt;Longitude: 32.777876 &lt;/td&gt;&lt;/tr&gt;
&lt;tr&gt;&lt;td&gt;Latitude: -18.412112 &lt;/td&gt;&lt;/tr&gt;
&lt;tr&gt;&lt;td&gt;Heading: 17.6 &lt;/td&gt;&lt;/tr&gt;
&lt;/table&gt;</desc>
    <sym>Flag, Blue</sym>
    <type>user</type>
  </wpt>
  <wpt lat="-18.411682974547148" lon="32.77801699005067">
    <ele>1677.2650910276484</ele>
    <time>2026-10-02T12:58:39.000Z</time>
    <name>The Epic 2025 001-422</name>
    <cmt>&lt;table&gt;
&lt;tr&gt;&lt;td&gt;Longitude: 32.778017 &lt;/td&gt;&lt;/tr&gt;
&lt;tr&gt;&lt;td&gt;Latitude: -18.411683 &lt;/td&gt;&lt;/tr&gt;
&lt;tr&gt;&lt;td&gt;Heading: 17.4 &lt;/td&gt;&lt;/tr&gt;
&lt;/table&gt;</cmt>
    <desc>&lt;table&gt;
&lt;tr&gt;&lt;td&gt;Longitude: 32.778017 &lt;/td&gt;&lt;/tr&gt;
&lt;tr&gt;&lt;td&gt;Latitude: -18.411683 &lt;/td&gt;&lt;/tr&gt;
&lt;tr&gt;&lt;td&gt;Heading: 17.4 &lt;/td&gt;&lt;/tr&gt;
&lt;/table&gt;</desc>
    <sym>Flag, Blue</sym>
    <type>user</type>
  </wpt>
  <wpt lat="-18.411113005131483" lon="32.778084967285395">
    <ele>1675.6818398041119</ele>
    <time>2026-10-02T12:58:39.000Z</time>
    <name>The Epic 2025 001-423</name>
    <cmt>&lt;table&gt;
&lt;tr&gt;&lt;td&gt;Longitude: 32.778085 &lt;/td&gt;&lt;/tr&gt;
&lt;tr&gt;&lt;td&gt;Latitude: -18.411113 &lt;/td&gt;&lt;/tr&gt;
&lt;tr&gt;&lt;td&gt;Heading: 6.4 &lt;/td&gt;&lt;/tr&gt;
&lt;/table&gt;</cmt>
    <desc>&lt;table&gt;
&lt;tr&gt;&lt;td&gt;Longitude: 32.778085 &lt;/td&gt;&lt;/tr&gt;
&lt;tr&gt;&lt;td&gt;Latitude: -18.411113 &lt;/td&gt;&lt;/tr&gt;
&lt;tr&gt;&lt;td&gt;Heading: 6.4 &lt;/td&gt;&lt;/tr&gt;
&lt;/table&gt;</desc>
    <sym>Flag, Blue</sym>
    <type>user</type>
  </wpt>
  <wpt lat="-18.41063003987074" lon="32.77809200808406">
    <ele>1677.5221398698632</ele>
    <time>2026-10-02T12:58:39.000Z</time>
    <name>The Epic 2025 001-424</name>
    <cmt>&lt;table&gt;
&lt;tr&gt;&lt;td&gt;Longitude: 32.778092 &lt;/td&gt;&lt;/tr&gt;
&lt;tr&gt;&lt;td&gt;Latitude: -18.410630 &lt;/td&gt;&lt;/tr&gt;
&lt;tr&gt;&lt;td&gt;Heading: 0.8 &lt;/td&gt;&lt;/tr&gt;
&lt;/table&gt;</cmt>
    <desc>&lt;table&gt;
&lt;tr&gt;&lt;td&gt;Longitude: 32.778092 &lt;/td&gt;&lt;/tr&gt;
&lt;tr&gt;&lt;td&gt;Latitude: -18.410630 &lt;/td&gt;&lt;/tr&gt;
&lt;tr&gt;&lt;td&gt;Heading: 0.8 &lt;/td&gt;&lt;/tr&gt;
&lt;/table&gt;</desc>
    <sym>Flag, Blue</sym>
    <type>user</type>
  </wpt>
  <wpt lat="-18.409843984991312" lon="32.77766997925937">
    <ele>1681.7386411463626</ele>
    <time>2026-10-02T12:58:39.000Z</time>
    <name>The Epic 2025 001-425</name>
    <cmt>&lt;table&gt;
&lt;tr&gt;&lt;td&gt;Longitude: 32.777670 &lt;/td&gt;&lt;/tr&gt;
&lt;tr&gt;&lt;td&gt;Latitude: -18.409844 &lt;/td&gt;&lt;/tr&gt;
&lt;tr&gt;&lt;td&gt;Heading: 333.0 &lt;/td&gt;&lt;/tr&gt;
&lt;/table&gt;</cmt>
    <desc>&lt;table&gt;
&lt;tr&gt;&lt;td&gt;Longitude: 32.777670 &lt;/td&gt;&lt;/tr&gt;
&lt;tr&gt;&lt;td&gt;Latitude: -18.409844 &lt;/td&gt;&lt;/tr&gt;
&lt;tr&gt;&lt;td&gt;Heading: 333.0 &lt;/td&gt;&lt;/tr&gt;
&lt;/table&gt;</desc>
    <sym>Flag, Blue</sym>
    <type>user</type>
  </wpt>
  <wpt lat="-18.409338975325227" lon="32.777545005083084">
    <ele>1677.2414017969859</ele>
    <time>2026-10-02T12:58:39.000Z</time>
    <name>The Epic 2025 001-426</name>
    <cmt>&lt;table&gt;
&lt;tr&gt;&lt;td&gt;Longitude: 32.777545 &lt;/td&gt;&lt;/tr&gt;
&lt;tr&gt;&lt;td&gt;Latitude: -18.409339 &lt;/td&gt;&lt;/tr&gt;
&lt;tr&gt;&lt;td&gt;Heading: 346.7 &lt;/td&gt;&lt;/tr&gt;
&lt;/table&gt;</cmt>
    <desc>&lt;table&gt;
&lt;tr&gt;&lt;td&gt;Longitude: 32.777545 &lt;/td&gt;&lt;/tr&gt;
&lt;tr&gt;&lt;td&gt;Latitude: -18.409339 &lt;/td&gt;&lt;/tr&gt;
&lt;tr&gt;&lt;td&gt;Heading: 346.7 &lt;/td&gt;&lt;/tr&gt;
&lt;/table&gt;</desc>
    <sym>Flag, Blue</sym>
    <type>user</type>
  </wpt>
  <wpt lat="-18.409006968140602" lon="32.77749898843467">
    <ele>1675.3588514495746</ele>
    <time>2026-10-02T12:58:39.000Z</time>
    <name>The Epic 2025 001-427</name>
    <cmt>&lt;table&gt;
&lt;tr&gt;&lt;td&gt;Longitude: 32.777499 &lt;/td&gt;&lt;/tr&gt;
&lt;tr&gt;&lt;td&gt;Latitude: -18.409007 &lt;/td&gt;&lt;/tr&gt;
&lt;tr&gt;&lt;td&gt;Heading: 352.6 &lt;/td&gt;&lt;/tr&gt;
&lt;/table&gt;</cmt>
    <desc>&lt;table&gt;
&lt;tr&gt;&lt;td&gt;Longitude: 32.777499 &lt;/td&gt;&lt;/tr&gt;
&lt;tr&gt;&lt;td&gt;Latitude: -18.409007 &lt;/td&gt;&lt;/tr&gt;
&lt;tr&gt;&lt;td&gt;Heading: 352.6 &lt;/td&gt;&lt;/tr&gt;
&lt;/table&gt;</desc>
    <sym>Flag, Blue</sym>
    <type>user</type>
  </wpt>
  <wpt lat="-18.4088740311563" lon="32.77757601812482">
    <ele>1676.447641109417</ele>
    <time>2026-10-02T12:58:39.000Z</time>
    <name>The Epic 2025 001-428</name>
    <cmt>&lt;table&gt;
&lt;tr&gt;&lt;td&gt;Longitude: 32.777576 &lt;/td&gt;&lt;/tr&gt;
&lt;tr&gt;&lt;td&gt;Latitude: -18.408874 &lt;/td&gt;&lt;/tr&gt;
&lt;tr&gt;&lt;td&gt;Heading: 28.9 &lt;/td&gt;&lt;/tr&gt;
&lt;/table&gt;</cmt>
    <desc>&lt;table&gt;
&lt;tr&gt;&lt;td&gt;Longitude: 32.777576 &lt;/td&gt;&lt;/tr&gt;
&lt;tr&gt;&lt;td&gt;Latitude: -18.408874 &lt;/td&gt;&lt;/tr&gt;
&lt;tr&gt;&lt;td&gt;Heading: 28.9 &lt;/td&gt;&lt;/tr&gt;
&lt;/table&gt;</desc>
    <sym>Flag, Blue</sym>
    <type>user</type>
  </wpt>
  <wpt lat="-18.408349994570017" lon="32.77755003422499">
    <ele>1675.1506732234361</ele>
    <time>2026-10-02T12:58:39.000Z</time>
    <name>The Epic 2025 001-429</name>
    <cmt>&lt;table&gt;
&lt;tr&gt;&lt;td&gt;Longitude: 32.777550 &lt;/td&gt;&lt;/tr&gt;
&lt;tr&gt;&lt;td&gt;Latitude: -18.408350 &lt;/td&gt;&lt;/tr&gt;
&lt;tr&gt;&lt;td&gt;Heading: 357.3 &lt;/td&gt;&lt;/tr&gt;
&lt;/table&gt;</cmt>
    <desc>&lt;table&gt;
&lt;tr&gt;&lt;td&gt;Longitude: 32.777550 &lt;/td&gt;&lt;/tr&gt;
&lt;tr&gt;&lt;td&gt;Latitude: -18.408350 &lt;/td&gt;&lt;/tr&gt;
&lt;tr&gt;&lt;td&gt;Heading: 357.3 &lt;/td&gt;&lt;/tr&gt;
&lt;/table&gt;</desc>
    <sym>Flag, Blue</sym>
    <type>user</type>
  </wpt>
  <wpt lat="-18.452623961493373" lon="32.80882199294865">
    <ele>1820.4310243143655</ele>
    <time>2026-10-02T12:58:39.000Z</time>
    <name>The Epic 2025 001-43</name>
    <cmt>&lt;table&gt;
&lt;tr&gt;&lt;td&gt;Longitude: 32.808822 &lt;/td&gt;&lt;/tr&gt;
&lt;tr&gt;&lt;td&gt;Latitude: -18.452624 &lt;/td&gt;&lt;/tr&gt;
&lt;tr&gt;&lt;td&gt;Heading: 352.3 &lt;/td&gt;&lt;/tr&gt;
&lt;/table&gt;</cmt>
    <desc>&lt;table&gt;
&lt;tr&gt;&lt;td&gt;Longitude: 32.808822 &lt;/td&gt;&lt;/tr&gt;
&lt;tr&gt;&lt;td&gt;Latitude: -18.452624 &lt;/td&gt;&lt;/tr&gt;
&lt;tr&gt;&lt;td&gt;Heading: 352.3 &lt;/td&gt;&lt;/tr&gt;
&lt;/table&gt;</desc>
    <sym>Flag, Blue</sym>
    <type>user</type>
  </wpt>
  <wpt lat="-18.407791005447507" lon="32.777525978162885">
    <ele>1675.951060052578</ele>
    <time>2026-10-02T12:58:39.000Z</time>
    <name>The Epic 2025 001-430</name>
    <cmt>&lt;table&gt;
&lt;tr&gt;&lt;td&gt;Longitude: 32.777526 &lt;/td&gt;&lt;/tr&gt;
&lt;tr&gt;&lt;td&gt;Latitude: -18.407791 &lt;/td&gt;&lt;/tr&gt;
&lt;tr&gt;&lt;td&gt;Heading: 357.6 &lt;/td&gt;&lt;/tr&gt;
&lt;/table&gt;</cmt>
    <desc>&lt;table&gt;
&lt;tr&gt;&lt;td&gt;Longitude: 32.777526 &lt;/td&gt;&lt;/tr&gt;
&lt;tr&gt;&lt;td&gt;Latitude: -18.407791 &lt;/td&gt;&lt;/tr&gt;
&lt;tr&gt;&lt;td&gt;Heading: 357.6 &lt;/td&gt;&lt;/tr&gt;
&lt;/table&gt;</desc>
    <sym>Flag, Blue</sym>
    <type>user</type>
  </wpt>
  <wpt lat="-18.40737199410796" lon="32.777631003409624">
    <ele>1681.4173821105824</ele>
    <time>2026-10-02T12:58:39.000Z</time>
    <name>The Epic 2025 001-431</name>
    <cmt>&lt;table&gt;
&lt;tr&gt;&lt;td&gt;Longitude: 32.777631 &lt;/td&gt;&lt;/tr&gt;
&lt;tr&gt;&lt;td&gt;Latitude: -18.407372 &lt;/td&gt;&lt;/tr&gt;
&lt;tr&gt;&lt;td&gt;Heading: 13.4 &lt;/td&gt;&lt;/tr&gt;
&lt;/table&gt;</cmt>
    <desc>&lt;table&gt;
&lt;tr&gt;&lt;td&gt;Longitude: 32.777631 &lt;/td&gt;&lt;/tr&gt;
&lt;tr&gt;&lt;td&gt;Latitude: -18.407372 &lt;/td&gt;&lt;/tr&gt;
&lt;tr&gt;&lt;td&gt;Heading: 13.4 &lt;/td&gt;&lt;/tr&gt;
&lt;/table&gt;</desc>
    <sym>Flag, Blue</sym>
    <type>user</type>
  </wpt>
  <wpt lat="-18.407011991366744" lon="32.77773200534284">
    <ele>1687.287607079139</ele>
    <time>2026-10-02T12:58:39.000Z</time>
    <name>The Epic 2025 001-432</name>
    <cmt>&lt;table&gt;
&lt;tr&gt;&lt;td&gt;Longitude: 32.777732 &lt;/td&gt;&lt;/tr&gt;
&lt;tr&gt;&lt;td&gt;Latitude: -18.407012 &lt;/td&gt;&lt;/tr&gt;
&lt;tr&gt;&lt;td&gt;Heading: 14.9 &lt;/td&gt;&lt;/tr&gt;
&lt;/table&gt;</cmt>
    <desc>&lt;table&gt;
&lt;tr&gt;&lt;td&gt;Longitude: 32.777732 &lt;/td&gt;&lt;/tr&gt;
&lt;tr&gt;&lt;td&gt;Latitude: -18.407012 &lt;/td&gt;&lt;/tr&gt;
&lt;tr&gt;&lt;td&gt;Heading: 14.9 &lt;/td&gt;&lt;/tr&gt;
&lt;/table&gt;</desc>
    <sym>Flag, Blue</sym>
    <type>user</type>
  </wpt>
  <wpt lat="-18.4065980091691" lon="32.77776896953583">
    <ele>1690.6245316523818</ele>
    <time>2026-10-02T12:58:39.000Z</time>
    <name>The Epic 2025 001-433</name>
    <cmt>&lt;table&gt;
&lt;tr&gt;&lt;td&gt;Longitude: 32.777769 &lt;/td&gt;&lt;/tr&gt;
&lt;tr&gt;&lt;td&gt;Latitude: -18.406598 &lt;/td&gt;&lt;/tr&gt;
&lt;tr&gt;&lt;td&gt;Heading: 4.8 &lt;/td&gt;&lt;/tr&gt;
&lt;/table&gt;</cmt>
    <desc>&lt;table&gt;
&lt;tr&gt;&lt;td&gt;Longitude: 32.777769 &lt;/td&gt;&lt;/tr&gt;
&lt;tr&gt;&lt;td&gt;Latitude: -18.406598 &lt;/td&gt;&lt;/tr&gt;
&lt;tr&gt;&lt;td&gt;Heading: 4.8 &lt;/td&gt;&lt;/tr&gt;
&lt;/table&gt;</desc>
    <sym>Flag, Blue</sym>
    <type>user</type>
  </wpt>
  <wpt lat="-18.40608101338148" lon="32.77775296010077">
    <ele>1693.2862934856676</ele>
    <time>2026-10-02T12:58:39.000Z</time>
    <name>The Epic 2025 001-434</name>
    <cmt>&lt;table&gt;
&lt;tr&gt;&lt;td&gt;Longitude: 32.777753 &lt;/td&gt;&lt;/tr&gt;
&lt;tr&gt;&lt;td&gt;Latitude: -18.406081 &lt;/td&gt;&lt;/tr&gt;
&lt;tr&gt;&lt;td&gt;Heading: 358.3 &lt;/td&gt;&lt;/tr&gt;
&lt;/table&gt;</cmt>
    <desc>&lt;table&gt;
&lt;tr&gt;&lt;td&gt;Longitude: 32.777753 &lt;/td&gt;&lt;/tr&gt;
&lt;tr&gt;&lt;td&gt;Latitude: -18.406081 &lt;/td&gt;&lt;/tr&gt;
&lt;tr&gt;&lt;td&gt;Heading: 358.3 &lt;/td&gt;&lt;/tr&gt;
&lt;/table&gt;</desc>
    <sym>Flag, Blue</sym>
    <type>user</type>
  </wpt>
  <wpt lat="-18.405739031732082" lon="32.77783996425569">
    <ele>1699.4012499433386</ele>
    <time>2026-10-02T12:58:39.000Z</time>
    <name>The Epic 2025 001-435</name>
    <cmt>&lt;table&gt;
&lt;tr&gt;&lt;td&gt;Longitude: 32.777840 &lt;/td&gt;&lt;/tr&gt;
&lt;tr&gt;&lt;td&gt;Latitude: -18.405739 &lt;/td&gt;&lt;/tr&gt;
&lt;tr&gt;&lt;td&gt;Heading: 13.5 &lt;/td&gt;&lt;/tr&gt;
&lt;/table&gt;</cmt>
    <desc>&lt;table&gt;
&lt;tr&gt;&lt;td&gt;Longitude: 32.777840 &lt;/td&gt;&lt;/tr&gt;
&lt;tr&gt;&lt;td&gt;Latitude: -18.405739 &lt;/td&gt;&lt;/tr&gt;
&lt;tr&gt;&lt;td&gt;Heading: 13.5 &lt;/td&gt;&lt;/tr&gt;
&lt;/table&gt;</desc>
    <sym>Flag, Blue</sym>
    <type>user</type>
  </wpt>
  <wpt lat="-18.40543401427567" lon="32.777825966477394">
    <ele>1700.3820930216662</ele>
    <time>2026-10-02T12:58:39.000Z</time>
    <name>The Epic 2025 001-436</name>
    <cmt>&lt;table&gt;
&lt;tr&gt;&lt;td&gt;Longitude: 32.777826 &lt;/td&gt;&lt;/tr&gt;
&lt;tr&gt;&lt;td&gt;Latitude: -18.405434 &lt;/td&gt;&lt;/tr&gt;
&lt;tr&gt;&lt;td&gt;Heading: 357.6 &lt;/td&gt;&lt;/tr&gt;
&lt;/table&gt;</cmt>
    <desc>&lt;table&gt;
&lt;tr&gt;&lt;td&gt;Longitude: 32.777826 &lt;/td&gt;&lt;/tr&gt;
&lt;tr&gt;&lt;td&gt;Latitude: -18.405434 &lt;/td&gt;&lt;/tr&gt;
&lt;tr&gt;&lt;td&gt;Heading: 357.6 &lt;/td&gt;&lt;/tr&gt;
&lt;/table&gt;</desc>
    <sym>Flag, Blue</sym>
    <type>user</type>
  </wpt>
  <wpt lat="-18.405020032078028" lon="32.77792898006737">
    <ele>1705.0353946188698</ele>
    <time>2026-10-02T12:58:39.000Z</time>
    <name>The Epic 2025 001-437</name>
    <cmt>&lt;table&gt;
&lt;tr&gt;&lt;td&gt;Longitude: 32.777929 &lt;/td&gt;&lt;/tr&gt;
&lt;tr&gt;&lt;td&gt;Latitude: -18.405020 &lt;/td&gt;&lt;/tr&gt;
&lt;tr&gt;&lt;td&gt;Heading: 13.3 &lt;/td&gt;&lt;/tr&gt;
&lt;/table&gt;</cmt>
    <desc>&lt;table&gt;
&lt;tr&gt;&lt;td&gt;Longitude: 32.777929 &lt;/td&gt;&lt;/tr&gt;
&lt;tr&gt;&lt;td&gt;Latitude: -18.405020 &lt;/td&gt;&lt;/tr&gt;
&lt;tr&gt;&lt;td&gt;Heading: 13.3 &lt;/td&gt;&lt;/tr&gt;
&lt;/table&gt;</desc>
    <sym>Flag, Blue</sym>
    <type>user</type>
  </wpt>
  <wpt lat="-18.404418965801597" lon="32.778082033619285">
    <ele>1711.065706762347</ele>
    <time>2026-10-02T12:58:39.000Z</time>
    <name>The Epic 2025 001-438</name>
    <cmt>&lt;table&gt;
&lt;tr&gt;&lt;td&gt;Longitude: 32.778082 &lt;/td&gt;&lt;/tr&gt;
&lt;tr&gt;&lt;td&gt;Latitude: -18.404419 &lt;/td&gt;&lt;/tr&gt;
&lt;tr&gt;&lt;td&gt;Heading: 13.5 &lt;/td&gt;&lt;/tr&gt;
&lt;/table&gt;</cmt>
    <desc>&lt;table&gt;
&lt;tr&gt;&lt;td&gt;Longitude: 32.778082 &lt;/td&gt;&lt;/tr&gt;
&lt;tr&gt;&lt;td&gt;Latitude: -18.404419 &lt;/td&gt;&lt;/tr&gt;
&lt;tr&gt;&lt;td&gt;Heading: 13.5 &lt;/td&gt;&lt;/tr&gt;
&lt;/table&gt;</desc>
    <sym>Flag, Blue</sym>
    <type>user</type>
  </wpt>
  <wpt lat="-18.40371203608811" lon="32.77813701890409">
    <ele>1711.546508665895</ele>
    <time>2026-10-02T12:58:39.000Z</time>
    <name>The Epic 2025 001-439</name>
    <cmt>&lt;table&gt;
&lt;tr&gt;&lt;td&gt;Longitude: 32.778137 &lt;/td&gt;&lt;/tr&gt;
&lt;tr&gt;&lt;td&gt;Latitude: -18.403712 &lt;/td&gt;&lt;/tr&gt;
&lt;tr&gt;&lt;td&gt;Heading: 4.3 &lt;/td&gt;&lt;/tr&gt;
&lt;/table&gt;</cmt>
    <desc>&lt;table&gt;
&lt;tr&gt;&lt;td&gt;Longitude: 32.778137 &lt;/td&gt;&lt;/tr&gt;
&lt;tr&gt;&lt;td&gt;Latitude: -18.403712 &lt;/td&gt;&lt;/tr&gt;
&lt;tr&gt;&lt;td&gt;Heading: 4.3 &lt;/td&gt;&lt;/tr&gt;
&lt;/table&gt;</desc>
    <sym>Flag, Blue</sym>
    <type>user</type>
  </wpt>
  <wpt lat="-18.452307041734457" lon="32.8086899779737">
    <ele>1828.5471896929666</ele>
    <time>2026-10-02T12:58:39.000Z</time>
    <name>The Epic 2025 001-44</name>
    <cmt>&lt;table&gt;
&lt;tr&gt;&lt;td&gt;Longitude: 32.808690 &lt;/td&gt;&lt;/tr&gt;
&lt;tr&gt;&lt;td&gt;Latitude: -18.452307 &lt;/td&gt;&lt;/tr&gt;
&lt;tr&gt;&lt;td&gt;Heading: 338.3 &lt;/td&gt;&lt;/tr&gt;
&lt;/table&gt;</cmt>
    <desc>&lt;table&gt;
&lt;tr&gt;&lt;td&gt;Longitude: 32.808690 &lt;/td&gt;&lt;/tr&gt;
&lt;tr&gt;&lt;td&gt;Latitude: -18.452307 &lt;/td&gt;&lt;/tr&gt;
&lt;tr&gt;&lt;td&gt;Heading: 338.3 &lt;/td&gt;&lt;/tr&gt;
&lt;/table&gt;</desc>
    <sym>Flag, Blue</sym>
    <type>user</type>
  </wpt>
  <wpt lat="-18.40333099476993" lon="32.77818202972412">
    <ele>1712.8315897796128</ele>
    <time>2026-10-02T12:58:39.000Z</time>
    <name>The Epic 2025 001-440</name>
    <cmt>&lt;table&gt;
&lt;tr&gt;&lt;td&gt;Longitude: 32.778182 &lt;/td&gt;&lt;/tr&gt;
&lt;tr&gt;&lt;td&gt;Latitude: -18.403331 &lt;/td&gt;&lt;/tr&gt;
&lt;tr&gt;&lt;td&gt;Heading: 6.4 &lt;/td&gt;&lt;/tr&gt;
&lt;/table&gt;</cmt>
    <desc>&lt;table&gt;
&lt;tr&gt;&lt;td&gt;Longitude: 32.778182 &lt;/td&gt;&lt;/tr&gt;
&lt;tr&gt;&lt;td&gt;Latitude: -18.403331 &lt;/td&gt;&lt;/tr&gt;
&lt;tr&gt;&lt;td&gt;Heading: 6.4 &lt;/td&gt;&lt;/tr&gt;
&lt;/table&gt;</desc>
    <sym>Flag, Blue</sym>
    <type>user</type>
  </wpt>
  <wpt lat="-18.402932016178966" lon="32.77801103889942">
    <ele>1709.3709712221753</ele>
    <time>2026-10-02T12:58:39.000Z</time>
    <name>The Epic 2025 001-441</name>
    <cmt>&lt;table&gt;
&lt;tr&gt;&lt;td&gt;Longitude: 32.778011 &lt;/td&gt;&lt;/tr&gt;
&lt;tr&gt;&lt;td&gt;Latitude: -18.402932 &lt;/td&gt;&lt;/tr&gt;
&lt;tr&gt;&lt;td&gt;Heading: 337.9 &lt;/td&gt;&lt;/tr&gt;
&lt;/table&gt;</cmt>
    <desc>&lt;table&gt;
&lt;tr&gt;&lt;td&gt;Longitude: 32.778011 &lt;/td&gt;&lt;/tr&gt;
&lt;tr&gt;&lt;td&gt;Latitude: -18.402932 &lt;/td&gt;&lt;/tr&gt;
&lt;tr&gt;&lt;td&gt;Heading: 337.9 &lt;/td&gt;&lt;/tr&gt;
&lt;/table&gt;</desc>
    <sym>Flag, Blue</sym>
    <type>user</type>
  </wpt>
  <wpt lat="-18.402605038136244" lon="32.77801003307104">
    <ele>1706.844633672662</ele>
    <time>2026-10-02T12:58:39.000Z</time>
    <name>The Epic 2025 001-442</name>
    <cmt>&lt;table&gt;
&lt;tr&gt;&lt;td&gt;Longitude: 32.778010 &lt;/td&gt;&lt;/tr&gt;
&lt;tr&gt;&lt;td&gt;Latitude: -18.402605 &lt;/td&gt;&lt;/tr&gt;
&lt;tr&gt;&lt;td&gt;Heading: 359.7 &lt;/td&gt;&lt;/tr&gt;
&lt;/table&gt;</cmt>
    <desc>&lt;table&gt;
&lt;tr&gt;&lt;td&gt;Longitude: 32.778010 &lt;/td&gt;&lt;/tr&gt;
&lt;tr&gt;&lt;td&gt;Latitude: -18.402605 &lt;/td&gt;&lt;/tr&gt;
&lt;tr&gt;&lt;td&gt;Heading: 359.7 &lt;/td&gt;&lt;/tr&gt;
&lt;/table&gt;</desc>
    <sym>Flag, Blue</sym>
    <type>user</type>
  </wpt>
  <wpt lat="-18.40210204012692" lon="32.77859601192176">
    <ele>1712.0893575524951</ele>
    <time>2026-10-02T12:58:39.000Z</time>
    <name>The Epic 2025 001-443</name>
    <cmt>&lt;table&gt;
&lt;tr&gt;&lt;td&gt;Longitude: 32.778596 &lt;/td&gt;&lt;/tr&gt;
&lt;tr&gt;&lt;td&gt;Latitude: -18.402102 &lt;/td&gt;&lt;/tr&gt;
&lt;tr&gt;&lt;td&gt;Heading: 47.9 &lt;/td&gt;&lt;/tr&gt;
&lt;/table&gt;</cmt>
    <desc>&lt;table&gt;
&lt;tr&gt;&lt;td&gt;Longitude: 32.778596 &lt;/td&gt;&lt;/tr&gt;
&lt;tr&gt;&lt;td&gt;Latitude: -18.402102 &lt;/td&gt;&lt;/tr&gt;
&lt;tr&gt;&lt;td&gt;Heading: 47.9 &lt;/td&gt;&lt;/tr&gt;
&lt;/table&gt;</desc>
    <sym>Flag, Blue</sym>
    <type>user</type>
  </wpt>
  <wpt lat="-18.40178101323545" lon="32.77882601134479">
    <ele>1712.8021698907526</ele>
    <time>2026-10-02T12:58:39.000Z</time>
    <name>The Epic 2025 001-444</name>
    <cmt>&lt;table&gt;
&lt;tr&gt;&lt;td&gt;Longitude: 32.778826 &lt;/td&gt;&lt;/tr&gt;
&lt;tr&gt;&lt;td&gt;Latitude: -18.401781 &lt;/td&gt;&lt;/tr&gt;
&lt;tr&gt;&lt;td&gt;Heading: 34.2 &lt;/td&gt;&lt;/tr&gt;
&lt;/table&gt;</cmt>
    <desc>&lt;table&gt;
&lt;tr&gt;&lt;td&gt;Longitude: 32.778826 &lt;/td&gt;&lt;/tr&gt;
&lt;tr&gt;&lt;td&gt;Latitude: -18.401781 &lt;/td&gt;&lt;/tr&gt;
&lt;tr&gt;&lt;td&gt;Heading: 34.2 &lt;/td&gt;&lt;/tr&gt;
&lt;/table&gt;</desc>
    <sym>Flag, Blue</sym>
    <type>user</type>
  </wpt>
  <wpt lat="-18.40144003741443" lon="32.77891997247934">
    <ele>1709.293920526712</ele>
    <time>2026-10-02T12:58:39.000Z</time>
    <name>The Epic 2025 001-445</name>
    <cmt>&lt;table&gt;
&lt;tr&gt;&lt;td&gt;Longitude: 32.778920 &lt;/td&gt;&lt;/tr&gt;
&lt;tr&gt;&lt;td&gt;Latitude: -18.401440 &lt;/td&gt;&lt;/tr&gt;
&lt;tr&gt;&lt;td&gt;Heading: 14.7 &lt;/td&gt;&lt;/tr&gt;
&lt;/table&gt;</cmt>
    <desc>&lt;table&gt;
&lt;tr&gt;&lt;td&gt;Longitude: 32.778920 &lt;/td&gt;&lt;/tr&gt;
&lt;tr&gt;&lt;td&gt;Latitude: -18.401440 &lt;/td&gt;&lt;/tr&gt;
&lt;tr&gt;&lt;td&gt;Heading: 14.7 &lt;/td&gt;&lt;/tr&gt;
&lt;/table&gt;</desc>
    <sym>Flag, Blue</sym>
    <type>user</type>
  </wpt>
  <wpt lat="-18.40115999802947" lon="32.77880899608135">
    <ele>1705.8581180335127</ele>
    <time>2026-10-02T12:58:39.000Z</time>
    <name>The Epic 2025 001-446</name>
    <cmt>&lt;table&gt;
&lt;tr&gt;&lt;td&gt;Longitude: 32.778809 &lt;/td&gt;&lt;/tr&gt;
&lt;tr&gt;&lt;td&gt;Latitude: -18.401160 &lt;/td&gt;&lt;/tr&gt;
&lt;tr&gt;&lt;td&gt;Heading: 339.3 &lt;/td&gt;&lt;/tr&gt;
&lt;/table&gt;</cmt>
    <desc>&lt;table&gt;
&lt;tr&gt;&lt;td&gt;Longitude: 32.778809 &lt;/td&gt;&lt;/tr&gt;
&lt;tr&gt;&lt;td&gt;Latitude: -18.401160 &lt;/td&gt;&lt;/tr&gt;
&lt;tr&gt;&lt;td&gt;Heading: 339.3 &lt;/td&gt;&lt;/tr&gt;
&lt;/table&gt;</desc>
    <sym>Flag, Blue</sym>
    <type>user</type>
  </wpt>
  <wpt lat="-18.40114197693765" lon="32.77859198860824">
    <ele>1705.1335462457737</ele>
    <time>2026-10-02T12:58:39.000Z</time>
    <name>The Epic 2025 001-447</name>
    <cmt>&lt;table&gt;
&lt;tr&gt;&lt;td&gt;Longitude: 32.778592 &lt;/td&gt;&lt;/tr&gt;
&lt;tr&gt;&lt;td&gt;Latitude: -18.401142 &lt;/td&gt;&lt;/tr&gt;
&lt;tr&gt;&lt;td&gt;Heading: 275.0 &lt;/td&gt;&lt;/tr&gt;
&lt;/table&gt;</cmt>
    <desc>&lt;table&gt;
&lt;tr&gt;&lt;td&gt;Longitude: 32.778592 &lt;/td&gt;&lt;/tr&gt;
&lt;tr&gt;&lt;td&gt;Latitude: -18.401142 &lt;/td&gt;&lt;/tr&gt;
&lt;tr&gt;&lt;td&gt;Heading: 275.0 &lt;/td&gt;&lt;/tr&gt;
&lt;/table&gt;</desc>
    <sym>Flag, Blue</sym>
    <type>user</type>
  </wpt>
  <wpt lat="-18.400936033576727" lon="32.77851001359522">
    <ele>1704.6511160090663</ele>
    <time>2026-10-02T12:58:39.000Z</time>
    <name>The Epic 2025 001-448</name>
    <cmt>&lt;table&gt;
&lt;tr&gt;&lt;td&gt;Longitude: 32.778510 &lt;/td&gt;&lt;/tr&gt;
&lt;tr&gt;&lt;td&gt;Latitude: -18.400936 &lt;/td&gt;&lt;/tr&gt;
&lt;tr&gt;&lt;td&gt;Heading: 339.3 &lt;/td&gt;&lt;/tr&gt;
&lt;/table&gt;</cmt>
    <desc>&lt;table&gt;
&lt;tr&gt;&lt;td&gt;Longitude: 32.778510 &lt;/td&gt;&lt;/tr&gt;
&lt;tr&gt;&lt;td&gt;Latitude: -18.400936 &lt;/td&gt;&lt;/tr&gt;
&lt;tr&gt;&lt;td&gt;Heading: 339.3 &lt;/td&gt;&lt;/tr&gt;
&lt;/table&gt;</desc>
    <sym>Flag, Blue</sym>
    <type>user</type>
  </wpt>
  <wpt lat="-18.40070896781981" lon="32.77831496670842">
    <ele>1704.9878765262793</ele>
    <time>2026-10-02T12:58:39.000Z</time>
    <name>The Epic 2025 001-449</name>
    <cmt>&lt;table&gt;
&lt;tr&gt;&lt;td&gt;Longitude: 32.778315 &lt;/td&gt;&lt;/tr&gt;
&lt;tr&gt;&lt;td&gt;Latitude: -18.400709 &lt;/td&gt;&lt;/tr&gt;
&lt;tr&gt;&lt;td&gt;Heading: 320.9 &lt;/td&gt;&lt;/tr&gt;
&lt;/table&gt;</cmt>
    <desc>&lt;table&gt;
&lt;tr&gt;&lt;td&gt;Longitude: 32.778315 &lt;/td&gt;&lt;/tr&gt;
&lt;tr&gt;&lt;td&gt;Latitude: -18.400709 &lt;/td&gt;&lt;/tr&gt;
&lt;tr&gt;&lt;td&gt;Heading: 320.9 &lt;/td&gt;&lt;/tr&gt;
&lt;/table&gt;</desc>
    <sym>Flag, Blue</sym>
    <type>user</type>
  </wpt>
  <wpt lat="-18.452005963772535" lon="32.80845897272229">
    <ele>1835.444076889918</ele>
    <time>2026-10-02T12:58:39.000Z</time>
    <name>The Epic 2025 001-45</name>
    <cmt>&lt;table&gt;
&lt;tr&gt;&lt;td&gt;Longitude: 32.808459 &lt;/td&gt;&lt;/tr&gt;
&lt;tr&gt;&lt;td&gt;Latitude: -18.452006 &lt;/td&gt;&lt;/tr&gt;
&lt;tr&gt;&lt;td&gt;Heading: 324.0 &lt;/td&gt;&lt;/tr&gt;
&lt;/table&gt;</cmt>
    <desc>&lt;table&gt;
&lt;tr&gt;&lt;td&gt;Longitude: 32.808459 &lt;/td&gt;&lt;/tr&gt;
&lt;tr&gt;&lt;td&gt;Latitude: -18.452006 &lt;/td&gt;&lt;/tr&gt;
&lt;tr&gt;&lt;td&gt;Heading: 324.0 &lt;/td&gt;&lt;/tr&gt;
&lt;/table&gt;</desc>
    <sym>Flag, Blue</sym>
    <type>user</type>
  </wpt>
  <wpt lat="-18.400639984756708" lon="32.7784179802984">
    <ele>1705.0211723869484</ele>
    <time>2026-10-02T12:58:39.000Z</time>
    <name>The Epic 2025 001-450</name>
    <cmt>&lt;table&gt;
&lt;tr&gt;&lt;td&gt;Longitude: 32.778418 &lt;/td&gt;&lt;/tr&gt;
&lt;tr&gt;&lt;td&gt;Latitude: -18.400640 &lt;/td&gt;&lt;/tr&gt;
&lt;tr&gt;&lt;td&gt;Heading: 54.7 &lt;/td&gt;&lt;/tr&gt;
&lt;/table&gt;</cmt>
    <desc>&lt;table&gt;
&lt;tr&gt;&lt;td&gt;Longitude: 32.778418 &lt;/td&gt;&lt;/tr&gt;
&lt;tr&gt;&lt;td&gt;Latitude: -18.400640 &lt;/td&gt;&lt;/tr&gt;
&lt;tr&gt;&lt;td&gt;Heading: 54.7 &lt;/td&gt;&lt;/tr&gt;
&lt;/table&gt;</desc>
    <sym>Flag, Blue</sym>
    <type>user</type>
  </wpt>
  <wpt lat="-18.400241006165743" lon="32.778597017750144">
    <ele>1708.232052520616</ele>
    <time>2026-10-02T12:58:39.000Z</time>
    <name>The Epic 2025 001-451</name>
    <cmt>&lt;table&gt;
&lt;tr&gt;&lt;td&gt;Longitude: 32.778597 &lt;/td&gt;&lt;/tr&gt;
&lt;tr&gt;&lt;td&gt;Latitude: -18.400241 &lt;/td&gt;&lt;/tr&gt;
&lt;tr&gt;&lt;td&gt;Heading: 23.0 &lt;/td&gt;&lt;/tr&gt;
&lt;/table&gt;</cmt>
    <desc>&lt;table&gt;
&lt;tr&gt;&lt;td&gt;Longitude: 32.778597 &lt;/td&gt;&lt;/tr&gt;
&lt;tr&gt;&lt;td&gt;Latitude: -18.400241 &lt;/td&gt;&lt;/tr&gt;
&lt;tr&gt;&lt;td&gt;Heading: 23.0 &lt;/td&gt;&lt;/tr&gt;
&lt;/table&gt;</desc>
    <sym>Flag, Blue</sym>
    <type>user</type>
  </wpt>
  <wpt lat="-18.400050988420844" lon="32.778684021905065">
    <ele>1710.1288563414512</ele>
    <time>2026-10-02T12:58:39.000Z</time>
    <name>The Epic 2025 001-452</name>
    <cmt>&lt;table&gt;
&lt;tr&gt;&lt;td&gt;Longitude: 32.778684 &lt;/td&gt;&lt;/tr&gt;
&lt;tr&gt;&lt;td&gt;Latitude: -18.400051 &lt;/td&gt;&lt;/tr&gt;
&lt;tr&gt;&lt;td&gt;Heading: 23.6 &lt;/td&gt;&lt;/tr&gt;
&lt;/table&gt;</cmt>
    <desc>&lt;table&gt;
&lt;tr&gt;&lt;td&gt;Longitude: 32.778684 &lt;/td&gt;&lt;/tr&gt;
&lt;tr&gt;&lt;td&gt;Latitude: -18.400051 &lt;/td&gt;&lt;/tr&gt;
&lt;tr&gt;&lt;td&gt;Heading: 23.6 &lt;/td&gt;&lt;/tr&gt;
&lt;/table&gt;</desc>
    <sym>Flag, Blue</sym>
    <type>user</type>
  </wpt>
  <wpt lat="-18.399790981784463" lon="32.77851001359522">
    <ele>1710.915444583968</ele>
    <time>2026-10-02T12:58:39.000Z</time>
    <name>The Epic 2025 001-453</name>
    <cmt>&lt;table&gt;
&lt;tr&gt;&lt;td&gt;Longitude: 32.778510 &lt;/td&gt;&lt;/tr&gt;
&lt;tr&gt;&lt;td&gt;Latitude: -18.399791 &lt;/td&gt;&lt;/tr&gt;
&lt;tr&gt;&lt;td&gt;Heading: 327.7 &lt;/td&gt;&lt;/tr&gt;
&lt;/table&gt;</cmt>
    <desc>&lt;table&gt;
&lt;tr&gt;&lt;td&gt;Longitude: 32.778510 &lt;/td&gt;&lt;/tr&gt;
&lt;tr&gt;&lt;td&gt;Latitude: -18.399791 &lt;/td&gt;&lt;/tr&gt;
&lt;tr&gt;&lt;td&gt;Heading: 327.7 &lt;/td&gt;&lt;/tr&gt;
&lt;/table&gt;</desc>
    <sym>Flag, Blue</sym>
    <type>user</type>
  </wpt>
  <wpt lat="-18.399600964039564" lon="32.778297029435635">
    <ele>1711.5314856949262</ele>
    <time>2026-10-02T12:58:39.000Z</time>
    <name>The Epic 2025 001-454</name>
    <cmt>&lt;table&gt;
&lt;tr&gt;&lt;td&gt;Longitude: 32.778297 &lt;/td&gt;&lt;/tr&gt;
&lt;tr&gt;&lt;td&gt;Latitude: -18.399601 &lt;/td&gt;&lt;/tr&gt;
&lt;tr&gt;&lt;td&gt;Heading: 313.2 &lt;/td&gt;&lt;/tr&gt;
&lt;/table&gt;</cmt>
    <desc>&lt;table&gt;
&lt;tr&gt;&lt;td&gt;Longitude: 32.778297 &lt;/td&gt;&lt;/tr&gt;
&lt;tr&gt;&lt;td&gt;Latitude: -18.399601 &lt;/td&gt;&lt;/tr&gt;
&lt;tr&gt;&lt;td&gt;Heading: 313.2 &lt;/td&gt;&lt;/tr&gt;
&lt;/table&gt;</desc>
    <sym>Flag, Blue</sym>
    <type>user</type>
  </wpt>
  <wpt lat="-18.39954497292638" lon="32.77796301059425">
    <ele>1711.4878102812384</ele>
    <time>2026-10-02T12:58:39.000Z</time>
    <name>The Epic 2025 001-455</name>
    <cmt>&lt;table&gt;
&lt;tr&gt;&lt;td&gt;Longitude: 32.777963 &lt;/td&gt;&lt;/tr&gt;
&lt;tr&gt;&lt;td&gt;Latitude: -18.399545 &lt;/td&gt;&lt;/tr&gt;
&lt;tr&gt;&lt;td&gt;Heading: 280.0 &lt;/td&gt;&lt;/tr&gt;
&lt;/table&gt;</cmt>
    <desc>&lt;table&gt;
&lt;tr&gt;&lt;td&gt;Longitude: 32.777963 &lt;/td&gt;&lt;/tr&gt;
&lt;tr&gt;&lt;td&gt;Latitude: -18.399545 &lt;/td&gt;&lt;/tr&gt;
&lt;tr&gt;&lt;td&gt;Heading: 280.0 &lt;/td&gt;&lt;/tr&gt;
&lt;/table&gt;</desc>
    <sym>Flag, Blue</sym>
    <type>user</type>
  </wpt>
  <wpt lat="-18.399414969608188" lon="32.77762304060161">
    <ele>1711.214636730785</ele>
    <time>2026-10-02T12:58:39.000Z</time>
    <name>The Epic 2025 001-456</name>
    <cmt>&lt;table&gt;
&lt;tr&gt;&lt;td&gt;Longitude: 32.777623 &lt;/td&gt;&lt;/tr&gt;
&lt;tr&gt;&lt;td&gt;Latitude: -18.399415 &lt;/td&gt;&lt;/tr&gt;
&lt;tr&gt;&lt;td&gt;Heading: 292.0 &lt;/td&gt;&lt;/tr&gt;
&lt;/table&gt;</cmt>
    <desc>&lt;table&gt;
&lt;tr&gt;&lt;td&gt;Longitude: 32.777623 &lt;/td&gt;&lt;/tr&gt;
&lt;tr&gt;&lt;td&gt;Latitude: -18.399415 &lt;/td&gt;&lt;/tr&gt;
&lt;tr&gt;&lt;td&gt;Heading: 292.0 &lt;/td&gt;&lt;/tr&gt;
&lt;/table&gt;</desc>
    <sym>Flag, Blue</sym>
    <type>user</type>
  </wpt>
  <wpt lat="-18.399358978495002" lon="32.77720998041332">
    <ele>1708.6388868652805</ele>
    <time>2026-10-02T12:58:39.000Z</time>
    <name>The Epic 2025 001-457</name>
    <cmt>&lt;table&gt;
&lt;tr&gt;&lt;td&gt;Longitude: 32.777210 &lt;/td&gt;&lt;/tr&gt;
&lt;tr&gt;&lt;td&gt;Latitude: -18.399359 &lt;/td&gt;&lt;/tr&gt;
&lt;tr&gt;&lt;td&gt;Heading: 278.1 &lt;/td&gt;&lt;/tr&gt;
&lt;/table&gt;</cmt>
    <desc>&lt;table&gt;
&lt;tr&gt;&lt;td&gt;Longitude: 32.777210 &lt;/td&gt;&lt;/tr&gt;
&lt;tr&gt;&lt;td&gt;Latitude: -18.399359 &lt;/td&gt;&lt;/tr&gt;
&lt;tr&gt;&lt;td&gt;Heading: 278.1 &lt;/td&gt;&lt;/tr&gt;
&lt;/table&gt;</desc>
    <sym>Flag, Blue</sym>
    <type>user</type>
  </wpt>
  <wpt lat="-18.39872899465263" lon="32.77737996540964">
    <ele>1709.9289793103994</ele>
    <time>2026-10-02T12:58:39.000Z</time>
    <name>The Epic 2025 001-458</name>
    <cmt>&lt;table&gt;
&lt;tr&gt;&lt;td&gt;Longitude: 32.777380 &lt;/td&gt;&lt;/tr&gt;
&lt;tr&gt;&lt;td&gt;Latitude: -18.398729 &lt;/td&gt;&lt;/tr&gt;
&lt;tr&gt;&lt;td&gt;Heading: 14.4 &lt;/td&gt;&lt;/tr&gt;
&lt;/table&gt;</cmt>
    <desc>&lt;table&gt;
&lt;tr&gt;&lt;td&gt;Longitude: 32.777380 &lt;/td&gt;&lt;/tr&gt;
&lt;tr&gt;&lt;td&gt;Latitude: -18.398729 &lt;/td&gt;&lt;/tr&gt;
&lt;tr&gt;&lt;td&gt;Heading: 14.4 &lt;/td&gt;&lt;/tr&gt;
&lt;/table&gt;</desc>
    <sym>Flag, Blue</sym>
    <type>user</type>
  </wpt>
  <wpt lat="-18.397985016927123" lon="32.77762304060161">
    <ele>1712.558645304247</ele>
    <time>2026-10-02T12:58:39.000Z</time>
    <name>The Epic 2025 001-459</name>
    <cmt>&lt;table&gt;
&lt;tr&gt;&lt;td&gt;Longitude: 32.777623 &lt;/td&gt;&lt;/tr&gt;
&lt;tr&gt;&lt;td&gt;Latitude: -18.397985 &lt;/td&gt;&lt;/tr&gt;
&lt;tr&gt;&lt;td&gt;Heading: 17.2 &lt;/td&gt;&lt;/tr&gt;
&lt;/table&gt;</cmt>
    <desc>&lt;table&gt;
&lt;tr&gt;&lt;td&gt;Longitude: 32.777623 &lt;/td&gt;&lt;/tr&gt;
&lt;tr&gt;&lt;td&gt;Latitude: -18.397985 &lt;/td&gt;&lt;/tr&gt;
&lt;tr&gt;&lt;td&gt;Heading: 17.2 &lt;/td&gt;&lt;/tr&gt;
&lt;/table&gt;</desc>
    <sym>Flag, Blue</sym>
    <type>user</type>
  </wpt>
  <wpt lat="-18.45179700292647" lon="32.808227967470884">
    <ele>1841.7820796454325</ele>
    <time>2026-10-02T12:58:39.000Z</time>
    <name>The Epic 2025 001-46</name>
    <cmt>&lt;table&gt;
&lt;tr&gt;&lt;td&gt;Longitude: 32.808228 &lt;/td&gt;&lt;/tr&gt;
&lt;tr&gt;&lt;td&gt;Latitude: -18.451797 &lt;/td&gt;&lt;/tr&gt;
&lt;tr&gt;&lt;td&gt;Heading: 313.7 &lt;/td&gt;&lt;/tr&gt;
&lt;/table&gt;</cmt>
    <desc>&lt;table&gt;
&lt;tr&gt;&lt;td&gt;Longitude: 32.808228 &lt;/td&gt;&lt;/tr&gt;
&lt;tr&gt;&lt;td&gt;Latitude: -18.451797 &lt;/td&gt;&lt;/tr&gt;
&lt;tr&gt;&lt;td&gt;Heading: 313.7 &lt;/td&gt;&lt;/tr&gt;
&lt;/table&gt;</desc>
    <sym>Flag, Blue</sym>
    <type>user</type>
  </wpt>
  <wpt lat="-18.397428039461374" lon="32.77772303670645">
    <ele>1711.0961282106016</ele>
    <time>2026-10-02T12:58:39.000Z</time>
    <name>The Epic 2025 001-460</name>
    <cmt>&lt;table&gt;
&lt;tr&gt;&lt;td&gt;Longitude: 32.777723 &lt;/td&gt;&lt;/tr&gt;
&lt;tr&gt;&lt;td&gt;Latitude: -18.397428 &lt;/td&gt;&lt;/tr&gt;
&lt;tr&gt;&lt;td&gt;Heading: 9.7 &lt;/td&gt;&lt;/tr&gt;
&lt;/table&gt;</cmt>
    <desc>&lt;table&gt;
&lt;tr&gt;&lt;td&gt;Longitude: 32.777723 &lt;/td&gt;&lt;/tr&gt;
&lt;tr&gt;&lt;td&gt;Latitude: -18.397428 &lt;/td&gt;&lt;/tr&gt;
&lt;tr&gt;&lt;td&gt;Heading: 9.7 &lt;/td&gt;&lt;/tr&gt;
&lt;/table&gt;</desc>
    <sym>Flag, Blue</sym>
    <type>user</type>
  </wpt>
  <wpt lat="-18.396985977888107" lon="32.77802503667772">
    <ele>1714.5991754873805</ele>
    <time>2026-10-02T12:58:39.000Z</time>
    <name>The Epic 2025 001-461</name>
    <cmt>&lt;table&gt;
&lt;tr&gt;&lt;td&gt;Longitude: 32.778025 &lt;/td&gt;&lt;/tr&gt;
&lt;tr&gt;&lt;td&gt;Latitude: -18.396986 &lt;/td&gt;&lt;/tr&gt;
&lt;tr&gt;&lt;td&gt;Heading: 33.0 &lt;/td&gt;&lt;/tr&gt;
&lt;/table&gt;</cmt>
    <desc>&lt;table&gt;
&lt;tr&gt;&lt;td&gt;Longitude: 32.778025 &lt;/td&gt;&lt;/tr&gt;
&lt;tr&gt;&lt;td&gt;Latitude: -18.396986 &lt;/td&gt;&lt;/tr&gt;
&lt;tr&gt;&lt;td&gt;Heading: 33.0 &lt;/td&gt;&lt;/tr&gt;
&lt;/table&gt;</desc>
    <sym>Flag, Blue</sym>
    <type>user</type>
  </wpt>
  <wpt lat="-18.39634501375258" lon="32.77837296947837">
    <ele>1716.6840577989442</ele>
    <time>2026-10-02T12:58:39.000Z</time>
    <name>The Epic 2025 001-462</name>
    <cmt>&lt;table&gt;
&lt;tr&gt;&lt;td&gt;Longitude: 32.778373 &lt;/td&gt;&lt;/tr&gt;
&lt;tr&gt;&lt;td&gt;Latitude: -18.396345 &lt;/td&gt;&lt;/tr&gt;
&lt;tr&gt;&lt;td&gt;Heading: 27.3 &lt;/td&gt;&lt;/tr&gt;
&lt;/table&gt;</cmt>
    <desc>&lt;table&gt;
&lt;tr&gt;&lt;td&gt;Longitude: 32.778373 &lt;/td&gt;&lt;/tr&gt;
&lt;tr&gt;&lt;td&gt;Latitude: -18.396345 &lt;/td&gt;&lt;/tr&gt;
&lt;tr&gt;&lt;td&gt;Heading: 27.3 &lt;/td&gt;&lt;/tr&gt;
&lt;/table&gt;</desc>
    <sym>Flag, Blue</sym>
    <type>user</type>
  </wpt>
  <wpt lat="-18.395902030169964" lon="32.77850196696818">
    <ele>1714.6278746916828</ele>
    <time>2026-10-02T12:58:39.000Z</time>
    <name>The Epic 2025 001-463</name>
    <cmt>&lt;table&gt;
&lt;tr&gt;&lt;td&gt;Longitude: 32.778502 &lt;/td&gt;&lt;/tr&gt;
&lt;tr&gt;&lt;td&gt;Latitude: -18.395902 &lt;/td&gt;&lt;/tr&gt;
&lt;tr&gt;&lt;td&gt;Heading: 15.5 &lt;/td&gt;&lt;/tr&gt;
&lt;/table&gt;</cmt>
    <desc>&lt;table&gt;
&lt;tr&gt;&lt;td&gt;Longitude: 32.778502 &lt;/td&gt;&lt;/tr&gt;
&lt;tr&gt;&lt;td&gt;Latitude: -18.395902 &lt;/td&gt;&lt;/tr&gt;
&lt;tr&gt;&lt;td&gt;Heading: 15.5 &lt;/td&gt;&lt;/tr&gt;
&lt;/table&gt;</desc>
    <sym>Flag, Blue</sym>
    <type>user</type>
  </wpt>
  <wpt lat="-18.39501396752894" lon="32.77880698442459">
    <ele>1714.225727855941</ele>
    <time>2026-10-02T12:58:39.000Z</time>
    <name>The Epic 2025 001-464</name>
    <cmt>&lt;table&gt;
&lt;tr&gt;&lt;td&gt;Longitude: 32.778807 &lt;/td&gt;&lt;/tr&gt;
&lt;tr&gt;&lt;td&gt;Latitude: -18.395014 &lt;/td&gt;&lt;/tr&gt;
&lt;tr&gt;&lt;td&gt;Heading: 18.0 &lt;/td&gt;&lt;/tr&gt;
&lt;/table&gt;</cmt>
    <desc>&lt;table&gt;
&lt;tr&gt;&lt;td&gt;Longitude: 32.778807 &lt;/td&gt;&lt;/tr&gt;
&lt;tr&gt;&lt;td&gt;Latitude: -18.395014 &lt;/td&gt;&lt;/tr&gt;
&lt;tr&gt;&lt;td&gt;Heading: 18.0 &lt;/td&gt;&lt;/tr&gt;
&lt;/table&gt;</desc>
    <sym>Flag, Blue</sym>
    <type>user</type>
  </wpt>
  <wpt lat="-18.39460602030158" lon="32.77901200577617">
    <ele>1714.0196556818119</ele>
    <time>2026-10-02T12:58:39.000Z</time>
    <name>The Epic 2025 001-465</name>
    <cmt>&lt;table&gt;
&lt;tr&gt;&lt;td&gt;Longitude: 32.779012 &lt;/td&gt;&lt;/tr&gt;
&lt;tr&gt;&lt;td&gt;Latitude: -18.394606 &lt;/td&gt;&lt;/tr&gt;
&lt;tr&gt;&lt;td&gt;Heading: 25.4 &lt;/td&gt;&lt;/tr&gt;
&lt;/table&gt;</cmt>
    <desc>&lt;table&gt;
&lt;tr&gt;&lt;td&gt;Longitude: 32.779012 &lt;/td&gt;&lt;/tr&gt;
&lt;tr&gt;&lt;td&gt;Latitude: -18.394606 &lt;/td&gt;&lt;/tr&gt;
&lt;tr&gt;&lt;td&gt;Heading: 25.4 &lt;/td&gt;&lt;/tr&gt;
&lt;/table&gt;</desc>
    <sym>Flag, Blue</sym>
    <type>user</type>
  </wpt>
  <wpt lat="-18.394140992313623" lon="32.779328003525734">
    <ele>1714.5632808418268</ele>
    <time>2026-10-02T12:58:39.000Z</time>
    <name>The Epic 2025 001-466</name>
    <cmt>&lt;table&gt;
&lt;tr&gt;&lt;td&gt;Longitude: 32.779328 &lt;/td&gt;&lt;/tr&gt;
&lt;tr&gt;&lt;td&gt;Latitude: -18.394141 &lt;/td&gt;&lt;/tr&gt;
&lt;tr&gt;&lt;td&gt;Heading: 32.9 &lt;/td&gt;&lt;/tr&gt;
&lt;/table&gt;</cmt>
    <desc>&lt;table&gt;
&lt;tr&gt;&lt;td&gt;Longitude: 32.779328 &lt;/td&gt;&lt;/tr&gt;
&lt;tr&gt;&lt;td&gt;Latitude: -18.394141 &lt;/td&gt;&lt;/tr&gt;
&lt;tr&gt;&lt;td&gt;Heading: 32.9 &lt;/td&gt;&lt;/tr&gt;
&lt;/table&gt;</desc>
    <sym>Flag, Blue</sym>
    <type>user</type>
  </wpt>
  <wpt lat="-18.393808985129" lon="32.77957602404058">
    <ele>1718.482421875</ele>
    <time>2026-10-02T12:58:39.000Z</time>
    <name>The Epic 2025 001-467</name>
    <cmt>&lt;table&gt;
&lt;tr&gt;&lt;td&gt;Longitude: 32.779576 &lt;/td&gt;&lt;/tr&gt;
&lt;tr&gt;&lt;td&gt;Latitude: -18.393809 &lt;/td&gt;&lt;/tr&gt;
&lt;tr&gt;&lt;td&gt;Heading: 35.3 &lt;/td&gt;&lt;/tr&gt;
&lt;/table&gt;</cmt>
    <desc>&lt;table&gt;
&lt;tr&gt;&lt;td&gt;Longitude: 32.779576 &lt;/td&gt;&lt;/tr&gt;
&lt;tr&gt;&lt;td&gt;Latitude: -18.393809 &lt;/td&gt;&lt;/tr&gt;
&lt;tr&gt;&lt;td&gt;Heading: 35.3 &lt;/td&gt;&lt;/tr&gt;
&lt;/table&gt;</desc>
    <sym>Flag, Blue</sym>
    <type>user</type>
  </wpt>
  <wpt lat="-18.393407994881272" lon="32.77962103486061">
    <ele>1718.6908192699702</ele>
    <time>2026-10-02T12:58:39.000Z</time>
    <name>The Epic 2025 001-468</name>
    <cmt>&lt;table&gt;
&lt;tr&gt;&lt;td&gt;Longitude: 32.779621 &lt;/td&gt;&lt;/tr&gt;
&lt;tr&gt;&lt;td&gt;Latitude: -18.393408 &lt;/td&gt;&lt;/tr&gt;
&lt;tr&gt;&lt;td&gt;Heading: 6.1 &lt;/td&gt;&lt;/tr&gt;
&lt;/table&gt;</cmt>
    <desc>&lt;table&gt;
&lt;tr&gt;&lt;td&gt;Longitude: 32.779621 &lt;/td&gt;&lt;/tr&gt;
&lt;tr&gt;&lt;td&gt;Latitude: -18.393408 &lt;/td&gt;&lt;/tr&gt;
&lt;tr&gt;&lt;td&gt;Heading: 6.1 &lt;/td&gt;&lt;/tr&gt;
&lt;/table&gt;</desc>
    <sym>Flag, Blue</sym>
    <type>user</type>
  </wpt>
  <wpt lat="-18.39316802099347" lon="32.77992798015475">
    <ele>1727.1035446482977</ele>
    <time>2026-10-02T12:58:39.000Z</time>
    <name>The Epic 2025 001-469</name>
    <cmt>&lt;table&gt;
&lt;tr&gt;&lt;td&gt;Longitude: 32.779928 &lt;/td&gt;&lt;/tr&gt;
&lt;tr&gt;&lt;td&gt;Latitude: -18.393168 &lt;/td&gt;&lt;/tr&gt;
&lt;tr&gt;&lt;td&gt;Heading: 50.5 &lt;/td&gt;&lt;/tr&gt;
&lt;/table&gt;</cmt>
    <desc>&lt;table&gt;
&lt;tr&gt;&lt;td&gt;Longitude: 32.779928 &lt;/td&gt;&lt;/tr&gt;
&lt;tr&gt;&lt;td&gt;Latitude: -18.393168 &lt;/td&gt;&lt;/tr&gt;
&lt;tr&gt;&lt;td&gt;Heading: 50.5 &lt;/td&gt;&lt;/tr&gt;
&lt;/table&gt;</desc>
    <sym>Flag, Blue</sym>
    <type>user</type>
  </wpt>
  <wpt lat="-18.45128201879561" lon="32.808529967442155">
    <ele>1842.6377128670165</ele>
    <time>2026-10-02T12:58:39.000Z</time>
    <name>The Epic 2025 001-47</name>
    <cmt>&lt;table&gt;
&lt;tr&gt;&lt;td&gt;Longitude: 32.808530 &lt;/td&gt;&lt;/tr&gt;
&lt;tr&gt;&lt;td&gt;Latitude: -18.451282 &lt;/td&gt;&lt;/tr&gt;
&lt;tr&gt;&lt;td&gt;Heading: 29.2 &lt;/td&gt;&lt;/tr&gt;
&lt;/table&gt;</cmt>
    <desc>&lt;table&gt;
&lt;tr&gt;&lt;td&gt;Longitude: 32.808530 &lt;/td&gt;&lt;/tr&gt;
&lt;tr&gt;&lt;td&gt;Latitude: -18.451282 &lt;/td&gt;&lt;/tr&gt;
&lt;tr&gt;&lt;td&gt;Heading: 29.2 &lt;/td&gt;&lt;/tr&gt;
&lt;/table&gt;</desc>
    <sym>Flag, Blue</sym>
    <type>user</type>
  </wpt>
  <wpt lat="-18.392921006307006" lon="32.779805017635226">
    <ele>1718.0848289976511</ele>
    <time>2026-10-02T12:58:39.000Z</time>
    <name>The Epic 2025 001-470</name>
    <cmt>&lt;table&gt;
&lt;tr&gt;&lt;td&gt;Longitude: 32.779805 &lt;/td&gt;&lt;/tr&gt;
&lt;tr&gt;&lt;td&gt;Latitude: -18.392921 &lt;/td&gt;&lt;/tr&gt;
&lt;tr&gt;&lt;td&gt;Heading: 334.8 &lt;/td&gt;&lt;/tr&gt;
&lt;/table&gt;</cmt>
    <desc>&lt;table&gt;
&lt;tr&gt;&lt;td&gt;Longitude: 32.779805 &lt;/td&gt;&lt;/tr&gt;
&lt;tr&gt;&lt;td&gt;Latitude: -18.392921 &lt;/td&gt;&lt;/tr&gt;
&lt;tr&gt;&lt;td&gt;Heading: 334.8 &lt;/td&gt;&lt;/tr&gt;
&lt;/table&gt;</desc>
    <sym>Flag, Blue</sym>
    <type>user</type>
  </wpt>
  <wpt lat="-18.392188008874655" lon="32.77992303483188">
    <ele>1716.4338659680118</ele>
    <time>2026-10-02T12:58:39.000Z</time>
    <name>The Epic 2025 001-471</name>
    <cmt>&lt;table&gt;
&lt;tr&gt;&lt;td&gt;Longitude: 32.779923 &lt;/td&gt;&lt;/tr&gt;
&lt;tr&gt;&lt;td&gt;Latitude: -18.392188 &lt;/td&gt;&lt;/tr&gt;
&lt;tr&gt;&lt;td&gt;Heading: 8.6 &lt;/td&gt;&lt;/tr&gt;
&lt;/table&gt;</cmt>
    <desc>&lt;table&gt;
&lt;tr&gt;&lt;td&gt;Longitude: 32.779923 &lt;/td&gt;&lt;/tr&gt;
&lt;tr&gt;&lt;td&gt;Latitude: -18.392188 &lt;/td&gt;&lt;/tr&gt;
&lt;tr&gt;&lt;td&gt;Heading: 8.6 &lt;/td&gt;&lt;/tr&gt;
&lt;/table&gt;</desc>
    <sym>Flag, Blue</sym>
    <type>user</type>
  </wpt>
  <wpt lat="-18.391590965911746" lon="32.779908031225204">
    <ele>1715.9919213631656</ele>
    <time>2026-10-02T12:58:39.000Z</time>
    <name>The Epic 2025 001-472</name>
    <cmt>&lt;table&gt;
&lt;tr&gt;&lt;td&gt;Longitude: 32.779908 &lt;/td&gt;&lt;/tr&gt;
&lt;tr&gt;&lt;td&gt;Latitude: -18.391591 &lt;/td&gt;&lt;/tr&gt;
&lt;tr&gt;&lt;td&gt;Heading: 358.6 &lt;/td&gt;&lt;/tr&gt;
&lt;/table&gt;</cmt>
    <desc>&lt;table&gt;
&lt;tr&gt;&lt;td&gt;Longitude: 32.779908 &lt;/td&gt;&lt;/tr&gt;
&lt;tr&gt;&lt;td&gt;Latitude: -18.391591 &lt;/td&gt;&lt;/tr&gt;
&lt;tr&gt;&lt;td&gt;Heading: 358.6 &lt;/td&gt;&lt;/tr&gt;
&lt;/table&gt;</desc>
    <sym>Flag, Blue</sym>
    <type>user</type>
  </wpt>
  <wpt lat="-18.3912290353328" lon="32.77987802401185">
    <ele>1718.627793830023</ele>
    <time>2026-10-02T12:58:39.000Z</time>
    <name>The Epic 2025 001-473</name>
    <cmt>&lt;table&gt;
&lt;tr&gt;&lt;td&gt;Longitude: 32.779878 &lt;/td&gt;&lt;/tr&gt;
&lt;tr&gt;&lt;td&gt;Latitude: -18.391229 &lt;/td&gt;&lt;/tr&gt;
&lt;tr&gt;&lt;td&gt;Heading: 355.5 &lt;/td&gt;&lt;/tr&gt;
&lt;/table&gt;</cmt>
    <desc>&lt;table&gt;
&lt;tr&gt;&lt;td&gt;Longitude: 32.779878 &lt;/td&gt;&lt;/tr&gt;
&lt;tr&gt;&lt;td&gt;Latitude: -18.391229 &lt;/td&gt;&lt;/tr&gt;
&lt;tr&gt;&lt;td&gt;Heading: 355.5 &lt;/td&gt;&lt;/tr&gt;
&lt;/table&gt;</desc>
    <sym>Flag, Blue</sym>
    <type>user</type>
  </wpt>
  <wpt lat="-18.390703992918134" lon="32.77983997017145">
    <ele>1720.600727192708</ele>
    <time>2026-10-02T12:58:39.000Z</time>
    <name>The Epic 2025 001-474</name>
    <cmt>&lt;table&gt;
&lt;tr&gt;&lt;td&gt;Longitude: 32.779840 &lt;/td&gt;&lt;/tr&gt;
&lt;tr&gt;&lt;td&gt;Latitude: -18.390704 &lt;/td&gt;&lt;/tr&gt;
&lt;tr&gt;&lt;td&gt;Heading: 356.2 &lt;/td&gt;&lt;/tr&gt;
&lt;/table&gt;</cmt>
    <desc>&lt;table&gt;
&lt;tr&gt;&lt;td&gt;Longitude: 32.779840 &lt;/td&gt;&lt;/tr&gt;
&lt;tr&gt;&lt;td&gt;Latitude: -18.390704 &lt;/td&gt;&lt;/tr&gt;
&lt;tr&gt;&lt;td&gt;Heading: 356.2 &lt;/td&gt;&lt;/tr&gt;
&lt;/table&gt;</desc>
    <sym>Flag, Blue</sym>
    <type>user</type>
  </wpt>
  <wpt lat="-18.38998801074922" lon="32.77988104149699">
    <ele>1721.0277172385452</ele>
    <time>2026-10-02T12:58:39.000Z</time>
    <name>The Epic 2025 001-475</name>
    <cmt>&lt;table&gt;
&lt;tr&gt;&lt;td&gt;Longitude: 32.779881 &lt;/td&gt;&lt;/tr&gt;
&lt;tr&gt;&lt;td&gt;Latitude: -18.389988 &lt;/td&gt;&lt;/tr&gt;
&lt;tr&gt;&lt;td&gt;Heading: 3.1 &lt;/td&gt;&lt;/tr&gt;
&lt;/table&gt;</cmt>
    <desc>&lt;table&gt;
&lt;tr&gt;&lt;td&gt;Longitude: 32.779881 &lt;/td&gt;&lt;/tr&gt;
&lt;tr&gt;&lt;td&gt;Latitude: -18.389988 &lt;/td&gt;&lt;/tr&gt;
&lt;tr&gt;&lt;td&gt;Heading: 3.1 &lt;/td&gt;&lt;/tr&gt;
&lt;/table&gt;</desc>
    <sym>Flag, Blue</sym>
    <type>user</type>
  </wpt>
  <wpt lat="-18.389504961669445" lon="32.779889004305005">
    <ele>1722.3101483203877</ele>
    <time>2026-10-02T12:58:39.000Z</time>
    <name>The Epic 2025 001-476</name>
    <cmt>&lt;table&gt;
&lt;tr&gt;&lt;td&gt;Longitude: 32.779889 &lt;/td&gt;&lt;/tr&gt;
&lt;tr&gt;&lt;td&gt;Latitude: -18.389505 &lt;/td&gt;&lt;/tr&gt;
&lt;tr&gt;&lt;td&gt;Heading: 0.9 &lt;/td&gt;&lt;/tr&gt;
&lt;/table&gt;</cmt>
    <desc>&lt;table&gt;
&lt;tr&gt;&lt;td&gt;Longitude: 32.779889 &lt;/td&gt;&lt;/tr&gt;
&lt;tr&gt;&lt;td&gt;Latitude: -18.389505 &lt;/td&gt;&lt;/tr&gt;
&lt;tr&gt;&lt;td&gt;Heading: 0.9 &lt;/td&gt;&lt;/tr&gt;
&lt;/table&gt;</desc>
    <sym>Flag, Blue</sym>
    <type>user</type>
  </wpt>
  <wpt lat="-18.3885230217129" lon="32.77985204011202">
    <ele>1718.628189465829</ele>
    <time>2026-10-02T12:58:39.000Z</time>
    <name>The Epic 2025 001-477</name>
    <cmt>&lt;table&gt;
&lt;tr&gt;&lt;td&gt;Longitude: 32.779852 &lt;/td&gt;&lt;/tr&gt;
&lt;tr&gt;&lt;td&gt;Latitude: -18.388523 &lt;/td&gt;&lt;/tr&gt;
&lt;tr&gt;&lt;td&gt;Heading: 358.0 &lt;/td&gt;&lt;/tr&gt;
&lt;/table&gt;</cmt>
    <desc>&lt;table&gt;
&lt;tr&gt;&lt;td&gt;Longitude: 32.779852 &lt;/td&gt;&lt;/tr&gt;
&lt;tr&gt;&lt;td&gt;Latitude: -18.388523 &lt;/td&gt;&lt;/tr&gt;
&lt;tr&gt;&lt;td&gt;Heading: 358.0 &lt;/td&gt;&lt;/tr&gt;
&lt;/table&gt;</desc>
    <sym>Flag, Blue</sym>
    <type>user</type>
  </wpt>
  <wpt lat="-18.388018012046814" lon="32.780106011778116">
    <ele>1717.8119716996414</ele>
    <time>2026-10-02T12:58:39.000Z</time>
    <name>The Epic 2025 001-478</name>
    <cmt>&lt;table&gt;
&lt;tr&gt;&lt;td&gt;Longitude: 32.780106 &lt;/td&gt;&lt;/tr&gt;
&lt;tr&gt;&lt;td&gt;Latitude: -18.388018 &lt;/td&gt;&lt;/tr&gt;
&lt;tr&gt;&lt;td&gt;Heading: 25.5 &lt;/td&gt;&lt;/tr&gt;
&lt;/table&gt;</cmt>
    <desc>&lt;table&gt;
&lt;tr&gt;&lt;td&gt;Longitude: 32.780106 &lt;/td&gt;&lt;/tr&gt;
&lt;tr&gt;&lt;td&gt;Latitude: -18.388018 &lt;/td&gt;&lt;/tr&gt;
&lt;tr&gt;&lt;td&gt;Heading: 25.5 &lt;/td&gt;&lt;/tr&gt;
&lt;/table&gt;</desc>
    <sym>Flag, Blue</sym>
    <type>user</type>
  </wpt>
  <wpt lat="-18.38768701069057" lon="32.78007499873638">
    <ele>1716.587398414009</ele>
    <time>2026-10-02T12:58:39.000Z</time>
    <name>The Epic 2025 001-479</name>
    <cmt>&lt;table&gt;
&lt;tr&gt;&lt;td&gt;Longitude: 32.780075 &lt;/td&gt;&lt;/tr&gt;
&lt;tr&gt;&lt;td&gt;Latitude: -18.387687 &lt;/td&gt;&lt;/tr&gt;
&lt;tr&gt;&lt;td&gt;Heading: 354.9 &lt;/td&gt;&lt;/tr&gt;
&lt;/table&gt;</cmt>
    <desc>&lt;table&gt;
&lt;tr&gt;&lt;td&gt;Longitude: 32.780075 &lt;/td&gt;&lt;/tr&gt;
&lt;tr&gt;&lt;td&gt;Latitude: -18.387687 &lt;/td&gt;&lt;/tr&gt;
&lt;tr&gt;&lt;td&gt;Heading: 354.9 &lt;/td&gt;&lt;/tr&gt;
&lt;/table&gt;</desc>
    <sym>Flag, Blue</sym>
    <type>user</type>
  </wpt>
  <wpt lat="-18.45083501189947" lon="32.80864102765918">
    <ele>1831.9261256197778</ele>
    <time>2026-10-02T12:58:39.000Z</time>
    <name>The Epic 2025 001-48</name>
    <cmt>&lt;table&gt;
&lt;tr&gt;&lt;td&gt;Longitude: 32.808641 &lt;/td&gt;&lt;/tr&gt;
&lt;tr&gt;&lt;td&gt;Latitude: -18.450835 &lt;/td&gt;&lt;/tr&gt;
&lt;tr&gt;&lt;td&gt;Heading: 13.2 &lt;/td&gt;&lt;/tr&gt;
&lt;/table&gt;</cmt>
    <desc>&lt;table&gt;
&lt;tr&gt;&lt;td&gt;Longitude: 32.808641 &lt;/td&gt;&lt;/tr&gt;
&lt;tr&gt;&lt;td&gt;Latitude: -18.450835 &lt;/td&gt;&lt;/tr&gt;
&lt;tr&gt;&lt;td&gt;Heading: 13.2 &lt;/td&gt;&lt;/tr&gt;
&lt;/table&gt;</desc>
    <sym>Flag, Blue</sym>
    <type>user</type>
  </wpt>
  <wpt lat="-18.3874539937824" lon="32.78022000566125">
    <ele>1717.0353515733882</ele>
    <time>2026-10-02T12:58:39.000Z</time>
    <name>The Epic 2025 001-480</name>
    <cmt>&lt;table&gt;
&lt;tr&gt;&lt;td&gt;Longitude: 32.780220 &lt;/td&gt;&lt;/tr&gt;
&lt;tr&gt;&lt;td&gt;Latitude: -18.387454 &lt;/td&gt;&lt;/tr&gt;
&lt;tr&gt;&lt;td&gt;Heading: 30.6 &lt;/td&gt;&lt;/tr&gt;
&lt;/table&gt;</cmt>
    <desc>&lt;table&gt;
&lt;tr&gt;&lt;td&gt;Longitude: 32.780220 &lt;/td&gt;&lt;/tr&gt;
&lt;tr&gt;&lt;td&gt;Latitude: -18.387454 &lt;/td&gt;&lt;/tr&gt;
&lt;tr&gt;&lt;td&gt;Heading: 30.6 &lt;/td&gt;&lt;/tr&gt;
&lt;/table&gt;</desc>
    <sym>Flag, Blue</sym>
    <type>user</type>
  </wpt>
  <wpt lat="-18.387377969920635" lon="32.7804210036993">
    <ele>1716.831423173925</ele>
    <time>2026-10-02T12:58:39.000Z</time>
    <name>The Epic 2025 001-481</name>
    <cmt>&lt;table&gt;
&lt;tr&gt;&lt;td&gt;Longitude: 32.780421 &lt;/td&gt;&lt;/tr&gt;
&lt;tr&gt;&lt;td&gt;Latitude: -18.387378 &lt;/td&gt;&lt;/tr&gt;
&lt;tr&gt;&lt;td&gt;Heading: 68.3 &lt;/td&gt;&lt;/tr&gt;
&lt;/table&gt;</cmt>
    <desc>&lt;table&gt;
&lt;tr&gt;&lt;td&gt;Longitude: 32.780421 &lt;/td&gt;&lt;/tr&gt;
&lt;tr&gt;&lt;td&gt;Latitude: -18.387378 &lt;/td&gt;&lt;/tr&gt;
&lt;tr&gt;&lt;td&gt;Heading: 68.3 &lt;/td&gt;&lt;/tr&gt;
&lt;/table&gt;</desc>
    <sym>Flag, Blue</sym>
    <type>user</type>
  </wpt>
  <wpt lat="-18.38709097355604" lon="32.78080296702683">
    <ele>1717.2166579984832</ele>
    <time>2026-10-02T12:58:39.000Z</time>
    <name>The Epic 2025 001-482</name>
    <cmt>&lt;table&gt;
&lt;tr&gt;&lt;td&gt;Longitude: 32.780803 &lt;/td&gt;&lt;/tr&gt;
&lt;tr&gt;&lt;td&gt;Latitude: -18.387091 &lt;/td&gt;&lt;/tr&gt;
&lt;tr&gt;&lt;td&gt;Heading: 51.6 &lt;/td&gt;&lt;/tr&gt;
&lt;/table&gt;</cmt>
    <desc>&lt;table&gt;
&lt;tr&gt;&lt;td&gt;Longitude: 32.780803 &lt;/td&gt;&lt;/tr&gt;
&lt;tr&gt;&lt;td&gt;Latitude: -18.387091 &lt;/td&gt;&lt;/tr&gt;
&lt;tr&gt;&lt;td&gt;Heading: 51.6 &lt;/td&gt;&lt;/tr&gt;
&lt;/table&gt;</desc>
    <sym>Flag, Blue</sym>
    <type>user</type>
  </wpt>
  <wpt lat="-18.38704504072666" lon="32.78112097643316">
    <ele>1718.2271025773073</ele>
    <time>2026-10-02T12:58:39.000Z</time>
    <name>The Epic 2025 001-483</name>
    <cmt>&lt;table&gt;
&lt;tr&gt;&lt;td&gt;Longitude: 32.781121 &lt;/td&gt;&lt;/tr&gt;
&lt;tr&gt;&lt;td&gt;Latitude: -18.387045 &lt;/td&gt;&lt;/tr&gt;
&lt;tr&gt;&lt;td&gt;Heading: 81.4 &lt;/td&gt;&lt;/tr&gt;
&lt;/table&gt;</cmt>
    <desc>&lt;table&gt;
&lt;tr&gt;&lt;td&gt;Longitude: 32.781121 &lt;/td&gt;&lt;/tr&gt;
&lt;tr&gt;&lt;td&gt;Latitude: -18.387045 &lt;/td&gt;&lt;/tr&gt;
&lt;tr&gt;&lt;td&gt;Heading: 81.4 &lt;/td&gt;&lt;/tr&gt;
&lt;/table&gt;</desc>
    <sym>Flag, Blue</sym>
    <type>user</type>
  </wpt>
  <wpt lat="-18.38691595941782" lon="32.78129599057138">
    <ele>1718.6542880655888</ele>
    <time>2026-10-02T12:58:39.000Z</time>
    <name>The Epic 2025 001-484</name>
    <cmt>&lt;table&gt;
&lt;tr&gt;&lt;td&gt;Longitude: 32.781296 &lt;/td&gt;&lt;/tr&gt;
&lt;tr&gt;&lt;td&gt;Latitude: -18.386916 &lt;/td&gt;&lt;/tr&gt;
&lt;tr&gt;&lt;td&gt;Heading: 52.2 &lt;/td&gt;&lt;/tr&gt;
&lt;/table&gt;</cmt>
    <desc>&lt;table&gt;
&lt;tr&gt;&lt;td&gt;Longitude: 32.781296 &lt;/td&gt;&lt;/tr&gt;
&lt;tr&gt;&lt;td&gt;Latitude: -18.386916 &lt;/td&gt;&lt;/tr&gt;
&lt;tr&gt;&lt;td&gt;Heading: 52.2 &lt;/td&gt;&lt;/tr&gt;
&lt;/table&gt;</desc>
    <sym>Flag, Blue</sym>
    <type>user</type>
  </wpt>
  <wpt lat="-18.38678997941315" lon="32.781949024647474">
    <ele>1721.6021781885681</ele>
    <time>2026-10-02T12:58:39.000Z</time>
    <name>The Epic 2025 001-485</name>
    <cmt>&lt;table&gt;
&lt;tr&gt;&lt;td&gt;Longitude: 32.781949 &lt;/td&gt;&lt;/tr&gt;
&lt;tr&gt;&lt;td&gt;Latitude: -18.386790 &lt;/td&gt;&lt;/tr&gt;
&lt;tr&gt;&lt;td&gt;Heading: 78.5 &lt;/td&gt;&lt;/tr&gt;
&lt;/table&gt;</cmt>
    <desc>&lt;table&gt;
&lt;tr&gt;&lt;td&gt;Longitude: 32.781949 &lt;/td&gt;&lt;/tr&gt;
&lt;tr&gt;&lt;td&gt;Latitude: -18.386790 &lt;/td&gt;&lt;/tr&gt;
&lt;tr&gt;&lt;td&gt;Heading: 78.5 &lt;/td&gt;&lt;/tr&gt;
&lt;/table&gt;</desc>
    <sym>Flag, Blue</sym>
    <type>user</type>
  </wpt>
  <wpt lat="-18.38672401383519" lon="32.78246199712157">
    <ele>1727.4971958870021</ele>
    <time>2026-10-02T12:58:39.000Z</time>
    <name>The Epic 2025 001-486</name>
    <cmt>&lt;table&gt;
&lt;tr&gt;&lt;td&gt;Longitude: 32.782462 &lt;/td&gt;&lt;/tr&gt;
&lt;tr&gt;&lt;td&gt;Latitude: -18.386724 &lt;/td&gt;&lt;/tr&gt;
&lt;tr&gt;&lt;td&gt;Heading: 82.2 &lt;/td&gt;&lt;/tr&gt;
&lt;/table&gt;</cmt>
    <desc>&lt;table&gt;
&lt;tr&gt;&lt;td&gt;Longitude: 32.782462 &lt;/td&gt;&lt;/tr&gt;
&lt;tr&gt;&lt;td&gt;Latitude: -18.386724 &lt;/td&gt;&lt;/tr&gt;
&lt;tr&gt;&lt;td&gt;Heading: 82.2 &lt;/td&gt;&lt;/tr&gt;
&lt;/table&gt;</desc>
    <sym>Flag, Blue</sym>
    <type>user</type>
  </wpt>
  <wpt lat="-18.386453026905656" lon="32.78285603038967">
    <ele>1724.8278851657633</ele>
    <time>2026-10-02T12:58:39.000Z</time>
    <name>The Epic 2025 001-487</name>
    <cmt>&lt;table&gt;
&lt;tr&gt;&lt;td&gt;Longitude: 32.782856 &lt;/td&gt;&lt;/tr&gt;
&lt;tr&gt;&lt;td&gt;Latitude: -18.386453 &lt;/td&gt;&lt;/tr&gt;
&lt;tr&gt;&lt;td&gt;Heading: 54.1 &lt;/td&gt;&lt;/tr&gt;
&lt;/table&gt;</cmt>
    <desc>&lt;table&gt;
&lt;tr&gt;&lt;td&gt;Longitude: 32.782856 &lt;/td&gt;&lt;/tr&gt;
&lt;tr&gt;&lt;td&gt;Latitude: -18.386453 &lt;/td&gt;&lt;/tr&gt;
&lt;tr&gt;&lt;td&gt;Heading: 54.1 &lt;/td&gt;&lt;/tr&gt;
&lt;/table&gt;</desc>
    <sym>Flag, Blue</sym>
    <type>user</type>
  </wpt>
  <wpt lat="-18.38603502139449" lon="32.783519960939884">
    <ele>1723.2354582374767</ele>
    <time>2026-10-02T12:58:39.000Z</time>
    <name>The Epic 2025 001-488</name>
    <cmt>&lt;table&gt;
&lt;tr&gt;&lt;td&gt;Longitude: 32.783520 &lt;/td&gt;&lt;/tr&gt;
&lt;tr&gt;&lt;td&gt;Latitude: -18.386035 &lt;/td&gt;&lt;/tr&gt;
&lt;tr&gt;&lt;td&gt;Heading: 56.5 &lt;/td&gt;&lt;/tr&gt;
&lt;/table&gt;</cmt>
    <desc>&lt;table&gt;
&lt;tr&gt;&lt;td&gt;Longitude: 32.783520 &lt;/td&gt;&lt;/tr&gt;
&lt;tr&gt;&lt;td&gt;Latitude: -18.386035 &lt;/td&gt;&lt;/tr&gt;
&lt;tr&gt;&lt;td&gt;Heading: 56.5 &lt;/td&gt;&lt;/tr&gt;
&lt;/table&gt;</desc>
    <sym>Flag, Blue</sym>
    <type>user</type>
  </wpt>
  <wpt lat="-18.385588014498353" lon="32.784208031371236">
    <ele>1721.3078063665803</ele>
    <time>2026-10-02T12:58:39.000Z</time>
    <name>The Epic 2025 001-489</name>
    <cmt>&lt;table&gt;
&lt;tr&gt;&lt;td&gt;Longitude: 32.784208 &lt;/td&gt;&lt;/tr&gt;
&lt;tr&gt;&lt;td&gt;Latitude: -18.385588 &lt;/td&gt;&lt;/tr&gt;
&lt;tr&gt;&lt;td&gt;Heading: 55.6 &lt;/td&gt;&lt;/tr&gt;
&lt;/table&gt;</cmt>
    <desc>&lt;table&gt;
&lt;tr&gt;&lt;td&gt;Longitude: 32.784208 &lt;/td&gt;&lt;/tr&gt;
&lt;tr&gt;&lt;td&gt;Latitude: -18.385588 &lt;/td&gt;&lt;/tr&gt;
&lt;tr&gt;&lt;td&gt;Heading: 55.6 &lt;/td&gt;&lt;/tr&gt;
&lt;/table&gt;</desc>
    <sym>Flag, Blue</sym>
    <type>user</type>
  </wpt>
  <wpt lat="-18.450626973062754" lon="32.80898300930858">
    <ele>1815.992055113341</ele>
    <time>2026-10-02T12:58:39.000Z</time>
    <name>The Epic 2025 001-49</name>
    <cmt>&lt;table&gt;
&lt;tr&gt;&lt;td&gt;Longitude: 32.808983 &lt;/td&gt;&lt;/tr&gt;
&lt;tr&gt;&lt;td&gt;Latitude: -18.450627 &lt;/td&gt;&lt;/tr&gt;
&lt;tr&gt;&lt;td&gt;Heading: 57.4 &lt;/td&gt;&lt;/tr&gt;
&lt;/table&gt;</cmt>
    <desc>&lt;table&gt;
&lt;tr&gt;&lt;td&gt;Longitude: 32.808983 &lt;/td&gt;&lt;/tr&gt;
&lt;tr&gt;&lt;td&gt;Latitude: -18.450627 &lt;/td&gt;&lt;/tr&gt;
&lt;tr&gt;&lt;td&gt;Heading: 57.4 &lt;/td&gt;&lt;/tr&gt;
&lt;/table&gt;</desc>
    <sym>Flag, Blue</sym>
    <type>user</type>
  </wpt>
  <wpt lat="-18.38517202064395" lon="32.78456099331379">
    <ele>1722.0719110943119</ele>
    <time>2026-10-02T12:58:39.000Z</time>
    <name>The Epic 2025 001-490</name>
    <cmt>&lt;table&gt;
&lt;tr&gt;&lt;td&gt;Longitude: 32.784561 &lt;/td&gt;&lt;/tr&gt;
&lt;tr&gt;&lt;td&gt;Latitude: -18.385172 &lt;/td&gt;&lt;/tr&gt;
&lt;tr&gt;&lt;td&gt;Heading: 38.9 &lt;/td&gt;&lt;/tr&gt;
&lt;/table&gt;</cmt>
    <desc>&lt;table&gt;
&lt;tr&gt;&lt;td&gt;Longitude: 32.784561 &lt;/td&gt;&lt;/tr&gt;
&lt;tr&gt;&lt;td&gt;Latitude: -18.385172 &lt;/td&gt;&lt;/tr&gt;
&lt;tr&gt;&lt;td&gt;Heading: 38.9 &lt;/td&gt;&lt;/tr&gt;
&lt;/table&gt;</desc>
    <sym>Flag, Blue</sym>
    <type>user</type>
  </wpt>
  <wpt lat="-18.38491402566433" lon="32.78481597080827">
    <ele>1721.9946659471448</ele>
    <time>2026-10-02T12:58:39.000Z</time>
    <name>The Epic 2025 001-491</name>
    <cmt>&lt;table&gt;
&lt;tr&gt;&lt;td&gt;Longitude: 32.784816 &lt;/td&gt;&lt;/tr&gt;
&lt;tr&gt;&lt;td&gt;Latitude: -18.384914 &lt;/td&gt;&lt;/tr&gt;
&lt;tr&gt;&lt;td&gt;Heading: 43.0 &lt;/td&gt;&lt;/tr&gt;
&lt;/table&gt;</cmt>
    <desc>&lt;table&gt;
&lt;tr&gt;&lt;td&gt;Longitude: 32.784816 &lt;/td&gt;&lt;/tr&gt;
&lt;tr&gt;&lt;td&gt;Latitude: -18.384914 &lt;/td&gt;&lt;/tr&gt;
&lt;tr&gt;&lt;td&gt;Heading: 43.0 &lt;/td&gt;&lt;/tr&gt;
&lt;/table&gt;</desc>
    <sym>Flag, Blue</sym>
    <type>user</type>
  </wpt>
  <wpt lat="-18.384902961552143" lon="32.785134986042976">
    <ele>1726.8734925692606</ele>
    <time>2026-10-02T12:58:39.000Z</time>
    <name>The Epic 2025 001-492</name>
    <cmt>&lt;table&gt;
&lt;tr&gt;&lt;td&gt;Longitude: 32.785135 &lt;/td&gt;&lt;/tr&gt;
&lt;tr&gt;&lt;td&gt;Latitude: -18.384903 &lt;/td&gt;&lt;/tr&gt;
&lt;tr&gt;&lt;td&gt;Heading: 88.1 &lt;/td&gt;&lt;/tr&gt;
&lt;/table&gt;</cmt>
    <desc>&lt;table&gt;
&lt;tr&gt;&lt;td&gt;Longitude: 32.785135 &lt;/td&gt;&lt;/tr&gt;
&lt;tr&gt;&lt;td&gt;Latitude: -18.384903 &lt;/td&gt;&lt;/tr&gt;
&lt;tr&gt;&lt;td&gt;Heading: 88.1 &lt;/td&gt;&lt;/tr&gt;
&lt;/table&gt;</desc>
    <sym>Flag, Blue</sym>
    <type>user</type>
  </wpt>
  <wpt lat="-18.384707998484373" lon="32.78540203347802">
    <ele>1730.6754479338415</ele>
    <time>2026-10-02T12:58:39.000Z</time>
    <name>The Epic 2025 001-493</name>
    <cmt>&lt;table&gt;
&lt;tr&gt;&lt;td&gt;Longitude: 32.785402 &lt;/td&gt;&lt;/tr&gt;
&lt;tr&gt;&lt;td&gt;Latitude: -18.384708 &lt;/td&gt;&lt;/tr&gt;
&lt;tr&gt;&lt;td&gt;Heading: 52.4 &lt;/td&gt;&lt;/tr&gt;
&lt;/table&gt;</cmt>
    <desc>&lt;table&gt;
&lt;tr&gt;&lt;td&gt;Longitude: 32.785402 &lt;/td&gt;&lt;/tr&gt;
&lt;tr&gt;&lt;td&gt;Latitude: -18.384708 &lt;/td&gt;&lt;/tr&gt;
&lt;tr&gt;&lt;td&gt;Heading: 52.4 &lt;/td&gt;&lt;/tr&gt;
&lt;/table&gt;</desc>
    <sym>Flag, Blue</sym>
    <type>user</type>
  </wpt>
  <wpt lat="-18.384264009073377" lon="32.78556698933244">
    <ele>1728.0892583003733</ele>
    <time>2026-10-02T12:58:39.000Z</time>
    <name>The Epic 2025 001-494</name>
    <cmt>&lt;table&gt;
&lt;tr&gt;&lt;td&gt;Longitude: 32.785567 &lt;/td&gt;&lt;/tr&gt;
&lt;tr&gt;&lt;td&gt;Latitude: -18.384264 &lt;/td&gt;&lt;/tr&gt;
&lt;tr&gt;&lt;td&gt;Heading: 19.4 &lt;/td&gt;&lt;/tr&gt;
&lt;/table&gt;</cmt>
    <desc>&lt;table&gt;
&lt;tr&gt;&lt;td&gt;Longitude: 32.785567 &lt;/td&gt;&lt;/tr&gt;
&lt;tr&gt;&lt;td&gt;Latitude: -18.384264 &lt;/td&gt;&lt;/tr&gt;
&lt;tr&gt;&lt;td&gt;Heading: 19.4 &lt;/td&gt;&lt;/tr&gt;
&lt;/table&gt;</desc>
    <sym>Flag, Blue</sym>
    <type>user</type>
  </wpt>
  <wpt lat="-18.38425101712346" lon="32.7857590187341">
    <ele>1734.0127634124688</ele>
    <time>2026-10-02T12:58:39.000Z</time>
    <name>The Epic 2025 001-495</name>
    <cmt>&lt;table&gt;
&lt;tr&gt;&lt;td&gt;Longitude: 32.785759 &lt;/td&gt;&lt;/tr&gt;
&lt;tr&gt;&lt;td&gt;Latitude: -18.384251 &lt;/td&gt;&lt;/tr&gt;
&lt;tr&gt;&lt;td&gt;Heading: 85.9 &lt;/td&gt;&lt;/tr&gt;
&lt;/table&gt;</cmt>
    <desc>&lt;table&gt;
&lt;tr&gt;&lt;td&gt;Longitude: 32.785759 &lt;/td&gt;&lt;/tr&gt;
&lt;tr&gt;&lt;td&gt;Latitude: -18.384251 &lt;/td&gt;&lt;/tr&gt;
&lt;tr&gt;&lt;td&gt;Heading: 85.9 &lt;/td&gt;&lt;/tr&gt;
&lt;/table&gt;</desc>
    <sym>Flag, Blue</sym>
    <type>user</type>
  </wpt>
  <wpt lat="-18.384021017700434" lon="32.785945013165474">
    <ele>1738.903752996819</ele>
    <time>2026-10-02T12:58:39.000Z</time>
    <name>The Epic 2025 001-496</name>
    <cmt>&lt;table&gt;
&lt;tr&gt;&lt;td&gt;Longitude: 32.785945 &lt;/td&gt;&lt;/tr&gt;
&lt;tr&gt;&lt;td&gt;Latitude: -18.384021 &lt;/td&gt;&lt;/tr&gt;
&lt;tr&gt;&lt;td&gt;Heading: 37.5 &lt;/td&gt;&lt;/tr&gt;
&lt;/table&gt;</cmt>
    <desc>&lt;table&gt;
&lt;tr&gt;&lt;td&gt;Longitude: 32.785945 &lt;/td&gt;&lt;/tr&gt;
&lt;tr&gt;&lt;td&gt;Latitude: -18.384021 &lt;/td&gt;&lt;/tr&gt;
&lt;tr&gt;&lt;td&gt;Heading: 37.5 &lt;/td&gt;&lt;/tr&gt;
&lt;/table&gt;</desc>
    <sym>Flag, Blue</sym>
    <type>user</type>
  </wpt>
  <wpt lat="-18.38364500552416" lon="32.78605297207832">
    <ele>1737.9108290481745</ele>
    <time>2026-10-02T12:58:39.000Z</time>
    <name>The Epic 2025 001-497</name>
    <cmt>&lt;table&gt;
&lt;tr&gt;&lt;td&gt;Longitude: 32.786053 &lt;/td&gt;&lt;/tr&gt;
&lt;tr&gt;&lt;td&gt;Latitude: -18.383645 &lt;/td&gt;&lt;/tr&gt;
&lt;tr&gt;&lt;td&gt;Heading: 15.3 &lt;/td&gt;&lt;/tr&gt;
&lt;/table&gt;</cmt>
    <desc>&lt;table&gt;
&lt;tr&gt;&lt;td&gt;Longitude: 32.786053 &lt;/td&gt;&lt;/tr&gt;
&lt;tr&gt;&lt;td&gt;Latitude: -18.383645 &lt;/td&gt;&lt;/tr&gt;
&lt;tr&gt;&lt;td&gt;Heading: 15.3 &lt;/td&gt;&lt;/tr&gt;
&lt;/table&gt;</desc>
    <sym>Flag, Blue</sym>
    <type>user</type>
  </wpt>
  <wpt lat="-18.382817041128874" lon="32.78634298592806">
    <ele>1730.5195369658013</ele>
    <time>2026-10-02T12:58:39.000Z</time>
    <name>The Epic 2025 001-498</name>
    <cmt>&lt;table&gt;
&lt;tr&gt;&lt;td&gt;Longitude: 32.786343 &lt;/td&gt;&lt;/tr&gt;
&lt;tr&gt;&lt;td&gt;Latitude: -18.382817 &lt;/td&gt;&lt;/tr&gt;
&lt;tr&gt;&lt;td&gt;Heading: 18.4 &lt;/td&gt;&lt;/tr&gt;
&lt;/table&gt;</cmt>
    <desc>&lt;table&gt;
&lt;tr&gt;&lt;td&gt;Longitude: 32.786343 &lt;/td&gt;&lt;/tr&gt;
&lt;tr&gt;&lt;td&gt;Latitude: -18.382817 &lt;/td&gt;&lt;/tr&gt;
&lt;tr&gt;&lt;td&gt;Heading: 18.4 &lt;/td&gt;&lt;/tr&gt;
&lt;/table&gt;</desc>
    <sym>Flag, Blue</sym>
    <type>user</type>
  </wpt>
  <wpt lat="-18.382566003128886" lon="32.78647198341787">
    <ele>1731.7386444662827</ele>
    <time>2026-10-02T12:58:39.000Z</time>
    <name>The Epic 2025 001-499</name>
    <cmt>&lt;table&gt;
&lt;tr&gt;&lt;td&gt;Longitude: 32.786472 &lt;/td&gt;&lt;/tr&gt;
&lt;tr&gt;&lt;td&gt;Latitude: -18.382566 &lt;/td&gt;&lt;/tr&gt;
&lt;tr&gt;&lt;td&gt;Heading: 26.1 &lt;/td&gt;&lt;/tr&gt;
&lt;/table&gt;</cmt>
    <desc>&lt;table&gt;
&lt;tr&gt;&lt;td&gt;Longitude: 32.786472 &lt;/td&gt;&lt;/tr&gt;
&lt;tr&gt;&lt;td&gt;Latitude: -18.382566 &lt;/td&gt;&lt;/tr&gt;
&lt;tr&gt;&lt;td&gt;Heading: 26.1 &lt;/td&gt;&lt;/tr&gt;
&lt;/table&gt;</desc>
    <sym>Flag, Blue</sym>
    <type>user</type>
  </wpt>
  <wpt lat="-18.459610026329756" lon="32.80320703983307">
    <ele>1806.1826075023928</ele>
    <time>2026-10-02T12:58:39.000Z</time>
    <name>The Epic 2025 001-5</name>
    <cmt>&lt;table&gt;
&lt;tr&gt;&lt;td&gt;Longitude: 32.803207 &lt;/td&gt;&lt;/tr&gt;
&lt;tr&gt;&lt;td&gt;Latitude: -18.459610 &lt;/td&gt;&lt;/tr&gt;
&lt;tr&gt;&lt;td&gt;Heading: 40.5 &lt;/td&gt;&lt;/tr&gt;
&lt;/table&gt;</cmt>
    <desc>&lt;table&gt;
&lt;tr&gt;&lt;td&gt;Longitude: 32.803207 &lt;/td&gt;&lt;/tr&gt;
&lt;tr&gt;&lt;td&gt;Latitude: -18.459610 &lt;/td&gt;&lt;/tr&gt;
&lt;tr&gt;&lt;td&gt;Heading: 40.5 &lt;/td&gt;&lt;/tr&gt;
&lt;/table&gt;</desc>
    <sym>Flag, Blue</sym>
    <type>user</type>
  </wpt>
  <wpt lat="-18.45033503137529" lon="32.80946999788284">
    <ele>1789.9716672574268</ele>
    <time>2026-10-02T12:58:39.000Z</time>
    <name>The Epic 2025 001-50</name>
    <cmt>&lt;table&gt;
&lt;tr&gt;&lt;td&gt;Longitude: 32.809470 &lt;/td&gt;&lt;/tr&gt;
&lt;tr&gt;&lt;td&gt;Latitude: -18.450335 &lt;/td&gt;&lt;/tr&gt;
&lt;tr&gt;&lt;td&gt;Heading: 57.7 &lt;/td&gt;&lt;/tr&gt;
&lt;/table&gt;</cmt>
    <desc>&lt;table&gt;
&lt;tr&gt;&lt;td&gt;Longitude: 32.809470 &lt;/td&gt;&lt;/tr&gt;
&lt;tr&gt;&lt;td&gt;Latitude: -18.450335 &lt;/td&gt;&lt;/tr&gt;
&lt;tr&gt;&lt;td&gt;Heading: 57.7 &lt;/td&gt;&lt;/tr&gt;
&lt;/table&gt;</desc>
    <sym>Flag, Blue</sym>
    <type>user</type>
  </wpt>
  <wpt lat="-18.382348995655775" lon="32.78664004057646">
    <ele>1735.3455225591515</ele>
    <time>2026-10-02T12:58:39.000Z</time>
    <name>The Epic 2025 001-500</name>
    <cmt>&lt;table&gt;
&lt;tr&gt;&lt;td&gt;Longitude: 32.786640 &lt;/td&gt;&lt;/tr&gt;
&lt;tr&gt;&lt;td&gt;Latitude: -18.382349 &lt;/td&gt;&lt;/tr&gt;
&lt;tr&gt;&lt;td&gt;Heading: 36.2 &lt;/td&gt;&lt;/tr&gt;
&lt;/table&gt;</cmt>
    <desc>&lt;table&gt;
&lt;tr&gt;&lt;td&gt;Longitude: 32.786640 &lt;/td&gt;&lt;/tr&gt;
&lt;tr&gt;&lt;td&gt;Latitude: -18.382349 &lt;/td&gt;&lt;/tr&gt;
&lt;tr&gt;&lt;td&gt;Heading: 36.2 &lt;/td&gt;&lt;/tr&gt;
&lt;/table&gt;</desc>
    <sym>Flag, Blue</sym>
    <type>user</type>
  </wpt>
  <wpt lat="-18.38205697014928" lon="32.78693198226392">
    <ele>1739.370703702772</ele>
    <time>2026-10-02T12:58:39.000Z</time>
    <name>The Epic 2025 001-501</name>
    <cmt>&lt;table&gt;
&lt;tr&gt;&lt;td&gt;Longitude: 32.786932 &lt;/td&gt;&lt;/tr&gt;
&lt;tr&gt;&lt;td&gt;Latitude: -18.382057 &lt;/td&gt;&lt;/tr&gt;
&lt;tr&gt;&lt;td&gt;Heading: 43.5 &lt;/td&gt;&lt;/tr&gt;
&lt;/table&gt;</cmt>
    <desc>&lt;table&gt;
&lt;tr&gt;&lt;td&gt;Longitude: 32.786932 &lt;/td&gt;&lt;/tr&gt;
&lt;tr&gt;&lt;td&gt;Latitude: -18.382057 &lt;/td&gt;&lt;/tr&gt;
&lt;tr&gt;&lt;td&gt;Heading: 43.5 &lt;/td&gt;&lt;/tr&gt;
&lt;/table&gt;</desc>
    <sym>Flag, Blue</sym>
    <type>user</type>
  </wpt>
  <wpt lat="-18.38173602707684" lon="32.78714496642351">
    <ele>1735.9277530294773</ele>
    <time>2026-10-02T12:58:39.000Z</time>
    <name>The Epic 2025 001-502</name>
    <cmt>&lt;table&gt;
&lt;tr&gt;&lt;td&gt;Longitude: 32.787145 &lt;/td&gt;&lt;/tr&gt;
&lt;tr&gt;&lt;td&gt;Latitude: -18.381736 &lt;/td&gt;&lt;/tr&gt;
&lt;tr&gt;&lt;td&gt;Heading: 32.1 &lt;/td&gt;&lt;/tr&gt;
&lt;/table&gt;</cmt>
    <desc>&lt;table&gt;
&lt;tr&gt;&lt;td&gt;Longitude: 32.787145 &lt;/td&gt;&lt;/tr&gt;
&lt;tr&gt;&lt;td&gt;Latitude: -18.381736 &lt;/td&gt;&lt;/tr&gt;
&lt;tr&gt;&lt;td&gt;Heading: 32.1 &lt;/td&gt;&lt;/tr&gt;
&lt;/table&gt;</desc>
    <sym>Flag, Blue</sym>
    <type>user</type>
  </wpt>
  <wpt lat="-18.381452970206738" lon="32.78755500912666">
    <ele>1737.8000381288311</ele>
    <time>2026-10-02T12:58:39.000Z</time>
    <name>The Epic 2025 001-503</name>
    <cmt>&lt;table&gt;
&lt;tr&gt;&lt;td&gt;Longitude: 32.787555 &lt;/td&gt;&lt;/tr&gt;
&lt;tr&gt;&lt;td&gt;Latitude: -18.381453 &lt;/td&gt;&lt;/tr&gt;
&lt;tr&gt;&lt;td&gt;Heading: 54.1 &lt;/td&gt;&lt;/tr&gt;
&lt;/table&gt;</cmt>
    <desc>&lt;table&gt;
&lt;tr&gt;&lt;td&gt;Longitude: 32.787555 &lt;/td&gt;&lt;/tr&gt;
&lt;tr&gt;&lt;td&gt;Latitude: -18.381453 &lt;/td&gt;&lt;/tr&gt;
&lt;tr&gt;&lt;td&gt;Heading: 54.1 &lt;/td&gt;&lt;/tr&gt;
&lt;/table&gt;</desc>
    <sym>Flag, Blue</sym>
    <type>user</type>
  </wpt>
  <wpt lat="-18.380956007167697" lon="32.78806001879275">
    <ele>1738.5631468157649</ele>
    <time>2026-10-02T12:58:39.000Z</time>
    <name>The Epic 2025 001-504</name>
    <cmt>&lt;table&gt;
&lt;tr&gt;&lt;td&gt;Longitude: 32.788060 &lt;/td&gt;&lt;/tr&gt;
&lt;tr&gt;&lt;td&gt;Latitude: -18.380956 &lt;/td&gt;&lt;/tr&gt;
&lt;tr&gt;&lt;td&gt;Heading: 44.0 &lt;/td&gt;&lt;/tr&gt;
&lt;/table&gt;</cmt>
    <desc>&lt;table&gt;
&lt;tr&gt;&lt;td&gt;Longitude: 32.788060 &lt;/td&gt;&lt;/tr&gt;
&lt;tr&gt;&lt;td&gt;Latitude: -18.380956 &lt;/td&gt;&lt;/tr&gt;
&lt;tr&gt;&lt;td&gt;Heading: 44.0 &lt;/td&gt;&lt;/tr&gt;
&lt;/table&gt;</desc>
    <sym>Flag, Blue</sym>
    <type>user</type>
  </wpt>
  <wpt lat="-18.380472036078572" lon="32.788523035123944">
    <ele>1743.6420637977913</ele>
    <time>2026-10-02T12:58:39.000Z</time>
    <name>The Epic 2025 001-505</name>
    <cmt>&lt;table&gt;
&lt;tr&gt;&lt;td&gt;Longitude: 32.788523 &lt;/td&gt;&lt;/tr&gt;
&lt;tr&gt;&lt;td&gt;Latitude: -18.380472 &lt;/td&gt;&lt;/tr&gt;
&lt;tr&gt;&lt;td&gt;Heading: 42.2 &lt;/td&gt;&lt;/tr&gt;
&lt;/table&gt;</cmt>
    <desc>&lt;table&gt;
&lt;tr&gt;&lt;td&gt;Longitude: 32.788523 &lt;/td&gt;&lt;/tr&gt;
&lt;tr&gt;&lt;td&gt;Latitude: -18.380472 &lt;/td&gt;&lt;/tr&gt;
&lt;tr&gt;&lt;td&gt;Heading: 42.2 &lt;/td&gt;&lt;/tr&gt;
&lt;/table&gt;</desc>
    <sym>Flag, Blue</sym>
    <type>user</type>
  </wpt>
  <wpt lat="-18.37999803945422" lon="32.788909021764994">
    <ele>1744.2868971628466</ele>
    <time>2026-10-02T12:58:39.000Z</time>
    <name>The Epic 2025 001-506</name>
    <cmt>&lt;table&gt;
&lt;tr&gt;&lt;td&gt;Longitude: 32.788909 &lt;/td&gt;&lt;/tr&gt;
&lt;tr&gt;&lt;td&gt;Latitude: -18.379998 &lt;/td&gt;&lt;/tr&gt;
&lt;tr&gt;&lt;td&gt;Heading: 37.7 &lt;/td&gt;&lt;/tr&gt;
&lt;/table&gt;</cmt>
    <desc>&lt;table&gt;
&lt;tr&gt;&lt;td&gt;Longitude: 32.788909 &lt;/td&gt;&lt;/tr&gt;
&lt;tr&gt;&lt;td&gt;Latitude: -18.379998 &lt;/td&gt;&lt;/tr&gt;
&lt;tr&gt;&lt;td&gt;Heading: 37.7 &lt;/td&gt;&lt;/tr&gt;
&lt;/table&gt;</desc>
    <sym>Flag, Blue</sym>
    <type>user</type>
  </wpt>
  <wpt lat="-18.37967701256275" lon="32.78923197649419">
    <ele>1740.4630560365292</ele>
    <time>2026-10-02T12:58:39.000Z</time>
    <name>The Epic 2025 001-507</name>
    <cmt>&lt;table&gt;
&lt;tr&gt;&lt;td&gt;Longitude: 32.789232 &lt;/td&gt;&lt;/tr&gt;
&lt;tr&gt;&lt;td&gt;Latitude: -18.379677 &lt;/td&gt;&lt;/tr&gt;
&lt;tr&gt;&lt;td&gt;Heading: 43.7 &lt;/td&gt;&lt;/tr&gt;
&lt;/table&gt;</cmt>
    <desc>&lt;table&gt;
&lt;tr&gt;&lt;td&gt;Longitude: 32.789232 &lt;/td&gt;&lt;/tr&gt;
&lt;tr&gt;&lt;td&gt;Latitude: -18.379677 &lt;/td&gt;&lt;/tr&gt;
&lt;tr&gt;&lt;td&gt;Heading: 43.7 &lt;/td&gt;&lt;/tr&gt;
&lt;/table&gt;</desc>
    <sym>Flag, Blue</sym>
    <type>user</type>
  </wpt>
  <wpt lat="-18.37924400344491" lon="32.78944697231054">
    <ele>1733.6351670118495</ele>
    <time>2026-10-02T12:58:39.000Z</time>
    <name>The Epic 2025 001-508</name>
    <cmt>&lt;table&gt;
&lt;tr&gt;&lt;td&gt;Longitude: 32.789447 &lt;/td&gt;&lt;/tr&gt;
&lt;tr&gt;&lt;td&gt;Latitude: -18.379244 &lt;/td&gt;&lt;/tr&gt;
&lt;tr&gt;&lt;td&gt;Heading: 25.2 &lt;/td&gt;&lt;/tr&gt;
&lt;/table&gt;</cmt>
    <desc>&lt;table&gt;
&lt;tr&gt;&lt;td&gt;Longitude: 32.789447 &lt;/td&gt;&lt;/tr&gt;
&lt;tr&gt;&lt;td&gt;Latitude: -18.379244 &lt;/td&gt;&lt;/tr&gt;
&lt;tr&gt;&lt;td&gt;Heading: 25.2 &lt;/td&gt;&lt;/tr&gt;
&lt;/table&gt;</desc>
    <sym>Flag, Blue</sym>
    <type>user</type>
  </wpt>
  <wpt lat="-18.37866296991706" lon="32.78959298506379">
    <ele>1734.7059692869277</ele>
    <time>2026-10-02T12:58:39.000Z</time>
    <name>The Epic 2025 001-509</name>
    <cmt>&lt;table&gt;
&lt;tr&gt;&lt;td&gt;Longitude: 32.789593 &lt;/td&gt;&lt;/tr&gt;
&lt;tr&gt;&lt;td&gt;Latitude: -18.378663 &lt;/td&gt;&lt;/tr&gt;
&lt;tr&gt;&lt;td&gt;Heading: 13.4 &lt;/td&gt;&lt;/tr&gt;
&lt;/table&gt;</cmt>
    <desc>&lt;table&gt;
&lt;tr&gt;&lt;td&gt;Longitude: 32.789593 &lt;/td&gt;&lt;/tr&gt;
&lt;tr&gt;&lt;td&gt;Latitude: -18.378663 &lt;/td&gt;&lt;/tr&gt;
&lt;tr&gt;&lt;td&gt;Heading: 13.4 &lt;/td&gt;&lt;/tr&gt;
&lt;/table&gt;</desc>
    <sym>Flag, Blue</sym>
    <type>user</type>
  </wpt>
  <wpt lat="-18.44991099089384" lon="32.809560019522905">
    <ele>1767.9101588563863</ele>
    <time>2026-10-02T12:58:39.000Z</time>
    <name>The Epic 2025 001-51</name>
    <cmt>&lt;table&gt;
&lt;tr&gt;&lt;td&gt;Longitude: 32.809560 &lt;/td&gt;&lt;/tr&gt;
&lt;tr&gt;&lt;td&gt;Latitude: -18.449911 &lt;/td&gt;&lt;/tr&gt;
&lt;tr&gt;&lt;td&gt;Heading: 11.3 &lt;/td&gt;&lt;/tr&gt;
&lt;/table&gt;</cmt>
    <desc>&lt;table&gt;
&lt;tr&gt;&lt;td&gt;Longitude: 32.809560 &lt;/td&gt;&lt;/tr&gt;
&lt;tr&gt;&lt;td&gt;Latitude: -18.449911 &lt;/td&gt;&lt;/tr&gt;
&lt;tr&gt;&lt;td&gt;Heading: 11.3 &lt;/td&gt;&lt;/tr&gt;
&lt;/table&gt;</desc>
    <sym>Flag, Blue</sym>
    <type>user</type>
  </wpt>
  <wpt lat="-18.378242030739784" lon="32.78961301781237">
    <ele>1736.1405008238457</ele>
    <time>2026-10-02T12:58:39.000Z</time>
    <name>The Epic 2025 001-510</name>
    <cmt>&lt;table&gt;
&lt;tr&gt;&lt;td&gt;Longitude: 32.789613 &lt;/td&gt;&lt;/tr&gt;
&lt;tr&gt;&lt;td&gt;Latitude: -18.378242 &lt;/td&gt;&lt;/tr&gt;
&lt;tr&gt;&lt;td&gt;Heading: 2.6 &lt;/td&gt;&lt;/tr&gt;
&lt;/table&gt;</cmt>
    <desc>&lt;table&gt;
&lt;tr&gt;&lt;td&gt;Longitude: 32.789613 &lt;/td&gt;&lt;/tr&gt;
&lt;tr&gt;&lt;td&gt;Latitude: -18.378242 &lt;/td&gt;&lt;/tr&gt;
&lt;tr&gt;&lt;td&gt;Heading: 2.6 &lt;/td&gt;&lt;/tr&gt;
&lt;/table&gt;</desc>
    <sym>Flag, Blue</sym>
    <type>user</type>
  </wpt>
  <wpt lat="-18.378137005493045" lon="32.7896339725703">
    <ele>1736.2714559641713</ele>
    <time>2026-10-02T12:58:39.000Z</time>
    <name>The Epic 2025 001-511</name>
    <cmt>&lt;table&gt;
&lt;tr&gt;&lt;td&gt;Longitude: 32.789634 &lt;/td&gt;&lt;/tr&gt;
&lt;tr&gt;&lt;td&gt;Latitude: -18.378137 &lt;/td&gt;&lt;/tr&gt;
&lt;tr&gt;&lt;td&gt;Heading: 10.9 &lt;/td&gt;&lt;/tr&gt;
&lt;/table&gt;</cmt>
    <desc>&lt;table&gt;
&lt;tr&gt;&lt;td&gt;Longitude: 32.789634 &lt;/td&gt;&lt;/tr&gt;
&lt;tr&gt;&lt;td&gt;Latitude: -18.378137 &lt;/td&gt;&lt;/tr&gt;
&lt;tr&gt;&lt;td&gt;Heading: 10.9 &lt;/td&gt;&lt;/tr&gt;
&lt;/table&gt;</desc>
    <sym>Flag, Blue</sym>
    <type>user</type>
  </wpt>
  <wpt lat="-18.37816902436316" lon="32.789746038615704">
    <ele>1736.1728515625</ele>
    <time>2026-10-02T12:58:39.000Z</time>
    <name>The Epic 2025 001-512</name>
    <cmt>&lt;table&gt;
&lt;tr&gt;&lt;td&gt;Longitude: 32.789746 &lt;/td&gt;&lt;/tr&gt;
&lt;tr&gt;&lt;td&gt;Latitude: -18.378169 &lt;/td&gt;&lt;/tr&gt;
&lt;tr&gt;&lt;td&gt;Heading: 106.4 &lt;/td&gt;&lt;/tr&gt;
&lt;/table&gt;</cmt>
    <desc>&lt;table&gt;
&lt;tr&gt;&lt;td&gt;Longitude: 32.789746 &lt;/td&gt;&lt;/tr&gt;
&lt;tr&gt;&lt;td&gt;Latitude: -18.378169 &lt;/td&gt;&lt;/tr&gt;
&lt;tr&gt;&lt;td&gt;Heading: 106.4 &lt;/td&gt;&lt;/tr&gt;
&lt;/table&gt;</desc>
    <sym>Flag, Blue</sym>
    <type>user</type>
  </wpt>
  <wpt lat="-18.377835005521774" lon="32.78997302055359">
    <ele>1737.2105151726864</ele>
    <time>2026-10-02T12:58:39.000Z</time>
    <name>The Epic 2025 001-513</name>
    <cmt>&lt;table&gt;
&lt;tr&gt;&lt;td&gt;Longitude: 32.789973 &lt;/td&gt;&lt;/tr&gt;
&lt;tr&gt;&lt;td&gt;Latitude: -18.377835 &lt;/td&gt;&lt;/tr&gt;
&lt;tr&gt;&lt;td&gt;Heading: 32.9 &lt;/td&gt;&lt;/tr&gt;
&lt;/table&gt;</cmt>
    <desc>&lt;table&gt;
&lt;tr&gt;&lt;td&gt;Longitude: 32.789973 &lt;/td&gt;&lt;/tr&gt;
&lt;tr&gt;&lt;td&gt;Latitude: -18.377835 &lt;/td&gt;&lt;/tr&gt;
&lt;tr&gt;&lt;td&gt;Heading: 32.9 &lt;/td&gt;&lt;/tr&gt;
&lt;/table&gt;</desc>
    <sym>Flag, Blue</sym>
    <type>user</type>
  </wpt>
  <wpt lat="-18.377515990287066" lon="32.79005499556661">
    <ele>1736.5647867602056</ele>
    <time>2026-10-02T12:58:39.000Z</time>
    <name>The Epic 2025 001-514</name>
    <cmt>&lt;table&gt;
&lt;tr&gt;&lt;td&gt;Longitude: 32.790055 &lt;/td&gt;&lt;/tr&gt;
&lt;tr&gt;&lt;td&gt;Latitude: -18.377516 &lt;/td&gt;&lt;/tr&gt;
&lt;tr&gt;&lt;td&gt;Heading: 13.6 &lt;/td&gt;&lt;/tr&gt;
&lt;/table&gt;</cmt>
    <desc>&lt;table&gt;
&lt;tr&gt;&lt;td&gt;Longitude: 32.790055 &lt;/td&gt;&lt;/tr&gt;
&lt;tr&gt;&lt;td&gt;Latitude: -18.377516 &lt;/td&gt;&lt;/tr&gt;
&lt;tr&gt;&lt;td&gt;Heading: 13.6 &lt;/td&gt;&lt;/tr&gt;
&lt;/table&gt;</desc>
    <sym>Flag, Blue</sym>
    <type>user</type>
  </wpt>
  <wpt lat="-18.377427980303764" lon="32.79020796529949">
    <ele>1738.5774376673119</ele>
    <time>2026-10-02T12:58:39.000Z</time>
    <name>The Epic 2025 001-515</name>
    <cmt>&lt;table&gt;
&lt;tr&gt;&lt;td&gt;Longitude: 32.790208 &lt;/td&gt;&lt;/tr&gt;
&lt;tr&gt;&lt;td&gt;Latitude: -18.377428 &lt;/td&gt;&lt;/tr&gt;
&lt;tr&gt;&lt;td&gt;Heading: 58.7 &lt;/td&gt;&lt;/tr&gt;
&lt;/table&gt;</cmt>
    <desc>&lt;table&gt;
&lt;tr&gt;&lt;td&gt;Longitude: 32.790208 &lt;/td&gt;&lt;/tr&gt;
&lt;tr&gt;&lt;td&gt;Latitude: -18.377428 &lt;/td&gt;&lt;/tr&gt;
&lt;tr&gt;&lt;td&gt;Heading: 58.7 &lt;/td&gt;&lt;/tr&gt;
&lt;/table&gt;</desc>
    <sym>Flag, Blue</sym>
    <type>user</type>
  </wpt>
  <wpt lat="-18.377171996980906" lon="32.79029002413154">
    <ele>1738.8561545923956</ele>
    <time>2026-10-02T12:58:39.000Z</time>
    <name>The Epic 2025 001-516</name>
    <cmt>&lt;table&gt;
&lt;tr&gt;&lt;td&gt;Longitude: 32.790290 &lt;/td&gt;&lt;/tr&gt;
&lt;tr&gt;&lt;td&gt;Latitude: -18.377172 &lt;/td&gt;&lt;/tr&gt;
&lt;tr&gt;&lt;td&gt;Heading: 17.0 &lt;/td&gt;&lt;/tr&gt;
&lt;/table&gt;</cmt>
    <desc>&lt;table&gt;
&lt;tr&gt;&lt;td&gt;Longitude: 32.790290 &lt;/td&gt;&lt;/tr&gt;
&lt;tr&gt;&lt;td&gt;Latitude: -18.377172 &lt;/td&gt;&lt;/tr&gt;
&lt;tr&gt;&lt;td&gt;Heading: 17.0 &lt;/td&gt;&lt;/tr&gt;
&lt;/table&gt;</desc>
    <sym>Flag, Blue</sym>
    <type>user</type>
  </wpt>
  <wpt lat="-18.376521980389953" lon="32.79073501937091">
    <ele>1741.6585331676677</ele>
    <time>2026-10-02T12:58:39.000Z</time>
    <name>The Epic 2025 001-517</name>
    <cmt>&lt;table&gt;
&lt;tr&gt;&lt;td&gt;Longitude: 32.790735 &lt;/td&gt;&lt;/tr&gt;
&lt;tr&gt;&lt;td&gt;Latitude: -18.376522 &lt;/td&gt;&lt;/tr&gt;
&lt;tr&gt;&lt;td&gt;Heading: 33.0 &lt;/td&gt;&lt;/tr&gt;
&lt;/table&gt;</cmt>
    <desc>&lt;table&gt;
&lt;tr&gt;&lt;td&gt;Longitude: 32.790735 &lt;/td&gt;&lt;/tr&gt;
&lt;tr&gt;&lt;td&gt;Latitude: -18.376522 &lt;/td&gt;&lt;/tr&gt;
&lt;tr&gt;&lt;td&gt;Heading: 33.0 &lt;/td&gt;&lt;/tr&gt;
&lt;/table&gt;</desc>
    <sym>Flag, Blue</sym>
    <type>user</type>
  </wpt>
  <wpt lat="-18.37638300843537" lon="32.79089704155922">
    <ele>1742.9943631216693</ele>
    <time>2026-10-02T12:58:39.000Z</time>
    <name>The Epic 2025 001-518</name>
    <cmt>&lt;table&gt;
&lt;tr&gt;&lt;td&gt;Longitude: 32.790897 &lt;/td&gt;&lt;/tr&gt;
&lt;tr&gt;&lt;td&gt;Latitude: -18.376383 &lt;/td&gt;&lt;/tr&gt;
&lt;tr&gt;&lt;td&gt;Heading: 47.9 &lt;/td&gt;&lt;/tr&gt;
&lt;/table&gt;</cmt>
    <desc>&lt;table&gt;
&lt;tr&gt;&lt;td&gt;Longitude: 32.790897 &lt;/td&gt;&lt;/tr&gt;
&lt;tr&gt;&lt;td&gt;Latitude: -18.376383 &lt;/td&gt;&lt;/tr&gt;
&lt;tr&gt;&lt;td&gt;Heading: 47.9 &lt;/td&gt;&lt;/tr&gt;
&lt;/table&gt;</desc>
    <sym>Flag, Blue</sym>
    <type>user</type>
  </wpt>
  <wpt lat="-18.37612903676927" lon="32.79096996411681">
    <ele>1741.0179921579547</ele>
    <time>2026-10-02T12:58:39.000Z</time>
    <name>The Epic 2025 001-519</name>
    <cmt>&lt;table&gt;
&lt;tr&gt;&lt;td&gt;Longitude: 32.790970 &lt;/td&gt;&lt;/tr&gt;
&lt;tr&gt;&lt;td&gt;Latitude: -18.376129 &lt;/td&gt;&lt;/tr&gt;
&lt;tr&gt;&lt;td&gt;Heading: 15.3 &lt;/td&gt;&lt;/tr&gt;
&lt;/table&gt;</cmt>
    <desc>&lt;table&gt;
&lt;tr&gt;&lt;td&gt;Longitude: 32.790970 &lt;/td&gt;&lt;/tr&gt;
&lt;tr&gt;&lt;td&gt;Latitude: -18.376129 &lt;/td&gt;&lt;/tr&gt;
&lt;tr&gt;&lt;td&gt;Heading: 15.3 &lt;/td&gt;&lt;/tr&gt;
&lt;/table&gt;</desc>
    <sym>Flag, Blue</sym>
    <type>user</type>
  </wpt>
  <wpt lat="-18.449550988152623" lon="32.80966102145612">
    <ele>1752.8276978465533</ele>
    <time>2026-10-02T12:58:39.000Z</time>
    <name>The Epic 2025 001-52</name>
    <cmt>&lt;table&gt;
&lt;tr&gt;&lt;td&gt;Longitude: 32.809661 &lt;/td&gt;&lt;/tr&gt;
&lt;tr&gt;&lt;td&gt;Latitude: -18.449551 &lt;/td&gt;&lt;/tr&gt;
&lt;tr&gt;&lt;td&gt;Heading: 14.9 &lt;/td&gt;&lt;/tr&gt;
&lt;/table&gt;</cmt>
    <desc>&lt;table&gt;
&lt;tr&gt;&lt;td&gt;Longitude: 32.809661 &lt;/td&gt;&lt;/tr&gt;
&lt;tr&gt;&lt;td&gt;Latitude: -18.449551 &lt;/td&gt;&lt;/tr&gt;
&lt;tr&gt;&lt;td&gt;Heading: 14.9 &lt;/td&gt;&lt;/tr&gt;
&lt;/table&gt;</desc>
    <sym>Flag, Blue</sym>
    <type>user</type>
  </wpt>
  <wpt lat="-18.37576501071453" lon="32.79135100543499">
    <ele>1744.1829545774162</ele>
    <time>2026-10-02T12:58:39.000Z</time>
    <name>The Epic 2025 001-520</name>
    <cmt>&lt;table&gt;
&lt;tr&gt;&lt;td&gt;Longitude: 32.791351 &lt;/td&gt;&lt;/tr&gt;
&lt;tr&gt;&lt;td&gt;Latitude: -18.375765 &lt;/td&gt;&lt;/tr&gt;
&lt;tr&gt;&lt;td&gt;Heading: 44.8 &lt;/td&gt;&lt;/tr&gt;
&lt;/table&gt;</cmt>
    <desc>&lt;table&gt;
&lt;tr&gt;&lt;td&gt;Longitude: 32.791351 &lt;/td&gt;&lt;/tr&gt;
&lt;tr&gt;&lt;td&gt;Latitude: -18.375765 &lt;/td&gt;&lt;/tr&gt;
&lt;tr&gt;&lt;td&gt;Heading: 44.8 &lt;/td&gt;&lt;/tr&gt;
&lt;/table&gt;</desc>
    <sym>Flag, Blue</sym>
    <type>user</type>
  </wpt>
  <wpt lat="-18.375213984400034" lon="32.79188702814281">
    <ele>1745.3078980878333</ele>
    <time>2026-10-02T12:58:39.000Z</time>
    <name>The Epic 2025 001-521</name>
    <cmt>&lt;table&gt;
&lt;tr&gt;&lt;td&gt;Longitude: 32.791887 &lt;/td&gt;&lt;/tr&gt;
&lt;tr&gt;&lt;td&gt;Latitude: -18.375214 &lt;/td&gt;&lt;/tr&gt;
&lt;tr&gt;&lt;td&gt;Heading: 42.7 &lt;/td&gt;&lt;/tr&gt;
&lt;/table&gt;</cmt>
    <desc>&lt;table&gt;
&lt;tr&gt;&lt;td&gt;Longitude: 32.791887 &lt;/td&gt;&lt;/tr&gt;
&lt;tr&gt;&lt;td&gt;Latitude: -18.375214 &lt;/td&gt;&lt;/tr&gt;
&lt;tr&gt;&lt;td&gt;Heading: 42.7 &lt;/td&gt;&lt;/tr&gt;
&lt;/table&gt;</desc>
    <sym>Flag, Blue</sym>
    <type>user</type>
  </wpt>
  <wpt lat="-18.374640997499228" lon="32.79209699481726">
    <ele>1741.596186000836</ele>
    <time>2026-10-02T12:58:39.000Z</time>
    <name>The Epic 2025 001-522</name>
    <cmt>&lt;table&gt;
&lt;tr&gt;&lt;td&gt;Longitude: 32.792097 &lt;/td&gt;&lt;/tr&gt;
&lt;tr&gt;&lt;td&gt;Latitude: -18.374641 &lt;/td&gt;&lt;/tr&gt;
&lt;tr&gt;&lt;td&gt;Heading: 19.1 &lt;/td&gt;&lt;/tr&gt;
&lt;/table&gt;</cmt>
    <desc>&lt;table&gt;
&lt;tr&gt;&lt;td&gt;Longitude: 32.792097 &lt;/td&gt;&lt;/tr&gt;
&lt;tr&gt;&lt;td&gt;Latitude: -18.374641 &lt;/td&gt;&lt;/tr&gt;
&lt;tr&gt;&lt;td&gt;Heading: 19.1 &lt;/td&gt;&lt;/tr&gt;
&lt;/table&gt;</desc>
    <sym>Flag, Blue</sym>
    <type>user</type>
  </wpt>
  <wpt lat="-18.37393800728023" lon="32.79198098927736">
    <ele>1742.0577379269525</ele>
    <time>2026-10-02T12:58:39.000Z</time>
    <name>The Epic 2025 001-523</name>
    <cmt>&lt;table&gt;
&lt;tr&gt;&lt;td&gt;Longitude: 32.791981 &lt;/td&gt;&lt;/tr&gt;
&lt;tr&gt;&lt;td&gt;Latitude: -18.373938 &lt;/td&gt;&lt;/tr&gt;
&lt;tr&gt;&lt;td&gt;Heading: 351.2 &lt;/td&gt;&lt;/tr&gt;
&lt;/table&gt;</cmt>
    <desc>&lt;table&gt;
&lt;tr&gt;&lt;td&gt;Longitude: 32.791981 &lt;/td&gt;&lt;/tr&gt;
&lt;tr&gt;&lt;td&gt;Latitude: -18.373938 &lt;/td&gt;&lt;/tr&gt;
&lt;tr&gt;&lt;td&gt;Heading: 351.2 &lt;/td&gt;&lt;/tr&gt;
&lt;/table&gt;</desc>
    <sym>Flag, Blue</sym>
    <type>user</type>
  </wpt>
  <wpt lat="-18.373306011781096" lon="32.791903959587216">
    <ele>1741.7802440150876</ele>
    <time>2026-10-02T12:58:39.000Z</time>
    <name>The Epic 2025 001-524</name>
    <cmt>&lt;table&gt;
&lt;tr&gt;&lt;td&gt;Longitude: 32.791904 &lt;/td&gt;&lt;/tr&gt;
&lt;tr&gt;&lt;td&gt;Latitude: -18.373306 &lt;/td&gt;&lt;/tr&gt;
&lt;tr&gt;&lt;td&gt;Heading: 353.3 &lt;/td&gt;&lt;/tr&gt;
&lt;/table&gt;</cmt>
    <desc>&lt;table&gt;
&lt;tr&gt;&lt;td&gt;Longitude: 32.791904 &lt;/td&gt;&lt;/tr&gt;
&lt;tr&gt;&lt;td&gt;Latitude: -18.373306 &lt;/td&gt;&lt;/tr&gt;
&lt;tr&gt;&lt;td&gt;Heading: 353.3 &lt;/td&gt;&lt;/tr&gt;
&lt;/table&gt;</desc>
    <sym>Flag, Blue</sym>
    <type>user</type>
  </wpt>
  <wpt lat="-18.37312496267259" lon="32.79218500480056">
    <ele>1742.7432748804567</ele>
    <time>2026-10-02T12:58:39.000Z</time>
    <name>The Epic 2025 001-525</name>
    <cmt>&lt;table&gt;
&lt;tr&gt;&lt;td&gt;Longitude: 32.792185 &lt;/td&gt;&lt;/tr&gt;
&lt;tr&gt;&lt;td&gt;Latitude: -18.373125 &lt;/td&gt;&lt;/tr&gt;
&lt;tr&gt;&lt;td&gt;Heading: 55.8 &lt;/td&gt;&lt;/tr&gt;
&lt;/table&gt;</cmt>
    <desc>&lt;table&gt;
&lt;tr&gt;&lt;td&gt;Longitude: 32.792185 &lt;/td&gt;&lt;/tr&gt;
&lt;tr&gt;&lt;td&gt;Latitude: -18.373125 &lt;/td&gt;&lt;/tr&gt;
&lt;tr&gt;&lt;td&gt;Heading: 55.8 &lt;/td&gt;&lt;/tr&gt;
&lt;/table&gt;</desc>
    <sym>Flag, Blue</sym>
    <type>user</type>
  </wpt>
  <wpt lat="-18.373061008751392" lon="32.79274399392307">
    <ele>1745.0131506996927</ele>
    <time>2026-10-02T12:58:39.000Z</time>
    <name>The Epic 2025 001-526</name>
    <cmt>&lt;table&gt;
&lt;tr&gt;&lt;td&gt;Longitude: 32.792744 &lt;/td&gt;&lt;/tr&gt;
&lt;tr&gt;&lt;td&gt;Latitude: -18.373061 &lt;/td&gt;&lt;/tr&gt;
&lt;tr&gt;&lt;td&gt;Heading: 83.1 &lt;/td&gt;&lt;/tr&gt;
&lt;/table&gt;</cmt>
    <desc>&lt;table&gt;
&lt;tr&gt;&lt;td&gt;Longitude: 32.792744 &lt;/td&gt;&lt;/tr&gt;
&lt;tr&gt;&lt;td&gt;Latitude: -18.373061 &lt;/td&gt;&lt;/tr&gt;
&lt;tr&gt;&lt;td&gt;Heading: 83.1 &lt;/td&gt;&lt;/tr&gt;
&lt;/table&gt;</desc>
    <sym>Flag, Blue</sym>
    <type>user</type>
  </wpt>
  <wpt lat="-18.373242979869246" lon="32.793083963915706">
    <ele>1749.9489060091316</ele>
    <time>2026-10-02T12:58:39.000Z</time>
    <name>The Epic 2025 001-527</name>
    <cmt>&lt;table&gt;
&lt;tr&gt;&lt;td&gt;Longitude: 32.793084 &lt;/td&gt;&lt;/tr&gt;
&lt;tr&gt;&lt;td&gt;Latitude: -18.373243 &lt;/td&gt;&lt;/tr&gt;
&lt;tr&gt;&lt;td&gt;Heading: 119.4 &lt;/td&gt;&lt;/tr&gt;
&lt;/table&gt;</cmt>
    <desc>&lt;table&gt;
&lt;tr&gt;&lt;td&gt;Longitude: 32.793084 &lt;/td&gt;&lt;/tr&gt;
&lt;tr&gt;&lt;td&gt;Latitude: -18.373243 &lt;/td&gt;&lt;/tr&gt;
&lt;tr&gt;&lt;td&gt;Heading: 119.4 &lt;/td&gt;&lt;/tr&gt;
&lt;/table&gt;</desc>
    <sym>Flag, Blue</sym>
    <type>user</type>
  </wpt>
  <wpt lat="-18.37307400070131" lon="32.79350297525525">
    <ele>1753.9787279180277</ele>
    <time>2026-10-02T12:58:39.000Z</time>
    <name>The Epic 2025 001-528</name>
    <cmt>&lt;table&gt;
&lt;tr&gt;&lt;td&gt;Longitude: 32.793503 &lt;/td&gt;&lt;/tr&gt;
&lt;tr&gt;&lt;td&gt;Latitude: -18.373074 &lt;/td&gt;&lt;/tr&gt;
&lt;tr&gt;&lt;td&gt;Heading: 67.1 &lt;/td&gt;&lt;/tr&gt;
&lt;/table&gt;</cmt>
    <desc>&lt;table&gt;
&lt;tr&gt;&lt;td&gt;Longitude: 32.793503 &lt;/td&gt;&lt;/tr&gt;
&lt;tr&gt;&lt;td&gt;Latitude: -18.373074 &lt;/td&gt;&lt;/tr&gt;
&lt;tr&gt;&lt;td&gt;Heading: 67.1 &lt;/td&gt;&lt;/tr&gt;
&lt;/table&gt;</desc>
    <sym>Flag, Blue</sym>
    <type>user</type>
  </wpt>
  <wpt lat="-18.372913990169764" lon="32.79370196163654">
    <ele>1753.3487787410154</ele>
    <time>2026-10-02T12:58:39.000Z</time>
    <name>The Epic 2025 001-529</name>
    <cmt>&lt;table&gt;
&lt;tr&gt;&lt;td&gt;Longitude: 32.793702 &lt;/td&gt;&lt;/tr&gt;
&lt;tr&gt;&lt;td&gt;Latitude: -18.372914 &lt;/td&gt;&lt;/tr&gt;
&lt;tr&gt;&lt;td&gt;Heading: 49.7 &lt;/td&gt;&lt;/tr&gt;
&lt;/table&gt;</cmt>
    <desc>&lt;table&gt;
&lt;tr&gt;&lt;td&gt;Longitude: 32.793702 &lt;/td&gt;&lt;/tr&gt;
&lt;tr&gt;&lt;td&gt;Latitude: -18.372914 &lt;/td&gt;&lt;/tr&gt;
&lt;tr&gt;&lt;td&gt;Heading: 49.7 &lt;/td&gt;&lt;/tr&gt;
&lt;/table&gt;</desc>
    <sym>Flag, Blue</sym>
    <type>user</type>
  </wpt>
  <wpt lat="-18.449195008724928" lon="32.81019201502204">
    <ele>1729.8925152798115</ele>
    <time>2026-10-02T12:58:39.000Z</time>
    <name>The Epic 2025 001-53</name>
    <cmt>&lt;table&gt;
&lt;tr&gt;&lt;td&gt;Longitude: 32.810192 &lt;/td&gt;&lt;/tr&gt;
&lt;tr&gt;&lt;td&gt;Latitude: -18.449195 &lt;/td&gt;&lt;/tr&gt;
&lt;tr&gt;&lt;td&gt;Heading: 54.8 &lt;/td&gt;&lt;/tr&gt;
&lt;/table&gt;</cmt>
    <desc>&lt;table&gt;
&lt;tr&gt;&lt;td&gt;Longitude: 32.810192 &lt;/td&gt;&lt;/tr&gt;
&lt;tr&gt;&lt;td&gt;Latitude: -18.449195 &lt;/td&gt;&lt;/tr&gt;
&lt;tr&gt;&lt;td&gt;Heading: 54.8 &lt;/td&gt;&lt;/tr&gt;
&lt;/table&gt;</desc>
    <sym>Flag, Blue</sym>
    <type>user</type>
  </wpt>
  <wpt lat="-18.372783986851573" lon="32.79440402984619">
    <ele>1756.9500799159869</ele>
    <time>2026-10-02T12:58:39.000Z</time>
    <name>The Epic 2025 001-530</name>
    <cmt>&lt;table&gt;
&lt;tr&gt;&lt;td&gt;Longitude: 32.794404 &lt;/td&gt;&lt;/tr&gt;
&lt;tr&gt;&lt;td&gt;Latitude: -18.372784 &lt;/td&gt;&lt;/tr&gt;
&lt;tr&gt;&lt;td&gt;Heading: 79.0 &lt;/td&gt;&lt;/tr&gt;
&lt;/table&gt;</cmt>
    <desc>&lt;table&gt;
&lt;tr&gt;&lt;td&gt;Longitude: 32.794404 &lt;/td&gt;&lt;/tr&gt;
&lt;tr&gt;&lt;td&gt;Latitude: -18.372784 &lt;/td&gt;&lt;/tr&gt;
&lt;tr&gt;&lt;td&gt;Heading: 79.0 &lt;/td&gt;&lt;/tr&gt;
&lt;/table&gt;</desc>
    <sym>Flag, Blue</sym>
    <type>user</type>
  </wpt>
  <wpt lat="-18.372875014320016" lon="32.79461299069226">
    <ele>1760.3788587157615</ele>
    <time>2026-10-02T12:58:39.000Z</time>
    <name>The Epic 2025 001-531</name>
    <cmt>&lt;table&gt;
&lt;tr&gt;&lt;td&gt;Longitude: 32.794613 &lt;/td&gt;&lt;/tr&gt;
&lt;tr&gt;&lt;td&gt;Latitude: -18.372875 &lt;/td&gt;&lt;/tr&gt;
&lt;tr&gt;&lt;td&gt;Heading: 114.7 &lt;/td&gt;&lt;/tr&gt;
&lt;/table&gt;</cmt>
    <desc>&lt;table&gt;
&lt;tr&gt;&lt;td&gt;Longitude: 32.794613 &lt;/td&gt;&lt;/tr&gt;
&lt;tr&gt;&lt;td&gt;Latitude: -18.372875 &lt;/td&gt;&lt;/tr&gt;
&lt;tr&gt;&lt;td&gt;Heading: 114.7 &lt;/td&gt;&lt;/tr&gt;
&lt;/table&gt;</desc>
    <sym>Flag, Blue</sym>
    <type>user</type>
  </wpt>
  <wpt lat="-18.372851964086294" lon="32.794733019545674">
    <ele>1759.9398399015035</ele>
    <time>2026-10-02T12:58:39.000Z</time>
    <name>The Epic 2025 001-532</name>
    <cmt>&lt;table&gt;
&lt;tr&gt;&lt;td&gt;Longitude: 32.794733 &lt;/td&gt;&lt;/tr&gt;
&lt;tr&gt;&lt;td&gt;Latitude: -18.372852 &lt;/td&gt;&lt;/tr&gt;
&lt;tr&gt;&lt;td&gt;Heading: 78.4 &lt;/td&gt;&lt;/tr&gt;
&lt;/table&gt;</cmt>
    <desc>&lt;table&gt;
&lt;tr&gt;&lt;td&gt;Longitude: 32.794733 &lt;/td&gt;&lt;/tr&gt;
&lt;tr&gt;&lt;td&gt;Latitude: -18.372852 &lt;/td&gt;&lt;/tr&gt;
&lt;tr&gt;&lt;td&gt;Heading: 78.4 &lt;/td&gt;&lt;/tr&gt;
&lt;/table&gt;</desc>
    <sym>Flag, Blue</sym>
    <type>user</type>
  </wpt>
  <wpt lat="-18.373224958777428" lon="32.79530097730458">
    <ele>1767.1384801452948</ele>
    <time>2026-10-02T12:58:39.000Z</time>
    <name>The Epic 2025 001-533</name>
    <cmt>&lt;table&gt;
&lt;tr&gt;&lt;td&gt;Longitude: 32.795301 &lt;/td&gt;&lt;/tr&gt;
&lt;tr&gt;&lt;td&gt;Latitude: -18.373225 &lt;/td&gt;&lt;/tr&gt;
&lt;tr&gt;&lt;td&gt;Heading: 124.6 &lt;/td&gt;&lt;/tr&gt;
&lt;/table&gt;</cmt>
    <desc>&lt;table&gt;
&lt;tr&gt;&lt;td&gt;Longitude: 32.795301 &lt;/td&gt;&lt;/tr&gt;
&lt;tr&gt;&lt;td&gt;Latitude: -18.373225 &lt;/td&gt;&lt;/tr&gt;
&lt;tr&gt;&lt;td&gt;Heading: 124.6 &lt;/td&gt;&lt;/tr&gt;
&lt;/table&gt;</desc>
    <sym>Flag, Blue</sym>
    <type>user</type>
  </wpt>
  <wpt lat="-18.373688980937004" lon="32.79564597643912">
    <ele>1774.2413374454381</ele>
    <time>2026-10-02T12:58:39.000Z</time>
    <name>The Epic 2025 001-534</name>
    <cmt>&lt;table&gt;
&lt;tr&gt;&lt;td&gt;Longitude: 32.795646 &lt;/td&gt;&lt;/tr&gt;
&lt;tr&gt;&lt;td&gt;Latitude: -18.373689 &lt;/td&gt;&lt;/tr&gt;
&lt;tr&gt;&lt;td&gt;Heading: 144.8 &lt;/td&gt;&lt;/tr&gt;
&lt;/table&gt;</cmt>
    <desc>&lt;table&gt;
&lt;tr&gt;&lt;td&gt;Longitude: 32.795646 &lt;/td&gt;&lt;/tr&gt;
&lt;tr&gt;&lt;td&gt;Latitude: -18.373689 &lt;/td&gt;&lt;/tr&gt;
&lt;tr&gt;&lt;td&gt;Heading: 144.8 &lt;/td&gt;&lt;/tr&gt;
&lt;/table&gt;</desc>
    <sym>Flag, Blue</sym>
    <type>user</type>
  </wpt>
  <wpt lat="-18.373989975079894" lon="32.79592601582408">
    <ele>1778.0555626784464</ele>
    <time>2026-10-02T12:58:39.000Z</time>
    <name>The Epic 2025 001-535</name>
    <cmt>&lt;table&gt;
&lt;tr&gt;&lt;td&gt;Longitude: 32.795926 &lt;/td&gt;&lt;/tr&gt;
&lt;tr&gt;&lt;td&gt;Latitude: -18.373990 &lt;/td&gt;&lt;/tr&gt;
&lt;tr&gt;&lt;td&gt;Heading: 138.5 &lt;/td&gt;&lt;/tr&gt;
&lt;/table&gt;</cmt>
    <desc>&lt;table&gt;
&lt;tr&gt;&lt;td&gt;Longitude: 32.795926 &lt;/td&gt;&lt;/tr&gt;
&lt;tr&gt;&lt;td&gt;Latitude: -18.373990 &lt;/td&gt;&lt;/tr&gt;
&lt;tr&gt;&lt;td&gt;Heading: 138.5 &lt;/td&gt;&lt;/tr&gt;
&lt;/table&gt;</desc>
    <sym>Flag, Blue</sym>
    <type>user</type>
  </wpt>
  <wpt lat="-18.374249981716275" lon="32.796365981921554">
    <ele>1780.6472359225343</ele>
    <time>2026-10-02T12:58:39.000Z</time>
    <name>The Epic 2025 001-536</name>
    <cmt>&lt;table&gt;
&lt;tr&gt;&lt;td&gt;Longitude: 32.796366 &lt;/td&gt;&lt;/tr&gt;
&lt;tr&gt;&lt;td&gt;Latitude: -18.374250 &lt;/td&gt;&lt;/tr&gt;
&lt;tr&gt;&lt;td&gt;Heading: 121.9 &lt;/td&gt;&lt;/tr&gt;
&lt;/table&gt;</cmt>
    <desc>&lt;table&gt;
&lt;tr&gt;&lt;td&gt;Longitude: 32.796366 &lt;/td&gt;&lt;/tr&gt;
&lt;tr&gt;&lt;td&gt;Latitude: -18.374250 &lt;/td&gt;&lt;/tr&gt;
&lt;tr&gt;&lt;td&gt;Heading: 121.9 &lt;/td&gt;&lt;/tr&gt;
&lt;/table&gt;</desc>
    <sym>Flag, Blue</sym>
    <type>user</type>
  </wpt>
  <wpt lat="-18.374378979206085" lon="32.796582989394665">
    <ele>1783.7708194440206</ele>
    <time>2026-10-02T12:58:39.000Z</time>
    <name>The Epic 2025 001-537</name>
    <cmt>&lt;table&gt;
&lt;tr&gt;&lt;td&gt;Longitude: 32.796583 &lt;/td&gt;&lt;/tr&gt;
&lt;tr&gt;&lt;td&gt;Latitude: -18.374379 &lt;/td&gt;&lt;/tr&gt;
&lt;tr&gt;&lt;td&gt;Heading: 122.1 &lt;/td&gt;&lt;/tr&gt;
&lt;/table&gt;</cmt>
    <desc>&lt;table&gt;
&lt;tr&gt;&lt;td&gt;Longitude: 32.796583 &lt;/td&gt;&lt;/tr&gt;
&lt;tr&gt;&lt;td&gt;Latitude: -18.374379 &lt;/td&gt;&lt;/tr&gt;
&lt;tr&gt;&lt;td&gt;Heading: 122.1 &lt;/td&gt;&lt;/tr&gt;
&lt;/table&gt;</desc>
    <sym>Flag, Blue</sym>
    <type>user</type>
  </wpt>
  <wpt lat="-18.374447040259838" lon="32.79695397242904">
    <ele>1782.114484044204</ele>
    <time>2026-10-02T12:58:39.000Z</time>
    <name>The Epic 2025 001-538</name>
    <cmt>&lt;table&gt;
&lt;tr&gt;&lt;td&gt;Longitude: 32.796954 &lt;/td&gt;&lt;/tr&gt;
&lt;tr&gt;&lt;td&gt;Latitude: -18.374447 &lt;/td&gt;&lt;/tr&gt;
&lt;tr&gt;&lt;td&gt;Heading: 101.0 &lt;/td&gt;&lt;/tr&gt;
&lt;/table&gt;</cmt>
    <desc>&lt;table&gt;
&lt;tr&gt;&lt;td&gt;Longitude: 32.796954 &lt;/td&gt;&lt;/tr&gt;
&lt;tr&gt;&lt;td&gt;Latitude: -18.374447 &lt;/td&gt;&lt;/tr&gt;
&lt;tr&gt;&lt;td&gt;Heading: 101.0 &lt;/td&gt;&lt;/tr&gt;
&lt;/table&gt;</desc>
    <sym>Flag, Blue</sym>
    <type>user</type>
  </wpt>
  <wpt lat="-18.375318003818393" lon="32.79755596071482">
    <ele>1784.5238076279443</ele>
    <time>2026-10-02T12:58:39.000Z</time>
    <name>The Epic 2025 001-539</name>
    <cmt>&lt;table&gt;
&lt;tr&gt;&lt;td&gt;Longitude: 32.797556 &lt;/td&gt;&lt;/tr&gt;
&lt;tr&gt;&lt;td&gt;Latitude: -18.375318 &lt;/td&gt;&lt;/tr&gt;
&lt;tr&gt;&lt;td&gt;Heading: 146.7 &lt;/td&gt;&lt;/tr&gt;
&lt;/table&gt;</cmt>
    <desc>&lt;table&gt;
&lt;tr&gt;&lt;td&gt;Longitude: 32.797556 &lt;/td&gt;&lt;/tr&gt;
&lt;tr&gt;&lt;td&gt;Latitude: -18.375318 &lt;/td&gt;&lt;/tr&gt;
&lt;tr&gt;&lt;td&gt;Heading: 146.7 &lt;/td&gt;&lt;/tr&gt;
&lt;/table&gt;</desc>
    <sym>Flag, Blue</sym>
    <type>user</type>
  </wpt>
  <wpt lat="-18.448613975197077" lon="32.81040399335325">
    <ele>1706.6855216670401</ele>
    <time>2026-10-02T12:58:39.000Z</time>
    <name>The Epic 2025 001-54</name>
    <cmt>&lt;table&gt;
&lt;tr&gt;&lt;td&gt;Longitude: 32.810404 &lt;/td&gt;&lt;/tr&gt;
&lt;tr&gt;&lt;td&gt;Latitude: -18.448614 &lt;/td&gt;&lt;/tr&gt;
&lt;tr&gt;&lt;td&gt;Heading: 19.2 &lt;/td&gt;&lt;/tr&gt;
&lt;/table&gt;</cmt>
    <desc>&lt;table&gt;
&lt;tr&gt;&lt;td&gt;Longitude: 32.810404 &lt;/td&gt;&lt;/tr&gt;
&lt;tr&gt;&lt;td&gt;Latitude: -18.448614 &lt;/td&gt;&lt;/tr&gt;
&lt;tr&gt;&lt;td&gt;Heading: 19.2 &lt;/td&gt;&lt;/tr&gt;
&lt;/table&gt;</desc>
    <sym>Flag, Blue</sym>
    <type>user</type>
  </wpt>
  <wpt lat="-18.375624027103186" lon="32.797530982643366">
    <ele>1787.609540504869</ele>
    <time>2026-10-02T12:58:39.000Z</time>
    <name>The Epic 2025 001-540</name>
    <cmt>&lt;table&gt;
&lt;tr&gt;&lt;td&gt;Longitude: 32.797531 &lt;/td&gt;&lt;/tr&gt;
&lt;tr&gt;&lt;td&gt;Latitude: -18.375624 &lt;/td&gt;&lt;/tr&gt;
&lt;tr&gt;&lt;td&gt;Heading: 184.4 &lt;/td&gt;&lt;/tr&gt;
&lt;/table&gt;</cmt>
    <desc>&lt;table&gt;
&lt;tr&gt;&lt;td&gt;Longitude: 32.797531 &lt;/td&gt;&lt;/tr&gt;
&lt;tr&gt;&lt;td&gt;Latitude: -18.375624 &lt;/td&gt;&lt;/tr&gt;
&lt;tr&gt;&lt;td&gt;Heading: 184.4 &lt;/td&gt;&lt;/tr&gt;
&lt;/table&gt;</desc>
    <sym>Flag, Blue</sym>
    <type>user</type>
  </wpt>
  <wpt lat="-18.37591102346778" lon="32.797788977622986">
    <ele>1790.0920743541792</ele>
    <time>2026-10-02T12:58:39.000Z</time>
    <name>The Epic 2025 001-541</name>
    <cmt>&lt;table&gt;
&lt;tr&gt;&lt;td&gt;Longitude: 32.797789 &lt;/td&gt;&lt;/tr&gt;
&lt;tr&gt;&lt;td&gt;Latitude: -18.375911 &lt;/td&gt;&lt;/tr&gt;
&lt;tr&gt;&lt;td&gt;Heading: 139.5 &lt;/td&gt;&lt;/tr&gt;
&lt;/table&gt;</cmt>
    <desc>&lt;table&gt;
&lt;tr&gt;&lt;td&gt;Longitude: 32.797789 &lt;/td&gt;&lt;/tr&gt;
&lt;tr&gt;&lt;td&gt;Latitude: -18.375911 &lt;/td&gt;&lt;/tr&gt;
&lt;tr&gt;&lt;td&gt;Heading: 139.5 &lt;/td&gt;&lt;/tr&gt;
&lt;/table&gt;</desc>
    <sym>Flag, Blue</sym>
    <type>user</type>
  </wpt>
  <wpt lat="-18.37612995877862" lon="32.79834100976586">
    <ele>1792.2543235291953</ele>
    <time>2026-10-02T12:58:39.000Z</time>
    <name>The Epic 2025 001-542</name>
    <cmt>&lt;table&gt;
&lt;tr&gt;&lt;td&gt;Longitude: 32.798341 &lt;/td&gt;&lt;/tr&gt;
&lt;tr&gt;&lt;td&gt;Latitude: -18.376130 &lt;/td&gt;&lt;/tr&gt;
&lt;tr&gt;&lt;td&gt;Heading: 112.8 &lt;/td&gt;&lt;/tr&gt;
&lt;/table&gt;</cmt>
    <desc>&lt;table&gt;
&lt;tr&gt;&lt;td&gt;Longitude: 32.798341 &lt;/td&gt;&lt;/tr&gt;
&lt;tr&gt;&lt;td&gt;Latitude: -18.376130 &lt;/td&gt;&lt;/tr&gt;
&lt;tr&gt;&lt;td&gt;Heading: 112.8 &lt;/td&gt;&lt;/tr&gt;
&lt;/table&gt;</desc>
    <sym>Flag, Blue</sym>
    <type>user</type>
  </wpt>
  <wpt lat="-18.37604697793722" lon="32.798475958406925">
    <ele>1791.6364427237304</ele>
    <time>2026-10-02T12:58:39.000Z</time>
    <name>The Epic 2025 001-543</name>
    <cmt>&lt;table&gt;
&lt;tr&gt;&lt;td&gt;Longitude: 32.798476 &lt;/td&gt;&lt;/tr&gt;
&lt;tr&gt;&lt;td&gt;Latitude: -18.376047 &lt;/td&gt;&lt;/tr&gt;
&lt;tr&gt;&lt;td&gt;Heading: 57.0 &lt;/td&gt;&lt;/tr&gt;
&lt;/table&gt;</cmt>
    <desc>&lt;table&gt;
&lt;tr&gt;&lt;td&gt;Longitude: 32.798476 &lt;/td&gt;&lt;/tr&gt;
&lt;tr&gt;&lt;td&gt;Latitude: -18.376047 &lt;/td&gt;&lt;/tr&gt;
&lt;tr&gt;&lt;td&gt;Heading: 57.0 &lt;/td&gt;&lt;/tr&gt;
&lt;/table&gt;</desc>
    <sym>Flag, Blue</sym>
    <type>user</type>
  </wpt>
  <wpt lat="-18.37614797987044" lon="32.79878902249038">
    <ele>1794.3740543380845</ele>
    <time>2026-10-02T12:58:39.000Z</time>
    <name>The Epic 2025 001-544</name>
    <cmt>&lt;table&gt;
&lt;tr&gt;&lt;td&gt;Longitude: 32.798789 &lt;/td&gt;&lt;/tr&gt;
&lt;tr&gt;&lt;td&gt;Latitude: -18.376148 &lt;/td&gt;&lt;/tr&gt;
&lt;tr&gt;&lt;td&gt;Heading: 108.9 &lt;/td&gt;&lt;/tr&gt;
&lt;/table&gt;</cmt>
    <desc>&lt;table&gt;
&lt;tr&gt;&lt;td&gt;Longitude: 32.798789 &lt;/td&gt;&lt;/tr&gt;
&lt;tr&gt;&lt;td&gt;Latitude: -18.376148 &lt;/td&gt;&lt;/tr&gt;
&lt;tr&gt;&lt;td&gt;Heading: 108.9 &lt;/td&gt;&lt;/tr&gt;
&lt;/table&gt;</desc>
    <sym>Flag, Blue</sym>
    <type>user</type>
  </wpt>
  <wpt lat="-18.376246970146894" lon="32.79912698082626">
    <ele>1797.9179695229977</ele>
    <time>2026-10-02T12:58:39.000Z</time>
    <name>The Epic 2025 001-545</name>
    <cmt>&lt;table&gt;
&lt;tr&gt;&lt;td&gt;Longitude: 32.799127 &lt;/td&gt;&lt;/tr&gt;
&lt;tr&gt;&lt;td&gt;Latitude: -18.376247 &lt;/td&gt;&lt;/tr&gt;
&lt;tr&gt;&lt;td&gt;Heading: 107.1 &lt;/td&gt;&lt;/tr&gt;
&lt;/table&gt;</cmt>
    <desc>&lt;table&gt;
&lt;tr&gt;&lt;td&gt;Longitude: 32.799127 &lt;/td&gt;&lt;/tr&gt;
&lt;tr&gt;&lt;td&gt;Latitude: -18.376247 &lt;/td&gt;&lt;/tr&gt;
&lt;tr&gt;&lt;td&gt;Heading: 107.1 &lt;/td&gt;&lt;/tr&gt;
&lt;/table&gt;</desc>
    <sym>Flag, Blue</sym>
    <type>user</type>
  </wpt>
  <wpt lat="-18.37621402926743" lon="32.799396039918065">
    <ele>1799.6836306154728</ele>
    <time>2026-10-02T12:58:39.000Z</time>
    <name>The Epic 2025 001-546</name>
    <cmt>&lt;table&gt;
&lt;tr&gt;&lt;td&gt;Longitude: 32.799396 &lt;/td&gt;&lt;/tr&gt;
&lt;tr&gt;&lt;td&gt;Latitude: -18.376214 &lt;/td&gt;&lt;/tr&gt;
&lt;tr&gt;&lt;td&gt;Heading: 82.6 &lt;/td&gt;&lt;/tr&gt;
&lt;/table&gt;</cmt>
    <desc>&lt;table&gt;
&lt;tr&gt;&lt;td&gt;Longitude: 32.799396 &lt;/td&gt;&lt;/tr&gt;
&lt;tr&gt;&lt;td&gt;Latitude: -18.376214 &lt;/td&gt;&lt;/tr&gt;
&lt;tr&gt;&lt;td&gt;Heading: 82.6 &lt;/td&gt;&lt;/tr&gt;
&lt;/table&gt;</desc>
    <sym>Flag, Blue</sym>
    <type>user</type>
  </wpt>
  <wpt lat="-18.376005990430713" lon="32.799678007140756">
    <ele>1801.3703661710024</ele>
    <time>2026-10-02T12:58:39.000Z</time>
    <name>The Epic 2025 001-547</name>
    <cmt>&lt;table&gt;
&lt;tr&gt;&lt;td&gt;Longitude: 32.799678 &lt;/td&gt;&lt;/tr&gt;
&lt;tr&gt;&lt;td&gt;Latitude: -18.376006 &lt;/td&gt;&lt;/tr&gt;
&lt;tr&gt;&lt;td&gt;Heading: 52.2 &lt;/td&gt;&lt;/tr&gt;
&lt;/table&gt;</cmt>
    <desc>&lt;table&gt;
&lt;tr&gt;&lt;td&gt;Longitude: 32.799678 &lt;/td&gt;&lt;/tr&gt;
&lt;tr&gt;&lt;td&gt;Latitude: -18.376006 &lt;/td&gt;&lt;/tr&gt;
&lt;tr&gt;&lt;td&gt;Heading: 52.2 &lt;/td&gt;&lt;/tr&gt;
&lt;/table&gt;</desc>
    <sym>Flag, Blue</sym>
    <type>user</type>
  </wpt>
  <wpt lat="-18.375728968530893" lon="32.800152003765106">
    <ele>1805.2444875820656</ele>
    <time>2026-10-02T12:58:39.000Z</time>
    <name>The Epic 2025 001-548</name>
    <cmt>&lt;table&gt;
&lt;tr&gt;&lt;td&gt;Longitude: 32.800152 &lt;/td&gt;&lt;/tr&gt;
&lt;tr&gt;&lt;td&gt;Latitude: -18.375729 &lt;/td&gt;&lt;/tr&gt;
&lt;tr&gt;&lt;td&gt;Heading: 58.4 &lt;/td&gt;&lt;/tr&gt;
&lt;/table&gt;</cmt>
    <desc>&lt;table&gt;
&lt;tr&gt;&lt;td&gt;Longitude: 32.800152 &lt;/td&gt;&lt;/tr&gt;
&lt;tr&gt;&lt;td&gt;Latitude: -18.375729 &lt;/td&gt;&lt;/tr&gt;
&lt;tr&gt;&lt;td&gt;Heading: 58.4 &lt;/td&gt;&lt;/tr&gt;
&lt;/table&gt;</desc>
    <sym>Flag, Blue</sym>
    <type>user</type>
  </wpt>
  <wpt lat="-18.37552696466446" lon="32.80026197433472">
    <ele>1803.8288454914</ele>
    <time>2026-10-02T12:58:39.000Z</time>
    <name>The Epic 2025 001-549</name>
    <cmt>&lt;table&gt;
&lt;tr&gt;&lt;td&gt;Longitude: 32.800262 &lt;/td&gt;&lt;/tr&gt;
&lt;tr&gt;&lt;td&gt;Latitude: -18.375527 &lt;/td&gt;&lt;/tr&gt;
&lt;tr&gt;&lt;td&gt;Heading: 27.2 &lt;/td&gt;&lt;/tr&gt;
&lt;/table&gt;</cmt>
    <desc>&lt;table&gt;
&lt;tr&gt;&lt;td&gt;Longitude: 32.800262 &lt;/td&gt;&lt;/tr&gt;
&lt;tr&gt;&lt;td&gt;Latitude: -18.375527 &lt;/td&gt;&lt;/tr&gt;
&lt;tr&gt;&lt;td&gt;Heading: 27.2 &lt;/td&gt;&lt;/tr&gt;
&lt;/table&gt;</desc>
    <sym>Flag, Blue</sym>
    <type>user</type>
  </wpt>
  <wpt lat="-18.4481880068779" lon="32.81074798665941">
    <ele>1687.6794280741183</ele>
    <time>2026-10-02T12:58:39.000Z</time>
    <name>The Epic 2025 001-55</name>
    <cmt>&lt;table&gt;
&lt;tr&gt;&lt;td&gt;Longitude: 32.810748 &lt;/td&gt;&lt;/tr&gt;
&lt;tr&gt;&lt;td&gt;Latitude: -18.448188 &lt;/td&gt;&lt;/tr&gt;
&lt;tr&gt;&lt;td&gt;Heading: 37.4 &lt;/td&gt;&lt;/tr&gt;
&lt;/table&gt;</cmt>
    <desc>&lt;table&gt;
&lt;tr&gt;&lt;td&gt;Longitude: 32.810748 &lt;/td&gt;&lt;/tr&gt;
&lt;tr&gt;&lt;td&gt;Latitude: -18.448188 &lt;/td&gt;&lt;/tr&gt;
&lt;tr&gt;&lt;td&gt;Heading: 37.4 &lt;/td&gt;&lt;/tr&gt;
&lt;/table&gt;</desc>
    <sym>Flag, Blue</sym>
    <type>user</type>
  </wpt>
  <wpt lat="-18.37537902407348" lon="32.80074200592935">
    <ele>1804.499785283464</ele>
    <time>2026-10-02T12:58:39.000Z</time>
    <name>The Epic 2025 001-550</name>
    <cmt>&lt;table&gt;
&lt;tr&gt;&lt;td&gt;Longitude: 32.800742 &lt;/td&gt;&lt;/tr&gt;
&lt;tr&gt;&lt;td&gt;Latitude: -18.375379 &lt;/td&gt;&lt;/tr&gt;
&lt;tr&gt;&lt;td&gt;Heading: 72.0 &lt;/td&gt;&lt;/tr&gt;
&lt;/table&gt;</cmt>
    <desc>&lt;table&gt;
&lt;tr&gt;&lt;td&gt;Longitude: 32.800742 &lt;/td&gt;&lt;/tr&gt;
&lt;tr&gt;&lt;td&gt;Latitude: -18.375379 &lt;/td&gt;&lt;/tr&gt;
&lt;tr&gt;&lt;td&gt;Heading: 72.0 &lt;/td&gt;&lt;/tr&gt;
&lt;/table&gt;</desc>
    <sym>Flag, Blue</sym>
    <type>user</type>
  </wpt>
  <wpt lat="-18.375079035758972" lon="32.801286997273564">
    <ele>1804.4102769807214</ele>
    <time>2026-10-02T12:58:39.000Z</time>
    <name>The Epic 2025 001-551</name>
    <cmt>&lt;table&gt;
&lt;tr&gt;&lt;td&gt;Longitude: 32.801287 &lt;/td&gt;&lt;/tr&gt;
&lt;tr&gt;&lt;td&gt;Latitude: -18.375079 &lt;/td&gt;&lt;/tr&gt;
&lt;tr&gt;&lt;td&gt;Heading: 59.9 &lt;/td&gt;&lt;/tr&gt;
&lt;/table&gt;</cmt>
    <desc>&lt;table&gt;
&lt;tr&gt;&lt;td&gt;Longitude: 32.801287 &lt;/td&gt;&lt;/tr&gt;
&lt;tr&gt;&lt;td&gt;Latitude: -18.375079 &lt;/td&gt;&lt;/tr&gt;
&lt;tr&gt;&lt;td&gt;Heading: 59.9 &lt;/td&gt;&lt;/tr&gt;
&lt;/table&gt;</desc>
    <sym>Flag, Blue</sym>
    <type>user</type>
  </wpt>
  <wpt lat="-18.374917013570666" lon="32.80180801637471">
    <ele>1803.6129696517742</ele>
    <time>2026-10-02T12:58:39.000Z</time>
    <name>The Epic 2025 001-552</name>
    <cmt>&lt;table&gt;
&lt;tr&gt;&lt;td&gt;Longitude: 32.801808 &lt;/td&gt;&lt;/tr&gt;
&lt;tr&gt;&lt;td&gt;Latitude: -18.374917 &lt;/td&gt;&lt;/tr&gt;
&lt;tr&gt;&lt;td&gt;Heading: 71.9 &lt;/td&gt;&lt;/tr&gt;
&lt;/table&gt;</cmt>
    <desc>&lt;table&gt;
&lt;tr&gt;&lt;td&gt;Longitude: 32.801808 &lt;/td&gt;&lt;/tr&gt;
&lt;tr&gt;&lt;td&gt;Latitude: -18.374917 &lt;/td&gt;&lt;/tr&gt;
&lt;tr&gt;&lt;td&gt;Heading: 71.9 &lt;/td&gt;&lt;/tr&gt;
&lt;/table&gt;</desc>
    <sym>Flag, Blue</sym>
    <type>user</type>
  </wpt>
  <wpt lat="-18.374878959730268" lon="32.80224597081542">
    <ele>1804.8649514023273</ele>
    <time>2026-10-02T12:58:39.000Z</time>
    <name>The Epic 2025 001-553</name>
    <cmt>&lt;table&gt;
&lt;tr&gt;&lt;td&gt;Longitude: 32.802246 &lt;/td&gt;&lt;/tr&gt;
&lt;tr&gt;&lt;td&gt;Latitude: -18.374879 &lt;/td&gt;&lt;/tr&gt;
&lt;tr&gt;&lt;td&gt;Heading: 84.8 &lt;/td&gt;&lt;/tr&gt;
&lt;/table&gt;</cmt>
    <desc>&lt;table&gt;
&lt;tr&gt;&lt;td&gt;Longitude: 32.802246 &lt;/td&gt;&lt;/tr&gt;
&lt;tr&gt;&lt;td&gt;Latitude: -18.374879 &lt;/td&gt;&lt;/tr&gt;
&lt;tr&gt;&lt;td&gt;Heading: 84.8 &lt;/td&gt;&lt;/tr&gt;
&lt;/table&gt;</desc>
    <sym>Flag, Blue</sym>
    <type>user</type>
  </wpt>
  <wpt lat="-18.37503695860505" lon="32.80263296328485">
    <ele>1811.0140781386315</ele>
    <time>2026-10-02T12:58:39.000Z</time>
    <name>The Epic 2025 001-554</name>
    <cmt>&lt;table&gt;
&lt;tr&gt;&lt;td&gt;Longitude: 32.802633 &lt;/td&gt;&lt;/tr&gt;
&lt;tr&gt;&lt;td&gt;Latitude: -18.375037 &lt;/td&gt;&lt;/tr&gt;
&lt;tr&gt;&lt;td&gt;Heading: 113.3 &lt;/td&gt;&lt;/tr&gt;
&lt;/table&gt;</cmt>
    <desc>&lt;table&gt;
&lt;tr&gt;&lt;td&gt;Longitude: 32.802633 &lt;/td&gt;&lt;/tr&gt;
&lt;tr&gt;&lt;td&gt;Latitude: -18.375037 &lt;/td&gt;&lt;/tr&gt;
&lt;tr&gt;&lt;td&gt;Heading: 113.3 &lt;/td&gt;&lt;/tr&gt;
&lt;/table&gt;</desc>
    <sym>Flag, Blue</sym>
    <type>user</type>
  </wpt>
  <wpt lat="-18.374748034402728" lon="32.803135961294174">
    <ele>1811.7185162301812</ele>
    <time>2026-10-02T12:58:39.000Z</time>
    <name>The Epic 2025 001-555</name>
    <cmt>&lt;table&gt;
&lt;tr&gt;&lt;td&gt;Longitude: 32.803136 &lt;/td&gt;&lt;/tr&gt;
&lt;tr&gt;&lt;td&gt;Latitude: -18.374748 &lt;/td&gt;&lt;/tr&gt;
&lt;tr&gt;&lt;td&gt;Heading: 58.8 &lt;/td&gt;&lt;/tr&gt;
&lt;/table&gt;</cmt>
    <desc>&lt;table&gt;
&lt;tr&gt;&lt;td&gt;Longitude: 32.803136 &lt;/td&gt;&lt;/tr&gt;
&lt;tr&gt;&lt;td&gt;Latitude: -18.374748 &lt;/td&gt;&lt;/tr&gt;
&lt;tr&gt;&lt;td&gt;Heading: 58.8 &lt;/td&gt;&lt;/tr&gt;
&lt;/table&gt;</desc>
    <sym>Flag, Blue</sym>
    <type>user</type>
  </wpt>
  <wpt lat="-18.374246964231133" lon="32.803092962130904">
    <ele>1806.2805752806528</ele>
    <time>2026-10-02T12:58:39.000Z</time>
    <name>The Epic 2025 001-556</name>
    <cmt>&lt;table&gt;
&lt;tr&gt;&lt;td&gt;Longitude: 32.803093 &lt;/td&gt;&lt;/tr&gt;
&lt;tr&gt;&lt;td&gt;Latitude: -18.374247 &lt;/td&gt;&lt;/tr&gt;
&lt;tr&gt;&lt;td&gt;Heading: 355.4 &lt;/td&gt;&lt;/tr&gt;
&lt;/table&gt;</cmt>
    <desc>&lt;table&gt;
&lt;tr&gt;&lt;td&gt;Longitude: 32.803093 &lt;/td&gt;&lt;/tr&gt;
&lt;tr&gt;&lt;td&gt;Latitude: -18.374247 &lt;/td&gt;&lt;/tr&gt;
&lt;tr&gt;&lt;td&gt;Heading: 355.4 &lt;/td&gt;&lt;/tr&gt;
&lt;/table&gt;</desc>
    <sym>Flag, Blue</sym>
    <type>user</type>
  </wpt>
  <wpt lat="-18.373930966481566" lon="32.802897999063134">
    <ele>1804.23095703125</ele>
    <time>2026-10-02T12:58:39.000Z</time>
    <name>The Epic 2025 001-557</name>
    <cmt>&lt;table&gt;
&lt;tr&gt;&lt;td&gt;Longitude: 32.802898 &lt;/td&gt;&lt;/tr&gt;
&lt;tr&gt;&lt;td&gt;Latitude: -18.373931 &lt;/td&gt;&lt;/tr&gt;
&lt;tr&gt;&lt;td&gt;Heading: 329.6 &lt;/td&gt;&lt;/tr&gt;
&lt;/table&gt;</cmt>
    <desc>&lt;table&gt;
&lt;tr&gt;&lt;td&gt;Longitude: 32.802898 &lt;/td&gt;&lt;/tr&gt;
&lt;tr&gt;&lt;td&gt;Latitude: -18.373931 &lt;/td&gt;&lt;/tr&gt;
&lt;tr&gt;&lt;td&gt;Heading: 329.6 &lt;/td&gt;&lt;/tr&gt;
&lt;/table&gt;</desc>
    <sym>Flag, Blue</sym>
    <type>user</type>
  </wpt>
  <wpt lat="-18.373047010973096" lon="32.80255903489888">
    <ele>1805.9343805031526</ele>
    <time>2026-10-02T12:58:39.000Z</time>
    <name>The Epic 2025 001-558</name>
    <cmt>&lt;table&gt;
&lt;tr&gt;&lt;td&gt;Longitude: 32.802559 &lt;/td&gt;&lt;/tr&gt;
&lt;tr&gt;&lt;td&gt;Latitude: -18.373047 &lt;/td&gt;&lt;/tr&gt;
&lt;tr&gt;&lt;td&gt;Heading: 340.0 &lt;/td&gt;&lt;/tr&gt;
&lt;/table&gt;</cmt>
    <desc>&lt;table&gt;
&lt;tr&gt;&lt;td&gt;Longitude: 32.802559 &lt;/td&gt;&lt;/tr&gt;
&lt;tr&gt;&lt;td&gt;Latitude: -18.373047 &lt;/td&gt;&lt;/tr&gt;
&lt;tr&gt;&lt;td&gt;Heading: 340.0 &lt;/td&gt;&lt;/tr&gt;
&lt;/table&gt;</desc>
    <sym>Flag, Blue</sym>
    <type>user</type>
  </wpt>
  <wpt lat="-18.37240998633206" lon="32.8024229966104">
    <ele>1812.2938872804375</ele>
    <time>2026-10-02T12:58:39.000Z</time>
    <name>The Epic 2025 001-559</name>
    <cmt>&lt;table&gt;
&lt;tr&gt;&lt;td&gt;Longitude: 32.802423 &lt;/td&gt;&lt;/tr&gt;
&lt;tr&gt;&lt;td&gt;Latitude: -18.372410 &lt;/td&gt;&lt;/tr&gt;
&lt;tr&gt;&lt;td&gt;Heading: 348.5 &lt;/td&gt;&lt;/tr&gt;
&lt;/table&gt;</cmt>
    <desc>&lt;table&gt;
&lt;tr&gt;&lt;td&gt;Longitude: 32.802423 &lt;/td&gt;&lt;/tr&gt;
&lt;tr&gt;&lt;td&gt;Latitude: -18.372410 &lt;/td&gt;&lt;/tr&gt;
&lt;tr&gt;&lt;td&gt;Heading: 348.5 &lt;/td&gt;&lt;/tr&gt;
&lt;/table&gt;</desc>
    <sym>Flag, Blue</sym>
    <type>user</type>
  </wpt>
  <wpt lat="-18.447750974446535" lon="32.81092400662601">
    <ele>1682.410810970775</ele>
    <time>2026-10-02T12:58:39.000Z</time>
    <name>The Epic 2025 001-56</name>
    <cmt>&lt;table&gt;
&lt;tr&gt;&lt;td&gt;Longitude: 32.810924 &lt;/td&gt;&lt;/tr&gt;
&lt;tr&gt;&lt;td&gt;Latitude: -18.447751 &lt;/td&gt;&lt;/tr&gt;
&lt;tr&gt;&lt;td&gt;Heading: 20.9 &lt;/td&gt;&lt;/tr&gt;
&lt;/table&gt;</cmt>
    <desc>&lt;table&gt;
&lt;tr&gt;&lt;td&gt;Longitude: 32.810924 &lt;/td&gt;&lt;/tr&gt;
&lt;tr&gt;&lt;td&gt;Latitude: -18.447751 &lt;/td&gt;&lt;/tr&gt;
&lt;tr&gt;&lt;td&gt;Heading: 20.9 &lt;/td&gt;&lt;/tr&gt;
&lt;/table&gt;</desc>
    <sym>Flag, Blue</sym>
    <type>user</type>
  </wpt>
  <wpt lat="-18.371825013309717" lon="32.802618965506554">
    <ele>1814.9866668055765</ele>
    <time>2026-10-02T12:58:39.000Z</time>
    <name>The Epic 2025 001-560</name>
    <cmt>&lt;table&gt;
&lt;tr&gt;&lt;td&gt;Longitude: 32.802619 &lt;/td&gt;&lt;/tr&gt;
&lt;tr&gt;&lt;td&gt;Latitude: -18.371825 &lt;/td&gt;&lt;/tr&gt;
&lt;tr&gt;&lt;td&gt;Heading: 17.6 &lt;/td&gt;&lt;/tr&gt;
&lt;/table&gt;</cmt>
    <desc>&lt;table&gt;
&lt;tr&gt;&lt;td&gt;Longitude: 32.802619 &lt;/td&gt;&lt;/tr&gt;
&lt;tr&gt;&lt;td&gt;Latitude: -18.371825 &lt;/td&gt;&lt;/tr&gt;
&lt;tr&gt;&lt;td&gt;Heading: 17.6 &lt;/td&gt;&lt;/tr&gt;
&lt;/table&gt;</desc>
    <sym>Flag, Blue</sym>
    <type>user</type>
  </wpt>
  <wpt lat="-18.371428968384862" lon="32.80306697823107">
    <ele>1814.6923279133134</ele>
    <time>2026-10-02T12:58:39.000Z</time>
    <name>The Epic 2025 001-561</name>
    <cmt>&lt;table&gt;
&lt;tr&gt;&lt;td&gt;Longitude: 32.803067 &lt;/td&gt;&lt;/tr&gt;
&lt;tr&gt;&lt;td&gt;Latitude: -18.371429 &lt;/td&gt;&lt;/tr&gt;
&lt;tr&gt;&lt;td&gt;Heading: 47.1 &lt;/td&gt;&lt;/tr&gt;
&lt;/table&gt;</cmt>
    <desc>&lt;table&gt;
&lt;tr&gt;&lt;td&gt;Longitude: 32.803067 &lt;/td&gt;&lt;/tr&gt;
&lt;tr&gt;&lt;td&gt;Latitude: -18.371429 &lt;/td&gt;&lt;/tr&gt;
&lt;tr&gt;&lt;td&gt;Heading: 47.1 &lt;/td&gt;&lt;/tr&gt;
&lt;/table&gt;</desc>
    <sym>Flag, Blue</sym>
    <type>user</type>
  </wpt>
  <wpt lat="-18.371246997267008" lon="32.80343301594257">
    <ele>1817.509993005544</ele>
    <time>2026-10-02T12:58:39.000Z</time>
    <name>The Epic 2025 001-562</name>
    <cmt>&lt;table&gt;
&lt;tr&gt;&lt;td&gt;Longitude: 32.803433 &lt;/td&gt;&lt;/tr&gt;
&lt;tr&gt;&lt;td&gt;Latitude: -18.371247 &lt;/td&gt;&lt;/tr&gt;
&lt;tr&gt;&lt;td&gt;Heading: 62.3 &lt;/td&gt;&lt;/tr&gt;
&lt;/table&gt;</cmt>
    <desc>&lt;table&gt;
&lt;tr&gt;&lt;td&gt;Longitude: 32.803433 &lt;/td&gt;&lt;/tr&gt;
&lt;tr&gt;&lt;td&gt;Latitude: -18.371247 &lt;/td&gt;&lt;/tr&gt;
&lt;tr&gt;&lt;td&gt;Heading: 62.3 &lt;/td&gt;&lt;/tr&gt;
&lt;/table&gt;</desc>
    <sym>Flag, Blue</sym>
    <type>user</type>
  </wpt>
  <wpt lat="-18.37101800367236" lon="32.803672989830375">
    <ele>1816.7520608827967</ele>
    <time>2026-10-02T12:58:39.000Z</time>
    <name>The Epic 2025 001-563</name>
    <cmt>&lt;table&gt;
&lt;tr&gt;&lt;td&gt;Longitude: 32.803673 &lt;/td&gt;&lt;/tr&gt;
&lt;tr&gt;&lt;td&gt;Latitude: -18.371018 &lt;/td&gt;&lt;/tr&gt;
&lt;tr&gt;&lt;td&gt;Heading: 44.9 &lt;/td&gt;&lt;/tr&gt;
&lt;/table&gt;</cmt>
    <desc>&lt;table&gt;
&lt;tr&gt;&lt;td&gt;Longitude: 32.803673 &lt;/td&gt;&lt;/tr&gt;
&lt;tr&gt;&lt;td&gt;Latitude: -18.371018 &lt;/td&gt;&lt;/tr&gt;
&lt;tr&gt;&lt;td&gt;Heading: 44.9 &lt;/td&gt;&lt;/tr&gt;
&lt;/table&gt;</desc>
    <sym>Flag, Blue</sym>
    <type>user</type>
  </wpt>
  <wpt lat="-18.370594969019294" lon="32.80398798175156">
    <ele>1815.5086705107242</ele>
    <time>2026-10-02T12:58:39.000Z</time>
    <name>The Epic 2025 001-564</name>
    <cmt>&lt;table&gt;
&lt;tr&gt;&lt;td&gt;Longitude: 32.803988 &lt;/td&gt;&lt;/tr&gt;
&lt;tr&gt;&lt;td&gt;Latitude: -18.370595 &lt;/td&gt;&lt;/tr&gt;
&lt;tr&gt;&lt;td&gt;Heading: 35.2 &lt;/td&gt;&lt;/tr&gt;
&lt;/table&gt;</cmt>
    <desc>&lt;table&gt;
&lt;tr&gt;&lt;td&gt;Longitude: 32.803988 &lt;/td&gt;&lt;/tr&gt;
&lt;tr&gt;&lt;td&gt;Latitude: -18.370595 &lt;/td&gt;&lt;/tr&gt;
&lt;tr&gt;&lt;td&gt;Heading: 35.2 &lt;/td&gt;&lt;/tr&gt;
&lt;/table&gt;</desc>
    <sym>Flag, Blue</sym>
    <type>user</type>
  </wpt>
  <wpt lat="-18.36981302127242" lon="32.80465601943433">
    <ele>1813.641909295095</ele>
    <time>2026-10-02T12:58:39.000Z</time>
    <name>The Epic 2025 001-565</name>
    <cmt>&lt;table&gt;
&lt;tr&gt;&lt;td&gt;Longitude: 32.804656 &lt;/td&gt;&lt;/tr&gt;
&lt;tr&gt;&lt;td&gt;Latitude: -18.369813 &lt;/td&gt;&lt;/tr&gt;
&lt;tr&gt;&lt;td&gt;Heading: 39.1 &lt;/td&gt;&lt;/tr&gt;
&lt;/table&gt;</cmt>
    <desc>&lt;table&gt;
&lt;tr&gt;&lt;td&gt;Longitude: 32.804656 &lt;/td&gt;&lt;/tr&gt;
&lt;tr&gt;&lt;td&gt;Latitude: -18.369813 &lt;/td&gt;&lt;/tr&gt;
&lt;tr&gt;&lt;td&gt;Heading: 39.1 &lt;/td&gt;&lt;/tr&gt;
&lt;/table&gt;</desc>
    <sym>Flag, Blue</sym>
    <type>user</type>
  </wpt>
  <wpt lat="-18.36946902796626" lon="32.80524996109307">
    <ele>1809.0232976632353</ele>
    <time>2026-10-02T12:58:39.000Z</time>
    <name>The Epic 2025 001-566</name>
    <cmt>&lt;table&gt;
&lt;tr&gt;&lt;td&gt;Longitude: 32.805250 &lt;/td&gt;&lt;/tr&gt;
&lt;tr&gt;&lt;td&gt;Latitude: -18.369469 &lt;/td&gt;&lt;/tr&gt;
&lt;tr&gt;&lt;td&gt;Heading: 58.6 &lt;/td&gt;&lt;/tr&gt;
&lt;/table&gt;</cmt>
    <desc>&lt;table&gt;
&lt;tr&gt;&lt;td&gt;Longitude: 32.805250 &lt;/td&gt;&lt;/tr&gt;
&lt;tr&gt;&lt;td&gt;Latitude: -18.369469 &lt;/td&gt;&lt;/tr&gt;
&lt;tr&gt;&lt;td&gt;Heading: 58.6 &lt;/td&gt;&lt;/tr&gt;
&lt;/table&gt;</desc>
    <sym>Flag, Blue</sym>
    <type>user</type>
  </wpt>
  <wpt lat="-18.369436003267765" lon="32.80561901628971">
    <ele>1809.4811975288617</ele>
    <time>2026-10-02T12:58:39.000Z</time>
    <name>The Epic 2025 001-567</name>
    <cmt>&lt;table&gt;
&lt;tr&gt;&lt;td&gt;Longitude: 32.805619 &lt;/td&gt;&lt;/tr&gt;
&lt;tr&gt;&lt;td&gt;Latitude: -18.369436 &lt;/td&gt;&lt;/tr&gt;
&lt;tr&gt;&lt;td&gt;Heading: 84.6 &lt;/td&gt;&lt;/tr&gt;
&lt;/table&gt;</cmt>
    <desc>&lt;table&gt;
&lt;tr&gt;&lt;td&gt;Longitude: 32.805619 &lt;/td&gt;&lt;/tr&gt;
&lt;tr&gt;&lt;td&gt;Latitude: -18.369436 &lt;/td&gt;&lt;/tr&gt;
&lt;tr&gt;&lt;td&gt;Heading: 84.6 &lt;/td&gt;&lt;/tr&gt;
&lt;/table&gt;</desc>
    <sym>Flag, Blue</sym>
    <type>user</type>
  </wpt>
  <wpt lat="-18.369242968037724" lon="32.80602503567934">
    <ele>1810.2397822806215</ele>
    <time>2026-10-02T12:58:39.000Z</time>
    <name>The Epic 2025 001-568</name>
    <cmt>&lt;table&gt;
&lt;tr&gt;&lt;td&gt;Longitude: 32.806025 &lt;/td&gt;&lt;/tr&gt;
&lt;tr&gt;&lt;td&gt;Latitude: -18.369243 &lt;/td&gt;&lt;/tr&gt;
&lt;tr&gt;&lt;td&gt;Heading: 63.4 &lt;/td&gt;&lt;/tr&gt;
&lt;/table&gt;</cmt>
    <desc>&lt;table&gt;
&lt;tr&gt;&lt;td&gt;Longitude: 32.806025 &lt;/td&gt;&lt;/tr&gt;
&lt;tr&gt;&lt;td&gt;Latitude: -18.369243 &lt;/td&gt;&lt;/tr&gt;
&lt;tr&gt;&lt;td&gt;Heading: 63.4 &lt;/td&gt;&lt;/tr&gt;
&lt;/table&gt;</desc>
    <sym>Flag, Blue</sym>
    <type>user</type>
  </wpt>
  <wpt lat="-18.36897499859333" lon="32.80647698789835">
    <ele>1812.1146285415257</ele>
    <time>2026-10-02T12:58:39.000Z</time>
    <name>The Epic 2025 001-569</name>
    <cmt>&lt;table&gt;
&lt;tr&gt;&lt;td&gt;Longitude: 32.806477 &lt;/td&gt;&lt;/tr&gt;
&lt;tr&gt;&lt;td&gt;Latitude: -18.368975 &lt;/td&gt;&lt;/tr&gt;
&lt;tr&gt;&lt;td&gt;Heading: 57.9 &lt;/td&gt;&lt;/tr&gt;
&lt;/table&gt;</cmt>
    <desc>&lt;table&gt;
&lt;tr&gt;&lt;td&gt;Longitude: 32.806477 &lt;/td&gt;&lt;/tr&gt;
&lt;tr&gt;&lt;td&gt;Latitude: -18.368975 &lt;/td&gt;&lt;/tr&gt;
&lt;tr&gt;&lt;td&gt;Heading: 57.9 &lt;/td&gt;&lt;/tr&gt;
&lt;/table&gt;</desc>
    <sym>Flag, Blue</sym>
    <type>user</type>
  </wpt>
  <wpt lat="-18.447255017235875" lon="32.811257019639015">
    <ele>1676.3360980024436</ele>
    <time>2026-10-02T12:58:39.000Z</time>
    <name>The Epic 2025 001-57</name>
    <cmt>&lt;table&gt;
&lt;tr&gt;&lt;td&gt;Longitude: 32.811257 &lt;/td&gt;&lt;/tr&gt;
&lt;tr&gt;&lt;td&gt;Latitude: -18.447255 &lt;/td&gt;&lt;/tr&gt;
&lt;tr&gt;&lt;td&gt;Heading: 32.5 &lt;/td&gt;&lt;/tr&gt;
&lt;/table&gt;</cmt>
    <desc>&lt;table&gt;
&lt;tr&gt;&lt;td&gt;Longitude: 32.811257 &lt;/td&gt;&lt;/tr&gt;
&lt;tr&gt;&lt;td&gt;Latitude: -18.447255 &lt;/td&gt;&lt;/tr&gt;
&lt;tr&gt;&lt;td&gt;Heading: 32.5 &lt;/td&gt;&lt;/tr&gt;
&lt;/table&gt;</desc>
    <sym>Flag, Blue</sym>
    <type>user</type>
  </wpt>
  <wpt lat="-18.36882202886045" lon="32.80685802921653">
    <ele>1809.801869448013</ele>
    <time>2026-10-02T12:58:39.000Z</time>
    <name>The Epic 2025 001-570</name>
    <cmt>&lt;table&gt;
&lt;tr&gt;&lt;td&gt;Longitude: 32.806858 &lt;/td&gt;&lt;/tr&gt;
&lt;tr&gt;&lt;td&gt;Latitude: -18.368822 &lt;/td&gt;&lt;/tr&gt;
&lt;tr&gt;&lt;td&gt;Heading: 67.1 &lt;/td&gt;&lt;/tr&gt;
&lt;/table&gt;</cmt>
    <desc>&lt;table&gt;
&lt;tr&gt;&lt;td&gt;Longitude: 32.806858 &lt;/td&gt;&lt;/tr&gt;
&lt;tr&gt;&lt;td&gt;Latitude: -18.368822 &lt;/td&gt;&lt;/tr&gt;
&lt;tr&gt;&lt;td&gt;Heading: 67.1 &lt;/td&gt;&lt;/tr&gt;
&lt;/table&gt;</desc>
    <sym>Flag, Blue</sym>
    <type>user</type>
  </wpt>
  <wpt lat="-18.368766037747264" lon="32.80736396089196">
    <ele>1809.3657395253533</ele>
    <time>2026-10-02T12:58:39.000Z</time>
    <name>The Epic 2025 001-571</name>
    <cmt>&lt;table&gt;
&lt;tr&gt;&lt;td&gt;Longitude: 32.807364 &lt;/td&gt;&lt;/tr&gt;
&lt;tr&gt;&lt;td&gt;Latitude: -18.368766 &lt;/td&gt;&lt;/tr&gt;
&lt;tr&gt;&lt;td&gt;Heading: 83.3 &lt;/td&gt;&lt;/tr&gt;
&lt;/table&gt;</cmt>
    <desc>&lt;table&gt;
&lt;tr&gt;&lt;td&gt;Longitude: 32.807364 &lt;/td&gt;&lt;/tr&gt;
&lt;tr&gt;&lt;td&gt;Latitude: -18.368766 &lt;/td&gt;&lt;/tr&gt;
&lt;tr&gt;&lt;td&gt;Heading: 83.3 &lt;/td&gt;&lt;/tr&gt;
&lt;/table&gt;</desc>
    <sym>Flag, Blue</sym>
    <type>user</type>
  </wpt>
  <wpt lat="-18.368793027475476" lon="32.807840975001454">
    <ele>1811.1245516845956</ele>
    <time>2026-10-02T12:58:39.000Z</time>
    <name>The Epic 2025 001-572</name>
    <cmt>&lt;table&gt;
&lt;tr&gt;&lt;td&gt;Longitude: 32.807841 &lt;/td&gt;&lt;/tr&gt;
&lt;tr&gt;&lt;td&gt;Latitude: -18.368793 &lt;/td&gt;&lt;/tr&gt;
&lt;tr&gt;&lt;td&gt;Heading: 93.5 &lt;/td&gt;&lt;/tr&gt;
&lt;/table&gt;</cmt>
    <desc>&lt;table&gt;
&lt;tr&gt;&lt;td&gt;Longitude: 32.807841 &lt;/td&gt;&lt;/tr&gt;
&lt;tr&gt;&lt;td&gt;Latitude: -18.368793 &lt;/td&gt;&lt;/tr&gt;
&lt;tr&gt;&lt;td&gt;Heading: 93.5 &lt;/td&gt;&lt;/tr&gt;
&lt;/table&gt;</desc>
    <sym>Flag, Blue</sym>
    <type>user</type>
  </wpt>
  <wpt lat="-18.368710968643427" lon="32.808230984956026">
    <ele>1818.2259574764175</ele>
    <time>2026-10-02T12:58:39.000Z</time>
    <name>The Epic 2025 001-573</name>
    <cmt>&lt;table&gt;
&lt;tr&gt;&lt;td&gt;Longitude: 32.808231 &lt;/td&gt;&lt;/tr&gt;
&lt;tr&gt;&lt;td&gt;Latitude: -18.368711 &lt;/td&gt;&lt;/tr&gt;
&lt;tr&gt;&lt;td&gt;Heading: 77.4 &lt;/td&gt;&lt;/tr&gt;
&lt;/table&gt;</cmt>
    <desc>&lt;table&gt;
&lt;tr&gt;&lt;td&gt;Longitude: 32.808231 &lt;/td&gt;&lt;/tr&gt;
&lt;tr&gt;&lt;td&gt;Latitude: -18.368711 &lt;/td&gt;&lt;/tr&gt;
&lt;tr&gt;&lt;td&gt;Heading: 77.4 &lt;/td&gt;&lt;/tr&gt;
&lt;/table&gt;</desc>
    <sym>Flag, Blue</sym>
    <type>user</type>
  </wpt>
  <wpt lat="-18.368808031082153" lon="32.80834196135402">
    <ele>1821.3319560446544</ele>
    <time>2026-10-02T12:58:39.000Z</time>
    <name>The Epic 2025 001-574</name>
    <cmt>&lt;table&gt;
&lt;tr&gt;&lt;td&gt;Longitude: 32.808342 &lt;/td&gt;&lt;/tr&gt;
&lt;tr&gt;&lt;td&gt;Latitude: -18.368808 &lt;/td&gt;&lt;/tr&gt;
&lt;tr&gt;&lt;td&gt;Heading: 132.6 &lt;/td&gt;&lt;/tr&gt;
&lt;/table&gt;</cmt>
    <desc>&lt;table&gt;
&lt;tr&gt;&lt;td&gt;Longitude: 32.808342 &lt;/td&gt;&lt;/tr&gt;
&lt;tr&gt;&lt;td&gt;Latitude: -18.368808 &lt;/td&gt;&lt;/tr&gt;
&lt;tr&gt;&lt;td&gt;Heading: 132.6 &lt;/td&gt;&lt;/tr&gt;
&lt;/table&gt;</desc>
    <sym>Flag, Blue</sym>
    <type>user</type>
  </wpt>
  <wpt lat="-18.368688002228737" lon="32.80845201574266">
    <ele>1823.6627722170906</ele>
    <time>2026-10-02T12:58:39.000Z</time>
    <name>The Epic 2025 001-575</name>
    <cmt>&lt;table&gt;
&lt;tr&gt;&lt;td&gt;Longitude: 32.808452 &lt;/td&gt;&lt;/tr&gt;
&lt;tr&gt;&lt;td&gt;Latitude: -18.368688 &lt;/td&gt;&lt;/tr&gt;
&lt;tr&gt;&lt;td&gt;Heading: 41.0 &lt;/td&gt;&lt;/tr&gt;
&lt;/table&gt;</cmt>
    <desc>&lt;table&gt;
&lt;tr&gt;&lt;td&gt;Longitude: 32.808452 &lt;/td&gt;&lt;/tr&gt;
&lt;tr&gt;&lt;td&gt;Latitude: -18.368688 &lt;/td&gt;&lt;/tr&gt;
&lt;tr&gt;&lt;td&gt;Heading: 41.0 &lt;/td&gt;&lt;/tr&gt;
&lt;/table&gt;</desc>
    <sym>Flag, Blue</sym>
    <type>user</type>
  </wpt>
  <wpt lat="-18.368593035265803" lon="32.808979991823435">
    <ele>1829.2538482923749</ele>
    <time>2026-10-02T12:58:39.000Z</time>
    <name>The Epic 2025 001-576</name>
    <cmt>&lt;table&gt;
&lt;tr&gt;&lt;td&gt;Longitude: 32.808980 &lt;/td&gt;&lt;/tr&gt;
&lt;tr&gt;&lt;td&gt;Latitude: -18.368593 &lt;/td&gt;&lt;/tr&gt;
&lt;tr&gt;&lt;td&gt;Heading: 79.2 &lt;/td&gt;&lt;/tr&gt;
&lt;/table&gt;</cmt>
    <desc>&lt;table&gt;
&lt;tr&gt;&lt;td&gt;Longitude: 32.808980 &lt;/td&gt;&lt;/tr&gt;
&lt;tr&gt;&lt;td&gt;Latitude: -18.368593 &lt;/td&gt;&lt;/tr&gt;
&lt;tr&gt;&lt;td&gt;Heading: 79.2 &lt;/td&gt;&lt;/tr&gt;
&lt;/table&gt;</desc>
    <sym>Flag, Blue</sym>
    <type>user</type>
  </wpt>
  <wpt lat="-18.36850301362574" lon="32.80911703594029">
    <ele>1826.4589949485908</ele>
    <time>2026-10-02T12:58:39.000Z</time>
    <name>The Epic 2025 001-577</name>
    <cmt>&lt;table&gt;
&lt;tr&gt;&lt;td&gt;Longitude: 32.809117 &lt;/td&gt;&lt;/tr&gt;
&lt;tr&gt;&lt;td&gt;Latitude: -18.368503 &lt;/td&gt;&lt;/tr&gt;
&lt;tr&gt;&lt;td&gt;Heading: 55.5 &lt;/td&gt;&lt;/tr&gt;
&lt;/table&gt;</cmt>
    <desc>&lt;table&gt;
&lt;tr&gt;&lt;td&gt;Longitude: 32.809117 &lt;/td&gt;&lt;/tr&gt;
&lt;tr&gt;&lt;td&gt;Latitude: -18.368503 &lt;/td&gt;&lt;/tr&gt;
&lt;tr&gt;&lt;td&gt;Heading: 55.5 &lt;/td&gt;&lt;/tr&gt;
&lt;/table&gt;</desc>
    <sym>Flag, Blue</sym>
    <type>user</type>
  </wpt>
  <wpt lat="-18.36794695816934" lon="32.80899600125849">
    <ele>1810.9092307898036</ele>
    <time>2026-10-02T12:58:39.000Z</time>
    <name>The Epic 2025 001-578</name>
    <cmt>&lt;table&gt;
&lt;tr&gt;&lt;td&gt;Longitude: 32.808996 &lt;/td&gt;&lt;/tr&gt;
&lt;tr&gt;&lt;td&gt;Latitude: -18.367947 &lt;/td&gt;&lt;/tr&gt;
&lt;tr&gt;&lt;td&gt;Heading: 348.4 &lt;/td&gt;&lt;/tr&gt;
&lt;/table&gt;</cmt>
    <desc>&lt;table&gt;
&lt;tr&gt;&lt;td&gt;Longitude: 32.808996 &lt;/td&gt;&lt;/tr&gt;
&lt;tr&gt;&lt;td&gt;Latitude: -18.367947 &lt;/td&gt;&lt;/tr&gt;
&lt;tr&gt;&lt;td&gt;Heading: 348.4 &lt;/td&gt;&lt;/tr&gt;
&lt;/table&gt;</desc>
    <sym>Flag, Blue</sym>
    <type>user</type>
  </wpt>
  <wpt lat="-18.367870012298226" lon="32.80919197015464">
    <ele>1812.2359282911418</ele>
    <time>2026-10-02T12:58:39.000Z</time>
    <name>The Epic 2025 001-579</name>
    <cmt>&lt;table&gt;
&lt;tr&gt;&lt;td&gt;Longitude: 32.809192 &lt;/td&gt;&lt;/tr&gt;
&lt;tr&gt;&lt;td&gt;Latitude: -18.367870 &lt;/td&gt;&lt;/tr&gt;
&lt;tr&gt;&lt;td&gt;Heading: 67.5 &lt;/td&gt;&lt;/tr&gt;
&lt;/table&gt;</cmt>
    <desc>&lt;table&gt;
&lt;tr&gt;&lt;td&gt;Longitude: 32.809192 &lt;/td&gt;&lt;/tr&gt;
&lt;tr&gt;&lt;td&gt;Latitude: -18.367870 &lt;/td&gt;&lt;/tr&gt;
&lt;tr&gt;&lt;td&gt;Heading: 67.5 &lt;/td&gt;&lt;/tr&gt;
&lt;/table&gt;</desc>
    <sym>Flag, Blue</sym>
    <type>user</type>
  </wpt>
  <wpt lat="-18.446977995336056" lon="32.811303958296776">
    <ele>1671.0295199230313</ele>
    <time>2026-10-02T12:58:39.000Z</time>
    <name>The Epic 2025 001-58</name>
    <cmt>&lt;table&gt;
&lt;tr&gt;&lt;td&gt;Longitude: 32.811304 &lt;/td&gt;&lt;/tr&gt;
&lt;tr&gt;&lt;td&gt;Latitude: -18.446978 &lt;/td&gt;&lt;/tr&gt;
&lt;tr&gt;&lt;td&gt;Heading: 9.1 &lt;/td&gt;&lt;/tr&gt;
&lt;/table&gt;</cmt>
    <desc>&lt;table&gt;
&lt;tr&gt;&lt;td&gt;Longitude: 32.811304 &lt;/td&gt;&lt;/tr&gt;
&lt;tr&gt;&lt;td&gt;Latitude: -18.446978 &lt;/td&gt;&lt;/tr&gt;
&lt;tr&gt;&lt;td&gt;Heading: 9.1 &lt;/td&gt;&lt;/tr&gt;
&lt;/table&gt;</desc>
    <sym>Flag, Blue</sym>
    <type>user</type>
  </wpt>
  <wpt lat="-18.36751101538539" lon="32.80937796458602">
    <ele>1816.2082828997507</ele>
    <time>2026-10-02T12:58:39.000Z</time>
    <name>The Epic 2025 001-580</name>
    <cmt>&lt;table&gt;
&lt;tr&gt;&lt;td&gt;Longitude: 32.809378 &lt;/td&gt;&lt;/tr&gt;
&lt;tr&gt;&lt;td&gt;Latitude: -18.367511 &lt;/td&gt;&lt;/tr&gt;
&lt;tr&gt;&lt;td&gt;Heading: 26.2 &lt;/td&gt;&lt;/tr&gt;
&lt;/table&gt;</cmt>
    <desc>&lt;table&gt;
&lt;tr&gt;&lt;td&gt;Longitude: 32.809378 &lt;/td&gt;&lt;/tr&gt;
&lt;tr&gt;&lt;td&gt;Latitude: -18.367511 &lt;/td&gt;&lt;/tr&gt;
&lt;tr&gt;&lt;td&gt;Heading: 26.2 &lt;/td&gt;&lt;/tr&gt;
&lt;/table&gt;</desc>
    <sym>Flag, Blue</sym>
    <type>user</type>
  </wpt>
  <wpt lat="-18.3671080134809" lon="32.8096620272845">
    <ele>1825.035596270347</ele>
    <time>2026-10-02T12:58:39.000Z</time>
    <name>The Epic 2025 001-581</name>
    <cmt>&lt;table&gt;
&lt;tr&gt;&lt;td&gt;Longitude: 32.809662 &lt;/td&gt;&lt;/tr&gt;
&lt;tr&gt;&lt;td&gt;Latitude: -18.367108 &lt;/td&gt;&lt;/tr&gt;
&lt;tr&gt;&lt;td&gt;Heading: 33.8 &lt;/td&gt;&lt;/tr&gt;
&lt;/table&gt;</cmt>
    <desc>&lt;table&gt;
&lt;tr&gt;&lt;td&gt;Longitude: 32.809662 &lt;/td&gt;&lt;/tr&gt;
&lt;tr&gt;&lt;td&gt;Latitude: -18.367108 &lt;/td&gt;&lt;/tr&gt;
&lt;tr&gt;&lt;td&gt;Heading: 33.8 &lt;/td&gt;&lt;/tr&gt;
&lt;/table&gt;</desc>
    <sym>Flag, Blue</sym>
    <type>user</type>
  </wpt>
  <wpt lat="-18.366647008806467" lon="32.80970502644777">
    <ele>1821.8931774416587</ele>
    <time>2026-10-02T12:58:39.000Z</time>
    <name>The Epic 2025 001-582</name>
    <cmt>&lt;table&gt;
&lt;tr&gt;&lt;td&gt;Longitude: 32.809705 &lt;/td&gt;&lt;/tr&gt;
&lt;tr&gt;&lt;td&gt;Latitude: -18.366647 &lt;/td&gt;&lt;/tr&gt;
&lt;tr&gt;&lt;td&gt;Heading: 5.1 &lt;/td&gt;&lt;/tr&gt;
&lt;/table&gt;</cmt>
    <desc>&lt;table&gt;
&lt;tr&gt;&lt;td&gt;Longitude: 32.809705 &lt;/td&gt;&lt;/tr&gt;
&lt;tr&gt;&lt;td&gt;Latitude: -18.366647 &lt;/td&gt;&lt;/tr&gt;
&lt;tr&gt;&lt;td&gt;Heading: 5.1 &lt;/td&gt;&lt;/tr&gt;
&lt;/table&gt;</desc>
    <sym>Flag, Blue</sym>
    <type>user</type>
  </wpt>
  <wpt lat="-18.366227997466922" lon="32.80978700146079">
    <ele>1819.3360146300606</ele>
    <time>2026-10-02T12:58:39.000Z</time>
    <name>The Epic 2025 001-583</name>
    <cmt>&lt;table&gt;
&lt;tr&gt;&lt;td&gt;Longitude: 32.809787 &lt;/td&gt;&lt;/tr&gt;
&lt;tr&gt;&lt;td&gt;Latitude: -18.366228 &lt;/td&gt;&lt;/tr&gt;
&lt;tr&gt;&lt;td&gt;Heading: 10.6 &lt;/td&gt;&lt;/tr&gt;
&lt;/table&gt;</cmt>
    <desc>&lt;table&gt;
&lt;tr&gt;&lt;td&gt;Longitude: 32.809787 &lt;/td&gt;&lt;/tr&gt;
&lt;tr&gt;&lt;td&gt;Latitude: -18.366228 &lt;/td&gt;&lt;/tr&gt;
&lt;tr&gt;&lt;td&gt;Heading: 10.6 &lt;/td&gt;&lt;/tr&gt;
&lt;/table&gt;</desc>
    <sym>Flag, Blue</sym>
    <type>user</type>
  </wpt>
  <wpt lat="-18.365914011374116" lon="32.809837963432074">
    <ele>1817.2767531740287</ele>
    <time>2026-10-02T12:58:39.000Z</time>
    <name>The Epic 2025 001-584</name>
    <cmt>&lt;table&gt;
&lt;tr&gt;&lt;td&gt;Longitude: 32.809838 &lt;/td&gt;&lt;/tr&gt;
&lt;tr&gt;&lt;td&gt;Latitude: -18.365914 &lt;/td&gt;&lt;/tr&gt;
&lt;tr&gt;&lt;td&gt;Heading: 8.8 &lt;/td&gt;&lt;/tr&gt;
&lt;/table&gt;</cmt>
    <desc>&lt;table&gt;
&lt;tr&gt;&lt;td&gt;Longitude: 32.809838 &lt;/td&gt;&lt;/tr&gt;
&lt;tr&gt;&lt;td&gt;Latitude: -18.365914 &lt;/td&gt;&lt;/tr&gt;
&lt;tr&gt;&lt;td&gt;Heading: 8.8 &lt;/td&gt;&lt;/tr&gt;
&lt;/table&gt;</desc>
    <sym>Flag, Blue</sym>
    <type>user</type>
  </wpt>
  <wpt lat="-18.36540799587965" lon="32.80999302864075">
    <ele>1818.6162892805878</ele>
    <time>2026-10-02T12:58:39.000Z</time>
    <name>The Epic 2025 001-585</name>
    <cmt>&lt;table&gt;
&lt;tr&gt;&lt;td&gt;Longitude: 32.809993 &lt;/td&gt;&lt;/tr&gt;
&lt;tr&gt;&lt;td&gt;Latitude: -18.365408 &lt;/td&gt;&lt;/tr&gt;
&lt;tr&gt;&lt;td&gt;Heading: 16.2 &lt;/td&gt;&lt;/tr&gt;
&lt;/table&gt;</cmt>
    <desc>&lt;table&gt;
&lt;tr&gt;&lt;td&gt;Longitude: 32.809993 &lt;/td&gt;&lt;/tr&gt;
&lt;tr&gt;&lt;td&gt;Latitude: -18.365408 &lt;/td&gt;&lt;/tr&gt;
&lt;tr&gt;&lt;td&gt;Heading: 16.2 &lt;/td&gt;&lt;/tr&gt;
&lt;/table&gt;</desc>
    <sym>Flag, Blue</sym>
    <type>user</type>
  </wpt>
  <wpt lat="-18.365004993975163" lon="32.81010903418064">
    <ele>1821.3812050854322</ele>
    <time>2026-10-02T12:58:39.000Z</time>
    <name>The Epic 2025 001-586</name>
    <cmt>&lt;table&gt;
&lt;tr&gt;&lt;td&gt;Longitude: 32.810109 &lt;/td&gt;&lt;/tr&gt;
&lt;tr&gt;&lt;td&gt;Latitude: -18.365005 &lt;/td&gt;&lt;/tr&gt;
&lt;tr&gt;&lt;td&gt;Heading: 15.3 &lt;/td&gt;&lt;/tr&gt;
&lt;/table&gt;</cmt>
    <desc>&lt;table&gt;
&lt;tr&gt;&lt;td&gt;Longitude: 32.810109 &lt;/td&gt;&lt;/tr&gt;
&lt;tr&gt;&lt;td&gt;Latitude: -18.365005 &lt;/td&gt;&lt;/tr&gt;
&lt;tr&gt;&lt;td&gt;Heading: 15.3 &lt;/td&gt;&lt;/tr&gt;
&lt;/table&gt;</desc>
    <sym>Flag, Blue</sym>
    <type>user</type>
  </wpt>
  <wpt lat="-18.364688996225595" lon="32.8100370336324">
    <ele>1820.7145181387182</ele>
    <time>2026-10-02T12:58:39.000Z</time>
    <name>The Epic 2025 001-587</name>
    <cmt>&lt;table&gt;
&lt;tr&gt;&lt;td&gt;Longitude: 32.810037 &lt;/td&gt;&lt;/tr&gt;
&lt;tr&gt;&lt;td&gt;Latitude: -18.364689 &lt;/td&gt;&lt;/tr&gt;
&lt;tr&gt;&lt;td&gt;Heading: 347.7 &lt;/td&gt;&lt;/tr&gt;
&lt;/table&gt;</cmt>
    <desc>&lt;table&gt;
&lt;tr&gt;&lt;td&gt;Longitude: 32.810037 &lt;/td&gt;&lt;/tr&gt;
&lt;tr&gt;&lt;td&gt;Latitude: -18.364689 &lt;/td&gt;&lt;/tr&gt;
&lt;tr&gt;&lt;td&gt;Heading: 347.7 &lt;/td&gt;&lt;/tr&gt;
&lt;/table&gt;</desc>
    <sym>Flag, Blue</sym>
    <type>user</type>
  </wpt>
  <wpt lat="-18.364283982664347" lon="32.810116996988654">
    <ele>1821.235124003391</ele>
    <time>2026-10-02T12:58:39.000Z</time>
    <name>The Epic 2025 001-588</name>
    <cmt>&lt;table&gt;
&lt;tr&gt;&lt;td&gt;Longitude: 32.810117 &lt;/td&gt;&lt;/tr&gt;
&lt;tr&gt;&lt;td&gt;Latitude: -18.364284 &lt;/td&gt;&lt;/tr&gt;
&lt;tr&gt;&lt;td&gt;Heading: 10.6 &lt;/td&gt;&lt;/tr&gt;
&lt;/table&gt;</cmt>
    <desc>&lt;table&gt;
&lt;tr&gt;&lt;td&gt;Longitude: 32.810117 &lt;/td&gt;&lt;/tr&gt;
&lt;tr&gt;&lt;td&gt;Latitude: -18.364284 &lt;/td&gt;&lt;/tr&gt;
&lt;tr&gt;&lt;td&gt;Heading: 10.6 &lt;/td&gt;&lt;/tr&gt;
&lt;/table&gt;</desc>
    <sym>Flag, Blue</sym>
    <type>user</type>
  </wpt>
  <wpt lat="-18.363800011575222" lon="32.81006100587547">
    <ele>1819.830881035091</ele>
    <time>2026-10-02T12:58:39.000Z</time>
    <name>The Epic 2025 001-589</name>
    <cmt>&lt;table&gt;
&lt;tr&gt;&lt;td&gt;Longitude: 32.810061 &lt;/td&gt;&lt;/tr&gt;
&lt;tr&gt;&lt;td&gt;Latitude: -18.363800 &lt;/td&gt;&lt;/tr&gt;
&lt;tr&gt;&lt;td&gt;Heading: 353.8 &lt;/td&gt;&lt;/tr&gt;
&lt;/table&gt;</cmt>
    <desc>&lt;table&gt;
&lt;tr&gt;&lt;td&gt;Longitude: 32.810061 &lt;/td&gt;&lt;/tr&gt;
&lt;tr&gt;&lt;td&gt;Latitude: -18.363800 &lt;/td&gt;&lt;/tr&gt;
&lt;tr&gt;&lt;td&gt;Heading: 353.8 &lt;/td&gt;&lt;/tr&gt;
&lt;/table&gt;</desc>
    <sym>Flag, Blue</sym>
    <type>user</type>
  </wpt>
  <wpt lat="-18.447109004482627" lon="32.811964033171535">
    <ele>1656.9049203293398</ele>
    <time>2026-10-02T12:58:39.000Z</time>
    <name>The Epic 2025 001-59</name>
    <cmt>&lt;table&gt;
&lt;tr&gt;&lt;td&gt;Longitude: 32.811964 &lt;/td&gt;&lt;/tr&gt;
&lt;tr&gt;&lt;td&gt;Latitude: -18.447109 &lt;/td&gt;&lt;/tr&gt;
&lt;tr&gt;&lt;td&gt;Heading: 101.8 &lt;/td&gt;&lt;/tr&gt;
&lt;/table&gt;</cmt>
    <desc>&lt;table&gt;
&lt;tr&gt;&lt;td&gt;Longitude: 32.811964 &lt;/td&gt;&lt;/tr&gt;
&lt;tr&gt;&lt;td&gt;Latitude: -18.447109 &lt;/td&gt;&lt;/tr&gt;
&lt;tr&gt;&lt;td&gt;Heading: 101.8 &lt;/td&gt;&lt;/tr&gt;
&lt;/table&gt;</desc>
    <sym>Flag, Blue</sym>
    <type>user</type>
  </wpt>
  <wpt lat="-18.363360967487097" lon="32.81005899421871">
    <ele>1818.900540532808</ele>
    <time>2026-10-02T12:58:39.000Z</time>
    <name>The Epic 2025 001-590</name>
    <cmt>&lt;table&gt;
&lt;tr&gt;&lt;td&gt;Longitude: 32.810059 &lt;/td&gt;&lt;/tr&gt;
&lt;tr&gt;&lt;td&gt;Latitude: -18.363361 &lt;/td&gt;&lt;/tr&gt;
&lt;tr&gt;&lt;td&gt;Heading: 359.8 &lt;/td&gt;&lt;/tr&gt;
&lt;/table&gt;</cmt>
    <desc>&lt;table&gt;
&lt;tr&gt;&lt;td&gt;Longitude: 32.810059 &lt;/td&gt;&lt;/tr&gt;
&lt;tr&gt;&lt;td&gt;Latitude: -18.363361 &lt;/td&gt;&lt;/tr&gt;
&lt;tr&gt;&lt;td&gt;Heading: 359.8 &lt;/td&gt;&lt;/tr&gt;
&lt;/table&gt;</desc>
    <sym>Flag, Blue</sym>
    <type>user</type>
  </wpt>
  <wpt lat="-18.362995013594627" lon="32.810245994478464">
    <ele>1819.052397061171</ele>
    <time>2026-10-02T12:58:39.000Z</time>
    <name>The Epic 2025 001-591</name>
    <cmt>&lt;table&gt;
&lt;tr&gt;&lt;td&gt;Longitude: 32.810246 &lt;/td&gt;&lt;/tr&gt;
&lt;tr&gt;&lt;td&gt;Latitude: -18.362995 &lt;/td&gt;&lt;/tr&gt;
&lt;tr&gt;&lt;td&gt;Heading: 25.8 &lt;/td&gt;&lt;/tr&gt;
&lt;/table&gt;</cmt>
    <desc>&lt;table&gt;
&lt;tr&gt;&lt;td&gt;Longitude: 32.810246 &lt;/td&gt;&lt;/tr&gt;
&lt;tr&gt;&lt;td&gt;Latitude: -18.362995 &lt;/td&gt;&lt;/tr&gt;
&lt;tr&gt;&lt;td&gt;Heading: 25.8 &lt;/td&gt;&lt;/tr&gt;
&lt;/table&gt;</desc>
    <sym>Flag, Blue</sym>
    <type>user</type>
  </wpt>
  <wpt lat="-18.362779011949897" lon="32.810460990294814">
    <ele>1816.388504040417</ele>
    <time>2026-10-02T12:58:39.000Z</time>
    <name>The Epic 2025 001-592</name>
    <cmt>&lt;table&gt;
&lt;tr&gt;&lt;td&gt;Longitude: 32.810461 &lt;/td&gt;&lt;/tr&gt;
&lt;tr&gt;&lt;td&gt;Latitude: -18.362779 &lt;/td&gt;&lt;/tr&gt;
&lt;tr&gt;&lt;td&gt;Heading: 43.4 &lt;/td&gt;&lt;/tr&gt;
&lt;/table&gt;</cmt>
    <desc>&lt;table&gt;
&lt;tr&gt;&lt;td&gt;Longitude: 32.810461 &lt;/td&gt;&lt;/tr&gt;
&lt;tr&gt;&lt;td&gt;Latitude: -18.362779 &lt;/td&gt;&lt;/tr&gt;
&lt;tr&gt;&lt;td&gt;Heading: 43.4 &lt;/td&gt;&lt;/tr&gt;
&lt;/table&gt;</desc>
    <sym>Flag, Blue</sym>
    <type>user</type>
  </wpt>
  <wpt lat="-18.362691001966596" lon="32.81086097471416">
    <ele>1813.4060159841067</ele>
    <time>2026-10-02T12:58:39.000Z</time>
    <name>The Epic 2025 001-593</name>
    <cmt>&lt;table&gt;
&lt;tr&gt;&lt;td&gt;Longitude: 32.810861 &lt;/td&gt;&lt;/tr&gt;
&lt;tr&gt;&lt;td&gt;Latitude: -18.362691 &lt;/td&gt;&lt;/tr&gt;
&lt;tr&gt;&lt;td&gt;Heading: 77.0 &lt;/td&gt;&lt;/tr&gt;
&lt;/table&gt;</cmt>
    <desc>&lt;table&gt;
&lt;tr&gt;&lt;td&gt;Longitude: 32.810861 &lt;/td&gt;&lt;/tr&gt;
&lt;tr&gt;&lt;td&gt;Latitude: -18.362691 &lt;/td&gt;&lt;/tr&gt;
&lt;tr&gt;&lt;td&gt;Heading: 77.0 &lt;/td&gt;&lt;/tr&gt;
&lt;/table&gt;</desc>
    <sym>Flag, Blue</sym>
    <type>user</type>
  </wpt>
  <wpt lat="-18.362919995561242" lon="32.81131996773183">
    <ele>1816.5147708188883</ele>
    <time>2026-10-02T12:58:39.000Z</time>
    <name>The Epic 2025 001-594</name>
    <cmt>&lt;table&gt;
&lt;tr&gt;&lt;td&gt;Longitude: 32.811320 &lt;/td&gt;&lt;/tr&gt;
&lt;tr&gt;&lt;td&gt;Latitude: -18.362920 &lt;/td&gt;&lt;/tr&gt;
&lt;tr&gt;&lt;td&gt;Heading: 117.7 &lt;/td&gt;&lt;/tr&gt;
&lt;/table&gt;</cmt>
    <desc>&lt;table&gt;
&lt;tr&gt;&lt;td&gt;Longitude: 32.811320 &lt;/td&gt;&lt;/tr&gt;
&lt;tr&gt;&lt;td&gt;Latitude: -18.362920 &lt;/td&gt;&lt;/tr&gt;
&lt;tr&gt;&lt;td&gt;Heading: 117.7 &lt;/td&gt;&lt;/tr&gt;
&lt;/table&gt;</desc>
    <sym>Flag, Blue</sym>
    <type>user</type>
  </wpt>
  <wpt lat="-18.362564016133547" lon="32.81196202151477">
    <ele>1816.373874145559</ele>
    <time>2026-10-02T12:58:39.000Z</time>
    <name>The Epic 2025 001-595</name>
    <cmt>&lt;table&gt;
&lt;tr&gt;&lt;td&gt;Longitude: 32.811962 &lt;/td&gt;&lt;/tr&gt;
&lt;tr&gt;&lt;td&gt;Latitude: -18.362564 &lt;/td&gt;&lt;/tr&gt;
&lt;tr&gt;&lt;td&gt;Heading: 59.7 &lt;/td&gt;&lt;/tr&gt;
&lt;/table&gt;</cmt>
    <desc>&lt;table&gt;
&lt;tr&gt;&lt;td&gt;Longitude: 32.811962 &lt;/td&gt;&lt;/tr&gt;
&lt;tr&gt;&lt;td&gt;Latitude: -18.362564 &lt;/td&gt;&lt;/tr&gt;
&lt;tr&gt;&lt;td&gt;Heading: 59.7 &lt;/td&gt;&lt;/tr&gt;
&lt;/table&gt;</desc>
    <sym>Flag, Blue</sym>
    <type>user</type>
  </wpt>
  <wpt lat="-18.361807968467474" lon="32.8124319948256">
    <ele>1811.4843245262746</ele>
    <time>2026-10-02T12:58:39.000Z</time>
    <name>The Epic 2025 001-596</name>
    <cmt>&lt;table&gt;
&lt;tr&gt;&lt;td&gt;Longitude: 32.812432 &lt;/td&gt;&lt;/tr&gt;
&lt;tr&gt;&lt;td&gt;Latitude: -18.361808 &lt;/td&gt;&lt;/tr&gt;
&lt;tr&gt;&lt;td&gt;Heading: 30.6 &lt;/td&gt;&lt;/tr&gt;
&lt;/table&gt;</cmt>
    <desc>&lt;table&gt;
&lt;tr&gt;&lt;td&gt;Longitude: 32.812432 &lt;/td&gt;&lt;/tr&gt;
&lt;tr&gt;&lt;td&gt;Latitude: -18.361808 &lt;/td&gt;&lt;/tr&gt;
&lt;tr&gt;&lt;td&gt;Heading: 30.6 &lt;/td&gt;&lt;/tr&gt;
&lt;/table&gt;</desc>
    <sym>Flag, Blue</sym>
    <type>user</type>
  </wpt>
  <wpt lat="-18.36145400069654" lon="32.81265897676349">
    <ele>1813.0672584495042</ele>
    <time>2026-10-02T12:58:39.000Z</time>
    <name>The Epic 2025 001-597</name>
    <cmt>&lt;table&gt;
&lt;tr&gt;&lt;td&gt;Longitude: 32.812659 &lt;/td&gt;&lt;/tr&gt;
&lt;tr&gt;&lt;td&gt;Latitude: -18.361454 &lt;/td&gt;&lt;/tr&gt;
&lt;tr&gt;&lt;td&gt;Heading: 31.3 &lt;/td&gt;&lt;/tr&gt;
&lt;/table&gt;</cmt>
    <desc>&lt;table&gt;
&lt;tr&gt;&lt;td&gt;Longitude: 32.812659 &lt;/td&gt;&lt;/tr&gt;
&lt;tr&gt;&lt;td&gt;Latitude: -18.361454 &lt;/td&gt;&lt;/tr&gt;
&lt;tr&gt;&lt;td&gt;Heading: 31.3 &lt;/td&gt;&lt;/tr&gt;
&lt;/table&gt;</desc>
    <sym>Flag, Blue</sym>
    <type>user</type>
  </wpt>
  <wpt lat="-18.361416030675173" lon="32.81283700838685">
    <ele>1814.9673073678277</ele>
    <time>2026-10-02T12:58:39.000Z</time>
    <name>The Epic 2025 001-598</name>
    <cmt>&lt;table&gt;
&lt;tr&gt;&lt;td&gt;Longitude: 32.812837 &lt;/td&gt;&lt;/tr&gt;
&lt;tr&gt;&lt;td&gt;Latitude: -18.361416 &lt;/td&gt;&lt;/tr&gt;
&lt;tr&gt;&lt;td&gt;Heading: 77.2 &lt;/td&gt;&lt;/tr&gt;
&lt;/table&gt;</cmt>
    <desc>&lt;table&gt;
&lt;tr&gt;&lt;td&gt;Longitude: 32.812837 &lt;/td&gt;&lt;/tr&gt;
&lt;tr&gt;&lt;td&gt;Latitude: -18.361416 &lt;/td&gt;&lt;/tr&gt;
&lt;tr&gt;&lt;td&gt;Heading: 77.2 &lt;/td&gt;&lt;/tr&gt;
&lt;/table&gt;</desc>
    <sym>Flag, Blue</sym>
    <type>user</type>
  </wpt>
  <wpt lat="-18.36130597628653" lon="32.812914960086346">
    <ele>1816.1938760047135</ele>
    <time>2026-10-02T12:58:39.000Z</time>
    <name>The Epic 2025 001-599</name>
    <cmt>&lt;table&gt;
&lt;tr&gt;&lt;td&gt;Longitude: 32.812915 &lt;/td&gt;&lt;/tr&gt;
&lt;tr&gt;&lt;td&gt;Latitude: -18.361306 &lt;/td&gt;&lt;/tr&gt;
&lt;tr&gt;&lt;td&gt;Heading: 34.1 &lt;/td&gt;&lt;/tr&gt;
&lt;/table&gt;</cmt>
    <desc>&lt;table&gt;
&lt;tr&gt;&lt;td&gt;Longitude: 32.812915 &lt;/td&gt;&lt;/tr&gt;
&lt;tr&gt;&lt;td&gt;Latitude: -18.361306 &lt;/td&gt;&lt;/tr&gt;
&lt;tr&gt;&lt;td&gt;Heading: 34.1 &lt;/td&gt;&lt;/tr&gt;
&lt;/table&gt;</desc>
    <sym>Flag, Blue</sym>
    <type>user</type>
  </wpt>
  <wpt lat="-18.459181040525436" lon="32.803347017616034">
    <ele>1807.8666893325776</ele>
    <time>2026-10-02T12:58:39.000Z</time>
    <name>The Epic 2025 001-6</name>
    <cmt>&lt;table&gt;
&lt;tr&gt;&lt;td&gt;Longitude: 32.803347 &lt;/td&gt;&lt;/tr&gt;
&lt;tr&gt;&lt;td&gt;Latitude: -18.459181 &lt;/td&gt;&lt;/tr&gt;
&lt;tr&gt;&lt;td&gt;Heading: 17.2 &lt;/td&gt;&lt;/tr&gt;
&lt;/table&gt;</cmt>
    <desc>&lt;table&gt;
&lt;tr&gt;&lt;td&gt;Longitude: 32.803347 &lt;/td&gt;&lt;/tr&gt;
&lt;tr&gt;&lt;td&gt;Latitude: -18.459181 &lt;/td&gt;&lt;/tr&gt;
&lt;tr&gt;&lt;td&gt;Heading: 17.2 &lt;/td&gt;&lt;/tr&gt;
&lt;/table&gt;</desc>
    <sym>Flag, Blue</sym>
    <type>user</type>
  </wpt>
  <wpt lat="-18.446736009791493" lon="32.81214298680425">
    <ele>1645.9460856055375</ele>
    <time>2026-10-02T12:58:39.000Z</time>
    <name>The Epic 2025 001-60</name>
    <cmt>&lt;table&gt;
&lt;tr&gt;&lt;td&gt;Longitude: 32.812143 &lt;/td&gt;&lt;/tr&gt;
&lt;tr&gt;&lt;td&gt;Latitude: -18.446736 &lt;/td&gt;&lt;/tr&gt;
&lt;tr&gt;&lt;td&gt;Heading: 24.5 &lt;/td&gt;&lt;/tr&gt;
&lt;/table&gt;</cmt>
    <desc>&lt;table&gt;
&lt;tr&gt;&lt;td&gt;Longitude: 32.812143 &lt;/td&gt;&lt;/tr&gt;
&lt;tr&gt;&lt;td&gt;Latitude: -18.446736 &lt;/td&gt;&lt;/tr&gt;
&lt;tr&gt;&lt;td&gt;Heading: 24.5 &lt;/td&gt;&lt;/tr&gt;
&lt;/table&gt;</desc>
    <sym>Flag, Blue</sym>
    <type>user</type>
  </wpt>
  <wpt lat="-18.36113297380507" lon="32.813105983659625">
    <ele>1818.2257089342918</ele>
    <time>2026-10-02T12:58:39.000Z</time>
    <name>The Epic 2025 001-600</name>
    <cmt>&lt;table&gt;
&lt;tr&gt;&lt;td&gt;Longitude: 32.813106 &lt;/td&gt;&lt;/tr&gt;
&lt;tr&gt;&lt;td&gt;Latitude: -18.361133 &lt;/td&gt;&lt;/tr&gt;
&lt;tr&gt;&lt;td&gt;Heading: 46.3 &lt;/td&gt;&lt;/tr&gt;
&lt;/table&gt;</cmt>
    <desc>&lt;table&gt;
&lt;tr&gt;&lt;td&gt;Longitude: 32.813106 &lt;/td&gt;&lt;/tr&gt;
&lt;tr&gt;&lt;td&gt;Latitude: -18.361133 &lt;/td&gt;&lt;/tr&gt;
&lt;tr&gt;&lt;td&gt;Heading: 46.3 &lt;/td&gt;&lt;/tr&gt;
&lt;/table&gt;</desc>
    <sym>Flag, Blue</sym>
    <type>user</type>
  </wpt>
  <wpt lat="-18.360858969390392" lon="32.813105983659625">
    <ele>1817.3177207799922</ele>
    <time>2026-10-02T12:58:39.000Z</time>
    <name>The Epic 2025 001-601</name>
    <cmt>&lt;table&gt;
&lt;tr&gt;&lt;td&gt;Longitude: 32.813106 &lt;/td&gt;&lt;/tr&gt;
&lt;tr&gt;&lt;td&gt;Latitude: -18.360859 &lt;/td&gt;&lt;/tr&gt;
&lt;tr&gt;&lt;td&gt;Heading: 0.1 &lt;/td&gt;&lt;/tr&gt;
&lt;/table&gt;</cmt>
    <desc>&lt;table&gt;
&lt;tr&gt;&lt;td&gt;Longitude: 32.813106 &lt;/td&gt;&lt;/tr&gt;
&lt;tr&gt;&lt;td&gt;Latitude: -18.360859 &lt;/td&gt;&lt;/tr&gt;
&lt;tr&gt;&lt;td&gt;Heading: 0.1 &lt;/td&gt;&lt;/tr&gt;
&lt;/table&gt;</desc>
    <sym>Flag, Blue</sym>
    <type>user</type>
  </wpt>
  <wpt lat="-18.36038203909993" lon="32.81326700001955">
    <ele>1816.7118140763014</ele>
    <time>2026-10-02T12:58:39.000Z</time>
    <name>The Epic 2025 001-602</name>
    <cmt>&lt;table&gt;
&lt;tr&gt;&lt;td&gt;Longitude: 32.813267 &lt;/td&gt;&lt;/tr&gt;
&lt;tr&gt;&lt;td&gt;Latitude: -18.360382 &lt;/td&gt;&lt;/tr&gt;
&lt;tr&gt;&lt;td&gt;Heading: 17.7 &lt;/td&gt;&lt;/tr&gt;
&lt;/table&gt;</cmt>
    <desc>&lt;table&gt;
&lt;tr&gt;&lt;td&gt;Longitude: 32.813267 &lt;/td&gt;&lt;/tr&gt;
&lt;tr&gt;&lt;td&gt;Latitude: -18.360382 &lt;/td&gt;&lt;/tr&gt;
&lt;tr&gt;&lt;td&gt;Heading: 17.7 &lt;/td&gt;&lt;/tr&gt;
&lt;/table&gt;</desc>
    <sym>Flag, Blue</sym>
    <type>user</type>
  </wpt>
  <wpt lat="-18.35992899723351" lon="32.81332600861788">
    <ele>1815.2573024138276</ele>
    <time>2026-10-02T12:58:39.000Z</time>
    <name>The Epic 2025 001-603</name>
    <cmt>&lt;table&gt;
&lt;tr&gt;&lt;td&gt;Longitude: 32.813326 &lt;/td&gt;&lt;/tr&gt;
&lt;tr&gt;&lt;td&gt;Latitude: -18.359929 &lt;/td&gt;&lt;/tr&gt;
&lt;tr&gt;&lt;td&gt;Heading: 7.0 &lt;/td&gt;&lt;/tr&gt;
&lt;/table&gt;</cmt>
    <desc>&lt;table&gt;
&lt;tr&gt;&lt;td&gt;Longitude: 32.813326 &lt;/td&gt;&lt;/tr&gt;
&lt;tr&gt;&lt;td&gt;Latitude: -18.359929 &lt;/td&gt;&lt;/tr&gt;
&lt;tr&gt;&lt;td&gt;Heading: 7.0 &lt;/td&gt;&lt;/tr&gt;
&lt;/table&gt;</desc>
    <sym>Flag, Blue</sym>
    <type>user</type>
  </wpt>
  <wpt lat="-18.359407978132367" lon="32.813231041654944">
    <ele>1814.9965915921719</ele>
    <time>2026-10-02T12:58:39.000Z</time>
    <name>The Epic 2025 001-604</name>
    <cmt>&lt;table&gt;
&lt;tr&gt;&lt;td&gt;Longitude: 32.813231 &lt;/td&gt;&lt;/tr&gt;
&lt;tr&gt;&lt;td&gt;Latitude: -18.359408 &lt;/td&gt;&lt;/tr&gt;
&lt;tr&gt;&lt;td&gt;Heading: 350.2 &lt;/td&gt;&lt;/tr&gt;
&lt;/table&gt;</cmt>
    <desc>&lt;table&gt;
&lt;tr&gt;&lt;td&gt;Longitude: 32.813231 &lt;/td&gt;&lt;/tr&gt;
&lt;tr&gt;&lt;td&gt;Latitude: -18.359408 &lt;/td&gt;&lt;/tr&gt;
&lt;tr&gt;&lt;td&gt;Heading: 350.2 &lt;/td&gt;&lt;/tr&gt;
&lt;/table&gt;</desc>
    <sym>Flag, Blue</sym>
    <type>user</type>
  </wpt>
  <wpt lat="-18.35917697288096" lon="32.813384011387825">
    <ele>1817.1668230571267</ele>
    <time>2026-10-02T12:58:39.000Z</time>
    <name>The Epic 2025 001-605</name>
    <cmt>&lt;table&gt;
&lt;tr&gt;&lt;td&gt;Longitude: 32.813384 &lt;/td&gt;&lt;/tr&gt;
&lt;tr&gt;&lt;td&gt;Latitude: -18.359177 &lt;/td&gt;&lt;/tr&gt;
&lt;tr&gt;&lt;td&gt;Heading: 32.1 &lt;/td&gt;&lt;/tr&gt;
&lt;/table&gt;</cmt>
    <desc>&lt;table&gt;
&lt;tr&gt;&lt;td&gt;Longitude: 32.813384 &lt;/td&gt;&lt;/tr&gt;
&lt;tr&gt;&lt;td&gt;Latitude: -18.359177 &lt;/td&gt;&lt;/tr&gt;
&lt;tr&gt;&lt;td&gt;Heading: 32.1 &lt;/td&gt;&lt;/tr&gt;
&lt;/table&gt;</desc>
    <sym>Flag, Blue</sym>
    <type>user</type>
  </wpt>
  <wpt lat="-18.358720997348428" lon="32.81333799473941">
    <ele>1824.2164597730753</ele>
    <time>2026-10-02T12:58:39.000Z</time>
    <name>The Epic 2025 001-606</name>
    <cmt>&lt;table&gt;
&lt;tr&gt;&lt;td&gt;Longitude: 32.813338 &lt;/td&gt;&lt;/tr&gt;
&lt;tr&gt;&lt;td&gt;Latitude: -18.358721 &lt;/td&gt;&lt;/tr&gt;
&lt;tr&gt;&lt;td&gt;Heading: 354.5 &lt;/td&gt;&lt;/tr&gt;
&lt;/table&gt;</cmt>
    <desc>&lt;table&gt;
&lt;tr&gt;&lt;td&gt;Longitude: 32.813338 &lt;/td&gt;&lt;/tr&gt;
&lt;tr&gt;&lt;td&gt;Latitude: -18.358721 &lt;/td&gt;&lt;/tr&gt;
&lt;tr&gt;&lt;td&gt;Heading: 354.5 &lt;/td&gt;&lt;/tr&gt;
&lt;/table&gt;</desc>
    <sym>Flag, Blue</sym>
    <type>user</type>
  </wpt>
  <wpt lat="-18.35810098797083" lon="32.81352901831269">
    <ele>1826.097057641068</ele>
    <time>2026-10-02T12:58:39.000Z</time>
    <name>The Epic 2025 001-607</name>
    <cmt>&lt;table&gt;
&lt;tr&gt;&lt;td&gt;Longitude: 32.813529 &lt;/td&gt;&lt;/tr&gt;
&lt;tr&gt;&lt;td&gt;Latitude: -18.358101 &lt;/td&gt;&lt;/tr&gt;
&lt;tr&gt;&lt;td&gt;Heading: 16.3 &lt;/td&gt;&lt;/tr&gt;
&lt;/table&gt;</cmt>
    <desc>&lt;table&gt;
&lt;tr&gt;&lt;td&gt;Longitude: 32.813529 &lt;/td&gt;&lt;/tr&gt;
&lt;tr&gt;&lt;td&gt;Latitude: -18.358101 &lt;/td&gt;&lt;/tr&gt;
&lt;tr&gt;&lt;td&gt;Heading: 16.3 &lt;/td&gt;&lt;/tr&gt;
&lt;/table&gt;</desc>
    <sym>Flag, Blue</sym>
    <type>user</type>
  </wpt>
  <wpt lat="-18.357602013275027" lon="32.81369699165225">
    <ele>1823.3420807579532</ele>
    <time>2026-10-02T12:58:39.000Z</time>
    <name>The Epic 2025 001-608</name>
    <cmt>&lt;table&gt;
&lt;tr&gt;&lt;td&gt;Longitude: 32.813697 &lt;/td&gt;&lt;/tr&gt;
&lt;tr&gt;&lt;td&gt;Latitude: -18.357602 &lt;/td&gt;&lt;/tr&gt;
&lt;tr&gt;&lt;td&gt;Heading: 17.7 &lt;/td&gt;&lt;/tr&gt;
&lt;/table&gt;</cmt>
    <desc>&lt;table&gt;
&lt;tr&gt;&lt;td&gt;Longitude: 32.813697 &lt;/td&gt;&lt;/tr&gt;
&lt;tr&gt;&lt;td&gt;Latitude: -18.357602 &lt;/td&gt;&lt;/tr&gt;
&lt;tr&gt;&lt;td&gt;Heading: 17.7 &lt;/td&gt;&lt;/tr&gt;
&lt;/table&gt;</desc>
    <sym>Flag, Blue</sym>
    <type>user</type>
  </wpt>
  <wpt lat="-18.357236981391907" lon="32.81390896998346">
    <ele>1823.1328305066563</ele>
    <time>2026-10-02T12:58:39.000Z</time>
    <name>The Epic 2025 001-609</name>
    <cmt>&lt;table&gt;
&lt;tr&gt;&lt;td&gt;Longitude: 32.813909 &lt;/td&gt;&lt;/tr&gt;
&lt;tr&gt;&lt;td&gt;Latitude: -18.357237 &lt;/td&gt;&lt;/tr&gt;
&lt;tr&gt;&lt;td&gt;Heading: 28.8 &lt;/td&gt;&lt;/tr&gt;
&lt;/table&gt;</cmt>
    <desc>&lt;table&gt;
&lt;tr&gt;&lt;td&gt;Longitude: 32.813909 &lt;/td&gt;&lt;/tr&gt;
&lt;tr&gt;&lt;td&gt;Latitude: -18.357237 &lt;/td&gt;&lt;/tr&gt;
&lt;tr&gt;&lt;td&gt;Heading: 28.8 &lt;/td&gt;&lt;/tr&gt;
&lt;/table&gt;</desc>
    <sym>Flag, Blue</sym>
    <type>user</type>
  </wpt>
  <wpt lat="-18.44614902511239" lon="32.81166396103799">
    <ele>1629.599499962466</ele>
    <time>2026-10-02T12:58:39.000Z</time>
    <name>The Epic 2025 001-61</name>
    <cmt>&lt;table&gt;
&lt;tr&gt;&lt;td&gt;Longitude: 32.811664 &lt;/td&gt;&lt;/tr&gt;
&lt;tr&gt;&lt;td&gt;Latitude: -18.446149 &lt;/td&gt;&lt;/tr&gt;
&lt;tr&gt;&lt;td&gt;Heading: 322.3 &lt;/td&gt;&lt;/tr&gt;
&lt;/table&gt;</cmt>
    <desc>&lt;table&gt;
&lt;tr&gt;&lt;td&gt;Longitude: 32.811664 &lt;/td&gt;&lt;/tr&gt;
&lt;tr&gt;&lt;td&gt;Latitude: -18.446149 &lt;/td&gt;&lt;/tr&gt;
&lt;tr&gt;&lt;td&gt;Heading: 322.3 &lt;/td&gt;&lt;/tr&gt;
&lt;/table&gt;</desc>
    <sym>Flag, Blue</sym>
    <type>user</type>
  </wpt>
  <wpt lat="-18.356764996424317" lon="32.81415003351867">
    <ele>1823.0240056465846</ele>
    <time>2026-10-02T12:58:39.000Z</time>
    <name>The Epic 2025 001-610</name>
    <cmt>&lt;table&gt;
&lt;tr&gt;&lt;td&gt;Longitude: 32.814150 &lt;/td&gt;&lt;/tr&gt;
&lt;tr&gt;&lt;td&gt;Latitude: -18.356765 &lt;/td&gt;&lt;/tr&gt;
&lt;tr&gt;&lt;td&gt;Heading: 25.9 &lt;/td&gt;&lt;/tr&gt;
&lt;/table&gt;</cmt>
    <desc>&lt;table&gt;
&lt;tr&gt;&lt;td&gt;Longitude: 32.814150 &lt;/td&gt;&lt;/tr&gt;
&lt;tr&gt;&lt;td&gt;Latitude: -18.356765 &lt;/td&gt;&lt;/tr&gt;
&lt;tr&gt;&lt;td&gt;Heading: 25.9 &lt;/td&gt;&lt;/tr&gt;
&lt;/table&gt;</desc>
    <sym>Flag, Blue</sym>
    <type>user</type>
  </wpt>
  <wpt lat="-18.356393007561564" lon="32.81460500322282">
    <ele>1822.6222375758225</ele>
    <time>2026-10-02T12:58:39.000Z</time>
    <name>The Epic 2025 001-611</name>
    <cmt>&lt;table&gt;
&lt;tr&gt;&lt;td&gt;Longitude: 32.814605 &lt;/td&gt;&lt;/tr&gt;
&lt;tr&gt;&lt;td&gt;Latitude: -18.356393 &lt;/td&gt;&lt;/tr&gt;
&lt;tr&gt;&lt;td&gt;Heading: 49.3 &lt;/td&gt;&lt;/tr&gt;
&lt;/table&gt;</cmt>
    <desc>&lt;table&gt;
&lt;tr&gt;&lt;td&gt;Longitude: 32.814605 &lt;/td&gt;&lt;/tr&gt;
&lt;tr&gt;&lt;td&gt;Latitude: -18.356393 &lt;/td&gt;&lt;/tr&gt;
&lt;tr&gt;&lt;td&gt;Heading: 49.3 &lt;/td&gt;&lt;/tr&gt;
&lt;/table&gt;</desc>
    <sym>Flag, Blue</sym>
    <type>user</type>
  </wpt>
  <wpt lat="-18.356093019247055" lon="32.815018985420465">
    <ele>1822.601577794645</ele>
    <time>2026-10-02T12:58:39.000Z</time>
    <name>The Epic 2025 001-612</name>
    <cmt>&lt;table&gt;
&lt;tr&gt;&lt;td&gt;Longitude: 32.815019 &lt;/td&gt;&lt;/tr&gt;
&lt;tr&gt;&lt;td&gt;Latitude: -18.356093 &lt;/td&gt;&lt;/tr&gt;
&lt;tr&gt;&lt;td&gt;Heading: 52.6 &lt;/td&gt;&lt;/tr&gt;
&lt;/table&gt;</cmt>
    <desc>&lt;table&gt;
&lt;tr&gt;&lt;td&gt;Longitude: 32.815019 &lt;/td&gt;&lt;/tr&gt;
&lt;tr&gt;&lt;td&gt;Latitude: -18.356093 &lt;/td&gt;&lt;/tr&gt;
&lt;tr&gt;&lt;td&gt;Heading: 52.6 &lt;/td&gt;&lt;/tr&gt;
&lt;/table&gt;</desc>
    <sym>Flag, Blue</sym>
    <type>user</type>
  </wpt>
  <wpt lat="-18.355874000117183" lon="32.81538703478873">
    <ele>1821.8435326693404</ele>
    <time>2026-10-02T12:58:39.000Z</time>
    <name>The Epic 2025 001-613</name>
    <cmt>&lt;table&gt;
&lt;tr&gt;&lt;td&gt;Longitude: 32.815387 &lt;/td&gt;&lt;/tr&gt;
&lt;tr&gt;&lt;td&gt;Latitude: -18.355874 &lt;/td&gt;&lt;/tr&gt;
&lt;tr&gt;&lt;td&gt;Heading: 57.9 &lt;/td&gt;&lt;/tr&gt;
&lt;/table&gt;</cmt>
    <desc>&lt;table&gt;
&lt;tr&gt;&lt;td&gt;Longitude: 32.815387 &lt;/td&gt;&lt;/tr&gt;
&lt;tr&gt;&lt;td&gt;Latitude: -18.355874 &lt;/td&gt;&lt;/tr&gt;
&lt;tr&gt;&lt;td&gt;Heading: 57.9 &lt;/td&gt;&lt;/tr&gt;
&lt;/table&gt;</desc>
    <sym>Flag, Blue</sym>
    <type>user</type>
  </wpt>
  <wpt lat="-18.355618016794324" lon="32.81575902365148">
    <ele>1820.6540576960833</ele>
    <time>2026-10-02T12:58:39.000Z</time>
    <name>The Epic 2025 001-614</name>
    <cmt>&lt;table&gt;
&lt;tr&gt;&lt;td&gt;Longitude: 32.815759 &lt;/td&gt;&lt;/tr&gt;
&lt;tr&gt;&lt;td&gt;Latitude: -18.355618 &lt;/td&gt;&lt;/tr&gt;
&lt;tr&gt;&lt;td&gt;Heading: 54.0 &lt;/td&gt;&lt;/tr&gt;
&lt;/table&gt;</cmt>
    <desc>&lt;table&gt;
&lt;tr&gt;&lt;td&gt;Longitude: 32.815759 &lt;/td&gt;&lt;/tr&gt;
&lt;tr&gt;&lt;td&gt;Latitude: -18.355618 &lt;/td&gt;&lt;/tr&gt;
&lt;tr&gt;&lt;td&gt;Heading: 54.0 &lt;/td&gt;&lt;/tr&gt;
&lt;/table&gt;</desc>
    <sym>Flag, Blue</sym>
    <type>user</type>
  </wpt>
  <wpt lat="-18.355197999626398" lon="32.816456984728575">
    <ele>1817.1453881601788</ele>
    <time>2026-10-02T12:58:39.000Z</time>
    <name>The Epic 2025 001-615</name>
    <cmt>&lt;table&gt;
&lt;tr&gt;&lt;td&gt;Longitude: 32.816457 &lt;/td&gt;&lt;/tr&gt;
&lt;tr&gt;&lt;td&gt;Latitude: -18.355198 &lt;/td&gt;&lt;/tr&gt;
&lt;tr&gt;&lt;td&gt;Heading: 57.6 &lt;/td&gt;&lt;/tr&gt;
&lt;/table&gt;</cmt>
    <desc>&lt;table&gt;
&lt;tr&gt;&lt;td&gt;Longitude: 32.816457 &lt;/td&gt;&lt;/tr&gt;
&lt;tr&gt;&lt;td&gt;Latitude: -18.355198 &lt;/td&gt;&lt;/tr&gt;
&lt;tr&gt;&lt;td&gt;Heading: 57.6 &lt;/td&gt;&lt;/tr&gt;
&lt;/table&gt;</desc>
    <sym>Flag, Blue</sym>
    <type>user</type>
  </wpt>
  <wpt lat="-18.354933969676495" lon="32.81745200045407">
    <ele>1820.1372903539664</ele>
    <time>2026-10-02T12:58:39.000Z</time>
    <name>The Epic 2025 001-616</name>
    <cmt>&lt;table&gt;
&lt;tr&gt;&lt;td&gt;Longitude: 32.817452 &lt;/td&gt;&lt;/tr&gt;
&lt;tr&gt;&lt;td&gt;Latitude: -18.354934 &lt;/td&gt;&lt;/tr&gt;
&lt;tr&gt;&lt;td&gt;Heading: 74.4 &lt;/td&gt;&lt;/tr&gt;
&lt;/table&gt;</cmt>
    <desc>&lt;table&gt;
&lt;tr&gt;&lt;td&gt;Longitude: 32.817452 &lt;/td&gt;&lt;/tr&gt;
&lt;tr&gt;&lt;td&gt;Latitude: -18.354934 &lt;/td&gt;&lt;/tr&gt;
&lt;tr&gt;&lt;td&gt;Heading: 74.4 &lt;/td&gt;&lt;/tr&gt;
&lt;/table&gt;</desc>
    <sym>Flag, Blue</sym>
    <type>user</type>
  </wpt>
  <wpt lat="-18.354592993855476" lon="32.817791970446706">
    <ele>1820.1613906761631</ele>
    <time>2026-10-02T12:58:39.000Z</time>
    <name>The Epic 2025 001-617</name>
    <cmt>&lt;table&gt;
&lt;tr&gt;&lt;td&gt;Longitude: 32.817792 &lt;/td&gt;&lt;/tr&gt;
&lt;tr&gt;&lt;td&gt;Latitude: -18.354593 &lt;/td&gt;&lt;/tr&gt;
&lt;tr&gt;&lt;td&gt;Heading: 43.4 &lt;/td&gt;&lt;/tr&gt;
&lt;/table&gt;</cmt>
    <desc>&lt;table&gt;
&lt;tr&gt;&lt;td&gt;Longitude: 32.817792 &lt;/td&gt;&lt;/tr&gt;
&lt;tr&gt;&lt;td&gt;Latitude: -18.354593 &lt;/td&gt;&lt;/tr&gt;
&lt;tr&gt;&lt;td&gt;Heading: 43.4 &lt;/td&gt;&lt;/tr&gt;
&lt;/table&gt;</desc>
    <sym>Flag, Blue</sym>
    <type>user</type>
  </wpt>
  <wpt lat="-18.354158978909254" lon="32.81832103617489">
    <ele>1817.7502386586275</ele>
    <time>2026-10-02T12:58:39.000Z</time>
    <name>The Epic 2025 001-618</name>
    <cmt>&lt;table&gt;
&lt;tr&gt;&lt;td&gt;Longitude: 32.818321 &lt;/td&gt;&lt;/tr&gt;
&lt;tr&gt;&lt;td&gt;Latitude: -18.354159 &lt;/td&gt;&lt;/tr&gt;
&lt;tr&gt;&lt;td&gt;Heading: 49.2 &lt;/td&gt;&lt;/tr&gt;
&lt;/table&gt;</cmt>
    <desc>&lt;table&gt;
&lt;tr&gt;&lt;td&gt;Longitude: 32.818321 &lt;/td&gt;&lt;/tr&gt;
&lt;tr&gt;&lt;td&gt;Latitude: -18.354159 &lt;/td&gt;&lt;/tr&gt;
&lt;tr&gt;&lt;td&gt;Heading: 49.2 &lt;/td&gt;&lt;/tr&gt;
&lt;/table&gt;</desc>
    <sym>Flag, Blue</sym>
    <type>user</type>
  </wpt>
  <wpt lat="-18.353708032518625" lon="32.818757984787226">
    <ele>1814.56103515625</ele>
    <time>2026-10-02T12:58:39.000Z</time>
    <name>The Epic 2025 001-619</name>
    <cmt>&lt;table&gt;
&lt;tr&gt;&lt;td&gt;Longitude: 32.818758 &lt;/td&gt;&lt;/tr&gt;
&lt;tr&gt;&lt;td&gt;Latitude: -18.353708 &lt;/td&gt;&lt;/tr&gt;
&lt;tr&gt;&lt;td&gt;Heading: 42.6 &lt;/td&gt;&lt;/tr&gt;
&lt;/table&gt;</cmt>
    <desc>&lt;table&gt;
&lt;tr&gt;&lt;td&gt;Longitude: 32.818758 &lt;/td&gt;&lt;/tr&gt;
&lt;tr&gt;&lt;td&gt;Latitude: -18.353708 &lt;/td&gt;&lt;/tr&gt;
&lt;tr&gt;&lt;td&gt;Heading: 42.6 &lt;/td&gt;&lt;/tr&gt;
&lt;/table&gt;</desc>
    <sym>Flag, Blue</sym>
    <type>user</type>
  </wpt>
  <wpt lat="-18.446223959326744" lon="32.81055302359164">
    <ele>1624.2393292828938</ele>
    <time>2026-10-02T12:58:39.000Z</time>
    <name>The Epic 2025 001-62</name>
    <cmt>&lt;table&gt;
&lt;tr&gt;&lt;td&gt;Longitude: 32.810553 &lt;/td&gt;&lt;/tr&gt;
&lt;tr&gt;&lt;td&gt;Latitude: -18.446224 &lt;/td&gt;&lt;/tr&gt;
&lt;tr&gt;&lt;td&gt;Heading: 265.9 &lt;/td&gt;&lt;/tr&gt;
&lt;/table&gt;</cmt>
    <desc>&lt;table&gt;
&lt;tr&gt;&lt;td&gt;Longitude: 32.810553 &lt;/td&gt;&lt;/tr&gt;
&lt;tr&gt;&lt;td&gt;Latitude: -18.446224 &lt;/td&gt;&lt;/tr&gt;
&lt;tr&gt;&lt;td&gt;Heading: 265.9 &lt;/td&gt;&lt;/tr&gt;
&lt;/table&gt;</desc>
    <sym>Flag, Blue</sym>
    <type>user</type>
  </wpt>
  <wpt lat="-18.353493958711624" lon="32.818950014188886">
    <ele>1815.6870444399035</ele>
    <time>2026-10-02T12:58:39.000Z</time>
    <name>The Epic 2025 001-620</name>
    <cmt>&lt;table&gt;
&lt;tr&gt;&lt;td&gt;Longitude: 32.818950 &lt;/td&gt;&lt;/tr&gt;
&lt;tr&gt;&lt;td&gt;Latitude: -18.353494 &lt;/td&gt;&lt;/tr&gt;
&lt;tr&gt;&lt;td&gt;Heading: 40.5 &lt;/td&gt;&lt;/tr&gt;
&lt;/table&gt;</cmt>
    <desc>&lt;table&gt;
&lt;tr&gt;&lt;td&gt;Longitude: 32.818950 &lt;/td&gt;&lt;/tr&gt;
&lt;tr&gt;&lt;td&gt;Latitude: -18.353494 &lt;/td&gt;&lt;/tr&gt;
&lt;tr&gt;&lt;td&gt;Heading: 40.5 &lt;/td&gt;&lt;/tr&gt;
&lt;/table&gt;</desc>
    <sym>Flag, Blue</sym>
    <type>user</type>
  </wpt>
  <wpt lat="-18.353131022304296" lon="32.819164004176855">
    <ele>1820.8488611735852</ele>
    <time>2026-10-02T12:58:39.000Z</time>
    <name>The Epic 2025 001-621</name>
    <cmt>&lt;table&gt;
&lt;tr&gt;&lt;td&gt;Longitude: 32.819164 &lt;/td&gt;&lt;/tr&gt;
&lt;tr&gt;&lt;td&gt;Latitude: -18.353131 &lt;/td&gt;&lt;/tr&gt;
&lt;tr&gt;&lt;td&gt;Heading: 29.3 &lt;/td&gt;&lt;/tr&gt;
&lt;/table&gt;</cmt>
    <desc>&lt;table&gt;
&lt;tr&gt;&lt;td&gt;Longitude: 32.819164 &lt;/td&gt;&lt;/tr&gt;
&lt;tr&gt;&lt;td&gt;Latitude: -18.353131 &lt;/td&gt;&lt;/tr&gt;
&lt;tr&gt;&lt;td&gt;Heading: 29.3 &lt;/td&gt;&lt;/tr&gt;
&lt;/table&gt;</desc>
    <sym>Flag, Blue</sym>
    <type>user</type>
  </wpt>
  <wpt lat="-18.352592987939715" lon="32.819615034386516">
    <ele>1824.318849914358</ele>
    <time>2026-10-02T12:58:39.000Z</time>
    <name>The Epic 2025 001-622</name>
    <cmt>&lt;table&gt;
&lt;tr&gt;&lt;td&gt;Longitude: 32.819615 &lt;/td&gt;&lt;/tr&gt;
&lt;tr&gt;&lt;td&gt;Latitude: -18.352593 &lt;/td&gt;&lt;/tr&gt;
&lt;tr&gt;&lt;td&gt;Heading: 38.5 &lt;/td&gt;&lt;/tr&gt;
&lt;/table&gt;</cmt>
    <desc>&lt;table&gt;
&lt;tr&gt;&lt;td&gt;Longitude: 32.819615 &lt;/td&gt;&lt;/tr&gt;
&lt;tr&gt;&lt;td&gt;Latitude: -18.352593 &lt;/td&gt;&lt;/tr&gt;
&lt;tr&gt;&lt;td&gt;Heading: 38.5 &lt;/td&gt;&lt;/tr&gt;
&lt;/table&gt;</desc>
    <sym>Flag, Blue</sym>
    <type>user</type>
  </wpt>
  <wpt lat="-18.351989993825555" lon="32.819959027692676">
    <ele>1817.383053637299</ele>
    <time>2026-10-02T12:58:39.000Z</time>
    <name>The Epic 2025 001-623</name>
    <cmt>&lt;table&gt;
&lt;tr&gt;&lt;td&gt;Longitude: 32.819959 &lt;/td&gt;&lt;/tr&gt;
&lt;tr&gt;&lt;td&gt;Latitude: -18.351990 &lt;/td&gt;&lt;/tr&gt;
&lt;tr&gt;&lt;td&gt;Heading: 28.5 &lt;/td&gt;&lt;/tr&gt;
&lt;/table&gt;</cmt>
    <desc>&lt;table&gt;
&lt;tr&gt;&lt;td&gt;Longitude: 32.819959 &lt;/td&gt;&lt;/tr&gt;
&lt;tr&gt;&lt;td&gt;Latitude: -18.351990 &lt;/td&gt;&lt;/tr&gt;
&lt;tr&gt;&lt;td&gt;Heading: 28.5 &lt;/td&gt;&lt;/tr&gt;
&lt;/table&gt;</desc>
    <sym>Flag, Blue</sym>
    <type>user</type>
  </wpt>
  <wpt lat="-18.351607024669647" lon="32.820174023509026">
    <ele>1817.496766037012</ele>
    <time>2026-10-02T12:58:39.000Z</time>
    <name>The Epic 2025 001-624</name>
    <cmt>&lt;table&gt;
&lt;tr&gt;&lt;td&gt;Longitude: 32.820174 &lt;/td&gt;&lt;/tr&gt;
&lt;tr&gt;&lt;td&gt;Latitude: -18.351607 &lt;/td&gt;&lt;/tr&gt;
&lt;tr&gt;&lt;td&gt;Heading: 28.0 &lt;/td&gt;&lt;/tr&gt;
&lt;/table&gt;</cmt>
    <desc>&lt;table&gt;
&lt;tr&gt;&lt;td&gt;Longitude: 32.820174 &lt;/td&gt;&lt;/tr&gt;
&lt;tr&gt;&lt;td&gt;Latitude: -18.351607 &lt;/td&gt;&lt;/tr&gt;
&lt;tr&gt;&lt;td&gt;Heading: 28.0 &lt;/td&gt;&lt;/tr&gt;
&lt;/table&gt;</desc>
    <sym>Flag, Blue</sym>
    <type>user</type>
  </wpt>
  <wpt lat="-18.351282980293036" lon="32.82037803903222">
    <ele>1819.4206162686273</ele>
    <time>2026-10-02T12:58:39.000Z</time>
    <name>The Epic 2025 001-625</name>
    <cmt>&lt;table&gt;
&lt;tr&gt;&lt;td&gt;Longitude: 32.820378 &lt;/td&gt;&lt;/tr&gt;
&lt;tr&gt;&lt;td&gt;Latitude: -18.351283 &lt;/td&gt;&lt;/tr&gt;
&lt;tr&gt;&lt;td&gt;Heading: 30.9 &lt;/td&gt;&lt;/tr&gt;
&lt;/table&gt;</cmt>
    <desc>&lt;table&gt;
&lt;tr&gt;&lt;td&gt;Longitude: 32.820378 &lt;/td&gt;&lt;/tr&gt;
&lt;tr&gt;&lt;td&gt;Latitude: -18.351283 &lt;/td&gt;&lt;/tr&gt;
&lt;tr&gt;&lt;td&gt;Heading: 30.9 &lt;/td&gt;&lt;/tr&gt;
&lt;/table&gt;</desc>
    <sym>Flag, Blue</sym>
    <type>user</type>
  </wpt>
  <wpt lat="-18.350897999480367" lon="32.820345014333725">
    <ele>1817.41796875</ele>
    <time>2026-10-02T12:58:39.000Z</time>
    <name>The Epic 2025 001-626</name>
    <cmt>&lt;table&gt;
&lt;tr&gt;&lt;td&gt;Longitude: 32.820345 &lt;/td&gt;&lt;/tr&gt;
&lt;tr&gt;&lt;td&gt;Latitude: -18.350898 &lt;/td&gt;&lt;/tr&gt;
&lt;tr&gt;&lt;td&gt;Heading: 355.4 &lt;/td&gt;&lt;/tr&gt;
&lt;/table&gt;</cmt>
    <desc>&lt;table&gt;
&lt;tr&gt;&lt;td&gt;Longitude: 32.820345 &lt;/td&gt;&lt;/tr&gt;
&lt;tr&gt;&lt;td&gt;Latitude: -18.350898 &lt;/td&gt;&lt;/tr&gt;
&lt;tr&gt;&lt;td&gt;Heading: 355.4 &lt;/td&gt;&lt;/tr&gt;
&lt;/table&gt;</desc>
    <sym>Flag, Blue</sym>
    <type>user</type>
  </wpt>
  <wpt lat="-18.350601028651" lon="32.82049999572337">
    <ele>1820.3418161545305</ele>
    <time>2026-10-02T12:58:39.000Z</time>
    <name>The Epic 2025 001-627</name>
    <cmt>&lt;table&gt;
&lt;tr&gt;&lt;td&gt;Longitude: 32.820500 &lt;/td&gt;&lt;/tr&gt;
&lt;tr&gt;&lt;td&gt;Latitude: -18.350601 &lt;/td&gt;&lt;/tr&gt;
&lt;tr&gt;&lt;td&gt;Heading: 26.3 &lt;/td&gt;&lt;/tr&gt;
&lt;/table&gt;</cmt>
    <desc>&lt;table&gt;
&lt;tr&gt;&lt;td&gt;Longitude: 32.820500 &lt;/td&gt;&lt;/tr&gt;
&lt;tr&gt;&lt;td&gt;Latitude: -18.350601 &lt;/td&gt;&lt;/tr&gt;
&lt;tr&gt;&lt;td&gt;Heading: 26.3 &lt;/td&gt;&lt;/tr&gt;
&lt;/table&gt;</desc>
    <sym>Flag, Blue</sym>
    <type>user</type>
  </wpt>
  <wpt lat="-18.349863002076745" lon="32.82067903317511">
    <ele>1820.564649263553</ele>
    <time>2026-10-02T12:58:39.000Z</time>
    <name>The Epic 2025 001-628</name>
    <cmt>&lt;table&gt;
&lt;tr&gt;&lt;td&gt;Longitude: 32.820679 &lt;/td&gt;&lt;/tr&gt;
&lt;tr&gt;&lt;td&gt;Latitude: -18.349863 &lt;/td&gt;&lt;/tr&gt;
&lt;tr&gt;&lt;td&gt;Heading: 13.0 &lt;/td&gt;&lt;/tr&gt;
&lt;/table&gt;</cmt>
    <desc>&lt;table&gt;
&lt;tr&gt;&lt;td&gt;Longitude: 32.820679 &lt;/td&gt;&lt;/tr&gt;
&lt;tr&gt;&lt;td&gt;Latitude: -18.349863 &lt;/td&gt;&lt;/tr&gt;
&lt;tr&gt;&lt;td&gt;Heading: 13.0 &lt;/td&gt;&lt;/tr&gt;
&lt;/table&gt;</desc>
    <sym>Flag, Blue</sym>
    <type>user</type>
  </wpt>
  <wpt lat="-18.349268976598978" lon="32.820968963205814">
    <ele>1817.8694772313918</ele>
    <time>2026-10-02T12:58:39.000Z</time>
    <name>The Epic 2025 001-629</name>
    <cmt>&lt;table&gt;
&lt;tr&gt;&lt;td&gt;Longitude: 32.820969 &lt;/td&gt;&lt;/tr&gt;
&lt;tr&gt;&lt;td&gt;Latitude: -18.349269 &lt;/td&gt;&lt;/tr&gt;
&lt;tr&gt;&lt;td&gt;Heading: 24.9 &lt;/td&gt;&lt;/tr&gt;
&lt;/table&gt;</cmt>
    <desc>&lt;table&gt;
&lt;tr&gt;&lt;td&gt;Longitude: 32.820969 &lt;/td&gt;&lt;/tr&gt;
&lt;tr&gt;&lt;td&gt;Latitude: -18.349269 &lt;/td&gt;&lt;/tr&gt;
&lt;tr&gt;&lt;td&gt;Heading: 24.9 &lt;/td&gt;&lt;/tr&gt;
&lt;/table&gt;</desc>
    <sym>Flag, Blue</sym>
    <type>user</type>
  </wpt>
  <wpt lat="-18.445772007107735" lon="32.81115802936256">
    <ele>1607.6620394025913</ele>
    <time>2026-10-02T12:58:39.000Z</time>
    <name>The Epic 2025 001-63</name>
    <cmt>&lt;table&gt;
&lt;tr&gt;&lt;td&gt;Longitude: 32.811158 &lt;/td&gt;&lt;/tr&gt;
&lt;tr&gt;&lt;td&gt;Latitude: -18.445772 &lt;/td&gt;&lt;/tr&gt;
&lt;tr&gt;&lt;td&gt;Heading: 51.8 &lt;/td&gt;&lt;/tr&gt;
&lt;/table&gt;</cmt>
    <desc>&lt;table&gt;
&lt;tr&gt;&lt;td&gt;Longitude: 32.811158 &lt;/td&gt;&lt;/tr&gt;
&lt;tr&gt;&lt;td&gt;Latitude: -18.445772 &lt;/td&gt;&lt;/tr&gt;
&lt;tr&gt;&lt;td&gt;Heading: 51.8 &lt;/td&gt;&lt;/tr&gt;
&lt;/table&gt;</desc>
    <sym>Flag, Blue</sym>
    <type>user</type>
  </wpt>
  <wpt lat="-18.348808977752924" lon="32.82145201228559">
    <ele>1816.9571416260442</ele>
    <time>2026-10-02T12:58:39.000Z</time>
    <name>The Epic 2025 001-630</name>
    <cmt>&lt;table&gt;
&lt;tr&gt;&lt;td&gt;Longitude: 32.821452 &lt;/td&gt;&lt;/tr&gt;
&lt;tr&gt;&lt;td&gt;Latitude: -18.348809 &lt;/td&gt;&lt;/tr&gt;
&lt;tr&gt;&lt;td&gt;Heading: 45.0 &lt;/td&gt;&lt;/tr&gt;
&lt;/table&gt;</cmt>
    <desc>&lt;table&gt;
&lt;tr&gt;&lt;td&gt;Longitude: 32.821452 &lt;/td&gt;&lt;/tr&gt;
&lt;tr&gt;&lt;td&gt;Latitude: -18.348809 &lt;/td&gt;&lt;/tr&gt;
&lt;tr&gt;&lt;td&gt;Heading: 45.0 &lt;/td&gt;&lt;/tr&gt;
&lt;/table&gt;</desc>
    <sym>Flag, Blue</sym>
    <type>user</type>
  </wpt>
  <wpt lat="-18.348273038864136" lon="32.821739008650184">
    <ele>1815.312490988057</ele>
    <time>2026-10-02T12:58:39.000Z</time>
    <name>The Epic 2025 001-631</name>
    <cmt>&lt;table&gt;
&lt;tr&gt;&lt;td&gt;Longitude: 32.821739 &lt;/td&gt;&lt;/tr&gt;
&lt;tr&gt;&lt;td&gt;Latitude: -18.348273 &lt;/td&gt;&lt;/tr&gt;
&lt;tr&gt;&lt;td&gt;Heading: 26.9 &lt;/td&gt;&lt;/tr&gt;
&lt;/table&gt;</cmt>
    <desc>&lt;table&gt;
&lt;tr&gt;&lt;td&gt;Longitude: 32.821739 &lt;/td&gt;&lt;/tr&gt;
&lt;tr&gt;&lt;td&gt;Latitude: -18.348273 &lt;/td&gt;&lt;/tr&gt;
&lt;tr&gt;&lt;td&gt;Heading: 26.9 &lt;/td&gt;&lt;/tr&gt;
&lt;/table&gt;</desc>
    <sym>Flag, Blue</sym>
    <type>user</type>
  </wpt>
  <wpt lat="-18.347805999219418" lon="32.822106974199414">
    <ele>1814.815673828125</ele>
    <time>2026-10-02T12:58:39.000Z</time>
    <name>The Epic 2025 001-632</name>
    <cmt>&lt;table&gt;
&lt;tr&gt;&lt;td&gt;Longitude: 32.822107 &lt;/td&gt;&lt;/tr&gt;
&lt;tr&gt;&lt;td&gt;Latitude: -18.347806 &lt;/td&gt;&lt;/tr&gt;
&lt;tr&gt;&lt;td&gt;Heading: 36.8 &lt;/td&gt;&lt;/tr&gt;
&lt;/table&gt;</cmt>
    <desc>&lt;table&gt;
&lt;tr&gt;&lt;td&gt;Longitude: 32.822107 &lt;/td&gt;&lt;/tr&gt;
&lt;tr&gt;&lt;td&gt;Latitude: -18.347806 &lt;/td&gt;&lt;/tr&gt;
&lt;tr&gt;&lt;td&gt;Heading: 36.8 &lt;/td&gt;&lt;/tr&gt;
&lt;/table&gt;</desc>
    <sym>Flag, Blue</sym>
    <type>user</type>
  </wpt>
  <wpt lat="-18.34779200144112" lon="32.822624975815415">
    <ele>1815.6062146426937</ele>
    <time>2026-10-02T12:58:39.000Z</time>
    <name>The Epic 2025 001-633</name>
    <cmt>&lt;table&gt;
&lt;tr&gt;&lt;td&gt;Longitude: 32.822625 &lt;/td&gt;&lt;/tr&gt;
&lt;tr&gt;&lt;td&gt;Latitude: -18.347792 &lt;/td&gt;&lt;/tr&gt;
&lt;tr&gt;&lt;td&gt;Heading: 88.3 &lt;/td&gt;&lt;/tr&gt;
&lt;/table&gt;</cmt>
    <desc>&lt;table&gt;
&lt;tr&gt;&lt;td&gt;Longitude: 32.822625 &lt;/td&gt;&lt;/tr&gt;
&lt;tr&gt;&lt;td&gt;Latitude: -18.347792 &lt;/td&gt;&lt;/tr&gt;
&lt;tr&gt;&lt;td&gt;Heading: 88.3 &lt;/td&gt;&lt;/tr&gt;
&lt;/table&gt;</desc>
    <sym>Flag, Blue</sym>
    <type>user</type>
  </wpt>
  <wpt lat="-18.347737016156316" lon="32.823095032945275">
    <ele>1816.3611917512023</ele>
    <time>2026-10-02T12:58:39.000Z</time>
    <name>The Epic 2025 001-634</name>
    <cmt>&lt;table&gt;
&lt;tr&gt;&lt;td&gt;Longitude: 32.823095 &lt;/td&gt;&lt;/tr&gt;
&lt;tr&gt;&lt;td&gt;Latitude: -18.347737 &lt;/td&gt;&lt;/tr&gt;
&lt;tr&gt;&lt;td&gt;Heading: 83.0 &lt;/td&gt;&lt;/tr&gt;
&lt;/table&gt;</cmt>
    <desc>&lt;table&gt;
&lt;tr&gt;&lt;td&gt;Longitude: 32.823095 &lt;/td&gt;&lt;/tr&gt;
&lt;tr&gt;&lt;td&gt;Latitude: -18.347737 &lt;/td&gt;&lt;/tr&gt;
&lt;tr&gt;&lt;td&gt;Heading: 83.0 &lt;/td&gt;&lt;/tr&gt;
&lt;/table&gt;</desc>
    <sym>Flag, Blue</sym>
    <type>user</type>
  </wpt>
  <wpt lat="-18.347738021984696" lon="32.82380003482103">
    <ele>1818.2590948170982</ele>
    <time>2026-10-02T12:58:39.000Z</time>
    <name>The Epic 2025 001-635</name>
    <cmt>&lt;table&gt;
&lt;tr&gt;&lt;td&gt;Longitude: 32.823800 &lt;/td&gt;&lt;/tr&gt;
&lt;tr&gt;&lt;td&gt;Latitude: -18.347738 &lt;/td&gt;&lt;/tr&gt;
&lt;tr&gt;&lt;td&gt;Heading: 90.1 &lt;/td&gt;&lt;/tr&gt;
&lt;/table&gt;</cmt>
    <desc>&lt;table&gt;
&lt;tr&gt;&lt;td&gt;Longitude: 32.823800 &lt;/td&gt;&lt;/tr&gt;
&lt;tr&gt;&lt;td&gt;Latitude: -18.347738 &lt;/td&gt;&lt;/tr&gt;
&lt;tr&gt;&lt;td&gt;Heading: 90.1 &lt;/td&gt;&lt;/tr&gt;
&lt;/table&gt;</desc>
    <sym>Flag, Blue</sym>
    <type>user</type>
  </wpt>
  <wpt lat="-18.347670966759324" lon="32.82446396537125">
    <ele>1820.1107113794424</ele>
    <time>2026-10-02T12:58:39.000Z</time>
    <name>The Epic 2025 001-636</name>
    <cmt>&lt;table&gt;
&lt;tr&gt;&lt;td&gt;Longitude: 32.824464 &lt;/td&gt;&lt;/tr&gt;
&lt;tr&gt;&lt;td&gt;Latitude: -18.347671 &lt;/td&gt;&lt;/tr&gt;
&lt;tr&gt;&lt;td&gt;Heading: 83.9 &lt;/td&gt;&lt;/tr&gt;
&lt;/table&gt;</cmt>
    <desc>&lt;table&gt;
&lt;tr&gt;&lt;td&gt;Longitude: 32.824464 &lt;/td&gt;&lt;/tr&gt;
&lt;tr&gt;&lt;td&gt;Latitude: -18.347671 &lt;/td&gt;&lt;/tr&gt;
&lt;tr&gt;&lt;td&gt;Heading: 83.9 &lt;/td&gt;&lt;/tr&gt;
&lt;/table&gt;</desc>
    <sym>Flag, Blue</sym>
    <type>user</type>
  </wpt>
  <wpt lat="-18.34759402088821" lon="32.825114987790585">
    <ele>1821.798778653751</ele>
    <time>2026-10-02T12:58:39.000Z</time>
    <name>The Epic 2025 001-637</name>
    <cmt>&lt;table&gt;
&lt;tr&gt;&lt;td&gt;Longitude: 32.825115 &lt;/td&gt;&lt;/tr&gt;
&lt;tr&gt;&lt;td&gt;Latitude: -18.347594 &lt;/td&gt;&lt;/tr&gt;
&lt;tr&gt;&lt;td&gt;Heading: 82.9 &lt;/td&gt;&lt;/tr&gt;
&lt;/table&gt;</cmt>
    <desc>&lt;table&gt;
&lt;tr&gt;&lt;td&gt;Longitude: 32.825115 &lt;/td&gt;&lt;/tr&gt;
&lt;tr&gt;&lt;td&gt;Latitude: -18.347594 &lt;/td&gt;&lt;/tr&gt;
&lt;tr&gt;&lt;td&gt;Heading: 82.9 &lt;/td&gt;&lt;/tr&gt;
&lt;/table&gt;</desc>
    <sym>Flag, Blue</sym>
    <type>user</type>
  </wpt>
  <wpt lat="-18.34746401757002" lon="32.82553198747337">
    <ele>1822.072999320575</ele>
    <time>2026-10-02T12:58:39.000Z</time>
    <name>The Epic 2025 001-638</name>
    <cmt>&lt;table&gt;
&lt;tr&gt;&lt;td&gt;Longitude: 32.825532 &lt;/td&gt;&lt;/tr&gt;
&lt;tr&gt;&lt;td&gt;Latitude: -18.347464 &lt;/td&gt;&lt;/tr&gt;
&lt;tr&gt;&lt;td&gt;Heading: 71.8 &lt;/td&gt;&lt;/tr&gt;
&lt;/table&gt;</cmt>
    <desc>&lt;table&gt;
&lt;tr&gt;&lt;td&gt;Longitude: 32.825532 &lt;/td&gt;&lt;/tr&gt;
&lt;tr&gt;&lt;td&gt;Latitude: -18.347464 &lt;/td&gt;&lt;/tr&gt;
&lt;tr&gt;&lt;td&gt;Heading: 71.8 &lt;/td&gt;&lt;/tr&gt;
&lt;/table&gt;</desc>
    <sym>Flag, Blue</sym>
    <type>user</type>
  </wpt>
  <wpt lat="-18.347429987043142" lon="32.82583398744464">
    <ele>1823.0189873633208</ele>
    <time>2026-10-02T12:58:39.000Z</time>
    <name>The Epic 2025 001-639</name>
    <cmt>&lt;table&gt;
&lt;tr&gt;&lt;td&gt;Longitude: 32.825834 &lt;/td&gt;&lt;/tr&gt;
&lt;tr&gt;&lt;td&gt;Latitude: -18.347430 &lt;/td&gt;&lt;/tr&gt;
&lt;tr&gt;&lt;td&gt;Heading: 83.2 &lt;/td&gt;&lt;/tr&gt;
&lt;/table&gt;</cmt>
    <desc>&lt;table&gt;
&lt;tr&gt;&lt;td&gt;Longitude: 32.825834 &lt;/td&gt;&lt;/tr&gt;
&lt;tr&gt;&lt;td&gt;Latitude: -18.347430 &lt;/td&gt;&lt;/tr&gt;
&lt;tr&gt;&lt;td&gt;Heading: 83.2 &lt;/td&gt;&lt;/tr&gt;
&lt;/table&gt;</desc>
    <sym>Flag, Blue</sym>
    <type>user</type>
  </wpt>
  <wpt lat="-18.445648038759828" lon="32.81051899306476">
    <ele>1597.095082030704</ele>
    <time>2026-10-02T12:58:39.000Z</time>
    <name>The Epic 2025 001-64</name>
    <cmt>&lt;table&gt;
&lt;tr&gt;&lt;td&gt;Longitude: 32.810519 &lt;/td&gt;&lt;/tr&gt;
&lt;tr&gt;&lt;td&gt;Latitude: -18.445648 &lt;/td&gt;&lt;/tr&gt;
&lt;tr&gt;&lt;td&gt;Heading: 281.5 &lt;/td&gt;&lt;/tr&gt;
&lt;/table&gt;</cmt>
    <desc>&lt;table&gt;
&lt;tr&gt;&lt;td&gt;Longitude: 32.810519 &lt;/td&gt;&lt;/tr&gt;
&lt;tr&gt;&lt;td&gt;Latitude: -18.445648 &lt;/td&gt;&lt;/tr&gt;
&lt;tr&gt;&lt;td&gt;Heading: 281.5 &lt;/td&gt;&lt;/tr&gt;
&lt;/table&gt;</desc>
    <sym>Flag, Blue</sym>
    <type>user</type>
  </wpt>
  <wpt lat="-18.34737902507186" lon="32.826573019847274">
    <ele>1824.7070517376997</ele>
    <time>2026-10-02T12:58:39.000Z</time>
    <name>The Epic 2025 001-640</name>
    <cmt>&lt;table&gt;
&lt;tr&gt;&lt;td&gt;Longitude: 32.826573 &lt;/td&gt;&lt;/tr&gt;
&lt;tr&gt;&lt;td&gt;Latitude: -18.347379 &lt;/td&gt;&lt;/tr&gt;
&lt;tr&gt;&lt;td&gt;Heading: 85.8 &lt;/td&gt;&lt;/tr&gt;
&lt;/table&gt;</cmt>
    <desc>&lt;table&gt;
&lt;tr&gt;&lt;td&gt;Longitude: 32.826573 &lt;/td&gt;&lt;/tr&gt;
&lt;tr&gt;&lt;td&gt;Latitude: -18.347379 &lt;/td&gt;&lt;/tr&gt;
&lt;tr&gt;&lt;td&gt;Heading: 85.8 &lt;/td&gt;&lt;/tr&gt;
&lt;/table&gt;</desc>
    <sym>Flag, Blue</sym>
    <type>user</type>
  </wpt>
  <wpt lat="-18.347411965951324" lon="32.82725899480283">
    <ele>1826.0103095179657</ele>
    <time>2026-10-02T12:58:39.000Z</time>
    <name>The Epic 2025 001-641</name>
    <cmt>&lt;table&gt;
&lt;tr&gt;&lt;td&gt;Longitude: 32.827259 &lt;/td&gt;&lt;/tr&gt;
&lt;tr&gt;&lt;td&gt;Latitude: -18.347412 &lt;/td&gt;&lt;/tr&gt;
&lt;tr&gt;&lt;td&gt;Heading: 92.9 &lt;/td&gt;&lt;/tr&gt;
&lt;/table&gt;</cmt>
    <desc>&lt;table&gt;
&lt;tr&gt;&lt;td&gt;Longitude: 32.827259 &lt;/td&gt;&lt;/tr&gt;
&lt;tr&gt;&lt;td&gt;Latitude: -18.347412 &lt;/td&gt;&lt;/tr&gt;
&lt;tr&gt;&lt;td&gt;Heading: 92.9 &lt;/td&gt;&lt;/tr&gt;
&lt;/table&gt;</desc>
    <sym>Flag, Blue</sym>
    <type>user</type>
  </wpt>
  <wpt lat="-18.3475149795413" lon="32.82772502861917">
    <ele>1826.4724437636323</ele>
    <time>2026-10-02T12:58:39.000Z</time>
    <name>The Epic 2025 001-642</name>
    <cmt>&lt;table&gt;
&lt;tr&gt;&lt;td&gt;Longitude: 32.827725 &lt;/td&gt;&lt;/tr&gt;
&lt;tr&gt;&lt;td&gt;Latitude: -18.347515 &lt;/td&gt;&lt;/tr&gt;
&lt;tr&gt;&lt;td&gt;Heading: 103.1 &lt;/td&gt;&lt;/tr&gt;
&lt;/table&gt;</cmt>
    <desc>&lt;table&gt;
&lt;tr&gt;&lt;td&gt;Longitude: 32.827725 &lt;/td&gt;&lt;/tr&gt;
&lt;tr&gt;&lt;td&gt;Latitude: -18.347515 &lt;/td&gt;&lt;/tr&gt;
&lt;tr&gt;&lt;td&gt;Heading: 103.1 &lt;/td&gt;&lt;/tr&gt;
&lt;/table&gt;</desc>
    <sym>Flag, Blue</sym>
    <type>user</type>
  </wpt>
  <wpt lat="-18.347623022273183" lon="32.82828602939844">
    <ele>1827.5213002242212</ele>
    <time>2026-10-02T12:58:39.000Z</time>
    <name>The Epic 2025 001-643</name>
    <cmt>&lt;table&gt;
&lt;tr&gt;&lt;td&gt;Longitude: 32.828286 &lt;/td&gt;&lt;/tr&gt;
&lt;tr&gt;&lt;td&gt;Latitude: -18.347623 &lt;/td&gt;&lt;/tr&gt;
&lt;tr&gt;&lt;td&gt;Heading: 101.4 &lt;/td&gt;&lt;/tr&gt;
&lt;/table&gt;</cmt>
    <desc>&lt;table&gt;
&lt;tr&gt;&lt;td&gt;Longitude: 32.828286 &lt;/td&gt;&lt;/tr&gt;
&lt;tr&gt;&lt;td&gt;Latitude: -18.347623 &lt;/td&gt;&lt;/tr&gt;
&lt;tr&gt;&lt;td&gt;Heading: 101.4 &lt;/td&gt;&lt;/tr&gt;
&lt;/table&gt;</desc>
    <sym>Flag, Blue</sym>
    <type>user</type>
  </wpt>
  <wpt lat="-18.347757970914245" lon="32.82871903851628">
    <ele>1827.8490187039342</ele>
    <time>2026-10-02T12:58:39.000Z</time>
    <name>The Epic 2025 001-644</name>
    <cmt>&lt;table&gt;
&lt;tr&gt;&lt;td&gt;Longitude: 32.828719 &lt;/td&gt;&lt;/tr&gt;
&lt;tr&gt;&lt;td&gt;Latitude: -18.347758 &lt;/td&gt;&lt;/tr&gt;
&lt;tr&gt;&lt;td&gt;Heading: 108.2 &lt;/td&gt;&lt;/tr&gt;
&lt;/table&gt;</cmt>
    <desc>&lt;table&gt;
&lt;tr&gt;&lt;td&gt;Longitude: 32.828719 &lt;/td&gt;&lt;/tr&gt;
&lt;tr&gt;&lt;td&gt;Latitude: -18.347758 &lt;/td&gt;&lt;/tr&gt;
&lt;tr&gt;&lt;td&gt;Heading: 108.2 &lt;/td&gt;&lt;/tr&gt;
&lt;/table&gt;</desc>
    <sym>Flag, Blue</sym>
    <type>user</type>
  </wpt>
  <wpt lat="-18.347823014482856" lon="32.82906596548855">
    <ele>1826.7777800015174</ele>
    <time>2026-10-02T12:58:39.000Z</time>
    <name>The Epic 2025 001-645</name>
    <cmt>&lt;table&gt;
&lt;tr&gt;&lt;td&gt;Longitude: 32.829066 &lt;/td&gt;&lt;/tr&gt;
&lt;tr&gt;&lt;td&gt;Latitude: -18.347823 &lt;/td&gt;&lt;/tr&gt;
&lt;tr&gt;&lt;td&gt;Heading: 101.1 &lt;/td&gt;&lt;/tr&gt;
&lt;/table&gt;</cmt>
    <desc>&lt;table&gt;
&lt;tr&gt;&lt;td&gt;Longitude: 32.829066 &lt;/td&gt;&lt;/tr&gt;
&lt;tr&gt;&lt;td&gt;Latitude: -18.347823 &lt;/td&gt;&lt;/tr&gt;
&lt;tr&gt;&lt;td&gt;Heading: 101.1 &lt;/td&gt;&lt;/tr&gt;
&lt;/table&gt;</desc>
    <sym>Flag, Blue</sym>
    <type>user</type>
  </wpt>
  <wpt lat="-18.347755037248135" lon="32.82936402596533">
    <ele>1825.7436768956113</ele>
    <time>2026-10-02T12:58:39.000Z</time>
    <name>The Epic 2025 001-646</name>
    <cmt>&lt;table&gt;
&lt;tr&gt;&lt;td&gt;Longitude: 32.829364 &lt;/td&gt;&lt;/tr&gt;
&lt;tr&gt;&lt;td&gt;Latitude: -18.347755 &lt;/td&gt;&lt;/tr&gt;
&lt;tr&gt;&lt;td&gt;Heading: 76.5 &lt;/td&gt;&lt;/tr&gt;
&lt;/table&gt;</cmt>
    <desc>&lt;table&gt;
&lt;tr&gt;&lt;td&gt;Longitude: 32.829364 &lt;/td&gt;&lt;/tr&gt;
&lt;tr&gt;&lt;td&gt;Latitude: -18.347755 &lt;/td&gt;&lt;/tr&gt;
&lt;tr&gt;&lt;td&gt;Heading: 76.5 &lt;/td&gt;&lt;/tr&gt;
&lt;/table&gt;</desc>
    <sym>Flag, Blue</sym>
    <type>user</type>
  </wpt>
  <wpt lat="-18.347645988687873" lon="32.82970500178635">
    <ele>1826.6580813406351</ele>
    <time>2026-10-02T12:58:39.000Z</time>
    <name>The Epic 2025 001-647</name>
    <cmt>&lt;table&gt;
&lt;tr&gt;&lt;td&gt;Longitude: 32.829705 &lt;/td&gt;&lt;/tr&gt;
&lt;tr&gt;&lt;td&gt;Latitude: -18.347646 &lt;/td&gt;&lt;/tr&gt;
&lt;tr&gt;&lt;td&gt;Heading: 71.4 &lt;/td&gt;&lt;/tr&gt;
&lt;/table&gt;</cmt>
    <desc>&lt;table&gt;
&lt;tr&gt;&lt;td&gt;Longitude: 32.829705 &lt;/td&gt;&lt;/tr&gt;
&lt;tr&gt;&lt;td&gt;Latitude: -18.347646 &lt;/td&gt;&lt;/tr&gt;
&lt;tr&gt;&lt;td&gt;Heading: 71.4 &lt;/td&gt;&lt;/tr&gt;
&lt;/table&gt;</desc>
    <sym>Flag, Blue</sym>
    <type>user</type>
  </wpt>
  <wpt lat="-18.34727701731026" lon="32.83039097674191">
    <ele>1834.5928306478495</ele>
    <time>2026-10-02T12:58:39.000Z</time>
    <name>The Epic 2025 001-648</name>
    <cmt>&lt;table&gt;
&lt;tr&gt;&lt;td&gt;Longitude: 32.830391 &lt;/td&gt;&lt;/tr&gt;
&lt;tr&gt;&lt;td&gt;Latitude: -18.347277 &lt;/td&gt;&lt;/tr&gt;
&lt;tr&gt;&lt;td&gt;Heading: 60.5 &lt;/td&gt;&lt;/tr&gt;
&lt;/table&gt;</cmt>
    <desc>&lt;table&gt;
&lt;tr&gt;&lt;td&gt;Longitude: 32.830391 &lt;/td&gt;&lt;/tr&gt;
&lt;tr&gt;&lt;td&gt;Latitude: -18.347277 &lt;/td&gt;&lt;/tr&gt;
&lt;tr&gt;&lt;td&gt;Heading: 60.5 &lt;/td&gt;&lt;/tr&gt;
&lt;/table&gt;</desc>
    <sym>Flag, Blue</sym>
    <type>user</type>
  </wpt>
  <wpt lat="-18.346768990159035" lon="32.83099899999797">
    <ele>1842.43115234375</ele>
    <time>2026-10-02T12:58:39.000Z</time>
    <name>The Epic 2025 001-649</name>
    <cmt>&lt;table&gt;
&lt;tr&gt;&lt;td&gt;Longitude: 32.830999 &lt;/td&gt;&lt;/tr&gt;
&lt;tr&gt;&lt;td&gt;Latitude: -18.346769 &lt;/td&gt;&lt;/tr&gt;
&lt;tr&gt;&lt;td&gt;Heading: 48.6 &lt;/td&gt;&lt;/tr&gt;
&lt;/table&gt;</cmt>
    <desc>&lt;table&gt;
&lt;tr&gt;&lt;td&gt;Longitude: 32.830999 &lt;/td&gt;&lt;/tr&gt;
&lt;tr&gt;&lt;td&gt;Latitude: -18.346769 &lt;/td&gt;&lt;/tr&gt;
&lt;tr&gt;&lt;td&gt;Heading: 48.6 &lt;/td&gt;&lt;/tr&gt;
&lt;/table&gt;</desc>
    <sym>Flag, Blue</sym>
    <type>user</type>
  </wpt>
  <wpt lat="-18.44612999819219" lon="32.80983402393758">
    <ele>1589.5027139857411</ele>
    <time>2026-10-02T12:58:39.000Z</time>
    <name>The Epic 2025 001-65</name>
    <cmt>&lt;table&gt;
&lt;tr&gt;&lt;td&gt;Longitude: 32.809834 &lt;/td&gt;&lt;/tr&gt;
&lt;tr&gt;&lt;td&gt;Latitude: -18.446130 &lt;/td&gt;&lt;/tr&gt;
&lt;tr&gt;&lt;td&gt;Heading: 233.5 &lt;/td&gt;&lt;/tr&gt;
&lt;/table&gt;</cmt>
    <desc>&lt;table&gt;
&lt;tr&gt;&lt;td&gt;Longitude: 32.809834 &lt;/td&gt;&lt;/tr&gt;
&lt;tr&gt;&lt;td&gt;Latitude: -18.446130 &lt;/td&gt;&lt;/tr&gt;
&lt;tr&gt;&lt;td&gt;Heading: 233.5 &lt;/td&gt;&lt;/tr&gt;
&lt;/table&gt;</desc>
    <sym>Flag, Blue</sym>
    <type>user</type>
  </wpt>
  <wpt lat="-18.346214024350047" lon="32.830379996448755">
    <ele>1836.9759323550388</ele>
    <time>2026-10-02T12:58:39.000Z</time>
    <name>The Epic 2025 001-650</name>
    <cmt>&lt;table&gt;
&lt;tr&gt;&lt;td&gt;Longitude: 32.830380 &lt;/td&gt;&lt;/tr&gt;
&lt;tr&gt;&lt;td&gt;Latitude: -18.346214 &lt;/td&gt;&lt;/tr&gt;
&lt;tr&gt;&lt;td&gt;Heading: 313.4 &lt;/td&gt;&lt;/tr&gt;
&lt;/table&gt;</cmt>
    <desc>&lt;table&gt;
&lt;tr&gt;&lt;td&gt;Longitude: 32.830380 &lt;/td&gt;&lt;/tr&gt;
&lt;tr&gt;&lt;td&gt;Latitude: -18.346214 &lt;/td&gt;&lt;/tr&gt;
&lt;tr&gt;&lt;td&gt;Heading: 313.4 &lt;/td&gt;&lt;/tr&gt;
&lt;/table&gt;</desc>
    <sym>Flag, Blue</sym>
    <type>user</type>
  </wpt>
  <wpt lat="-18.3460680115968" lon="32.83015896566212">
    <ele>1835.372401528482</ele>
    <time>2026-10-02T12:58:39.000Z</time>
    <name>The Epic 2025 001-651</name>
    <cmt>&lt;table&gt;
&lt;tr&gt;&lt;td&gt;Longitude: 32.830159 &lt;/td&gt;&lt;/tr&gt;
&lt;tr&gt;&lt;td&gt;Latitude: -18.346068 &lt;/td&gt;&lt;/tr&gt;
&lt;tr&gt;&lt;td&gt;Heading: 304.8 &lt;/td&gt;&lt;/tr&gt;
&lt;/table&gt;</cmt>
    <desc>&lt;table&gt;
&lt;tr&gt;&lt;td&gt;Longitude: 32.830159 &lt;/td&gt;&lt;/tr&gt;
&lt;tr&gt;&lt;td&gt;Latitude: -18.346068 &lt;/td&gt;&lt;/tr&gt;
&lt;tr&gt;&lt;td&gt;Heading: 304.8 &lt;/td&gt;&lt;/tr&gt;
&lt;/table&gt;</desc>
    <sym>Flag, Blue</sym>
    <type>user</type>
  </wpt>
  <wpt lat="-18.34521196782589" lon="32.82906596548855">
    <ele>1831.0180038021247</ele>
    <time>2026-10-02T12:58:39.000Z</time>
    <name>The Epic 2025 001-652</name>
    <cmt>&lt;table&gt;
&lt;tr&gt;&lt;td&gt;Longitude: 32.829066 &lt;/td&gt;&lt;/tr&gt;
&lt;tr&gt;&lt;td&gt;Latitude: -18.345212 &lt;/td&gt;&lt;/tr&gt;
&lt;tr&gt;&lt;td&gt;Heading: 309.5 &lt;/td&gt;&lt;/tr&gt;
&lt;/table&gt;</cmt>
    <desc>&lt;table&gt;
&lt;tr&gt;&lt;td&gt;Longitude: 32.829066 &lt;/td&gt;&lt;/tr&gt;
&lt;tr&gt;&lt;td&gt;Latitude: -18.345212 &lt;/td&gt;&lt;/tr&gt;
&lt;tr&gt;&lt;td&gt;Heading: 309.5 &lt;/td&gt;&lt;/tr&gt;
&lt;/table&gt;</desc>
    <sym>Flag, Blue</sym>
    <type>user</type>
  </wpt>
  <wpt lat="-18.344965958967805" lon="32.82880201935768">
    <ele>1829.6328125</ele>
    <time>2026-10-02T12:58:39.000Z</time>
    <name>The Epic 2025 001-653</name>
    <cmt>&lt;table&gt;
&lt;tr&gt;&lt;td&gt;Longitude: 32.828802 &lt;/td&gt;&lt;/tr&gt;
&lt;tr&gt;&lt;td&gt;Latitude: -18.344966 &lt;/td&gt;&lt;/tr&gt;
&lt;tr&gt;&lt;td&gt;Heading: 314.5 &lt;/td&gt;&lt;/tr&gt;
&lt;/table&gt;</cmt>
    <desc>&lt;table&gt;
&lt;tr&gt;&lt;td&gt;Longitude: 32.828802 &lt;/td&gt;&lt;/tr&gt;
&lt;tr&gt;&lt;td&gt;Latitude: -18.344966 &lt;/td&gt;&lt;/tr&gt;
&lt;tr&gt;&lt;td&gt;Heading: 314.5 &lt;/td&gt;&lt;/tr&gt;
&lt;/table&gt;</desc>
    <sym>Flag, Blue</sym>
    <type>user</type>
  </wpt>
  <wpt lat="-18.344638980925083" lon="32.828425001353025">
    <ele>1828.9094546889523</ele>
    <time>2026-10-02T12:58:39.000Z</time>
    <name>The Epic 2025 001-654</name>
    <cmt>&lt;table&gt;
&lt;tr&gt;&lt;td&gt;Longitude: 32.828425 &lt;/td&gt;&lt;/tr&gt;
&lt;tr&gt;&lt;td&gt;Latitude: -18.344639 &lt;/td&gt;&lt;/tr&gt;
&lt;tr&gt;&lt;td&gt;Heading: 312.5 &lt;/td&gt;&lt;/tr&gt;
&lt;/table&gt;</cmt>
    <desc>&lt;table&gt;
&lt;tr&gt;&lt;td&gt;Longitude: 32.828425 &lt;/td&gt;&lt;/tr&gt;
&lt;tr&gt;&lt;td&gt;Latitude: -18.344639 &lt;/td&gt;&lt;/tr&gt;
&lt;tr&gt;&lt;td&gt;Heading: 312.5 &lt;/td&gt;&lt;/tr&gt;
&lt;/table&gt;</desc>
    <sym>Flag, Blue</sym>
    <type>user</type>
  </wpt>
  <wpt lat="-18.34424695931375" lon="32.82903503626585">
    <ele>1829.9105398477986</ele>
    <time>2026-10-02T12:58:39.000Z</time>
    <name>The Epic 2025 001-655</name>
    <cmt>&lt;table&gt;
&lt;tr&gt;&lt;td&gt;Longitude: 32.829035 &lt;/td&gt;&lt;/tr&gt;
&lt;tr&gt;&lt;td&gt;Latitude: -18.344247 &lt;/td&gt;&lt;/tr&gt;
&lt;tr&gt;&lt;td&gt;Heading: 55.9 &lt;/td&gt;&lt;/tr&gt;
&lt;/table&gt;</cmt>
    <desc>&lt;table&gt;
&lt;tr&gt;&lt;td&gt;Longitude: 32.829035 &lt;/td&gt;&lt;/tr&gt;
&lt;tr&gt;&lt;td&gt;Latitude: -18.344247 &lt;/td&gt;&lt;/tr&gt;
&lt;tr&gt;&lt;td&gt;Heading: 55.9 &lt;/td&gt;&lt;/tr&gt;
&lt;/table&gt;</desc>
    <sym>Flag, Blue</sym>
    <type>user</type>
  </wpt>
  <wpt lat="-18.344123996794224" lon="32.829457987099886">
    <ele>1830.5783644716619</ele>
    <time>2026-10-02T12:58:39.000Z</time>
    <name>The Epic 2025 001-656</name>
    <cmt>&lt;table&gt;
&lt;tr&gt;&lt;td&gt;Longitude: 32.829458 &lt;/td&gt;&lt;/tr&gt;
&lt;tr&gt;&lt;td&gt;Latitude: -18.344124 &lt;/td&gt;&lt;/tr&gt;
&lt;tr&gt;&lt;td&gt;Heading: 72.9 &lt;/td&gt;&lt;/tr&gt;
&lt;/table&gt;</cmt>
    <desc>&lt;table&gt;
&lt;tr&gt;&lt;td&gt;Longitude: 32.829458 &lt;/td&gt;&lt;/tr&gt;
&lt;tr&gt;&lt;td&gt;Latitude: -18.344124 &lt;/td&gt;&lt;/tr&gt;
&lt;tr&gt;&lt;td&gt;Heading: 72.9 &lt;/td&gt;&lt;/tr&gt;
&lt;/table&gt;</desc>
    <sym>Flag, Blue</sym>
    <type>user</type>
  </wpt>
  <wpt lat="-18.343981001526117" lon="32.82996601425111">
    <ele>1832.8550203187765</ele>
    <time>2026-10-02T12:58:39.000Z</time>
    <name>The Epic 2025 001-657</name>
    <cmt>&lt;table&gt;
&lt;tr&gt;&lt;td&gt;Longitude: 32.829966 &lt;/td&gt;&lt;/tr&gt;
&lt;tr&gt;&lt;td&gt;Latitude: -18.343981 &lt;/td&gt;&lt;/tr&gt;
&lt;tr&gt;&lt;td&gt;Heading: 73.5 &lt;/td&gt;&lt;/tr&gt;
&lt;/table&gt;</cmt>
    <desc>&lt;table&gt;
&lt;tr&gt;&lt;td&gt;Longitude: 32.829966 &lt;/td&gt;&lt;/tr&gt;
&lt;tr&gt;&lt;td&gt;Latitude: -18.343981 &lt;/td&gt;&lt;/tr&gt;
&lt;tr&gt;&lt;td&gt;Heading: 73.5 &lt;/td&gt;&lt;/tr&gt;
&lt;/table&gt;</desc>
    <sym>Flag, Blue</sym>
    <type>user</type>
  </wpt>
  <wpt lat="-18.343628039583564" lon="32.83054302446544">
    <ele>1832.247036114442</ele>
    <time>2026-10-02T12:58:39.000Z</time>
    <name>The Epic 2025 001-658</name>
    <cmt>&lt;table&gt;
&lt;tr&gt;&lt;td&gt;Longitude: 32.830543 &lt;/td&gt;&lt;/tr&gt;
&lt;tr&gt;&lt;td&gt;Latitude: -18.343628 &lt;/td&gt;&lt;/tr&gt;
&lt;tr&gt;&lt;td&gt;Heading: 57.2 &lt;/td&gt;&lt;/tr&gt;
&lt;/table&gt;</cmt>
    <desc>&lt;table&gt;
&lt;tr&gt;&lt;td&gt;Longitude: 32.830543 &lt;/td&gt;&lt;/tr&gt;
&lt;tr&gt;&lt;td&gt;Latitude: -18.343628 &lt;/td&gt;&lt;/tr&gt;
&lt;tr&gt;&lt;td&gt;Heading: 57.2 &lt;/td&gt;&lt;/tr&gt;
&lt;/table&gt;</desc>
    <sym>Flag, Blue</sym>
    <type>user</type>
  </wpt>
  <wpt lat="-18.343378007411957" lon="32.83084795810282">
    <ele>1826.4738544143343</ele>
    <time>2026-10-02T12:58:39.000Z</time>
    <name>The Epic 2025 001-659</name>
    <cmt>&lt;table&gt;
&lt;tr&gt;&lt;td&gt;Longitude: 32.830848 &lt;/td&gt;&lt;/tr&gt;
&lt;tr&gt;&lt;td&gt;Latitude: -18.343378 &lt;/td&gt;&lt;/tr&gt;
&lt;tr&gt;&lt;td&gt;Heading: 49.2 &lt;/td&gt;&lt;/tr&gt;
&lt;/table&gt;</cmt>
    <desc>&lt;table&gt;
&lt;tr&gt;&lt;td&gt;Longitude: 32.830848 &lt;/td&gt;&lt;/tr&gt;
&lt;tr&gt;&lt;td&gt;Latitude: -18.343378 &lt;/td&gt;&lt;/tr&gt;
&lt;tr&gt;&lt;td&gt;Heading: 49.2 &lt;/td&gt;&lt;/tr&gt;
&lt;/table&gt;</desc>
    <sym>Flag, Blue</sym>
    <type>user</type>
  </wpt>
  <wpt lat="-18.445605039596558" lon="32.80973897315562">
    <ele>1566.6875599686439</ele>
    <time>2026-10-02T12:58:39.000Z</time>
    <name>The Epic 2025 001-66</name>
    <cmt>&lt;table&gt;
&lt;tr&gt;&lt;td&gt;Longitude: 32.809739 &lt;/td&gt;&lt;/tr&gt;
&lt;tr&gt;&lt;td&gt;Latitude: -18.445605 &lt;/td&gt;&lt;/tr&gt;
&lt;tr&gt;&lt;td&gt;Heading: 350.3 &lt;/td&gt;&lt;/tr&gt;
&lt;/table&gt;</cmt>
    <desc>&lt;table&gt;
&lt;tr&gt;&lt;td&gt;Longitude: 32.809739 &lt;/td&gt;&lt;/tr&gt;
&lt;tr&gt;&lt;td&gt;Latitude: -18.445605 &lt;/td&gt;&lt;/tr&gt;
&lt;tr&gt;&lt;td&gt;Heading: 350.3 &lt;/td&gt;&lt;/tr&gt;
&lt;/table&gt;</desc>
    <sym>Flag, Blue</sym>
    <type>user</type>
  </wpt>
  <wpt lat="-18.34286503493786" lon="32.83101500943303">
    <ele>1821.222669476615</ele>
    <time>2026-10-02T12:58:39.000Z</time>
    <name>The Epic 2025 001-660</name>
    <cmt>&lt;table&gt;
&lt;tr&gt;&lt;td&gt;Longitude: 32.831015 &lt;/td&gt;&lt;/tr&gt;
&lt;tr&gt;&lt;td&gt;Latitude: -18.342865 &lt;/td&gt;&lt;/tr&gt;
&lt;tr&gt;&lt;td&gt;Heading: 17.2 &lt;/td&gt;&lt;/tr&gt;
&lt;/table&gt;</cmt>
    <desc>&lt;table&gt;
&lt;tr&gt;&lt;td&gt;Longitude: 32.831015 &lt;/td&gt;&lt;/tr&gt;
&lt;tr&gt;&lt;td&gt;Latitude: -18.342865 &lt;/td&gt;&lt;/tr&gt;
&lt;tr&gt;&lt;td&gt;Heading: 17.2 &lt;/td&gt;&lt;/tr&gt;
&lt;/table&gt;</desc>
    <sym>Flag, Blue</sym>
    <type>user</type>
  </wpt>
  <wpt lat="-18.342538978904486" lon="32.83136000856757">
    <ele>1812.8145292106362</ele>
    <time>2026-10-02T12:58:39.000Z</time>
    <name>The Epic 2025 001-661</name>
    <cmt>&lt;table&gt;
&lt;tr&gt;&lt;td&gt;Longitude: 32.831360 &lt;/td&gt;&lt;/tr&gt;
&lt;tr&gt;&lt;td&gt;Latitude: -18.342539 &lt;/td&gt;&lt;/tr&gt;
&lt;tr&gt;&lt;td&gt;Heading: 45.1 &lt;/td&gt;&lt;/tr&gt;
&lt;/table&gt;</cmt>
    <desc>&lt;table&gt;
&lt;tr&gt;&lt;td&gt;Longitude: 32.831360 &lt;/td&gt;&lt;/tr&gt;
&lt;tr&gt;&lt;td&gt;Latitude: -18.342539 &lt;/td&gt;&lt;/tr&gt;
&lt;tr&gt;&lt;td&gt;Heading: 45.1 &lt;/td&gt;&lt;/tr&gt;
&lt;/table&gt;</desc>
    <sym>Flag, Blue</sym>
    <type>user</type>
  </wpt>
  <wpt lat="-18.342062970623374" lon="32.83181296661496">
    <ele>1804.5949417670492</ele>
    <time>2026-10-02T12:58:39.000Z</time>
    <name>The Epic 2025 001-662</name>
    <cmt>&lt;table&gt;
&lt;tr&gt;&lt;td&gt;Longitude: 32.831813 &lt;/td&gt;&lt;/tr&gt;
&lt;tr&gt;&lt;td&gt;Latitude: -18.342063 &lt;/td&gt;&lt;/tr&gt;
&lt;tr&gt;&lt;td&gt;Heading: 42.1 &lt;/td&gt;&lt;/tr&gt;
&lt;/table&gt;</cmt>
    <desc>&lt;table&gt;
&lt;tr&gt;&lt;td&gt;Longitude: 32.831813 &lt;/td&gt;&lt;/tr&gt;
&lt;tr&gt;&lt;td&gt;Latitude: -18.342063 &lt;/td&gt;&lt;/tr&gt;
&lt;tr&gt;&lt;td&gt;Heading: 42.1 &lt;/td&gt;&lt;/tr&gt;
&lt;/table&gt;</desc>
    <sym>Flag, Blue</sym>
    <type>user</type>
  </wpt>
  <wpt lat="-18.341485038399696" lon="32.83256700262427">
    <ele>1789.7003939743981</ele>
    <time>2026-10-02T12:58:39.000Z</time>
    <name>The Epic 2025 001-663</name>
    <cmt>&lt;table&gt;
&lt;tr&gt;&lt;td&gt;Longitude: 32.832567 &lt;/td&gt;&lt;/tr&gt;
&lt;tr&gt;&lt;td&gt;Latitude: -18.341485 &lt;/td&gt;&lt;/tr&gt;
&lt;tr&gt;&lt;td&gt;Heading: 51.1 &lt;/td&gt;&lt;/tr&gt;
&lt;/table&gt;</cmt>
    <desc>&lt;table&gt;
&lt;tr&gt;&lt;td&gt;Longitude: 32.832567 &lt;/td&gt;&lt;/tr&gt;
&lt;tr&gt;&lt;td&gt;Latitude: -18.341485 &lt;/td&gt;&lt;/tr&gt;
&lt;tr&gt;&lt;td&gt;Heading: 51.1 &lt;/td&gt;&lt;/tr&gt;
&lt;/table&gt;</desc>
    <sym>Flag, Blue</sym>
    <type>user</type>
  </wpt>
  <wpt lat="-18.34089201875031" lon="32.83322397619486">
    <ele>1769.0501188812852</ele>
    <time>2026-10-02T12:58:39.000Z</time>
    <name>The Epic 2025 001-664</name>
    <cmt>&lt;table&gt;
&lt;tr&gt;&lt;td&gt;Longitude: 32.833224 &lt;/td&gt;&lt;/tr&gt;
&lt;tr&gt;&lt;td&gt;Latitude: -18.340892 &lt;/td&gt;&lt;/tr&gt;
&lt;tr&gt;&lt;td&gt;Heading: 46.4 &lt;/td&gt;&lt;/tr&gt;
&lt;/table&gt;</cmt>
    <desc>&lt;table&gt;
&lt;tr&gt;&lt;td&gt;Longitude: 32.833224 &lt;/td&gt;&lt;/tr&gt;
&lt;tr&gt;&lt;td&gt;Latitude: -18.340892 &lt;/td&gt;&lt;/tr&gt;
&lt;tr&gt;&lt;td&gt;Heading: 46.4 &lt;/td&gt;&lt;/tr&gt;
&lt;/table&gt;</desc>
    <sym>Flag, Blue</sym>
    <type>user</type>
  </wpt>
  <wpt lat="-18.34052598103881" lon="32.83355598337948">
    <ele>1764.284335728212</ele>
    <time>2026-10-02T12:58:39.000Z</time>
    <name>The Epic 2025 001-665</name>
    <cmt>&lt;table&gt;
&lt;tr&gt;&lt;td&gt;Longitude: 32.833556 &lt;/td&gt;&lt;/tr&gt;
&lt;tr&gt;&lt;td&gt;Latitude: -18.340526 &lt;/td&gt;&lt;/tr&gt;
&lt;tr&gt;&lt;td&gt;Heading: 40.8 &lt;/td&gt;&lt;/tr&gt;
&lt;/table&gt;</cmt>
    <desc>&lt;table&gt;
&lt;tr&gt;&lt;td&gt;Longitude: 32.833556 &lt;/td&gt;&lt;/tr&gt;
&lt;tr&gt;&lt;td&gt;Latitude: -18.340526 &lt;/td&gt;&lt;/tr&gt;
&lt;tr&gt;&lt;td&gt;Heading: 40.8 &lt;/td&gt;&lt;/tr&gt;
&lt;/table&gt;</desc>
    <sym>Flag, Blue</sym>
    <type>user</type>
  </wpt>
  <wpt lat="-18.34018098190427" lon="32.83375999890268">
    <ele>1766.8245134177132</ele>
    <time>2026-10-02T12:58:39.000Z</time>
    <name>The Epic 2025 001-666</name>
    <cmt>&lt;table&gt;
&lt;tr&gt;&lt;td&gt;Longitude: 32.833760 &lt;/td&gt;&lt;/tr&gt;
&lt;tr&gt;&lt;td&gt;Latitude: -18.340181 &lt;/td&gt;&lt;/tr&gt;
&lt;tr&gt;&lt;td&gt;Heading: 29.3 &lt;/td&gt;&lt;/tr&gt;
&lt;/table&gt;</cmt>
    <desc>&lt;table&gt;
&lt;tr&gt;&lt;td&gt;Longitude: 32.833760 &lt;/td&gt;&lt;/tr&gt;
&lt;tr&gt;&lt;td&gt;Latitude: -18.340181 &lt;/td&gt;&lt;/tr&gt;
&lt;tr&gt;&lt;td&gt;Heading: 29.3 &lt;/td&gt;&lt;/tr&gt;
&lt;/table&gt;</desc>
    <sym>Flag, Blue</sym>
    <type>user</type>
  </wpt>
  <wpt lat="-18.33971100859344" lon="32.833644999191165">
    <ele>1774.2325078584254</ele>
    <time>2026-10-02T12:58:39.000Z</time>
    <name>The Epic 2025 001-667</name>
    <cmt>&lt;table&gt;
&lt;tr&gt;&lt;td&gt;Longitude: 32.833645 &lt;/td&gt;&lt;/tr&gt;
&lt;tr&gt;&lt;td&gt;Latitude: -18.339711 &lt;/td&gt;&lt;/tr&gt;
&lt;tr&gt;&lt;td&gt;Heading: 347.0 &lt;/td&gt;&lt;/tr&gt;
&lt;/table&gt;</cmt>
    <desc>&lt;table&gt;
&lt;tr&gt;&lt;td&gt;Longitude: 32.833645 &lt;/td&gt;&lt;/tr&gt;
&lt;tr&gt;&lt;td&gt;Latitude: -18.339711 &lt;/td&gt;&lt;/tr&gt;
&lt;tr&gt;&lt;td&gt;Heading: 347.0 &lt;/td&gt;&lt;/tr&gt;
&lt;/table&gt;</desc>
    <sym>Flag, Blue</sym>
    <type>user</type>
  </wpt>
  <wpt lat="-18.33934103138745" lon="32.833729991689324">
    <ele>1781.0470572125355</ele>
    <time>2026-10-02T12:58:39.000Z</time>
    <name>The Epic 2025 001-668</name>
    <cmt>&lt;table&gt;
&lt;tr&gt;&lt;td&gt;Longitude: 32.833730 &lt;/td&gt;&lt;/tr&gt;
&lt;tr&gt;&lt;td&gt;Latitude: -18.339341 &lt;/td&gt;&lt;/tr&gt;
&lt;tr&gt;&lt;td&gt;Heading: 12.2 &lt;/td&gt;&lt;/tr&gt;
&lt;/table&gt;</cmt>
    <desc>&lt;table&gt;
&lt;tr&gt;&lt;td&gt;Longitude: 32.833730 &lt;/td&gt;&lt;/tr&gt;
&lt;tr&gt;&lt;td&gt;Latitude: -18.339341 &lt;/td&gt;&lt;/tr&gt;
&lt;tr&gt;&lt;td&gt;Heading: 12.2 &lt;/td&gt;&lt;/tr&gt;
&lt;/table&gt;</desc>
    <sym>Flag, Blue</sym>
    <type>user</type>
  </wpt>
  <wpt lat="-18.339081024751067" lon="32.83376703970134">
    <ele>1784.624845262527</ele>
    <time>2026-10-02T12:58:39.000Z</time>
    <name>The Epic 2025 001-669</name>
    <cmt>&lt;table&gt;
&lt;tr&gt;&lt;td&gt;Longitude: 32.833767 &lt;/td&gt;&lt;/tr&gt;
&lt;tr&gt;&lt;td&gt;Latitude: -18.339081 &lt;/td&gt;&lt;/tr&gt;
&lt;tr&gt;&lt;td&gt;Heading: 7.8 &lt;/td&gt;&lt;/tr&gt;
&lt;/table&gt;</cmt>
    <desc>&lt;table&gt;
&lt;tr&gt;&lt;td&gt;Longitude: 32.833767 &lt;/td&gt;&lt;/tr&gt;
&lt;tr&gt;&lt;td&gt;Latitude: -18.339081 &lt;/td&gt;&lt;/tr&gt;
&lt;tr&gt;&lt;td&gt;Heading: 7.8 &lt;/td&gt;&lt;/tr&gt;
&lt;/table&gt;</desc>
    <sym>Flag, Blue</sym>
    <type>user</type>
  </wpt>
  <wpt lat="-18.445168007165194" lon="32.80999596230686">
    <ele>1556.9543370009515</ele>
    <time>2026-10-02T12:58:39.000Z</time>
    <name>The Epic 2025 001-67</name>
    <cmt>&lt;table&gt;
&lt;tr&gt;&lt;td&gt;Longitude: 32.809996 &lt;/td&gt;&lt;/tr&gt;
&lt;tr&gt;&lt;td&gt;Latitude: -18.445168 &lt;/td&gt;&lt;/tr&gt;
&lt;tr&gt;&lt;td&gt;Heading: 29.1 &lt;/td&gt;&lt;/tr&gt;
&lt;/table&gt;</cmt>
    <desc>&lt;table&gt;
&lt;tr&gt;&lt;td&gt;Longitude: 32.809996 &lt;/td&gt;&lt;/tr&gt;
&lt;tr&gt;&lt;td&gt;Latitude: -18.445168 &lt;/td&gt;&lt;/tr&gt;
&lt;tr&gt;&lt;td&gt;Heading: 29.1 &lt;/td&gt;&lt;/tr&gt;
&lt;/table&gt;</desc>
    <sym>Flag, Blue</sym>
    <type>user</type>
  </wpt>
  <wpt lat="-18.338780030608177" lon="32.83383401110768">
    <ele>1787.180188568797</ele>
    <time>2026-10-02T12:58:39.000Z</time>
    <name>The Epic 2025 001-670</name>
    <cmt>&lt;table&gt;
&lt;tr&gt;&lt;td&gt;Longitude: 32.833834 &lt;/td&gt;&lt;/tr&gt;
&lt;tr&gt;&lt;td&gt;Latitude: -18.338780 &lt;/td&gt;&lt;/tr&gt;
&lt;tr&gt;&lt;td&gt;Heading: 11.9 &lt;/td&gt;&lt;/tr&gt;
&lt;/table&gt;</cmt>
    <desc>&lt;table&gt;
&lt;tr&gt;&lt;td&gt;Longitude: 32.833834 &lt;/td&gt;&lt;/tr&gt;
&lt;tr&gt;&lt;td&gt;Latitude: -18.338780 &lt;/td&gt;&lt;/tr&gt;
&lt;tr&gt;&lt;td&gt;Heading: 11.9 &lt;/td&gt;&lt;/tr&gt;
&lt;/table&gt;</desc>
    <sym>Flag, Blue</sym>
    <type>user</type>
  </wpt>
  <wpt lat="-18.338152980431914" lon="32.83414598554373">
    <ele>1790.2899207836972</ele>
    <time>2026-10-02T12:58:39.000Z</time>
    <name>The Epic 2025 001-671</name>
    <cmt>&lt;table&gt;
&lt;tr&gt;&lt;td&gt;Longitude: 32.834146 &lt;/td&gt;&lt;/tr&gt;
&lt;tr&gt;&lt;td&gt;Latitude: -18.338153 &lt;/td&gt;&lt;/tr&gt;
&lt;tr&gt;&lt;td&gt;Heading: 25.3 &lt;/td&gt;&lt;/tr&gt;
&lt;/table&gt;</cmt>
    <desc>&lt;table&gt;
&lt;tr&gt;&lt;td&gt;Longitude: 32.834146 &lt;/td&gt;&lt;/tr&gt;
&lt;tr&gt;&lt;td&gt;Latitude: -18.338153 &lt;/td&gt;&lt;/tr&gt;
&lt;tr&gt;&lt;td&gt;Heading: 25.3 &lt;/td&gt;&lt;/tr&gt;
&lt;/table&gt;</desc>
    <sym>Flag, Blue</sym>
    <type>user</type>
  </wpt>
  <wpt lat="-18.337781997397542" lon="32.8344289585948">
    <ele>1794.6689086978467</ele>
    <time>2026-10-02T12:58:39.000Z</time>
    <name>The Epic 2025 001-672</name>
    <cmt>&lt;table&gt;
&lt;tr&gt;&lt;td&gt;Longitude: 32.834429 &lt;/td&gt;&lt;/tr&gt;
&lt;tr&gt;&lt;td&gt;Latitude: -18.337782 &lt;/td&gt;&lt;/tr&gt;
&lt;tr&gt;&lt;td&gt;Heading: 35.9 &lt;/td&gt;&lt;/tr&gt;
&lt;/table&gt;</cmt>
    <desc>&lt;table&gt;
&lt;tr&gt;&lt;td&gt;Longitude: 32.834429 &lt;/td&gt;&lt;/tr&gt;
&lt;tr&gt;&lt;td&gt;Latitude: -18.337782 &lt;/td&gt;&lt;/tr&gt;
&lt;tr&gt;&lt;td&gt;Heading: 35.9 &lt;/td&gt;&lt;/tr&gt;
&lt;/table&gt;</desc>
    <sym>Flag, Blue</sym>
    <type>user</type>
  </wpt>
  <wpt lat="-18.33734999410808" lon="32.834784016013145">
    <ele>1803.68056731875</ele>
    <time>2026-10-02T12:58:39.000Z</time>
    <name>The Epic 2025 001-673</name>
    <cmt>&lt;table&gt;
&lt;tr&gt;&lt;td&gt;Longitude: 32.834784 &lt;/td&gt;&lt;/tr&gt;
&lt;tr&gt;&lt;td&gt;Latitude: -18.337350 &lt;/td&gt;&lt;/tr&gt;
&lt;tr&gt;&lt;td&gt;Heading: 38.0 &lt;/td&gt;&lt;/tr&gt;
&lt;/table&gt;</cmt>
    <desc>&lt;table&gt;
&lt;tr&gt;&lt;td&gt;Longitude: 32.834784 &lt;/td&gt;&lt;/tr&gt;
&lt;tr&gt;&lt;td&gt;Latitude: -18.337350 &lt;/td&gt;&lt;/tr&gt;
&lt;tr&gt;&lt;td&gt;Heading: 38.0 &lt;/td&gt;&lt;/tr&gt;
&lt;/table&gt;</desc>
    <sym>Flag, Blue</sym>
    <type>user</type>
  </wpt>
  <wpt lat="-18.337189983576536" lon="32.83500999212265">
    <ele>1809.387606854205</ele>
    <time>2026-10-02T12:58:39.000Z</time>
    <name>The Epic 2025 001-674</name>
    <cmt>&lt;table&gt;
&lt;tr&gt;&lt;td&gt;Longitude: 32.835010 &lt;/td&gt;&lt;/tr&gt;
&lt;tr&gt;&lt;td&gt;Latitude: -18.337190 &lt;/td&gt;&lt;/tr&gt;
&lt;tr&gt;&lt;td&gt;Heading: 53.2 &lt;/td&gt;&lt;/tr&gt;
&lt;/table&gt;</cmt>
    <desc>&lt;table&gt;
&lt;tr&gt;&lt;td&gt;Longitude: 32.835010 &lt;/td&gt;&lt;/tr&gt;
&lt;tr&gt;&lt;td&gt;Latitude: -18.337190 &lt;/td&gt;&lt;/tr&gt;
&lt;tr&gt;&lt;td&gt;Heading: 53.2 &lt;/td&gt;&lt;/tr&gt;
&lt;/table&gt;</desc>
    <sym>Flag, Blue</sym>
    <type>user</type>
  </wpt>
  <wpt lat="-18.3369380235672" lon="32.83552899956703">
    <ele>1825.688928163574</ele>
    <time>2026-10-02T12:58:39.000Z</time>
    <name>The Epic 2025 001-675</name>
    <cmt>&lt;table&gt;
&lt;tr&gt;&lt;td&gt;Longitude: 32.835529 &lt;/td&gt;&lt;/tr&gt;
&lt;tr&gt;&lt;td&gt;Latitude: -18.336938 &lt;/td&gt;&lt;/tr&gt;
&lt;tr&gt;&lt;td&gt;Heading: 63.0 &lt;/td&gt;&lt;/tr&gt;
&lt;/table&gt;</cmt>
    <desc>&lt;table&gt;
&lt;tr&gt;&lt;td&gt;Longitude: 32.835529 &lt;/td&gt;&lt;/tr&gt;
&lt;tr&gt;&lt;td&gt;Latitude: -18.336938 &lt;/td&gt;&lt;/tr&gt;
&lt;tr&gt;&lt;td&gt;Heading: 63.0 &lt;/td&gt;&lt;/tr&gt;
&lt;/table&gt;</desc>
    <sym>Flag, Blue</sym>
    <type>user</type>
  </wpt>
  <wpt lat="-18.336687991395593" lon="32.83580099232495">
    <ele>1832.2038816900526</ele>
    <time>2026-10-02T12:58:39.000Z</time>
    <name>The Epic 2025 001-676</name>
    <cmt>&lt;table&gt;
&lt;tr&gt;&lt;td&gt;Longitude: 32.835801 &lt;/td&gt;&lt;/tr&gt;
&lt;tr&gt;&lt;td&gt;Latitude: -18.336688 &lt;/td&gt;&lt;/tr&gt;
&lt;tr&gt;&lt;td&gt;Heading: 45.9 &lt;/td&gt;&lt;/tr&gt;
&lt;/table&gt;</cmt>
    <desc>&lt;table&gt;
&lt;tr&gt;&lt;td&gt;Longitude: 32.835801 &lt;/td&gt;&lt;/tr&gt;
&lt;tr&gt;&lt;td&gt;Latitude: -18.336688 &lt;/td&gt;&lt;/tr&gt;
&lt;tr&gt;&lt;td&gt;Heading: 45.9 &lt;/td&gt;&lt;/tr&gt;
&lt;/table&gt;</desc>
    <sym>Flag, Blue</sym>
    <type>user</type>
  </wpt>
  <wpt lat="-18.336478024721146" lon="32.83618303947151">
    <ele>1835.2073044496587</ele>
    <time>2026-10-02T12:58:39.000Z</time>
    <name>The Epic 2025 001-677</name>
    <cmt>&lt;table&gt;
&lt;tr&gt;&lt;td&gt;Longitude: 32.836183 &lt;/td&gt;&lt;/tr&gt;
&lt;tr&gt;&lt;td&gt;Latitude: -18.336478 &lt;/td&gt;&lt;/tr&gt;
&lt;tr&gt;&lt;td&gt;Heading: 59.9 &lt;/td&gt;&lt;/tr&gt;
&lt;/table&gt;</cmt>
    <desc>&lt;table&gt;
&lt;tr&gt;&lt;td&gt;Longitude: 32.836183 &lt;/td&gt;&lt;/tr&gt;
&lt;tr&gt;&lt;td&gt;Latitude: -18.336478 &lt;/td&gt;&lt;/tr&gt;
&lt;tr&gt;&lt;td&gt;Heading: 59.9 &lt;/td&gt;&lt;/tr&gt;
&lt;/table&gt;</desc>
    <sym>Flag, Blue</sym>
    <type>user</type>
  </wpt>
  <wpt lat="-18.336026994511485" lon="32.83654002472758">
    <ele>1842.7376640590132</ele>
    <time>2026-10-02T12:58:39.000Z</time>
    <name>The Epic 2025 001-678</name>
    <cmt>&lt;table&gt;
&lt;tr&gt;&lt;td&gt;Longitude: 32.836540 &lt;/td&gt;&lt;/tr&gt;
&lt;tr&gt;&lt;td&gt;Latitude: -18.336027 &lt;/td&gt;&lt;/tr&gt;
&lt;tr&gt;&lt;td&gt;Heading: 37.0 &lt;/td&gt;&lt;/tr&gt;
&lt;/table&gt;</cmt>
    <desc>&lt;table&gt;
&lt;tr&gt;&lt;td&gt;Longitude: 32.836540 &lt;/td&gt;&lt;/tr&gt;
&lt;tr&gt;&lt;td&gt;Latitude: -18.336027 &lt;/td&gt;&lt;/tr&gt;
&lt;tr&gt;&lt;td&gt;Heading: 37.0 &lt;/td&gt;&lt;/tr&gt;
&lt;/table&gt;</desc>
    <sym>Flag, Blue</sym>
    <type>user</type>
  </wpt>
  <wpt lat="-18.33580596372485" lon="32.83667002804577">
    <ele>1847.5850625909252</ele>
    <time>2026-10-02T12:58:39.000Z</time>
    <name>The Epic 2025 001-679</name>
    <cmt>&lt;table&gt;
&lt;tr&gt;&lt;td&gt;Longitude: 32.836670 &lt;/td&gt;&lt;/tr&gt;
&lt;tr&gt;&lt;td&gt;Latitude: -18.335806 &lt;/td&gt;&lt;/tr&gt;
&lt;tr&gt;&lt;td&gt;Heading: 29.1 &lt;/td&gt;&lt;/tr&gt;
&lt;/table&gt;</cmt>
    <desc>&lt;table&gt;
&lt;tr&gt;&lt;td&gt;Longitude: 32.836670 &lt;/td&gt;&lt;/tr&gt;
&lt;tr&gt;&lt;td&gt;Latitude: -18.335806 &lt;/td&gt;&lt;/tr&gt;
&lt;tr&gt;&lt;td&gt;Heading: 29.1 &lt;/td&gt;&lt;/tr&gt;
&lt;/table&gt;</desc>
    <sym>Flag, Blue</sym>
    <type>user</type>
  </wpt>
  <wpt lat="-18.445365987718105" lon="32.809299007058144">
    <ele>1549.3182809020036</ele>
    <time>2026-10-02T12:58:39.000Z</time>
    <name>The Epic 2025 001-68</name>
    <cmt>&lt;table&gt;
&lt;tr&gt;&lt;td&gt;Longitude: 32.809299 &lt;/td&gt;&lt;/tr&gt;
&lt;tr&gt;&lt;td&gt;Latitude: -18.445366 &lt;/td&gt;&lt;/tr&gt;
&lt;tr&gt;&lt;td&gt;Heading: 253.3 &lt;/td&gt;&lt;/tr&gt;
&lt;/table&gt;</cmt>
    <desc>&lt;table&gt;
&lt;tr&gt;&lt;td&gt;Longitude: 32.809299 &lt;/td&gt;&lt;/tr&gt;
&lt;tr&gt;&lt;td&gt;Latitude: -18.445366 &lt;/td&gt;&lt;/tr&gt;
&lt;tr&gt;&lt;td&gt;Heading: 253.3 &lt;/td&gt;&lt;/tr&gt;
&lt;/table&gt;</desc>
    <sym>Flag, Blue</sym>
    <type>user</type>
  </wpt>
  <wpt lat="-18.335700016468763" lon="32.83700999803841">
    <ele>1849.028695008035</ele>
    <time>2026-10-02T12:58:39.000Z</time>
    <name>The Epic 2025 001-680</name>
    <cmt>&lt;table&gt;
&lt;tr&gt;&lt;td&gt;Longitude: 32.837010 &lt;/td&gt;&lt;/tr&gt;
&lt;tr&gt;&lt;td&gt;Latitude: -18.335700 &lt;/td&gt;&lt;/tr&gt;
&lt;tr&gt;&lt;td&gt;Heading: 71.9 &lt;/td&gt;&lt;/tr&gt;
&lt;/table&gt;</cmt>
    <desc>&lt;table&gt;
&lt;tr&gt;&lt;td&gt;Longitude: 32.837010 &lt;/td&gt;&lt;/tr&gt;
&lt;tr&gt;&lt;td&gt;Latitude: -18.335700 &lt;/td&gt;&lt;/tr&gt;
&lt;tr&gt;&lt;td&gt;Heading: 71.9 &lt;/td&gt;&lt;/tr&gt;
&lt;/table&gt;</desc>
    <sym>Flag, Blue</sym>
    <type>user</type>
  </wpt>
  <wpt lat="-18.335471022874117" lon="32.83718199469149">
    <ele>1851.9350538621834</ele>
    <time>2026-10-02T12:58:39.000Z</time>
    <name>The Epic 2025 001-681</name>
    <cmt>&lt;table&gt;
&lt;tr&gt;&lt;td&gt;Longitude: 32.837182 &lt;/td&gt;&lt;/tr&gt;
&lt;tr&gt;&lt;td&gt;Latitude: -18.335471 &lt;/td&gt;&lt;/tr&gt;
&lt;tr&gt;&lt;td&gt;Heading: 35.3 &lt;/td&gt;&lt;/tr&gt;
&lt;/table&gt;</cmt>
    <desc>&lt;table&gt;
&lt;tr&gt;&lt;td&gt;Longitude: 32.837182 &lt;/td&gt;&lt;/tr&gt;
&lt;tr&gt;&lt;td&gt;Latitude: -18.335471 &lt;/td&gt;&lt;/tr&gt;
&lt;tr&gt;&lt;td&gt;Heading: 35.3 &lt;/td&gt;&lt;/tr&gt;
&lt;/table&gt;</desc>
    <sym>Flag, Blue</sym>
    <type>user</type>
  </wpt>
  <wpt lat="-18.335163993760943" lon="32.83767401240766">
    <ele>1854.7813148855478</ele>
    <time>2026-10-02T12:58:39.000Z</time>
    <name>The Epic 2025 001-682</name>
    <cmt>&lt;table&gt;
&lt;tr&gt;&lt;td&gt;Longitude: 32.837674 &lt;/td&gt;&lt;/tr&gt;
&lt;tr&gt;&lt;td&gt;Latitude: -18.335164 &lt;/td&gt;&lt;/tr&gt;
&lt;tr&gt;&lt;td&gt;Heading: 56.7 &lt;/td&gt;&lt;/tr&gt;
&lt;/table&gt;</cmt>
    <desc>&lt;table&gt;
&lt;tr&gt;&lt;td&gt;Longitude: 32.837674 &lt;/td&gt;&lt;/tr&gt;
&lt;tr&gt;&lt;td&gt;Latitude: -18.335164 &lt;/td&gt;&lt;/tr&gt;
&lt;tr&gt;&lt;td&gt;Heading: 56.7 &lt;/td&gt;&lt;/tr&gt;
&lt;/table&gt;</desc>
    <sym>Flag, Blue</sym>
    <type>user</type>
  </wpt>
  <wpt lat="-18.33500599488616" lon="32.838223027065396">
    <ele>1853.644616501381</ele>
    <time>2026-10-02T12:58:39.000Z</time>
    <name>The Epic 2025 001-683</name>
    <cmt>&lt;table&gt;
&lt;tr&gt;&lt;td&gt;Longitude: 32.838223 &lt;/td&gt;&lt;/tr&gt;
&lt;tr&gt;&lt;td&gt;Latitude: -18.335006 &lt;/td&gt;&lt;/tr&gt;
&lt;tr&gt;&lt;td&gt;Heading: 73.2 &lt;/td&gt;&lt;/tr&gt;
&lt;/table&gt;</cmt>
    <desc>&lt;table&gt;
&lt;tr&gt;&lt;td&gt;Longitude: 32.838223 &lt;/td&gt;&lt;/tr&gt;
&lt;tr&gt;&lt;td&gt;Latitude: -18.335006 &lt;/td&gt;&lt;/tr&gt;
&lt;tr&gt;&lt;td&gt;Heading: 73.2 &lt;/td&gt;&lt;/tr&gt;
&lt;/table&gt;</desc>
    <sym>Flag, Blue</sym>
    <type>user</type>
  </wpt>
  <wpt lat="-18.334916979074478" lon="32.838437017053366">
    <ele>1854.13463926115</ele>
    <time>2026-10-02T12:58:39.000Z</time>
    <name>The Epic 2025 001-684</name>
    <cmt>&lt;table&gt;
&lt;tr&gt;&lt;td&gt;Longitude: 32.838437 &lt;/td&gt;&lt;/tr&gt;
&lt;tr&gt;&lt;td&gt;Latitude: -18.334917 &lt;/td&gt;&lt;/tr&gt;
&lt;tr&gt;&lt;td&gt;Heading: 66.2 &lt;/td&gt;&lt;/tr&gt;
&lt;/table&gt;</cmt>
    <desc>&lt;table&gt;
&lt;tr&gt;&lt;td&gt;Longitude: 32.838437 &lt;/td&gt;&lt;/tr&gt;
&lt;tr&gt;&lt;td&gt;Latitude: -18.334917 &lt;/td&gt;&lt;/tr&gt;
&lt;tr&gt;&lt;td&gt;Heading: 66.2 &lt;/td&gt;&lt;/tr&gt;
&lt;/table&gt;</desc>
    <sym>Flag, Blue</sym>
    <type>user</type>
  </wpt>
  <wpt lat="-18.334756968542933" lon="32.83862099982798">
    <ele>1854.9981402061485</ele>
    <time>2026-10-02T12:58:39.000Z</time>
    <name>The Epic 2025 001-685</name>
    <cmt>&lt;table&gt;
&lt;tr&gt;&lt;td&gt;Longitude: 32.838621 &lt;/td&gt;&lt;/tr&gt;
&lt;tr&gt;&lt;td&gt;Latitude: -18.334757 &lt;/td&gt;&lt;/tr&gt;
&lt;tr&gt;&lt;td&gt;Heading: 47.5 &lt;/td&gt;&lt;/tr&gt;
&lt;/table&gt;</cmt>
    <desc>&lt;table&gt;
&lt;tr&gt;&lt;td&gt;Longitude: 32.838621 &lt;/td&gt;&lt;/tr&gt;
&lt;tr&gt;&lt;td&gt;Latitude: -18.334757 &lt;/td&gt;&lt;/tr&gt;
&lt;tr&gt;&lt;td&gt;Heading: 47.5 &lt;/td&gt;&lt;/tr&gt;
&lt;/table&gt;</desc>
    <sym>Flag, Blue</sym>
    <type>user</type>
  </wpt>
  <wpt lat="-18.33472897298634" lon="32.839060965925455">
    <ele>1858.5926176251141</ele>
    <time>2026-10-02T12:58:39.000Z</time>
    <name>The Epic 2025 001-686</name>
    <cmt>&lt;table&gt;
&lt;tr&gt;&lt;td&gt;Longitude: 32.839061 &lt;/td&gt;&lt;/tr&gt;
&lt;tr&gt;&lt;td&gt;Latitude: -18.334729 &lt;/td&gt;&lt;/tr&gt;
&lt;tr&gt;&lt;td&gt;Heading: 86.2 &lt;/td&gt;&lt;/tr&gt;
&lt;/table&gt;</cmt>
    <desc>&lt;table&gt;
&lt;tr&gt;&lt;td&gt;Longitude: 32.839061 &lt;/td&gt;&lt;/tr&gt;
&lt;tr&gt;&lt;td&gt;Latitude: -18.334729 &lt;/td&gt;&lt;/tr&gt;
&lt;tr&gt;&lt;td&gt;Heading: 86.2 &lt;/td&gt;&lt;/tr&gt;
&lt;/table&gt;</desc>
    <sym>Flag, Blue</sym>
    <type>user</type>
  </wpt>
  <wpt lat="-18.334743976593018" lon="32.83934402279556">
    <ele>1863.3899077970964</ele>
    <time>2026-10-02T12:58:39.000Z</time>
    <name>The Epic 2025 001-687</name>
    <cmt>&lt;table&gt;
&lt;tr&gt;&lt;td&gt;Longitude: 32.839344 &lt;/td&gt;&lt;/tr&gt;
&lt;tr&gt;&lt;td&gt;Latitude: -18.334744 &lt;/td&gt;&lt;/tr&gt;
&lt;tr&gt;&lt;td&gt;Heading: 93.2 &lt;/td&gt;&lt;/tr&gt;
&lt;/table&gt;</cmt>
    <desc>&lt;table&gt;
&lt;tr&gt;&lt;td&gt;Longitude: 32.839344 &lt;/td&gt;&lt;/tr&gt;
&lt;tr&gt;&lt;td&gt;Latitude: -18.334744 &lt;/td&gt;&lt;/tr&gt;
&lt;tr&gt;&lt;td&gt;Heading: 93.2 &lt;/td&gt;&lt;/tr&gt;
&lt;/table&gt;</desc>
    <sym>Flag, Blue</sym>
    <type>user</type>
  </wpt>
  <wpt lat="-18.334779012948275" lon="32.83990200608969">
    <ele>1867.5177655816183</ele>
    <time>2026-10-02T12:58:39.000Z</time>
    <name>The Epic 2025 001-688</name>
    <cmt>&lt;table&gt;
&lt;tr&gt;&lt;td&gt;Longitude: 32.839902 &lt;/td&gt;&lt;/tr&gt;
&lt;tr&gt;&lt;td&gt;Latitude: -18.334779 &lt;/td&gt;&lt;/tr&gt;
&lt;tr&gt;&lt;td&gt;Heading: 93.7 &lt;/td&gt;&lt;/tr&gt;
&lt;/table&gt;</cmt>
    <desc>&lt;table&gt;
&lt;tr&gt;&lt;td&gt;Longitude: 32.839902 &lt;/td&gt;&lt;/tr&gt;
&lt;tr&gt;&lt;td&gt;Latitude: -18.334779 &lt;/td&gt;&lt;/tr&gt;
&lt;tr&gt;&lt;td&gt;Heading: 93.7 &lt;/td&gt;&lt;/tr&gt;
&lt;/table&gt;</desc>
    <sym>Flag, Blue</sym>
    <type>user</type>
  </wpt>
  <wpt lat="-18.334741964936256" lon="32.840242981910706">
    <ele>1871.2249314847431</ele>
    <time>2026-10-02T12:58:39.000Z</time>
    <name>The Epic 2025 001-689</name>
    <cmt>&lt;table&gt;
&lt;tr&gt;&lt;td&gt;Longitude: 32.840243 &lt;/td&gt;&lt;/tr&gt;
&lt;tr&gt;&lt;td&gt;Latitude: -18.334742 &lt;/td&gt;&lt;/tr&gt;
&lt;tr&gt;&lt;td&gt;Heading: 83.4 &lt;/td&gt;&lt;/tr&gt;
&lt;/table&gt;</cmt>
    <desc>&lt;table&gt;
&lt;tr&gt;&lt;td&gt;Longitude: 32.840243 &lt;/td&gt;&lt;/tr&gt;
&lt;tr&gt;&lt;td&gt;Latitude: -18.334742 &lt;/td&gt;&lt;/tr&gt;
&lt;tr&gt;&lt;td&gt;Heading: 83.4 &lt;/td&gt;&lt;/tr&gt;
&lt;/table&gt;</desc>
    <sym>Flag, Blue</sym>
    <type>user</type>
  </wpt>
  <wpt lat="-18.445280995219946" lon="32.80915500596166">
    <ele>1546.7136748529483</ele>
    <time>2026-10-02T12:58:39.000Z</time>
    <name>The Epic 2025 001-69</name>
    <cmt>&lt;table&gt;
&lt;tr&gt;&lt;td&gt;Longitude: 32.809155 &lt;/td&gt;&lt;/tr&gt;
&lt;tr&gt;&lt;td&gt;Latitude: -18.445281 &lt;/td&gt;&lt;/tr&gt;
&lt;tr&gt;&lt;td&gt;Heading: 301.8 &lt;/td&gt;&lt;/tr&gt;
&lt;/table&gt;</cmt>
    <desc>&lt;table&gt;
&lt;tr&gt;&lt;td&gt;Longitude: 32.809155 &lt;/td&gt;&lt;/tr&gt;
&lt;tr&gt;&lt;td&gt;Latitude: -18.445281 &lt;/td&gt;&lt;/tr&gt;
&lt;tr&gt;&lt;td&gt;Heading: 301.8 &lt;/td&gt;&lt;/tr&gt;
&lt;/table&gt;</desc>
    <sym>Flag, Blue</sym>
    <type>user</type>
  </wpt>
  <wpt lat="-18.33496500737965" lon="32.840454038232565">
    <ele>1867.9875231425976</ele>
    <time>2026-10-02T12:58:39.000Z</time>
    <name>The Epic 2025 001-690</name>
    <cmt>&lt;table&gt;
&lt;tr&gt;&lt;td&gt;Longitude: 32.840454 &lt;/td&gt;&lt;/tr&gt;
&lt;tr&gt;&lt;td&gt;Latitude: -18.334965 &lt;/td&gt;&lt;/tr&gt;
&lt;tr&gt;&lt;td&gt;Heading: 138.1 &lt;/td&gt;&lt;/tr&gt;
&lt;/table&gt;</cmt>
    <desc>&lt;table&gt;
&lt;tr&gt;&lt;td&gt;Longitude: 32.840454 &lt;/td&gt;&lt;/tr&gt;
&lt;tr&gt;&lt;td&gt;Latitude: -18.334965 &lt;/td&gt;&lt;/tr&gt;
&lt;tr&gt;&lt;td&gt;Heading: 138.1 &lt;/td&gt;&lt;/tr&gt;
&lt;/table&gt;</desc>
    <sym>Flag, Blue</sym>
    <type>user</type>
  </wpt>
  <wpt lat="-18.33520104177296" lon="32.84067800268531">
    <ele>1865.5872882618257</ele>
    <time>2026-10-02T12:58:39.000Z</time>
    <name>The Epic 2025 001-691</name>
    <cmt>&lt;table&gt;
&lt;tr&gt;&lt;td&gt;Longitude: 32.840678 &lt;/td&gt;&lt;/tr&gt;
&lt;tr&gt;&lt;td&gt;Latitude: -18.335201 &lt;/td&gt;&lt;/tr&gt;
&lt;tr&gt;&lt;td&gt;Heading: 138.0 &lt;/td&gt;&lt;/tr&gt;
&lt;/table&gt;</cmt>
    <desc>&lt;table&gt;
&lt;tr&gt;&lt;td&gt;Longitude: 32.840678 &lt;/td&gt;&lt;/tr&gt;
&lt;tr&gt;&lt;td&gt;Latitude: -18.335201 &lt;/td&gt;&lt;/tr&gt;
&lt;tr&gt;&lt;td&gt;Heading: 138.0 &lt;/td&gt;&lt;/tr&gt;
&lt;/table&gt;</desc>
    <sym>Flag, Blue</sym>
    <type>user</type>
  </wpt>
  <wpt lat="-18.335345964878798" lon="32.8408130351454">
    <ele>1867.49511715088</ele>
    <time>2026-10-02T12:58:39.000Z</time>
    <name>The Epic 2025 001-692</name>
    <cmt>&lt;table&gt;
&lt;tr&gt;&lt;td&gt;Longitude: 32.840813 &lt;/td&gt;&lt;/tr&gt;
&lt;tr&gt;&lt;td&gt;Latitude: -18.335346 &lt;/td&gt;&lt;/tr&gt;
&lt;tr&gt;&lt;td&gt;Heading: 138.4 &lt;/td&gt;&lt;/tr&gt;
&lt;/table&gt;</cmt>
    <desc>&lt;table&gt;
&lt;tr&gt;&lt;td&gt;Longitude: 32.840813 &lt;/td&gt;&lt;/tr&gt;
&lt;tr&gt;&lt;td&gt;Latitude: -18.335346 &lt;/td&gt;&lt;/tr&gt;
&lt;tr&gt;&lt;td&gt;Heading: 138.4 &lt;/td&gt;&lt;/tr&gt;
&lt;/table&gt;</desc>
    <sym>Flag, Blue</sym>
    <type>user</type>
  </wpt>
  <wpt lat="-18.33556800149381" lon="32.84131100401282">
    <ele>1882.3249687535774</ele>
    <time>2026-10-02T12:58:39.000Z</time>
    <name>The Epic 2025 001-693</name>
    <cmt>&lt;table&gt;
&lt;tr&gt;&lt;td&gt;Longitude: 32.841311 &lt;/td&gt;&lt;/tr&gt;
&lt;tr&gt;&lt;td&gt;Latitude: -18.335568 &lt;/td&gt;&lt;/tr&gt;
&lt;tr&gt;&lt;td&gt;Heading: 115.2 &lt;/td&gt;&lt;/tr&gt;
&lt;/table&gt;</cmt>
    <desc>&lt;table&gt;
&lt;tr&gt;&lt;td&gt;Longitude: 32.841311 &lt;/td&gt;&lt;/tr&gt;
&lt;tr&gt;&lt;td&gt;Latitude: -18.335568 &lt;/td&gt;&lt;/tr&gt;
&lt;tr&gt;&lt;td&gt;Heading: 115.2 &lt;/td&gt;&lt;/tr&gt;
&lt;/table&gt;</desc>
    <sym>Flag, Blue</sym>
    <type>user</type>
  </wpt>
  <wpt lat="-18.335882993414998" lon="32.841619960963726">
    <ele>1893.0941404056034</ele>
    <time>2026-10-02T12:58:39.000Z</time>
    <name>The Epic 2025 001-694</name>
    <cmt>&lt;table&gt;
&lt;tr&gt;&lt;td&gt;Longitude: 32.841620 &lt;/td&gt;&lt;/tr&gt;
&lt;tr&gt;&lt;td&gt;Latitude: -18.335883 &lt;/td&gt;&lt;/tr&gt;
&lt;tr&gt;&lt;td&gt;Heading: 137.0 &lt;/td&gt;&lt;/tr&gt;
&lt;/table&gt;</cmt>
    <desc>&lt;table&gt;
&lt;tr&gt;&lt;td&gt;Longitude: 32.841620 &lt;/td&gt;&lt;/tr&gt;
&lt;tr&gt;&lt;td&gt;Latitude: -18.335883 &lt;/td&gt;&lt;/tr&gt;
&lt;tr&gt;&lt;td&gt;Heading: 137.0 &lt;/td&gt;&lt;/tr&gt;
&lt;/table&gt;</desc>
    <sym>Flag, Blue</sym>
    <type>user</type>
  </wpt>
  <wpt lat="-18.33603504113853" lon="32.84181500785053">
    <ele>1900.116397384672</ele>
    <time>2026-10-02T12:58:39.000Z</time>
    <name>The Epic 2025 001-695</name>
    <cmt>&lt;table&gt;
&lt;tr&gt;&lt;td&gt;Longitude: 32.841815 &lt;/td&gt;&lt;/tr&gt;
&lt;tr&gt;&lt;td&gt;Latitude: -18.336035 &lt;/td&gt;&lt;/tr&gt;
&lt;tr&gt;&lt;td&gt;Heading: 129.5 &lt;/td&gt;&lt;/tr&gt;
&lt;/table&gt;</cmt>
    <desc>&lt;table&gt;
&lt;tr&gt;&lt;td&gt;Longitude: 32.841815 &lt;/td&gt;&lt;/tr&gt;
&lt;tr&gt;&lt;td&gt;Latitude: -18.336035 &lt;/td&gt;&lt;/tr&gt;
&lt;tr&gt;&lt;td&gt;Heading: 129.5 &lt;/td&gt;&lt;/tr&gt;
&lt;/table&gt;</desc>
    <sym>Flag, Blue</sym>
    <type>user</type>
  </wpt>
  <wpt lat="-18.33633896894753" lon="32.84201701171696">
    <ele>1910.993340279325</ele>
    <time>2026-10-02T12:58:39.000Z</time>
    <name>The Epic 2025 001-696</name>
    <cmt>&lt;table&gt;
&lt;tr&gt;&lt;td&gt;Longitude: 32.842017 &lt;/td&gt;&lt;/tr&gt;
&lt;tr&gt;&lt;td&gt;Latitude: -18.336339 &lt;/td&gt;&lt;/tr&gt;
&lt;tr&gt;&lt;td&gt;Heading: 147.7 &lt;/td&gt;&lt;/tr&gt;
&lt;/table&gt;</cmt>
    <desc>&lt;table&gt;
&lt;tr&gt;&lt;td&gt;Longitude: 32.842017 &lt;/td&gt;&lt;/tr&gt;
&lt;tr&gt;&lt;td&gt;Latitude: -18.336339 &lt;/td&gt;&lt;/tr&gt;
&lt;tr&gt;&lt;td&gt;Heading: 147.7 &lt;/td&gt;&lt;/tr&gt;
&lt;/table&gt;</desc>
    <sym>Flag, Blue</sym>
    <type>user</type>
  </wpt>
  <wpt lat="-18.33659696392715" lon="32.84202799201012">
    <ele>1920.0100413847813</ele>
    <time>2026-10-02T12:58:39.000Z</time>
    <name>The Epic 2025 001-697</name>
    <cmt>&lt;table&gt;
&lt;tr&gt;&lt;td&gt;Longitude: 32.842028 &lt;/td&gt;&lt;/tr&gt;
&lt;tr&gt;&lt;td&gt;Latitude: -18.336597 &lt;/td&gt;&lt;/tr&gt;
&lt;tr&gt;&lt;td&gt;Heading: 177.7 &lt;/td&gt;&lt;/tr&gt;
&lt;/table&gt;</cmt>
    <desc>&lt;table&gt;
&lt;tr&gt;&lt;td&gt;Longitude: 32.842028 &lt;/td&gt;&lt;/tr&gt;
&lt;tr&gt;&lt;td&gt;Latitude: -18.336597 &lt;/td&gt;&lt;/tr&gt;
&lt;tr&gt;&lt;td&gt;Heading: 177.7 &lt;/td&gt;&lt;/tr&gt;
&lt;/table&gt;</desc>
    <sym>Flag, Blue</sym>
    <type>user</type>
  </wpt>
  <wpt lat="-18.33689804188907" lon="32.84184996038675">
    <ele>1927.6292355112682</ele>
    <time>2026-10-02T12:58:39.000Z</time>
    <name>The Epic 2025 001-698</name>
    <cmt>&lt;table&gt;
&lt;tr&gt;&lt;td&gt;Longitude: 32.841850 &lt;/td&gt;&lt;/tr&gt;
&lt;tr&gt;&lt;td&gt;Latitude: -18.336898 &lt;/td&gt;&lt;/tr&gt;
&lt;tr&gt;&lt;td&gt;Heading: 209.3 &lt;/td&gt;&lt;/tr&gt;
&lt;/table&gt;</cmt>
    <desc>&lt;table&gt;
&lt;tr&gt;&lt;td&gt;Longitude: 32.841850 &lt;/td&gt;&lt;/tr&gt;
&lt;tr&gt;&lt;td&gt;Latitude: -18.336898 &lt;/td&gt;&lt;/tr&gt;
&lt;tr&gt;&lt;td&gt;Heading: 209.3 &lt;/td&gt;&lt;/tr&gt;
&lt;/table&gt;</desc>
    <sym>Flag, Blue</sym>
    <type>user</type>
  </wpt>
  <wpt lat="-18.337187971919775" lon="32.84217903390527">
    <ele>1943.290107700123</ele>
    <time>2026-10-02T12:58:39.000Z</time>
    <name>The Epic 2025 001-699</name>
    <cmt>&lt;table&gt;
&lt;tr&gt;&lt;td&gt;Longitude: 32.842179 &lt;/td&gt;&lt;/tr&gt;
&lt;tr&gt;&lt;td&gt;Latitude: -18.337188 &lt;/td&gt;&lt;/tr&gt;
&lt;tr&gt;&lt;td&gt;Heading: 133.0 &lt;/td&gt;&lt;/tr&gt;
&lt;/table&gt;</cmt>
    <desc>&lt;table&gt;
&lt;tr&gt;&lt;td&gt;Longitude: 32.842179 &lt;/td&gt;&lt;/tr&gt;
&lt;tr&gt;&lt;td&gt;Latitude: -18.337188 &lt;/td&gt;&lt;/tr&gt;
&lt;tr&gt;&lt;td&gt;Heading: 133.0 &lt;/td&gt;&lt;/tr&gt;
&lt;/table&gt;</desc>
    <sym>Flag, Blue</sym>
    <type>user</type>
  </wpt>
  <wpt lat="-18.458773009479046" lon="32.80364298261702">
    <ele>1806.0602385467264</ele>
    <time>2026-10-02T12:58:39.000Z</time>
    <name>The Epic 2025 001-7</name>
    <cmt>&lt;table&gt;
&lt;tr&gt;&lt;td&gt;Longitude: 32.803643 &lt;/td&gt;&lt;/tr&gt;
&lt;tr&gt;&lt;td&gt;Latitude: -18.458773 &lt;/td&gt;&lt;/tr&gt;
&lt;tr&gt;&lt;td&gt;Heading: 34.6 &lt;/td&gt;&lt;/tr&gt;
&lt;/table&gt;</cmt>
    <desc>&lt;table&gt;
&lt;tr&gt;&lt;td&gt;Longitude: 32.803643 &lt;/td&gt;&lt;/tr&gt;
&lt;tr&gt;&lt;td&gt;Latitude: -18.458773 &lt;/td&gt;&lt;/tr&gt;
&lt;tr&gt;&lt;td&gt;Heading: 34.6 &lt;/td&gt;&lt;/tr&gt;
&lt;/table&gt;</desc>
    <sym>Flag, Blue</sym>
    <type>user</type>
  </wpt>
  <wpt lat="-18.444871958345175" lon="32.809301018714905">
    <ele>1540.4800073337537</ele>
    <time>2026-10-02T12:58:39.000Z</time>
    <name>The Epic 2025 001-70</name>
    <cmt>&lt;table&gt;
&lt;tr&gt;&lt;td&gt;Longitude: 32.809301 &lt;/td&gt;&lt;/tr&gt;
&lt;tr&gt;&lt;td&gt;Latitude: -18.444872 &lt;/td&gt;&lt;/tr&gt;
&lt;tr&gt;&lt;td&gt;Heading: 18.6 &lt;/td&gt;&lt;/tr&gt;
&lt;/table&gt;</cmt>
    <desc>&lt;table&gt;
&lt;tr&gt;&lt;td&gt;Longitude: 32.809301 &lt;/td&gt;&lt;/tr&gt;
&lt;tr&gt;&lt;td&gt;Latitude: -18.444872 &lt;/td&gt;&lt;/tr&gt;
&lt;tr&gt;&lt;td&gt;Heading: 18.6 &lt;/td&gt;&lt;/tr&gt;
&lt;/table&gt;</desc>
    <sym>Flag, Blue</sym>
    <type>user</type>
  </wpt>
  <wpt lat="-18.33745501935482" lon="32.84262000583112">
    <ele>1958.0022835227342</ele>
    <time>2026-10-02T12:58:39.000Z</time>
    <name>The Epic 2025 001-700</name>
    <cmt>&lt;table&gt;
&lt;tr&gt;&lt;td&gt;Longitude: 32.842620 &lt;/td&gt;&lt;/tr&gt;
&lt;tr&gt;&lt;td&gt;Latitude: -18.337455 &lt;/td&gt;&lt;/tr&gt;
&lt;tr&gt;&lt;td&gt;Heading: 122.5 &lt;/td&gt;&lt;/tr&gt;
&lt;/table&gt;</cmt>
    <desc>&lt;table&gt;
&lt;tr&gt;&lt;td&gt;Longitude: 32.842620 &lt;/td&gt;&lt;/tr&gt;
&lt;tr&gt;&lt;td&gt;Latitude: -18.337455 &lt;/td&gt;&lt;/tr&gt;
&lt;tr&gt;&lt;td&gt;Heading: 122.5 &lt;/td&gt;&lt;/tr&gt;
&lt;/table&gt;</desc>
    <sym>Flag, Blue</sym>
    <type>user</type>
  </wpt>
  <wpt lat="-18.337579993531108" lon="32.84275998361409">
    <ele>1961.8852192593497</ele>
    <time>2026-10-02T12:58:39.000Z</time>
    <name>The Epic 2025 001-701</name>
    <cmt>&lt;table&gt;
&lt;tr&gt;&lt;td&gt;Longitude: 32.842760 &lt;/td&gt;&lt;/tr&gt;
&lt;tr&gt;&lt;td&gt;Latitude: -18.337580 &lt;/td&gt;&lt;/tr&gt;
&lt;tr&gt;&lt;td&gt;Heading: 133.3 &lt;/td&gt;&lt;/tr&gt;
&lt;/table&gt;</cmt>
    <desc>&lt;table&gt;
&lt;tr&gt;&lt;td&gt;Longitude: 32.842760 &lt;/td&gt;&lt;/tr&gt;
&lt;tr&gt;&lt;td&gt;Latitude: -18.337580 &lt;/td&gt;&lt;/tr&gt;
&lt;tr&gt;&lt;td&gt;Heading: 133.3 &lt;/td&gt;&lt;/tr&gt;
&lt;/table&gt;</desc>
    <sym>Flag, Blue</sym>
    <type>user</type>
  </wpt>
  <wpt lat="-18.33752299658954" lon="32.84350396133959">
    <ele>1966.8368706672222</ele>
    <time>2026-10-02T12:58:39.000Z</time>
    <name>The Epic 2025 001-702</name>
    <cmt>&lt;table&gt;
&lt;tr&gt;&lt;td&gt;Longitude: 32.843504 &lt;/td&gt;&lt;/tr&gt;
&lt;tr&gt;&lt;td&gt;Latitude: -18.337523 &lt;/td&gt;&lt;/tr&gt;
&lt;tr&gt;&lt;td&gt;Heading: 85.4 &lt;/td&gt;&lt;/tr&gt;
&lt;/table&gt;</cmt>
    <desc>&lt;table&gt;
&lt;tr&gt;&lt;td&gt;Longitude: 32.843504 &lt;/td&gt;&lt;/tr&gt;
&lt;tr&gt;&lt;td&gt;Latitude: -18.337523 &lt;/td&gt;&lt;/tr&gt;
&lt;tr&gt;&lt;td&gt;Heading: 85.4 &lt;/td&gt;&lt;/tr&gt;
&lt;/table&gt;</desc>
    <sym>Flag, Blue</sym>
    <type>user</type>
  </wpt>
  <wpt lat="-18.337056040763855" lon="32.84437299706042">
    <ele>1972.3521042635653</ele>
    <time>2026-10-02T12:58:39.000Z</time>
    <name>The Epic 2025 001-703</name>
    <cmt>&lt;table&gt;
&lt;tr&gt;&lt;td&gt;Longitude: 32.844373 &lt;/td&gt;&lt;/tr&gt;
&lt;tr&gt;&lt;td&gt;Latitude: -18.337056 &lt;/td&gt;&lt;/tr&gt;
&lt;tr&gt;&lt;td&gt;Heading: 60.5 &lt;/td&gt;&lt;/tr&gt;
&lt;/table&gt;</cmt>
    <desc>&lt;table&gt;
&lt;tr&gt;&lt;td&gt;Longitude: 32.844373 &lt;/td&gt;&lt;/tr&gt;
&lt;tr&gt;&lt;td&gt;Latitude: -18.337056 &lt;/td&gt;&lt;/tr&gt;
&lt;tr&gt;&lt;td&gt;Heading: 60.5 &lt;/td&gt;&lt;/tr&gt;
&lt;/table&gt;</desc>
    <sym>Flag, Blue</sym>
    <type>user</type>
  </wpt>
  <wpt lat="-18.3367289789021" lon="32.844863003119826">
    <ele>1982.5751863793703</ele>
    <time>2026-10-02T12:58:39.000Z</time>
    <name>The Epic 2025 001-704</name>
    <cmt>&lt;table&gt;
&lt;tr&gt;&lt;td&gt;Longitude: 32.844863 &lt;/td&gt;&lt;/tr&gt;
&lt;tr&gt;&lt;td&gt;Latitude: -18.336729 &lt;/td&gt;&lt;/tr&gt;
&lt;tr&gt;&lt;td&gt;Heading: 54.8 &lt;/td&gt;&lt;/tr&gt;
&lt;/table&gt;</cmt>
    <desc>&lt;table&gt;
&lt;tr&gt;&lt;td&gt;Longitude: 32.844863 &lt;/td&gt;&lt;/tr&gt;
&lt;tr&gt;&lt;td&gt;Latitude: -18.336729 &lt;/td&gt;&lt;/tr&gt;
&lt;tr&gt;&lt;td&gt;Heading: 54.8 &lt;/td&gt;&lt;/tr&gt;
&lt;/table&gt;</desc>
    <sym>Flag, Blue</sym>
    <type>user</type>
  </wpt>
  <wpt lat="-18.336278032511473" lon="32.84527799114585">
    <ele>1993.2742586178965</ele>
    <time>2026-10-02T12:58:39.000Z</time>
    <name>The Epic 2025 001-705</name>
    <cmt>&lt;table&gt;
&lt;tr&gt;&lt;td&gt;Longitude: 32.845278 &lt;/td&gt;&lt;/tr&gt;
&lt;tr&gt;&lt;td&gt;Latitude: -18.336278 &lt;/td&gt;&lt;/tr&gt;
&lt;tr&gt;&lt;td&gt;Heading: 41.1 &lt;/td&gt;&lt;/tr&gt;
&lt;/table&gt;</cmt>
    <desc>&lt;table&gt;
&lt;tr&gt;&lt;td&gt;Longitude: 32.845278 &lt;/td&gt;&lt;/tr&gt;
&lt;tr&gt;&lt;td&gt;Latitude: -18.336278 &lt;/td&gt;&lt;/tr&gt;
&lt;tr&gt;&lt;td&gt;Heading: 41.1 &lt;/td&gt;&lt;/tr&gt;
&lt;/table&gt;</desc>
    <sym>Flag, Blue</sym>
    <type>user</type>
  </wpt>
  <wpt lat="-18.336020037531853" lon="32.845507990568876">
    <ele>1998.9832250099466</ele>
    <time>2026-10-02T12:58:39.000Z</time>
    <name>The Epic 2025 001-706</name>
    <cmt>&lt;table&gt;
&lt;tr&gt;&lt;td&gt;Longitude: 32.845508 &lt;/td&gt;&lt;/tr&gt;
&lt;tr&gt;&lt;td&gt;Latitude: -18.336020 &lt;/td&gt;&lt;/tr&gt;
&lt;tr&gt;&lt;td&gt;Heading: 40.3 &lt;/td&gt;&lt;/tr&gt;
&lt;/table&gt;</cmt>
    <desc>&lt;table&gt;
&lt;tr&gt;&lt;td&gt;Longitude: 32.845508 &lt;/td&gt;&lt;/tr&gt;
&lt;tr&gt;&lt;td&gt;Latitude: -18.336020 &lt;/td&gt;&lt;/tr&gt;
&lt;tr&gt;&lt;td&gt;Heading: 40.3 &lt;/td&gt;&lt;/tr&gt;
&lt;/table&gt;</desc>
    <sym>Flag, Blue</sym>
    <type>user</type>
  </wpt>
  <wpt lat="-18.3356290217489" lon="32.845933958888054">
    <ele>2006.4888730624225</ele>
    <time>2026-10-02T12:58:39.000Z</time>
    <name>The Epic 2025 001-707</name>
    <cmt>&lt;table&gt;
&lt;tr&gt;&lt;td&gt;Longitude: 32.845934 &lt;/td&gt;&lt;/tr&gt;
&lt;tr&gt;&lt;td&gt;Latitude: -18.335629 &lt;/td&gt;&lt;/tr&gt;
&lt;tr&gt;&lt;td&gt;Heading: 45.9 &lt;/td&gt;&lt;/tr&gt;
&lt;/table&gt;</cmt>
    <desc>&lt;table&gt;
&lt;tr&gt;&lt;td&gt;Longitude: 32.845934 &lt;/td&gt;&lt;/tr&gt;
&lt;tr&gt;&lt;td&gt;Latitude: -18.335629 &lt;/td&gt;&lt;/tr&gt;
&lt;tr&gt;&lt;td&gt;Heading: 45.9 &lt;/td&gt;&lt;/tr&gt;
&lt;/table&gt;</desc>
    <sym>Flag, Blue</sym>
    <type>user</type>
  </wpt>
  <wpt lat="-18.335399022325873" lon="32.846323968842626">
    <ele>2004.450629300788</ele>
    <time>2026-10-02T12:58:39.000Z</time>
    <name>The Epic 2025 001-708</name>
    <cmt>&lt;table&gt;
&lt;tr&gt;&lt;td&gt;Longitude: 32.846324 &lt;/td&gt;&lt;/tr&gt;
&lt;tr&gt;&lt;td&gt;Latitude: -18.335399 &lt;/td&gt;&lt;/tr&gt;
&lt;tr&gt;&lt;td&gt;Heading: 58.1 &lt;/td&gt;&lt;/tr&gt;
&lt;/table&gt;</cmt>
    <desc>&lt;table&gt;
&lt;tr&gt;&lt;td&gt;Longitude: 32.846324 &lt;/td&gt;&lt;/tr&gt;
&lt;tr&gt;&lt;td&gt;Latitude: -18.335399 &lt;/td&gt;&lt;/tr&gt;
&lt;tr&gt;&lt;td&gt;Heading: 58.1 &lt;/td&gt;&lt;/tr&gt;
&lt;/table&gt;</desc>
    <sym>Flag, Blue</sym>
    <type>user</type>
  </wpt>
  <wpt lat="-18.334989985451102" lon="32.84646403044462">
    <ele>2007.770340447314</ele>
    <time>2026-10-02T12:58:39.000Z</time>
    <name>The Epic 2025 001-709</name>
    <cmt>&lt;table&gt;
&lt;tr&gt;&lt;td&gt;Longitude: 32.846464 &lt;/td&gt;&lt;/tr&gt;
&lt;tr&gt;&lt;td&gt;Latitude: -18.334990 &lt;/td&gt;&lt;/tr&gt;
&lt;tr&gt;&lt;td&gt;Heading: 18.1 &lt;/td&gt;&lt;/tr&gt;
&lt;/table&gt;</cmt>
    <desc>&lt;table&gt;
&lt;tr&gt;&lt;td&gt;Longitude: 32.846464 &lt;/td&gt;&lt;/tr&gt;
&lt;tr&gt;&lt;td&gt;Latitude: -18.334990 &lt;/td&gt;&lt;/tr&gt;
&lt;tr&gt;&lt;td&gt;Heading: 18.1 &lt;/td&gt;&lt;/tr&gt;
&lt;/table&gt;</desc>
    <sym>Flag, Blue</sym>
    <type>user</type>
  </wpt>
  <wpt lat="-18.444395028054714" lon="32.80959396623075">
    <ele>1530.602878973282</ele>
    <time>2026-10-02T12:58:39.000Z</time>
    <name>The Epic 2025 001-71</name>
    <cmt>&lt;table&gt;
&lt;tr&gt;&lt;td&gt;Longitude: 32.809594 &lt;/td&gt;&lt;/tr&gt;
&lt;tr&gt;&lt;td&gt;Latitude: -18.444395 &lt;/td&gt;&lt;/tr&gt;
&lt;tr&gt;&lt;td&gt;Heading: 30.3 &lt;/td&gt;&lt;/tr&gt;
&lt;/table&gt;</cmt>
    <desc>&lt;table&gt;
&lt;tr&gt;&lt;td&gt;Longitude: 32.809594 &lt;/td&gt;&lt;/tr&gt;
&lt;tr&gt;&lt;td&gt;Latitude: -18.444395 &lt;/td&gt;&lt;/tr&gt;
&lt;tr&gt;&lt;td&gt;Heading: 30.3 &lt;/td&gt;&lt;/tr&gt;
&lt;/table&gt;</desc>
    <sym>Flag, Blue</sym>
    <type>user</type>
  </wpt>
  <wpt lat="-18.334333011880517" lon="32.84669302403927">
    <ele>2015.8245595287408</ele>
    <time>2026-10-02T12:58:39.000Z</time>
    <name>The Epic 2025 001-710</name>
    <cmt>&lt;table&gt;
&lt;tr&gt;&lt;td&gt;Longitude: 32.846693 &lt;/td&gt;&lt;/tr&gt;
&lt;tr&gt;&lt;td&gt;Latitude: -18.334333 &lt;/td&gt;&lt;/tr&gt;
&lt;tr&gt;&lt;td&gt;Heading: 18.3 &lt;/td&gt;&lt;/tr&gt;
&lt;/table&gt;</cmt>
    <desc>&lt;table&gt;
&lt;tr&gt;&lt;td&gt;Longitude: 32.846693 &lt;/td&gt;&lt;/tr&gt;
&lt;tr&gt;&lt;td&gt;Latitude: -18.334333 &lt;/td&gt;&lt;/tr&gt;
&lt;tr&gt;&lt;td&gt;Heading: 18.3 &lt;/td&gt;&lt;/tr&gt;
&lt;/table&gt;</desc>
    <sym>Flag, Blue</sym>
    <type>user</type>
  </wpt>
  <wpt lat="-18.334222035482526" lon="32.846814980730414">
    <ele>2017.2175828660838</ele>
    <time>2026-10-02T12:58:39.000Z</time>
    <name>The Epic 2025 001-711</name>
    <cmt>&lt;table&gt;
&lt;tr&gt;&lt;td&gt;Longitude: 32.846815 &lt;/td&gt;&lt;/tr&gt;
&lt;tr&gt;&lt;td&gt;Latitude: -18.334222 &lt;/td&gt;&lt;/tr&gt;
&lt;tr&gt;&lt;td&gt;Heading: 46.3 &lt;/td&gt;&lt;/tr&gt;
&lt;/table&gt;</cmt>
    <desc>&lt;table&gt;
&lt;tr&gt;&lt;td&gt;Longitude: 32.846815 &lt;/td&gt;&lt;/tr&gt;
&lt;tr&gt;&lt;td&gt;Latitude: -18.334222 &lt;/td&gt;&lt;/tr&gt;
&lt;tr&gt;&lt;td&gt;Heading: 46.3 &lt;/td&gt;&lt;/tr&gt;
&lt;/table&gt;</desc>
    <sym>Flag, Blue</sym>
    <type>user</type>
  </wpt>
  <wpt lat="-18.333624992519617" lon="32.847242038697004">
    <ele>2021.3750277284573</ele>
    <time>2026-10-02T12:58:39.000Z</time>
    <name>The Epic 2025 001-712</name>
    <cmt>&lt;table&gt;
&lt;tr&gt;&lt;td&gt;Longitude: 32.847242 &lt;/td&gt;&lt;/tr&gt;
&lt;tr&gt;&lt;td&gt;Latitude: -18.333625 &lt;/td&gt;&lt;/tr&gt;
&lt;tr&gt;&lt;td&gt;Heading: 34.2 &lt;/td&gt;&lt;/tr&gt;
&lt;/table&gt;</cmt>
    <desc>&lt;table&gt;
&lt;tr&gt;&lt;td&gt;Longitude: 32.847242 &lt;/td&gt;&lt;/tr&gt;
&lt;tr&gt;&lt;td&gt;Latitude: -18.333625 &lt;/td&gt;&lt;/tr&gt;
&lt;tr&gt;&lt;td&gt;Heading: 34.2 &lt;/td&gt;&lt;/tr&gt;
&lt;/table&gt;</desc>
    <sym>Flag, Blue</sym>
    <type>user</type>
  </wpt>
  <wpt lat="-18.33313900977373" lon="32.847567005082965">
    <ele>2023.9162672888683</ele>
    <time>2026-10-02T12:58:39.000Z</time>
    <name>The Epic 2025 001-713</name>
    <cmt>&lt;table&gt;
&lt;tr&gt;&lt;td&gt;Longitude: 32.847567 &lt;/td&gt;&lt;/tr&gt;
&lt;tr&gt;&lt;td&gt;Latitude: -18.333139 &lt;/td&gt;&lt;/tr&gt;
&lt;tr&gt;&lt;td&gt;Heading: 32.4 &lt;/td&gt;&lt;/tr&gt;
&lt;/table&gt;</cmt>
    <desc>&lt;table&gt;
&lt;tr&gt;&lt;td&gt;Longitude: 32.847567 &lt;/td&gt;&lt;/tr&gt;
&lt;tr&gt;&lt;td&gt;Latitude: -18.333139 &lt;/td&gt;&lt;/tr&gt;
&lt;tr&gt;&lt;td&gt;Heading: 32.4 &lt;/td&gt;&lt;/tr&gt;
&lt;/table&gt;</desc>
    <sym>Flag, Blue</sym>
    <type>user</type>
  </wpt>
  <wpt lat="-18.332698037847877" lon="32.847889037802815">
    <ele>2027.9228870440274</ele>
    <time>2026-10-02T12:58:39.000Z</time>
    <name>The Epic 2025 001-714</name>
    <cmt>&lt;table&gt;
&lt;tr&gt;&lt;td&gt;Longitude: 32.847889 &lt;/td&gt;&lt;/tr&gt;
&lt;tr&gt;&lt;td&gt;Latitude: -18.332698 &lt;/td&gt;&lt;/tr&gt;
&lt;tr&gt;&lt;td&gt;Heading: 34.8 &lt;/td&gt;&lt;/tr&gt;
&lt;/table&gt;</cmt>
    <desc>&lt;table&gt;
&lt;tr&gt;&lt;td&gt;Longitude: 32.847889 &lt;/td&gt;&lt;/tr&gt;
&lt;tr&gt;&lt;td&gt;Latitude: -18.332698 &lt;/td&gt;&lt;/tr&gt;
&lt;tr&gt;&lt;td&gt;Heading: 34.8 &lt;/td&gt;&lt;/tr&gt;
&lt;/table&gt;</desc>
    <sym>Flag, Blue</sym>
    <type>user</type>
  </wpt>
  <wpt lat="-18.33242897875607" lon="32.84803496673703">
    <ele>2031.0616841316223</ele>
    <time>2026-10-02T12:58:39.000Z</time>
    <name>The Epic 2025 001-715</name>
    <cmt>&lt;table&gt;
&lt;tr&gt;&lt;td&gt;Longitude: 32.848035 &lt;/td&gt;&lt;/tr&gt;
&lt;tr&gt;&lt;td&gt;Latitude: -18.332429 &lt;/td&gt;&lt;/tr&gt;
&lt;tr&gt;&lt;td&gt;Heading: 27.2 &lt;/td&gt;&lt;/tr&gt;
&lt;/table&gt;</cmt>
    <desc>&lt;table&gt;
&lt;tr&gt;&lt;td&gt;Longitude: 32.848035 &lt;/td&gt;&lt;/tr&gt;
&lt;tr&gt;&lt;td&gt;Latitude: -18.332429 &lt;/td&gt;&lt;/tr&gt;
&lt;tr&gt;&lt;td&gt;Heading: 27.2 &lt;/td&gt;&lt;/tr&gt;
&lt;/table&gt;</desc>
    <sym>Flag, Blue</sym>
    <type>user</type>
  </wpt>
  <wpt lat="-18.332285983487964" lon="32.84815700724721">
    <ele>2033.1722428300418</ele>
    <time>2026-10-02T12:58:39.000Z</time>
    <name>The Epic 2025 001-716</name>
    <cmt>&lt;table&gt;
&lt;tr&gt;&lt;td&gt;Longitude: 32.848157 &lt;/td&gt;&lt;/tr&gt;
&lt;tr&gt;&lt;td&gt;Latitude: -18.332286 &lt;/td&gt;&lt;/tr&gt;
&lt;tr&gt;&lt;td&gt;Heading: 38.8 &lt;/td&gt;&lt;/tr&gt;
&lt;/table&gt;</cmt>
    <desc>&lt;table&gt;
&lt;tr&gt;&lt;td&gt;Longitude: 32.848157 &lt;/td&gt;&lt;/tr&gt;
&lt;tr&gt;&lt;td&gt;Latitude: -18.332286 &lt;/td&gt;&lt;/tr&gt;
&lt;tr&gt;&lt;td&gt;Heading: 38.8 &lt;/td&gt;&lt;/tr&gt;
&lt;/table&gt;</desc>
    <sym>Flag, Blue</sym>
    <type>user</type>
  </wpt>
  <wpt lat="-18.331822967156768" lon="32.848470993340015">
    <ele>2038.7226681741886</ele>
    <time>2026-10-02T12:58:39.000Z</time>
    <name>The Epic 2025 001-717</name>
    <cmt>&lt;table&gt;
&lt;tr&gt;&lt;td&gt;Longitude: 32.848471 &lt;/td&gt;&lt;/tr&gt;
&lt;tr&gt;&lt;td&gt;Latitude: -18.331823 &lt;/td&gt;&lt;/tr&gt;
&lt;tr&gt;&lt;td&gt;Heading: 32.9 &lt;/td&gt;&lt;/tr&gt;
&lt;/table&gt;</cmt>
    <desc>&lt;table&gt;
&lt;tr&gt;&lt;td&gt;Longitude: 32.848471 &lt;/td&gt;&lt;/tr&gt;
&lt;tr&gt;&lt;td&gt;Latitude: -18.331823 &lt;/td&gt;&lt;/tr&gt;
&lt;tr&gt;&lt;td&gt;Heading: 32.9 &lt;/td&gt;&lt;/tr&gt;
&lt;/table&gt;</desc>
    <sym>Flag, Blue</sym>
    <type>user</type>
  </wpt>
  <wpt lat="-18.33115803077817" lon="32.84888003021479">
    <ele>2048.2288178862073</ele>
    <time>2026-10-02T12:58:39.000Z</time>
    <name>The Epic 2025 001-718</name>
    <cmt>&lt;table&gt;
&lt;tr&gt;&lt;td&gt;Longitude: 32.848880 &lt;/td&gt;&lt;/tr&gt;
&lt;tr&gt;&lt;td&gt;Latitude: -18.331158 &lt;/td&gt;&lt;/tr&gt;
&lt;tr&gt;&lt;td&gt;Heading: 30.3 &lt;/td&gt;&lt;/tr&gt;
&lt;/table&gt;</cmt>
    <desc>&lt;table&gt;
&lt;tr&gt;&lt;td&gt;Longitude: 32.848880 &lt;/td&gt;&lt;/tr&gt;
&lt;tr&gt;&lt;td&gt;Latitude: -18.331158 &lt;/td&gt;&lt;/tr&gt;
&lt;tr&gt;&lt;td&gt;Heading: 30.3 &lt;/td&gt;&lt;/tr&gt;
&lt;/table&gt;</desc>
    <sym>Flag, Blue</sym>
    <type>user</type>
  </wpt>
  <wpt lat="-18.33055998198688" lon="32.849007016047835">
    <ele>2054.178583861031</ele>
    <time>2026-10-02T12:58:39.000Z</time>
    <name>The Epic 2025 001-719</name>
    <cmt>&lt;table&gt;
&lt;tr&gt;&lt;td&gt;Longitude: 32.849007 &lt;/td&gt;&lt;/tr&gt;
&lt;tr&gt;&lt;td&gt;Latitude: -18.330560 &lt;/td&gt;&lt;/tr&gt;
&lt;tr&gt;&lt;td&gt;Heading: 11.4 &lt;/td&gt;&lt;/tr&gt;
&lt;/table&gt;</cmt>
    <desc>&lt;table&gt;
&lt;tr&gt;&lt;td&gt;Longitude: 32.849007 &lt;/td&gt;&lt;/tr&gt;
&lt;tr&gt;&lt;td&gt;Latitude: -18.330560 &lt;/td&gt;&lt;/tr&gt;
&lt;tr&gt;&lt;td&gt;Heading: 11.4 &lt;/td&gt;&lt;/tr&gt;
&lt;/table&gt;</desc>
    <sym>Flag, Blue</sym>
    <type>user</type>
  </wpt>
  <wpt lat="-18.444070983678102" lon="32.809711983427405">
    <ele>1524.1849632840604</ele>
    <time>2026-10-02T12:58:39.000Z</time>
    <name>The Epic 2025 001-72</name>
    <cmt>&lt;table&gt;
&lt;tr&gt;&lt;td&gt;Longitude: 32.809712 &lt;/td&gt;&lt;/tr&gt;
&lt;tr&gt;&lt;td&gt;Latitude: -18.444071 &lt;/td&gt;&lt;/tr&gt;
&lt;tr&gt;&lt;td&gt;Heading: 19.1 &lt;/td&gt;&lt;/tr&gt;
&lt;/table&gt;</cmt>
    <desc>&lt;table&gt;
&lt;tr&gt;&lt;td&gt;Longitude: 32.809712 &lt;/td&gt;&lt;/tr&gt;
&lt;tr&gt;&lt;td&gt;Latitude: -18.444071 &lt;/td&gt;&lt;/tr&gt;
&lt;tr&gt;&lt;td&gt;Heading: 19.1 &lt;/td&gt;&lt;/tr&gt;
&lt;/table&gt;</desc>
    <sym>Flag, Blue</sym>
    <type>user</type>
  </wpt>
  <wpt lat="-18.330336017534137" lon="32.849166020751">
    <ele>2057.7351190935615</ele>
    <time>2026-10-02T12:58:39.000Z</time>
    <name>The Epic 2025 001-720</name>
    <cmt>&lt;table&gt;
&lt;tr&gt;&lt;td&gt;Longitude: 32.849166 &lt;/td&gt;&lt;/tr&gt;
&lt;tr&gt;&lt;td&gt;Latitude: -18.330336 &lt;/td&gt;&lt;/tr&gt;
&lt;tr&gt;&lt;td&gt;Heading: 34.0 &lt;/td&gt;&lt;/tr&gt;
&lt;/table&gt;</cmt>
    <desc>&lt;table&gt;
&lt;tr&gt;&lt;td&gt;Longitude: 32.849166 &lt;/td&gt;&lt;/tr&gt;
&lt;tr&gt;&lt;td&gt;Latitude: -18.330336 &lt;/td&gt;&lt;/tr&gt;
&lt;tr&gt;&lt;td&gt;Heading: 34.0 &lt;/td&gt;&lt;/tr&gt;
&lt;/table&gt;</desc>
    <sym>Flag, Blue</sym>
    <type>user</type>
  </wpt>
  <wpt lat="-18.3299389667809" lon="32.84947397187352">
    <ele>2064.9177139342037</ele>
    <time>2026-10-02T12:58:39.000Z</time>
    <name>The Epic 2025 001-721</name>
    <cmt>&lt;table&gt;
&lt;tr&gt;&lt;td&gt;Longitude: 32.849474 &lt;/td&gt;&lt;/tr&gt;
&lt;tr&gt;&lt;td&gt;Latitude: -18.329939 &lt;/td&gt;&lt;/tr&gt;
&lt;tr&gt;&lt;td&gt;Heading: 36.4 &lt;/td&gt;&lt;/tr&gt;
&lt;/table&gt;</cmt>
    <desc>&lt;table&gt;
&lt;tr&gt;&lt;td&gt;Longitude: 32.849474 &lt;/td&gt;&lt;/tr&gt;
&lt;tr&gt;&lt;td&gt;Latitude: -18.329939 &lt;/td&gt;&lt;/tr&gt;
&lt;tr&gt;&lt;td&gt;Heading: 36.4 &lt;/td&gt;&lt;/tr&gt;
&lt;/table&gt;</desc>
    <sym>Flag, Blue</sym>
    <type>user</type>
  </wpt>
  <wpt lat="-18.32968097180128" lon="32.849672958254814">
    <ele>2069.5323001760007</ele>
    <time>2026-10-02T12:58:39.000Z</time>
    <name>The Epic 2025 001-722</name>
    <cmt>&lt;table&gt;
&lt;tr&gt;&lt;td&gt;Longitude: 32.849673 &lt;/td&gt;&lt;/tr&gt;
&lt;tr&gt;&lt;td&gt;Latitude: -18.329681 &lt;/td&gt;&lt;/tr&gt;
&lt;tr&gt;&lt;td&gt;Heading: 36.3 &lt;/td&gt;&lt;/tr&gt;
&lt;/table&gt;</cmt>
    <desc>&lt;table&gt;
&lt;tr&gt;&lt;td&gt;Longitude: 32.849673 &lt;/td&gt;&lt;/tr&gt;
&lt;tr&gt;&lt;td&gt;Latitude: -18.329681 &lt;/td&gt;&lt;/tr&gt;
&lt;tr&gt;&lt;td&gt;Heading: 36.3 &lt;/td&gt;&lt;/tr&gt;
&lt;/table&gt;</desc>
    <sym>Flag, Blue</sym>
    <type>user</type>
  </wpt>
  <wpt lat="-18.32942398265004" lon="32.849931959062815">
    <ele>2075.5473954541962</ele>
    <time>2026-10-02T12:58:39.000Z</time>
    <name>The Epic 2025 001-723</name>
    <cmt>&lt;table&gt;
&lt;tr&gt;&lt;td&gt;Longitude: 32.849932 &lt;/td&gt;&lt;/tr&gt;
&lt;tr&gt;&lt;td&gt;Latitude: -18.329424 &lt;/td&gt;&lt;/tr&gt;
&lt;tr&gt;&lt;td&gt;Heading: 43.7 &lt;/td&gt;&lt;/tr&gt;
&lt;/table&gt;</cmt>
    <desc>&lt;table&gt;
&lt;tr&gt;&lt;td&gt;Longitude: 32.849932 &lt;/td&gt;&lt;/tr&gt;
&lt;tr&gt;&lt;td&gt;Latitude: -18.329424 &lt;/td&gt;&lt;/tr&gt;
&lt;tr&gt;&lt;td&gt;Heading: 43.7 &lt;/td&gt;&lt;/tr&gt;
&lt;/table&gt;</desc>
    <sym>Flag, Blue</sym>
    <type>user</type>
  </wpt>
  <wpt lat="-18.329194989055395" lon="32.85013496875763">
    <ele>2080.7306248834357</ele>
    <time>2026-10-02T12:58:39.000Z</time>
    <name>The Epic 2025 001-724</name>
    <cmt>&lt;table&gt;
&lt;tr&gt;&lt;td&gt;Longitude: 32.850135 &lt;/td&gt;&lt;/tr&gt;
&lt;tr&gt;&lt;td&gt;Latitude: -18.329195 &lt;/td&gt;&lt;/tr&gt;
&lt;tr&gt;&lt;td&gt;Heading: 40.1 &lt;/td&gt;&lt;/tr&gt;
&lt;/table&gt;</cmt>
    <desc>&lt;table&gt;
&lt;tr&gt;&lt;td&gt;Longitude: 32.850135 &lt;/td&gt;&lt;/tr&gt;
&lt;tr&gt;&lt;td&gt;Latitude: -18.329195 &lt;/td&gt;&lt;/tr&gt;
&lt;tr&gt;&lt;td&gt;Heading: 40.1 &lt;/td&gt;&lt;/tr&gt;
&lt;/table&gt;</desc>
    <sym>Flag, Blue</sym>
    <type>user</type>
  </wpt>
  <wpt lat="-18.328940011560917" lon="32.850426994264126">
    <ele>2086.647792314691</ele>
    <time>2026-10-02T12:58:39.000Z</time>
    <name>The Epic 2025 001-725</name>
    <cmt>&lt;table&gt;
&lt;tr&gt;&lt;td&gt;Longitude: 32.850427 &lt;/td&gt;&lt;/tr&gt;
&lt;tr&gt;&lt;td&gt;Latitude: -18.328940 &lt;/td&gt;&lt;/tr&gt;
&lt;tr&gt;&lt;td&gt;Heading: 47.3 &lt;/td&gt;&lt;/tr&gt;
&lt;/table&gt;</cmt>
    <desc>&lt;table&gt;
&lt;tr&gt;&lt;td&gt;Longitude: 32.850427 &lt;/td&gt;&lt;/tr&gt;
&lt;tr&gt;&lt;td&gt;Latitude: -18.328940 &lt;/td&gt;&lt;/tr&gt;
&lt;tr&gt;&lt;td&gt;Heading: 47.3 &lt;/td&gt;&lt;/tr&gt;
&lt;/table&gt;</desc>
    <sym>Flag, Blue</sym>
    <type>user</type>
  </wpt>
  <wpt lat="-18.328738007694483" lon="32.85069001838565">
    <ele>2089.52689556079</ele>
    <time>2026-10-02T12:58:39.000Z</time>
    <name>The Epic 2025 001-726</name>
    <cmt>&lt;table&gt;
&lt;tr&gt;&lt;td&gt;Longitude: 32.850690 &lt;/td&gt;&lt;/tr&gt;
&lt;tr&gt;&lt;td&gt;Latitude: -18.328738 &lt;/td&gt;&lt;/tr&gt;
&lt;tr&gt;&lt;td&gt;Heading: 51.0 &lt;/td&gt;&lt;/tr&gt;
&lt;/table&gt;</cmt>
    <desc>&lt;table&gt;
&lt;tr&gt;&lt;td&gt;Longitude: 32.850690 &lt;/td&gt;&lt;/tr&gt;
&lt;tr&gt;&lt;td&gt;Latitude: -18.328738 &lt;/td&gt;&lt;/tr&gt;
&lt;tr&gt;&lt;td&gt;Heading: 51.0 &lt;/td&gt;&lt;/tr&gt;
&lt;/table&gt;</desc>
    <sym>Flag, Blue</sym>
    <type>user</type>
  </wpt>
  <wpt lat="-18.328529968857765" lon="32.85092798061669">
    <ele>2091.547255427926</ele>
    <time>2026-10-02T12:58:39.000Z</time>
    <name>The Epic 2025 001-727</name>
    <cmt>&lt;table&gt;
&lt;tr&gt;&lt;td&gt;Longitude: 32.850928 &lt;/td&gt;&lt;/tr&gt;
&lt;tr&gt;&lt;td&gt;Latitude: -18.328530 &lt;/td&gt;&lt;/tr&gt;
&lt;tr&gt;&lt;td&gt;Heading: 47.4 &lt;/td&gt;&lt;/tr&gt;
&lt;/table&gt;</cmt>
    <desc>&lt;table&gt;
&lt;tr&gt;&lt;td&gt;Longitude: 32.850928 &lt;/td&gt;&lt;/tr&gt;
&lt;tr&gt;&lt;td&gt;Latitude: -18.328530 &lt;/td&gt;&lt;/tr&gt;
&lt;tr&gt;&lt;td&gt;Heading: 47.4 &lt;/td&gt;&lt;/tr&gt;
&lt;/table&gt;</desc>
    <sym>Flag, Blue</sym>
    <type>user</type>
  </wpt>
  <wpt lat="-18.328221011906862" lon="32.85084801726043">
    <ele>2094.859140415969</ele>
    <time>2026-10-02T12:58:39.000Z</time>
    <name>The Epic 2025 001-728</name>
    <cmt>&lt;table&gt;
&lt;tr&gt;&lt;td&gt;Longitude: 32.850848 &lt;/td&gt;&lt;/tr&gt;
&lt;tr&gt;&lt;td&gt;Latitude: -18.328221 &lt;/td&gt;&lt;/tr&gt;
&lt;tr&gt;&lt;td&gt;Heading: 346.1 &lt;/td&gt;&lt;/tr&gt;
&lt;/table&gt;</cmt>
    <desc>&lt;table&gt;
&lt;tr&gt;&lt;td&gt;Longitude: 32.850848 &lt;/td&gt;&lt;/tr&gt;
&lt;tr&gt;&lt;td&gt;Latitude: -18.328221 &lt;/td&gt;&lt;/tr&gt;
&lt;tr&gt;&lt;td&gt;Heading: 346.1 &lt;/td&gt;&lt;/tr&gt;
&lt;/table&gt;</desc>
    <sym>Flag, Blue</sym>
    <type>user</type>
  </wpt>
  <wpt lat="-18.32791800610721" lon="32.85071801394224">
    <ele>2098.484540092237</ele>
    <time>2026-10-02T12:58:39.000Z</time>
    <name>The Epic 2025 001-729</name>
    <cmt>&lt;table&gt;
&lt;tr&gt;&lt;td&gt;Longitude: 32.850718 &lt;/td&gt;&lt;/tr&gt;
&lt;tr&gt;&lt;td&gt;Latitude: -18.327918 &lt;/td&gt;&lt;/tr&gt;
&lt;tr&gt;&lt;td&gt;Heading: 337.9 &lt;/td&gt;&lt;/tr&gt;
&lt;/table&gt;</cmt>
    <desc>&lt;table&gt;
&lt;tr&gt;&lt;td&gt;Longitude: 32.850718 &lt;/td&gt;&lt;/tr&gt;
&lt;tr&gt;&lt;td&gt;Latitude: -18.327918 &lt;/td&gt;&lt;/tr&gt;
&lt;tr&gt;&lt;td&gt;Heading: 337.9 &lt;/td&gt;&lt;/tr&gt;
&lt;/table&gt;</desc>
    <sym>Flag, Blue</sym>
    <type>user</type>
  </wpt>
  <wpt lat="-18.443582989275455" lon="32.80995296314359">
    <ele>1514.1950467362767</ele>
    <time>2026-10-02T12:58:39.000Z</time>
    <name>The Epic 2025 001-73</name>
    <cmt>&lt;table&gt;
&lt;tr&gt;&lt;td&gt;Longitude: 32.809953 &lt;/td&gt;&lt;/tr&gt;
&lt;tr&gt;&lt;td&gt;Latitude: -18.443583 &lt;/td&gt;&lt;/tr&gt;
&lt;tr&gt;&lt;td&gt;Heading: 25.1 &lt;/td&gt;&lt;/tr&gt;
&lt;/table&gt;</cmt>
    <desc>&lt;table&gt;
&lt;tr&gt;&lt;td&gt;Longitude: 32.809953 &lt;/td&gt;&lt;/tr&gt;
&lt;tr&gt;&lt;td&gt;Latitude: -18.443583 &lt;/td&gt;&lt;/tr&gt;
&lt;tr&gt;&lt;td&gt;Heading: 25.1 &lt;/td&gt;&lt;/tr&gt;
&lt;/table&gt;</desc>
    <sym>Flag, Blue</sym>
    <type>user</type>
  </wpt>
  <wpt lat="-18.32765900529921" lon="32.8507149964571">
    <ele>2102.0863138042414</ele>
    <time>2026-10-02T12:58:39.000Z</time>
    <name>The Epic 2025 001-730</name>
    <cmt>&lt;table&gt;
&lt;tr&gt;&lt;td&gt;Longitude: 32.850715 &lt;/td&gt;&lt;/tr&gt;
&lt;tr&gt;&lt;td&gt;Latitude: -18.327659 &lt;/td&gt;&lt;/tr&gt;
&lt;tr&gt;&lt;td&gt;Heading: 359.4 &lt;/td&gt;&lt;/tr&gt;
&lt;/table&gt;</cmt>
    <desc>&lt;table&gt;
&lt;tr&gt;&lt;td&gt;Longitude: 32.850715 &lt;/td&gt;&lt;/tr&gt;
&lt;tr&gt;&lt;td&gt;Latitude: -18.327659 &lt;/td&gt;&lt;/tr&gt;
&lt;tr&gt;&lt;td&gt;Heading: 359.4 &lt;/td&gt;&lt;/tr&gt;
&lt;/table&gt;</desc>
    <sym>Flag, Blue</sym>
    <type>user</type>
  </wpt>
  <wpt lat="-18.327328003942966" lon="32.85065598785877">
    <ele>2105.8349672959107</ele>
    <time>2026-10-02T12:58:39.000Z</time>
    <name>The Epic 2025 001-731</name>
    <cmt>&lt;table&gt;
&lt;tr&gt;&lt;td&gt;Longitude: 32.850656 &lt;/td&gt;&lt;/tr&gt;
&lt;tr&gt;&lt;td&gt;Latitude: -18.327328 &lt;/td&gt;&lt;/tr&gt;
&lt;tr&gt;&lt;td&gt;Heading: 350.4 &lt;/td&gt;&lt;/tr&gt;
&lt;/table&gt;</cmt>
    <desc>&lt;table&gt;
&lt;tr&gt;&lt;td&gt;Longitude: 32.850656 &lt;/td&gt;&lt;/tr&gt;
&lt;tr&gt;&lt;td&gt;Latitude: -18.327328 &lt;/td&gt;&lt;/tr&gt;
&lt;tr&gt;&lt;td&gt;Heading: 350.4 &lt;/td&gt;&lt;/tr&gt;
&lt;/table&gt;</desc>
    <sym>Flag, Blue</sym>
    <type>user</type>
  </wpt>
  <wpt lat="-18.326995996758342" lon="32.850596979260445">
    <ele>2109.1316984590376</ele>
    <time>2026-10-02T12:58:39.000Z</time>
    <name>The Epic 2025 001-732</name>
    <cmt>&lt;table&gt;
&lt;tr&gt;&lt;td&gt;Longitude: 32.850597 &lt;/td&gt;&lt;/tr&gt;
&lt;tr&gt;&lt;td&gt;Latitude: -18.326996 &lt;/td&gt;&lt;/tr&gt;
&lt;tr&gt;&lt;td&gt;Heading: 350.4 &lt;/td&gt;&lt;/tr&gt;
&lt;/table&gt;</cmt>
    <desc>&lt;table&gt;
&lt;tr&gt;&lt;td&gt;Longitude: 32.850597 &lt;/td&gt;&lt;/tr&gt;
&lt;tr&gt;&lt;td&gt;Latitude: -18.326996 &lt;/td&gt;&lt;/tr&gt;
&lt;tr&gt;&lt;td&gt;Heading: 350.4 &lt;/td&gt;&lt;/tr&gt;
&lt;/table&gt;</desc>
    <sym>Flag, Blue</sym>
    <type>user</type>
  </wpt>
  <wpt lat="-18.32660296931863" lon="32.850553980097175">
    <ele>2114.3037970119785</ele>
    <time>2026-10-02T12:58:39.000Z</time>
    <name>The Epic 2025 001-733</name>
    <cmt>&lt;table&gt;
&lt;tr&gt;&lt;td&gt;Longitude: 32.850554 &lt;/td&gt;&lt;/tr&gt;
&lt;tr&gt;&lt;td&gt;Latitude: -18.326603 &lt;/td&gt;&lt;/tr&gt;
&lt;tr&gt;&lt;td&gt;Heading: 354.0 &lt;/td&gt;&lt;/tr&gt;
&lt;/table&gt;</cmt>
    <desc>&lt;table&gt;
&lt;tr&gt;&lt;td&gt;Longitude: 32.850554 &lt;/td&gt;&lt;/tr&gt;
&lt;tr&gt;&lt;td&gt;Latitude: -18.326603 &lt;/td&gt;&lt;/tr&gt;
&lt;tr&gt;&lt;td&gt;Heading: 354.0 &lt;/td&gt;&lt;/tr&gt;
&lt;/table&gt;</desc>
    <sym>Flag, Blue</sym>
    <type>user</type>
  </wpt>
  <wpt lat="-18.32632795907557" lon="32.85039396956563">
    <ele>2118.8671713906806</ele>
    <time>2026-10-02T12:58:39.000Z</time>
    <name>The Epic 2025 001-734</name>
    <cmt>&lt;table&gt;
&lt;tr&gt;&lt;td&gt;Longitude: 32.850394 &lt;/td&gt;&lt;/tr&gt;
&lt;tr&gt;&lt;td&gt;Latitude: -18.326328 &lt;/td&gt;&lt;/tr&gt;
&lt;tr&gt;&lt;td&gt;Heading: 331.2 &lt;/td&gt;&lt;/tr&gt;
&lt;/table&gt;</cmt>
    <desc>&lt;table&gt;
&lt;tr&gt;&lt;td&gt;Longitude: 32.850394 &lt;/td&gt;&lt;/tr&gt;
&lt;tr&gt;&lt;td&gt;Latitude: -18.326328 &lt;/td&gt;&lt;/tr&gt;
&lt;tr&gt;&lt;td&gt;Heading: 331.2 &lt;/td&gt;&lt;/tr&gt;
&lt;/table&gt;</desc>
    <sym>Flag, Blue</sym>
    <type>user</type>
  </wpt>
  <wpt lat="-18.326055966317654" lon="32.850319035351276">
    <ele>2123.6485333330747</ele>
    <time>2026-10-02T12:58:39.000Z</time>
    <name>The Epic 2025 001-735</name>
    <cmt>&lt;table&gt;
&lt;tr&gt;&lt;td&gt;Longitude: 32.850319 &lt;/td&gt;&lt;/tr&gt;
&lt;tr&gt;&lt;td&gt;Latitude: -18.326056 &lt;/td&gt;&lt;/tr&gt;
&lt;tr&gt;&lt;td&gt;Heading: 345.3 &lt;/td&gt;&lt;/tr&gt;
&lt;/table&gt;</cmt>
    <desc>&lt;table&gt;
&lt;tr&gt;&lt;td&gt;Longitude: 32.850319 &lt;/td&gt;&lt;/tr&gt;
&lt;tr&gt;&lt;td&gt;Latitude: -18.326056 &lt;/td&gt;&lt;/tr&gt;
&lt;tr&gt;&lt;td&gt;Heading: 345.3 &lt;/td&gt;&lt;/tr&gt;
&lt;/table&gt;</desc>
    <sym>Flag, Blue</sym>
    <type>user</type>
  </wpt>
  <wpt lat="-18.325824961066246" lon="32.85025097429752">
    <ele>2126.8619196861982</ele>
    <time>2026-10-02T12:58:39.000Z</time>
    <name>The Epic 2025 001-736</name>
    <cmt>&lt;table&gt;
&lt;tr&gt;&lt;td&gt;Longitude: 32.850251 &lt;/td&gt;&lt;/tr&gt;
&lt;tr&gt;&lt;td&gt;Latitude: -18.325825 &lt;/td&gt;&lt;/tr&gt;
&lt;tr&gt;&lt;td&gt;Heading: 344.4 &lt;/td&gt;&lt;/tr&gt;
&lt;/table&gt;</cmt>
    <desc>&lt;table&gt;
&lt;tr&gt;&lt;td&gt;Longitude: 32.850251 &lt;/td&gt;&lt;/tr&gt;
&lt;tr&gt;&lt;td&gt;Latitude: -18.325825 &lt;/td&gt;&lt;/tr&gt;
&lt;tr&gt;&lt;td&gt;Heading: 344.4 &lt;/td&gt;&lt;/tr&gt;
&lt;/table&gt;</desc>
    <sym>Flag, Blue</sym>
    <type>user</type>
  </wpt>
  <wpt lat="-18.325543999671936" lon="32.850273018702865">
    <ele>2130.006605813047</ele>
    <time>2026-10-02T12:58:39.000Z</time>
    <name>The Epic 2025 001-737</name>
    <cmt>&lt;table&gt;
&lt;tr&gt;&lt;td&gt;Longitude: 32.850273 &lt;/td&gt;&lt;/tr&gt;
&lt;tr&gt;&lt;td&gt;Latitude: -18.325544 &lt;/td&gt;&lt;/tr&gt;
&lt;tr&gt;&lt;td&gt;Heading: 4.3 &lt;/td&gt;&lt;/tr&gt;
&lt;/table&gt;</cmt>
    <desc>&lt;table&gt;
&lt;tr&gt;&lt;td&gt;Longitude: 32.850273 &lt;/td&gt;&lt;/tr&gt;
&lt;tr&gt;&lt;td&gt;Latitude: -18.325544 &lt;/td&gt;&lt;/tr&gt;
&lt;tr&gt;&lt;td&gt;Heading: 4.3 &lt;/td&gt;&lt;/tr&gt;
&lt;/table&gt;</desc>
    <sym>Flag, Blue</sym>
    <type>user</type>
  </wpt>
  <wpt lat="-18.32514602690935" lon="32.850320963189006">
    <ele>2132.636207140047</ele>
    <time>2026-10-02T12:58:39.000Z</time>
    <name>The Epic 2025 001-738</name>
    <cmt>&lt;table&gt;
&lt;tr&gt;&lt;td&gt;Longitude: 32.850321 &lt;/td&gt;&lt;/tr&gt;
&lt;tr&gt;&lt;td&gt;Latitude: -18.325146 &lt;/td&gt;&lt;/tr&gt;
&lt;tr&gt;&lt;td&gt;Heading: 6.5 &lt;/td&gt;&lt;/tr&gt;
&lt;/table&gt;</cmt>
    <desc>&lt;table&gt;
&lt;tr&gt;&lt;td&gt;Longitude: 32.850321 &lt;/td&gt;&lt;/tr&gt;
&lt;tr&gt;&lt;td&gt;Latitude: -18.325146 &lt;/td&gt;&lt;/tr&gt;
&lt;tr&gt;&lt;td&gt;Heading: 6.5 &lt;/td&gt;&lt;/tr&gt;
&lt;/table&gt;</desc>
    <sym>Flag, Blue</sym>
    <type>user</type>
  </wpt>
  <wpt lat="-18.324857018887997" lon="32.850403022021055">
    <ele>2135.5018454382653</ele>
    <time>2026-10-02T12:58:39.000Z</time>
    <name>The Epic 2025 001-739</name>
    <cmt>&lt;table&gt;
&lt;tr&gt;&lt;td&gt;Longitude: 32.850403 &lt;/td&gt;&lt;/tr&gt;
&lt;tr&gt;&lt;td&gt;Latitude: -18.324857 &lt;/td&gt;&lt;/tr&gt;
&lt;tr&gt;&lt;td&gt;Heading: 15.0 &lt;/td&gt;&lt;/tr&gt;
&lt;/table&gt;</cmt>
    <desc>&lt;table&gt;
&lt;tr&gt;&lt;td&gt;Longitude: 32.850403 &lt;/td&gt;&lt;/tr&gt;
&lt;tr&gt;&lt;td&gt;Latitude: -18.324857 &lt;/td&gt;&lt;/tr&gt;
&lt;tr&gt;&lt;td&gt;Heading: 15.0 &lt;/td&gt;&lt;/tr&gt;
&lt;/table&gt;</desc>
    <sym>Flag, Blue</sym>
    <type>user</type>
  </wpt>
  <wpt lat="-18.443146040663123" lon="32.810204001143575">
    <ele>1509.4805456013419</ele>
    <time>2026-10-02T12:58:39.000Z</time>
    <name>The Epic 2025 001-74</name>
    <cmt>&lt;table&gt;
&lt;tr&gt;&lt;td&gt;Longitude: 32.810204 &lt;/td&gt;&lt;/tr&gt;
&lt;tr&gt;&lt;td&gt;Latitude: -18.443146 &lt;/td&gt;&lt;/tr&gt;
&lt;tr&gt;&lt;td&gt;Heading: 28.6 &lt;/td&gt;&lt;/tr&gt;
&lt;/table&gt;</cmt>
    <desc>&lt;table&gt;
&lt;tr&gt;&lt;td&gt;Longitude: 32.810204 &lt;/td&gt;&lt;/tr&gt;
&lt;tr&gt;&lt;td&gt;Latitude: -18.443146 &lt;/td&gt;&lt;/tr&gt;
&lt;tr&gt;&lt;td&gt;Heading: 28.6 &lt;/td&gt;&lt;/tr&gt;
&lt;/table&gt;</desc>
    <sym>Flag, Blue</sym>
    <type>user</type>
  </wpt>
  <wpt lat="-18.324446976184845" lon="32.850273018702865">
    <ele>2135.8137719240126</ele>
    <time>2026-10-02T12:58:39.000Z</time>
    <name>The Epic 2025 001-740</name>
    <cmt>&lt;table&gt;
&lt;tr&gt;&lt;td&gt;Longitude: 32.850273 &lt;/td&gt;&lt;/tr&gt;
&lt;tr&gt;&lt;td&gt;Latitude: -18.324447 &lt;/td&gt;&lt;/tr&gt;
&lt;tr&gt;&lt;td&gt;Heading: 343.2 &lt;/td&gt;&lt;/tr&gt;
&lt;/table&gt;</cmt>
    <desc>&lt;table&gt;
&lt;tr&gt;&lt;td&gt;Longitude: 32.850273 &lt;/td&gt;&lt;/tr&gt;
&lt;tr&gt;&lt;td&gt;Latitude: -18.324447 &lt;/td&gt;&lt;/tr&gt;
&lt;tr&gt;&lt;td&gt;Heading: 343.2 &lt;/td&gt;&lt;/tr&gt;
&lt;/table&gt;</desc>
    <sym>Flag, Blue</sym>
    <type>user</type>
  </wpt>
  <wpt lat="-18.324356032535434" lon="32.850202023983">
    <ele>2135.342180042644</ele>
    <time>2026-10-02T12:58:39.000Z</time>
    <name>The Epic 2025 001-741</name>
    <cmt>&lt;table&gt;
&lt;tr&gt;&lt;td&gt;Longitude: 32.850202 &lt;/td&gt;&lt;/tr&gt;
&lt;tr&gt;&lt;td&gt;Latitude: -18.324356 &lt;/td&gt;&lt;/tr&gt;
&lt;tr&gt;&lt;td&gt;Heading: 323.8 &lt;/td&gt;&lt;/tr&gt;
&lt;/table&gt;</cmt>
    <desc>&lt;table&gt;
&lt;tr&gt;&lt;td&gt;Longitude: 32.850202 &lt;/td&gt;&lt;/tr&gt;
&lt;tr&gt;&lt;td&gt;Latitude: -18.324356 &lt;/td&gt;&lt;/tr&gt;
&lt;tr&gt;&lt;td&gt;Heading: 323.8 &lt;/td&gt;&lt;/tr&gt;
&lt;/table&gt;</desc>
    <sym>Flag, Blue</sym>
    <type>user</type>
  </wpt>
  <wpt lat="-18.324184035882354" lon="32.850041007623076">
    <ele>2134.6061912721498</ele>
    <time>2026-10-02T12:58:39.000Z</time>
    <name>The Epic 2025 001-742</name>
    <cmt>&lt;table&gt;
&lt;tr&gt;&lt;td&gt;Longitude: 32.850041 &lt;/td&gt;&lt;/tr&gt;
&lt;tr&gt;&lt;td&gt;Latitude: -18.324184 &lt;/td&gt;&lt;/tr&gt;
&lt;tr&gt;&lt;td&gt;Heading: 318.3 &lt;/td&gt;&lt;/tr&gt;
&lt;/table&gt;</cmt>
    <desc>&lt;table&gt;
&lt;tr&gt;&lt;td&gt;Longitude: 32.850041 &lt;/td&gt;&lt;/tr&gt;
&lt;tr&gt;&lt;td&gt;Latitude: -18.324184 &lt;/td&gt;&lt;/tr&gt;
&lt;tr&gt;&lt;td&gt;Heading: 318.3 &lt;/td&gt;&lt;/tr&gt;
&lt;/table&gt;</desc>
    <sym>Flag, Blue</sym>
    <type>user</type>
  </wpt>
  <wpt lat="-18.323824033141136" lon="32.8496599663049">
    <ele>2133.656751393354</ele>
    <time>2026-10-02T12:58:39.000Z</time>
    <name>The Epic 2025 001-743</name>
    <cmt>&lt;table&gt;
&lt;tr&gt;&lt;td&gt;Longitude: 32.849660 &lt;/td&gt;&lt;/tr&gt;
&lt;tr&gt;&lt;td&gt;Latitude: -18.323824 &lt;/td&gt;&lt;/tr&gt;
&lt;tr&gt;&lt;td&gt;Heading: 314.9 &lt;/td&gt;&lt;/tr&gt;
&lt;/table&gt;</cmt>
    <desc>&lt;table&gt;
&lt;tr&gt;&lt;td&gt;Longitude: 32.849660 &lt;/td&gt;&lt;/tr&gt;
&lt;tr&gt;&lt;td&gt;Latitude: -18.323824 &lt;/td&gt;&lt;/tr&gt;
&lt;tr&gt;&lt;td&gt;Heading: 314.9 &lt;/td&gt;&lt;/tr&gt;
&lt;/table&gt;</desc>
    <sym>Flag, Blue</sym>
    <type>user</type>
  </wpt>
  <wpt lat="-18.32364298403263" lon="32.84978896379471">
    <ele>2136.576081816107</ele>
    <time>2026-10-02T12:58:39.000Z</time>
    <name>The Epic 2025 001-744</name>
    <cmt>&lt;table&gt;
&lt;tr&gt;&lt;td&gt;Longitude: 32.849789 &lt;/td&gt;&lt;/tr&gt;
&lt;tr&gt;&lt;td&gt;Latitude: -18.323643 &lt;/td&gt;&lt;/tr&gt;
&lt;tr&gt;&lt;td&gt;Heading: 34.2 &lt;/td&gt;&lt;/tr&gt;
&lt;/table&gt;</cmt>
    <desc>&lt;table&gt;
&lt;tr&gt;&lt;td&gt;Longitude: 32.849789 &lt;/td&gt;&lt;/tr&gt;
&lt;tr&gt;&lt;td&gt;Latitude: -18.323643 &lt;/td&gt;&lt;/tr&gt;
&lt;tr&gt;&lt;td&gt;Heading: 34.2 &lt;/td&gt;&lt;/tr&gt;
&lt;/table&gt;</desc>
    <sym>Flag, Blue</sym>
    <type>user</type>
  </wpt>
  <wpt lat="-18.323348024860024" lon="32.84992701373994">
    <ele>2143.3479216508185</ele>
    <time>2026-10-02T12:58:39.000Z</time>
    <name>The Epic 2025 001-745</name>
    <cmt>&lt;table&gt;
&lt;tr&gt;&lt;td&gt;Longitude: 32.849927 &lt;/td&gt;&lt;/tr&gt;
&lt;tr&gt;&lt;td&gt;Latitude: -18.323348 &lt;/td&gt;&lt;/tr&gt;
&lt;tr&gt;&lt;td&gt;Heading: 23.8 &lt;/td&gt;&lt;/tr&gt;
&lt;/table&gt;</cmt>
    <desc>&lt;table&gt;
&lt;tr&gt;&lt;td&gt;Longitude: 32.849927 &lt;/td&gt;&lt;/tr&gt;
&lt;tr&gt;&lt;td&gt;Latitude: -18.323348 &lt;/td&gt;&lt;/tr&gt;
&lt;tr&gt;&lt;td&gt;Heading: 23.8 &lt;/td&gt;&lt;/tr&gt;
&lt;/table&gt;</desc>
    <sym>Flag, Blue</sym>
    <type>user</type>
  </wpt>
  <wpt lat="-18.32299103960395" lon="32.84994897432625">
    <ele>2149.8932082377696</ele>
    <time>2026-10-02T12:58:39.000Z</time>
    <name>The Epic 2025 001-746</name>
    <cmt>&lt;table&gt;
&lt;tr&gt;&lt;td&gt;Longitude: 32.849949 &lt;/td&gt;&lt;/tr&gt;
&lt;tr&gt;&lt;td&gt;Latitude: -18.322991 &lt;/td&gt;&lt;/tr&gt;
&lt;tr&gt;&lt;td&gt;Heading: 3.4 &lt;/td&gt;&lt;/tr&gt;
&lt;/table&gt;</cmt>
    <desc>&lt;table&gt;
&lt;tr&gt;&lt;td&gt;Longitude: 32.849949 &lt;/td&gt;&lt;/tr&gt;
&lt;tr&gt;&lt;td&gt;Latitude: -18.322991 &lt;/td&gt;&lt;/tr&gt;
&lt;tr&gt;&lt;td&gt;Heading: 3.4 &lt;/td&gt;&lt;/tr&gt;
&lt;/table&gt;</desc>
    <sym>Flag, Blue</sym>
    <type>user</type>
  </wpt>
  <wpt lat="-18.322751987725496" lon="32.850014017894864">
    <ele>2155.507276425542</ele>
    <time>2026-10-02T12:58:39.000Z</time>
    <name>The Epic 2025 001-747</name>
    <cmt>&lt;table&gt;
&lt;tr&gt;&lt;td&gt;Longitude: 32.850014 &lt;/td&gt;&lt;/tr&gt;
&lt;tr&gt;&lt;td&gt;Latitude: -18.322752 &lt;/td&gt;&lt;/tr&gt;
&lt;tr&gt;&lt;td&gt;Heading: 14.5 &lt;/td&gt;&lt;/tr&gt;
&lt;/table&gt;</cmt>
    <desc>&lt;table&gt;
&lt;tr&gt;&lt;td&gt;Longitude: 32.850014 &lt;/td&gt;&lt;/tr&gt;
&lt;tr&gt;&lt;td&gt;Latitude: -18.322752 &lt;/td&gt;&lt;/tr&gt;
&lt;tr&gt;&lt;td&gt;Heading: 14.5 &lt;/td&gt;&lt;/tr&gt;
&lt;/table&gt;</desc>
    <sym>Flag, Blue</sym>
    <type>user</type>
  </wpt>
  <wpt lat="-18.322600023820996" lon="32.85013102926314">
    <ele>2161.5548249010462</ele>
    <time>2026-10-02T12:58:39.000Z</time>
    <name>The Epic 2025 001-748</name>
    <cmt>&lt;table&gt;
&lt;tr&gt;&lt;td&gt;Longitude: 32.850131 &lt;/td&gt;&lt;/tr&gt;
&lt;tr&gt;&lt;td&gt;Latitude: -18.322600 &lt;/td&gt;&lt;/tr&gt;
&lt;tr&gt;&lt;td&gt;Heading: 36.0 &lt;/td&gt;&lt;/tr&gt;
&lt;/table&gt;</cmt>
    <desc>&lt;table&gt;
&lt;tr&gt;&lt;td&gt;Longitude: 32.850131 &lt;/td&gt;&lt;/tr&gt;
&lt;tr&gt;&lt;td&gt;Latitude: -18.322600 &lt;/td&gt;&lt;/tr&gt;
&lt;tr&gt;&lt;td&gt;Heading: 36.0 &lt;/td&gt;&lt;/tr&gt;
&lt;/table&gt;</desc>
    <sym>Flag, Blue</sym>
    <type>user</type>
  </wpt>
  <wpt lat="-18.322532968595624" lon="32.85020302981138">
    <ele>2165.6178654022215</ele>
    <time>2026-10-02T12:58:39.000Z</time>
    <name>The Epic 2025 001-749</name>
    <cmt>&lt;table&gt;
&lt;tr&gt;&lt;td&gt;Longitude: 32.850203 &lt;/td&gt;&lt;/tr&gt;
&lt;tr&gt;&lt;td&gt;Latitude: -18.322533 &lt;/td&gt;&lt;/tr&gt;
&lt;tr&gt;&lt;td&gt;Heading: 45.9 &lt;/td&gt;&lt;/tr&gt;
&lt;/table&gt;</cmt>
    <desc>&lt;table&gt;
&lt;tr&gt;&lt;td&gt;Longitude: 32.850203 &lt;/td&gt;&lt;/tr&gt;
&lt;tr&gt;&lt;td&gt;Latitude: -18.322533 &lt;/td&gt;&lt;/tr&gt;
&lt;tr&gt;&lt;td&gt;Heading: 45.9 &lt;/td&gt;&lt;/tr&gt;
&lt;/table&gt;</desc>
    <sym>Flag, Blue</sym>
    <type>user</type>
  </wpt>
  <wpt lat="-18.442660979926586" lon="32.80937603674829">
    <ele>1498.794452836567</ele>
    <time>2026-10-02T12:58:39.000Z</time>
    <name>The Epic 2025 001-75</name>
    <cmt>&lt;table&gt;
&lt;tr&gt;&lt;td&gt;Longitude: 32.809376 &lt;/td&gt;&lt;/tr&gt;
&lt;tr&gt;&lt;td&gt;Latitude: -18.442661 &lt;/td&gt;&lt;/tr&gt;
&lt;tr&gt;&lt;td&gt;Heading: 301.7 &lt;/td&gt;&lt;/tr&gt;
&lt;/table&gt;</cmt>
    <desc>&lt;table&gt;
&lt;tr&gt;&lt;td&gt;Longitude: 32.809376 &lt;/td&gt;&lt;/tr&gt;
&lt;tr&gt;&lt;td&gt;Latitude: -18.442661 &lt;/td&gt;&lt;/tr&gt;
&lt;tr&gt;&lt;td&gt;Heading: 301.7 &lt;/td&gt;&lt;/tr&gt;
&lt;/table&gt;</desc>
    <sym>Flag, Blue</sym>
    <type>user</type>
  </wpt>
  <wpt lat="-18.322451999410987" lon="32.85031199455261">
    <ele>2172.168937644412</ele>
    <time>2026-10-02T12:58:39.000Z</time>
    <name>The Epic 2025 001-750</name>
    <cmt>&lt;table&gt;
&lt;tr&gt;&lt;td&gt;Longitude: 32.850312 &lt;/td&gt;&lt;/tr&gt;
&lt;tr&gt;&lt;td&gt;Latitude: -18.322452 &lt;/td&gt;&lt;/tr&gt;
&lt;tr&gt;&lt;td&gt;Heading: 51.9 &lt;/td&gt;&lt;/tr&gt;
&lt;/table&gt;</cmt>
    <desc>&lt;table&gt;
&lt;tr&gt;&lt;td&gt;Longitude: 32.850312 &lt;/td&gt;&lt;/tr&gt;
&lt;tr&gt;&lt;td&gt;Latitude: -18.322452 &lt;/td&gt;&lt;/tr&gt;
&lt;tr&gt;&lt;td&gt;Heading: 51.9 &lt;/td&gt;&lt;/tr&gt;
&lt;/table&gt;</desc>
    <sym>Flag, Blue</sym>
    <type>user</type>
  </wpt>
  <wpt lat="-18.321970039978623" lon="32.850190959870815">
    <ele>2176.2021083129803</ele>
    <time>2026-10-02T12:58:39.000Z</time>
    <name>The Epic 2025 001-751</name>
    <cmt>&lt;table&gt;
&lt;tr&gt;&lt;td&gt;Longitude: 32.850191 &lt;/td&gt;&lt;/tr&gt;
&lt;tr&gt;&lt;td&gt;Latitude: -18.321970 &lt;/td&gt;&lt;/tr&gt;
&lt;tr&gt;&lt;td&gt;Heading: 346.7 &lt;/td&gt;&lt;/tr&gt;
&lt;/table&gt;</cmt>
    <desc>&lt;table&gt;
&lt;tr&gt;&lt;td&gt;Longitude: 32.850191 &lt;/td&gt;&lt;/tr&gt;
&lt;tr&gt;&lt;td&gt;Latitude: -18.321970 &lt;/td&gt;&lt;/tr&gt;
&lt;tr&gt;&lt;td&gt;Heading: 346.7 &lt;/td&gt;&lt;/tr&gt;
&lt;/table&gt;</desc>
    <sym>Flag, Blue</sym>
    <type>user</type>
  </wpt>
  <wpt lat="-18.321624035015702" lon="32.850128011778">
    <ele>2183.89313412571</ele>
    <time>2026-10-02T12:58:39.000Z</time>
    <name>The Epic 2025 001-752</name>
    <cmt>&lt;table&gt;
&lt;tr&gt;&lt;td&gt;Longitude: 32.850128 &lt;/td&gt;&lt;/tr&gt;
&lt;tr&gt;&lt;td&gt;Latitude: -18.321624 &lt;/td&gt;&lt;/tr&gt;
&lt;tr&gt;&lt;td&gt;Heading: 350.1 &lt;/td&gt;&lt;/tr&gt;
&lt;/table&gt;</cmt>
    <desc>&lt;table&gt;
&lt;tr&gt;&lt;td&gt;Longitude: 32.850128 &lt;/td&gt;&lt;/tr&gt;
&lt;tr&gt;&lt;td&gt;Latitude: -18.321624 &lt;/td&gt;&lt;/tr&gt;
&lt;tr&gt;&lt;td&gt;Heading: 350.1 &lt;/td&gt;&lt;/tr&gt;
&lt;/table&gt;</desc>
    <sym>Flag, Blue</sym>
    <type>user</type>
  </wpt>
  <wpt lat="-18.321395963430405" lon="32.85024301148951">
    <ele>2195.6534505558666</ele>
    <time>2026-10-02T12:58:39.000Z</time>
    <name>The Epic 2025 001-753</name>
    <cmt>&lt;table&gt;
&lt;tr&gt;&lt;td&gt;Longitude: 32.850243 &lt;/td&gt;&lt;/tr&gt;
&lt;tr&gt;&lt;td&gt;Latitude: -18.321396 &lt;/td&gt;&lt;/tr&gt;
&lt;tr&gt;&lt;td&gt;Heading: 25.8 &lt;/td&gt;&lt;/tr&gt;
&lt;/table&gt;</cmt>
    <desc>&lt;table&gt;
&lt;tr&gt;&lt;td&gt;Longitude: 32.850243 &lt;/td&gt;&lt;/tr&gt;
&lt;tr&gt;&lt;td&gt;Latitude: -18.321396 &lt;/td&gt;&lt;/tr&gt;
&lt;tr&gt;&lt;td&gt;Heading: 25.8 &lt;/td&gt;&lt;/tr&gt;
&lt;/table&gt;</desc>
    <sym>Flag, Blue</sym>
    <type>user</type>
  </wpt>
  <wpt lat="-18.321358999237418" lon="32.85035599954426">
    <ele>2202.934675057052</ele>
    <time>2026-10-02T12:58:39.000Z</time>
    <name>The Epic 2025 001-754</name>
    <cmt>&lt;table&gt;
&lt;tr&gt;&lt;td&gt;Longitude: 32.850356 &lt;/td&gt;&lt;/tr&gt;
&lt;tr&gt;&lt;td&gt;Latitude: -18.321359 &lt;/td&gt;&lt;/tr&gt;
&lt;tr&gt;&lt;td&gt;Heading: 71.3 &lt;/td&gt;&lt;/tr&gt;
&lt;/table&gt;</cmt>
    <desc>&lt;table&gt;
&lt;tr&gt;&lt;td&gt;Longitude: 32.850356 &lt;/td&gt;&lt;/tr&gt;
&lt;tr&gt;&lt;td&gt;Latitude: -18.321359 &lt;/td&gt;&lt;/tr&gt;
&lt;tr&gt;&lt;td&gt;Heading: 71.3 &lt;/td&gt;&lt;/tr&gt;
&lt;/table&gt;</desc>
    <sym>Flag, Blue</sym>
    <type>user</type>
  </wpt>
  <wpt lat="-18.321527978405356" lon="32.850469993427396">
    <ele>2208.313542864158</ele>
    <time>2026-10-02T12:58:39.000Z</time>
    <name>The Epic 2025 001-755</name>
    <cmt>&lt;table&gt;
&lt;tr&gt;&lt;td&gt;Longitude: 32.850470 &lt;/td&gt;&lt;/tr&gt;
&lt;tr&gt;&lt;td&gt;Latitude: -18.321528 &lt;/td&gt;&lt;/tr&gt;
&lt;tr&gt;&lt;td&gt;Heading: 147.3 &lt;/td&gt;&lt;/tr&gt;
&lt;/table&gt;</cmt>
    <desc>&lt;table&gt;
&lt;tr&gt;&lt;td&gt;Longitude: 32.850470 &lt;/td&gt;&lt;/tr&gt;
&lt;tr&gt;&lt;td&gt;Latitude: -18.321528 &lt;/td&gt;&lt;/tr&gt;
&lt;tr&gt;&lt;td&gt;Heading: 147.3 &lt;/td&gt;&lt;/tr&gt;
&lt;/table&gt;</desc>
    <sym>Flag, Blue</sym>
    <type>user</type>
  </wpt>
  <wpt lat="-18.321438040584326" lon="32.850617012009025">
    <ele>2219.903465219781</ele>
    <time>2026-10-02T12:58:39.000Z</time>
    <name>The Epic 2025 001-756</name>
    <cmt>&lt;table&gt;
&lt;tr&gt;&lt;td&gt;Longitude: 32.850617 &lt;/td&gt;&lt;/tr&gt;
&lt;tr&gt;&lt;td&gt;Latitude: -18.321438 &lt;/td&gt;&lt;/tr&gt;
&lt;tr&gt;&lt;td&gt;Heading: 56.9 &lt;/td&gt;&lt;/tr&gt;
&lt;/table&gt;</cmt>
    <desc>&lt;table&gt;
&lt;tr&gt;&lt;td&gt;Longitude: 32.850617 &lt;/td&gt;&lt;/tr&gt;
&lt;tr&gt;&lt;td&gt;Latitude: -18.321438 &lt;/td&gt;&lt;/tr&gt;
&lt;tr&gt;&lt;td&gt;Heading: 56.9 &lt;/td&gt;&lt;/tr&gt;
&lt;/table&gt;</desc>
    <sym>Flag, Blue</sym>
    <type>user</type>
  </wpt>
  <wpt lat="-18.32123503088951" lon="32.85074198618531">
    <ele>2227.230926324645</ele>
    <time>2026-10-02T12:58:39.000Z</time>
    <name>The Epic 2025 001-757</name>
    <cmt>&lt;table&gt;
&lt;tr&gt;&lt;td&gt;Longitude: 32.850742 &lt;/td&gt;&lt;/tr&gt;
&lt;tr&gt;&lt;td&gt;Latitude: -18.321235 &lt;/td&gt;&lt;/tr&gt;
&lt;tr&gt;&lt;td&gt;Heading: 30.4 &lt;/td&gt;&lt;/tr&gt;
&lt;/table&gt;</cmt>
    <desc>&lt;table&gt;
&lt;tr&gt;&lt;td&gt;Longitude: 32.850742 &lt;/td&gt;&lt;/tr&gt;
&lt;tr&gt;&lt;td&gt;Latitude: -18.321235 &lt;/td&gt;&lt;/tr&gt;
&lt;tr&gt;&lt;td&gt;Heading: 30.4 &lt;/td&gt;&lt;/tr&gt;
&lt;/table&gt;</desc>
    <sym>Flag, Blue</sym>
    <type>user</type>
  </wpt>
  <wpt lat="-18.32110402174294" lon="32.85078096203506">
    <ele>2228.7672579022083</ele>
    <time>2026-10-02T12:58:39.000Z</time>
    <name>The Epic 2025 001-758</name>
    <cmt>&lt;table&gt;
&lt;tr&gt;&lt;td&gt;Longitude: 32.850781 &lt;/td&gt;&lt;/tr&gt;
&lt;tr&gt;&lt;td&gt;Latitude: -18.321104 &lt;/td&gt;&lt;/tr&gt;
&lt;tr&gt;&lt;td&gt;Heading: 15.6 &lt;/td&gt;&lt;/tr&gt;
&lt;/table&gt;</cmt>
    <desc>&lt;table&gt;
&lt;tr&gt;&lt;td&gt;Longitude: 32.850781 &lt;/td&gt;&lt;/tr&gt;
&lt;tr&gt;&lt;td&gt;Latitude: -18.321104 &lt;/td&gt;&lt;/tr&gt;
&lt;tr&gt;&lt;td&gt;Heading: 15.6 &lt;/td&gt;&lt;/tr&gt;
&lt;/table&gt;</desc>
    <sym>Flag, Blue</sym>
    <type>user</type>
  </wpt>
  <wpt lat="-18.320990027859807" lon="32.850833013653755">
    <ele>2231.770849514269</ele>
    <time>2026-10-02T12:58:39.000Z</time>
    <name>The Epic 2025 001-759</name>
    <cmt>&lt;table&gt;
&lt;tr&gt;&lt;td&gt;Longitude: 32.850833 &lt;/td&gt;&lt;/tr&gt;
&lt;tr&gt;&lt;td&gt;Latitude: -18.320990 &lt;/td&gt;&lt;/tr&gt;
&lt;tr&gt;&lt;td&gt;Heading: 23.5 &lt;/td&gt;&lt;/tr&gt;
&lt;/table&gt;</cmt>
    <desc>&lt;table&gt;
&lt;tr&gt;&lt;td&gt;Longitude: 32.850833 &lt;/td&gt;&lt;/tr&gt;
&lt;tr&gt;&lt;td&gt;Latitude: -18.320990 &lt;/td&gt;&lt;/tr&gt;
&lt;tr&gt;&lt;td&gt;Heading: 23.5 &lt;/td&gt;&lt;/tr&gt;
&lt;/table&gt;</desc>
    <sym>Flag, Blue</sym>
    <type>user</type>
  </wpt>
  <wpt lat="-18.442245991900563" lon="32.80914897099137">
    <ele>1499.9746737882485</ele>
    <time>2026-10-02T12:58:39.000Z</time>
    <name>The Epic 2025 001-76</name>
    <cmt>&lt;table&gt;
&lt;tr&gt;&lt;td&gt;Longitude: 32.809149 &lt;/td&gt;&lt;/tr&gt;
&lt;tr&gt;&lt;td&gt;Latitude: -18.442246 &lt;/td&gt;&lt;/tr&gt;
&lt;tr&gt;&lt;td&gt;Heading: 332.6 &lt;/td&gt;&lt;/tr&gt;
&lt;/table&gt;</cmt>
    <desc>&lt;table&gt;
&lt;tr&gt;&lt;td&gt;Longitude: 32.809149 &lt;/td&gt;&lt;/tr&gt;
&lt;tr&gt;&lt;td&gt;Latitude: -18.442246 &lt;/td&gt;&lt;/tr&gt;
&lt;tr&gt;&lt;td&gt;Heading: 332.6 &lt;/td&gt;&lt;/tr&gt;
&lt;/table&gt;</desc>
    <sym>Flag, Blue</sym>
    <type>user</type>
  </wpt>
  <wpt lat="-18.32080797292292" lon="32.85076101310551">
    <ele>2231.157429714412</ele>
    <time>2026-10-02T12:58:39.000Z</time>
    <name>The Epic 2025 001-760</name>
    <cmt>&lt;table&gt;
&lt;tr&gt;&lt;td&gt;Longitude: 32.850761 &lt;/td&gt;&lt;/tr&gt;
&lt;tr&gt;&lt;td&gt;Latitude: -18.320808 &lt;/td&gt;&lt;/tr&gt;
&lt;tr&gt;&lt;td&gt;Heading: 339.6 &lt;/td&gt;&lt;/tr&gt;
&lt;/table&gt;</cmt>
    <desc>&lt;table&gt;
&lt;tr&gt;&lt;td&gt;Longitude: 32.850761 &lt;/td&gt;&lt;/tr&gt;
&lt;tr&gt;&lt;td&gt;Latitude: -18.320808 &lt;/td&gt;&lt;/tr&gt;
&lt;tr&gt;&lt;td&gt;Heading: 339.6 &lt;/td&gt;&lt;/tr&gt;
&lt;/table&gt;</desc>
    <sym>Flag, Blue</sym>
    <type>user</type>
  </wpt>
  <wpt lat="-18.320554001256824" lon="32.85074198618531">
    <ele>2237.5819615005457</ele>
    <time>2026-10-02T12:58:39.000Z</time>
    <name>The Epic 2025 001-761</name>
    <cmt>&lt;table&gt;
&lt;tr&gt;&lt;td&gt;Longitude: 32.850742 &lt;/td&gt;&lt;/tr&gt;
&lt;tr&gt;&lt;td&gt;Latitude: -18.320554 &lt;/td&gt;&lt;/tr&gt;
&lt;tr&gt;&lt;td&gt;Heading: 355.8 &lt;/td&gt;&lt;/tr&gt;
&lt;/table&gt;</cmt>
    <desc>&lt;table&gt;
&lt;tr&gt;&lt;td&gt;Longitude: 32.850742 &lt;/td&gt;&lt;/tr&gt;
&lt;tr&gt;&lt;td&gt;Latitude: -18.320554 &lt;/td&gt;&lt;/tr&gt;
&lt;tr&gt;&lt;td&gt;Heading: 355.8 &lt;/td&gt;&lt;/tr&gt;
&lt;/table&gt;</desc>
    <sym>Flag, Blue</sym>
    <type>user</type>
  </wpt>
  <wpt lat="-18.320192992687225" lon="32.850852040573955">
    <ele>2253.5470620337437</ele>
    <time>2026-10-02T12:58:39.000Z</time>
    <name>The Epic 2025 001-762</name>
    <cmt>&lt;table&gt;
&lt;tr&gt;&lt;td&gt;Longitude: 32.850852 &lt;/td&gt;&lt;/tr&gt;
&lt;tr&gt;&lt;td&gt;Latitude: -18.320193 &lt;/td&gt;&lt;/tr&gt;
&lt;tr&gt;&lt;td&gt;Heading: 16.1 &lt;/td&gt;&lt;/tr&gt;
&lt;/table&gt;</cmt>
    <desc>&lt;table&gt;
&lt;tr&gt;&lt;td&gt;Longitude: 32.850852 &lt;/td&gt;&lt;/tr&gt;
&lt;tr&gt;&lt;td&gt;Latitude: -18.320193 &lt;/td&gt;&lt;/tr&gt;
&lt;tr&gt;&lt;td&gt;Heading: 16.1 &lt;/td&gt;&lt;/tr&gt;
&lt;/table&gt;</desc>
    <sym>Flag, Blue</sym>
    <type>user</type>
  </wpt>
  <wpt lat="-18.31998503766954" lon="32.85076201893389">
    <ele>2254.695788810961</ele>
    <time>2026-10-02T12:58:39.000Z</time>
    <name>The Epic 2025 001-763</name>
    <cmt>&lt;table&gt;
&lt;tr&gt;&lt;td&gt;Longitude: 32.850762 &lt;/td&gt;&lt;/tr&gt;
&lt;tr&gt;&lt;td&gt;Latitude: -18.319985 &lt;/td&gt;&lt;/tr&gt;
&lt;tr&gt;&lt;td&gt;Heading: 337.7 &lt;/td&gt;&lt;/tr&gt;
&lt;/table&gt;</cmt>
    <desc>&lt;table&gt;
&lt;tr&gt;&lt;td&gt;Longitude: 32.850762 &lt;/td&gt;&lt;/tr&gt;
&lt;tr&gt;&lt;td&gt;Latitude: -18.319985 &lt;/td&gt;&lt;/tr&gt;
&lt;tr&gt;&lt;td&gt;Heading: 337.7 &lt;/td&gt;&lt;/tr&gt;
&lt;/table&gt;</desc>
    <sym>Flag, Blue</sym>
    <type>user</type>
  </wpt>
  <wpt lat="-18.319315994158387" lon="32.8507149964571">
    <ele>2261.8366501833652</ele>
    <time>2026-10-02T12:58:39.000Z</time>
    <name>The Epic 2025 001-764</name>
    <cmt>&lt;table&gt;
&lt;tr&gt;&lt;td&gt;Longitude: 32.850715 &lt;/td&gt;&lt;/tr&gt;
&lt;tr&gt;&lt;td&gt;Latitude: -18.319316 &lt;/td&gt;&lt;/tr&gt;
&lt;tr&gt;&lt;td&gt;Heading: 356.2 &lt;/td&gt;&lt;/tr&gt;
&lt;/table&gt;</cmt>
    <desc>&lt;table&gt;
&lt;tr&gt;&lt;td&gt;Longitude: 32.850715 &lt;/td&gt;&lt;/tr&gt;
&lt;tr&gt;&lt;td&gt;Latitude: -18.319316 &lt;/td&gt;&lt;/tr&gt;
&lt;tr&gt;&lt;td&gt;Heading: 356.2 &lt;/td&gt;&lt;/tr&gt;
&lt;/table&gt;</desc>
    <sym>Flag, Blue</sym>
    <type>user</type>
  </wpt>
  <wpt lat="-18.319055987522006" lon="32.85078196786344">
    <ele>2269.451969883272</ele>
    <time>2026-10-02T12:58:39.000Z</time>
    <name>The Epic 2025 001-765</name>
    <cmt>&lt;table&gt;
&lt;tr&gt;&lt;td&gt;Longitude: 32.850782 &lt;/td&gt;&lt;/tr&gt;
&lt;tr&gt;&lt;td&gt;Latitude: -18.319056 &lt;/td&gt;&lt;/tr&gt;
&lt;tr&gt;&lt;td&gt;Heading: 13.7 &lt;/td&gt;&lt;/tr&gt;
&lt;/table&gt;</cmt>
    <desc>&lt;table&gt;
&lt;tr&gt;&lt;td&gt;Longitude: 32.850782 &lt;/td&gt;&lt;/tr&gt;
&lt;tr&gt;&lt;td&gt;Latitude: -18.319056 &lt;/td&gt;&lt;/tr&gt;
&lt;tr&gt;&lt;td&gt;Heading: 13.7 &lt;/td&gt;&lt;/tr&gt;
&lt;/table&gt;</desc>
    <sym>Flag, Blue</sym>
    <type>user</type>
  </wpt>
  <wpt lat="-18.318884996697307" lon="32.850724970921874">
    <ele>2270.194269786753</ele>
    <time>2026-10-02T12:58:39.000Z</time>
    <name>The Epic 2025 001-766</name>
    <cmt>&lt;table&gt;
&lt;tr&gt;&lt;td&gt;Longitude: 32.850725 &lt;/td&gt;&lt;/tr&gt;
&lt;tr&gt;&lt;td&gt;Latitude: -18.318885 &lt;/td&gt;&lt;/tr&gt;
&lt;tr&gt;&lt;td&gt;Heading: 342.5 &lt;/td&gt;&lt;/tr&gt;
&lt;/table&gt;</cmt>
    <desc>&lt;table&gt;
&lt;tr&gt;&lt;td&gt;Longitude: 32.850725 &lt;/td&gt;&lt;/tr&gt;
&lt;tr&gt;&lt;td&gt;Latitude: -18.318885 &lt;/td&gt;&lt;/tr&gt;
&lt;tr&gt;&lt;td&gt;Heading: 342.5 &lt;/td&gt;&lt;/tr&gt;
&lt;/table&gt;</desc>
    <sym>Flag, Blue</sym>
    <type>user</type>
  </wpt>
  <wpt lat="-18.318750970065594" lon="32.850788002833724">
    <ele>2277.2871160323266</ele>
    <time>2026-10-02T12:58:39.000Z</time>
    <name>The Epic 2025 001-767</name>
    <cmt>&lt;table&gt;
&lt;tr&gt;&lt;td&gt;Longitude: 32.850788 &lt;/td&gt;&lt;/tr&gt;
&lt;tr&gt;&lt;td&gt;Latitude: -18.318751 &lt;/td&gt;&lt;/tr&gt;
&lt;tr&gt;&lt;td&gt;Heading: 24.0 &lt;/td&gt;&lt;/tr&gt;
&lt;/table&gt;</cmt>
    <desc>&lt;table&gt;
&lt;tr&gt;&lt;td&gt;Longitude: 32.850788 &lt;/td&gt;&lt;/tr&gt;
&lt;tr&gt;&lt;td&gt;Latitude: -18.318751 &lt;/td&gt;&lt;/tr&gt;
&lt;tr&gt;&lt;td&gt;Heading: 24.0 &lt;/td&gt;&lt;/tr&gt;
&lt;/table&gt;</desc>
    <sym>Flag, Blue</sym>
    <type>user</type>
  </wpt>
  <wpt lat="-18.31858802586794" lon="32.85072103142738">
    <ele>2279.2451790429186</ele>
    <time>2026-10-02T12:58:39.000Z</time>
    <name>The Epic 2025 001-768</name>
    <cmt>&lt;table&gt;
&lt;tr&gt;&lt;td&gt;Longitude: 32.850721 &lt;/td&gt;&lt;/tr&gt;
&lt;tr&gt;&lt;td&gt;Latitude: -18.318588 &lt;/td&gt;&lt;/tr&gt;
&lt;tr&gt;&lt;td&gt;Heading: 338.7 &lt;/td&gt;&lt;/tr&gt;
&lt;/table&gt;</cmt>
    <desc>&lt;table&gt;
&lt;tr&gt;&lt;td&gt;Longitude: 32.850721 &lt;/td&gt;&lt;/tr&gt;
&lt;tr&gt;&lt;td&gt;Latitude: -18.318588 &lt;/td&gt;&lt;/tr&gt;
&lt;tr&gt;&lt;td&gt;Heading: 338.7 &lt;/td&gt;&lt;/tr&gt;
&lt;/table&gt;</desc>
    <sym>Flag, Blue</sym>
    <type>user</type>
  </wpt>
  <wpt lat="-18.318389961495996" lon="32.85073100589216">
    <ele>2286.186036484389</ele>
    <time>2026-10-02T12:58:39.000Z</time>
    <name>The Epic 2025 001-769</name>
    <cmt>&lt;table&gt;
&lt;tr&gt;&lt;td&gt;Longitude: 32.850731 &lt;/td&gt;&lt;/tr&gt;
&lt;tr&gt;&lt;td&gt;Latitude: -18.318390 &lt;/td&gt;&lt;/tr&gt;
&lt;tr&gt;&lt;td&gt;Heading: 2.7 &lt;/td&gt;&lt;/tr&gt;
&lt;/table&gt;</cmt>
    <desc>&lt;table&gt;
&lt;tr&gt;&lt;td&gt;Longitude: 32.850731 &lt;/td&gt;&lt;/tr&gt;
&lt;tr&gt;&lt;td&gt;Latitude: -18.318390 &lt;/td&gt;&lt;/tr&gt;
&lt;tr&gt;&lt;td&gt;Heading: 2.7 &lt;/td&gt;&lt;/tr&gt;
&lt;/table&gt;</desc>
    <sym>Flag, Blue</sym>
    <type>user</type>
  </wpt>
  <wpt lat="-18.441868973895907" lon="32.80911603011191">
    <ele>1502.7381825131597</ele>
    <time>2026-10-02T12:58:39.000Z</time>
    <name>The Epic 2025 001-77</name>
    <cmt>&lt;table&gt;
&lt;tr&gt;&lt;td&gt;Longitude: 32.809116 &lt;/td&gt;&lt;/tr&gt;
&lt;tr&gt;&lt;td&gt;Latitude: -18.441869 &lt;/td&gt;&lt;/tr&gt;
&lt;tr&gt;&lt;td&gt;Heading: 355.3 &lt;/td&gt;&lt;/tr&gt;
&lt;/table&gt;</cmt>
    <desc>&lt;table&gt;
&lt;tr&gt;&lt;td&gt;Longitude: 32.809116 &lt;/td&gt;&lt;/tr&gt;
&lt;tr&gt;&lt;td&gt;Latitude: -18.441869 &lt;/td&gt;&lt;/tr&gt;
&lt;tr&gt;&lt;td&gt;Heading: 355.3 &lt;/td&gt;&lt;/tr&gt;
&lt;/table&gt;</desc>
    <sym>Flag, Blue</sym>
    <type>user</type>
  </wpt>
  <wpt lat="-18.318321984261274" lon="32.85074098035693">
    <ele>2288.6967894551553</ele>
    <time>2026-10-02T12:58:39.000Z</time>
    <name>The Epic 2025 001-770</name>
    <cmt>&lt;table&gt;
&lt;tr&gt;&lt;td&gt;Longitude: 32.850741 &lt;/td&gt;&lt;/tr&gt;
&lt;tr&gt;&lt;td&gt;Latitude: -18.318322 &lt;/td&gt;&lt;/tr&gt;
&lt;tr&gt;&lt;td&gt;Heading: 7.8 &lt;/td&gt;&lt;/tr&gt;
&lt;/table&gt;</cmt>
    <desc>&lt;table&gt;
&lt;tr&gt;&lt;td&gt;Longitude: 32.850741 &lt;/td&gt;&lt;/tr&gt;
&lt;tr&gt;&lt;td&gt;Latitude: -18.318322 &lt;/td&gt;&lt;/tr&gt;
&lt;tr&gt;&lt;td&gt;Heading: 7.8 &lt;/td&gt;&lt;/tr&gt;
&lt;/table&gt;</desc>
    <sym>Flag, Blue</sym>
    <type>user</type>
  </wpt>
  <wpt lat="-18.318338999524713" lon="32.85100199282169">
    <ele>2301.9628050113097</ele>
    <time>2026-10-02T12:58:39.000Z</time>
    <name>The Epic 2025 001-771</name>
    <cmt>&lt;table&gt;
&lt;tr&gt;&lt;td&gt;Longitude: 32.851002 &lt;/td&gt;&lt;/tr&gt;
&lt;tr&gt;&lt;td&gt;Latitude: -18.318339 &lt;/td&gt;&lt;/tr&gt;
&lt;tr&gt;&lt;td&gt;Heading: 93.9 &lt;/td&gt;&lt;/tr&gt;
&lt;/table&gt;</cmt>
    <desc>&lt;table&gt;
&lt;tr&gt;&lt;td&gt;Longitude: 32.851002 &lt;/td&gt;&lt;/tr&gt;
&lt;tr&gt;&lt;td&gt;Latitude: -18.318339 &lt;/td&gt;&lt;/tr&gt;
&lt;tr&gt;&lt;td&gt;Heading: 93.9 &lt;/td&gt;&lt;/tr&gt;
&lt;/table&gt;</desc>
    <sym>Flag, Blue</sym>
    <type>user</type>
  </wpt>
  <wpt lat="-18.31807597540319" lon="32.85100903362036">
    <ele>2309.5943410963446</ele>
    <time>2026-10-02T12:58:39.000Z</time>
    <name>The Epic 2025 001-772</name>
    <cmt>&lt;table&gt;
&lt;tr&gt;&lt;td&gt;Longitude: 32.851009 &lt;/td&gt;&lt;/tr&gt;
&lt;tr&gt;&lt;td&gt;Latitude: -18.318076 &lt;/td&gt;&lt;/tr&gt;
&lt;tr&gt;&lt;td&gt;Heading: 1.4 &lt;/td&gt;&lt;/tr&gt;
&lt;/table&gt;</cmt>
    <desc>&lt;table&gt;
&lt;tr&gt;&lt;td&gt;Longitude: 32.851009 &lt;/td&gt;&lt;/tr&gt;
&lt;tr&gt;&lt;td&gt;Latitude: -18.318076 &lt;/td&gt;&lt;/tr&gt;
&lt;tr&gt;&lt;td&gt;Heading: 1.4 &lt;/td&gt;&lt;/tr&gt;
&lt;/table&gt;</desc>
    <sym>Flag, Blue</sym>
    <type>user</type>
  </wpt>
  <wpt lat="-18.317941026762128" lon="32.85099000670016">
    <ele>2311.9489701535467</ele>
    <time>2026-10-02T12:58:39.000Z</time>
    <name>The Epic 2025 001-773</name>
    <cmt>&lt;table&gt;
&lt;tr&gt;&lt;td&gt;Longitude: 32.850990 &lt;/td&gt;&lt;/tr&gt;
&lt;tr&gt;&lt;td&gt;Latitude: -18.317941 &lt;/td&gt;&lt;/tr&gt;
&lt;tr&gt;&lt;td&gt;Heading: 352.5 &lt;/td&gt;&lt;/tr&gt;
&lt;/table&gt;</cmt>
    <desc>&lt;table&gt;
&lt;tr&gt;&lt;td&gt;Longitude: 32.850990 &lt;/td&gt;&lt;/tr&gt;
&lt;tr&gt;&lt;td&gt;Latitude: -18.317941 &lt;/td&gt;&lt;/tr&gt;
&lt;tr&gt;&lt;td&gt;Heading: 352.5 &lt;/td&gt;&lt;/tr&gt;
&lt;/table&gt;</desc>
    <sym>Flag, Blue</sym>
    <type>user</type>
  </wpt>
  <wpt lat="-18.317911019548774" lon="32.85112503916025">
    <ele>2320.1172856169674</ele>
    <time>2026-10-02T12:58:39.000Z</time>
    <name>The Epic 2025 001-774</name>
    <cmt>&lt;table&gt;
&lt;tr&gt;&lt;td&gt;Longitude: 32.851125 &lt;/td&gt;&lt;/tr&gt;
&lt;tr&gt;&lt;td&gt;Latitude: -18.317911 &lt;/td&gt;&lt;/tr&gt;
&lt;tr&gt;&lt;td&gt;Heading: 76.6 &lt;/td&gt;&lt;/tr&gt;
&lt;/table&gt;</cmt>
    <desc>&lt;table&gt;
&lt;tr&gt;&lt;td&gt;Longitude: 32.851125 &lt;/td&gt;&lt;/tr&gt;
&lt;tr&gt;&lt;td&gt;Latitude: -18.317911 &lt;/td&gt;&lt;/tr&gt;
&lt;tr&gt;&lt;td&gt;Heading: 76.6 &lt;/td&gt;&lt;/tr&gt;
&lt;/table&gt;</desc>
    <sym>Flag, Blue</sym>
    <type>user</type>
  </wpt>
  <wpt lat="-18.318103970959783" lon="32.851436007767916">
    <ele>2332.762733542745</ele>
    <time>2026-10-02T12:58:39.000Z</time>
    <name>The Epic 2025 001-775</name>
    <cmt>&lt;table&gt;
&lt;tr&gt;&lt;td&gt;Longitude: 32.851436 &lt;/td&gt;&lt;/tr&gt;
&lt;tr&gt;&lt;td&gt;Latitude: -18.318104 &lt;/td&gt;&lt;/tr&gt;
&lt;tr&gt;&lt;td&gt;Heading: 123.3 &lt;/td&gt;&lt;/tr&gt;
&lt;/table&gt;</cmt>
    <desc>&lt;table&gt;
&lt;tr&gt;&lt;td&gt;Longitude: 32.851436 &lt;/td&gt;&lt;/tr&gt;
&lt;tr&gt;&lt;td&gt;Latitude: -18.318104 &lt;/td&gt;&lt;/tr&gt;
&lt;tr&gt;&lt;td&gt;Heading: 123.3 &lt;/td&gt;&lt;/tr&gt;
&lt;/table&gt;</desc>
    <sym>Flag, Blue</sym>
    <type>user</type>
  </wpt>
  <wpt lat="-18.318090979009867" lon="32.85155603662133">
    <ele>2340.6697850671535</ele>
    <time>2026-10-02T12:58:39.000Z</time>
    <name>The Epic 2025 001-776</name>
    <cmt>&lt;table&gt;
&lt;tr&gt;&lt;td&gt;Longitude: 32.851556 &lt;/td&gt;&lt;/tr&gt;
&lt;tr&gt;&lt;td&gt;Latitude: -18.318091 &lt;/td&gt;&lt;/tr&gt;
&lt;tr&gt;&lt;td&gt;Heading: 83.2 &lt;/td&gt;&lt;/tr&gt;
&lt;/table&gt;</cmt>
    <desc>&lt;table&gt;
&lt;tr&gt;&lt;td&gt;Longitude: 32.851556 &lt;/td&gt;&lt;/tr&gt;
&lt;tr&gt;&lt;td&gt;Latitude: -18.318091 &lt;/td&gt;&lt;/tr&gt;
&lt;tr&gt;&lt;td&gt;Heading: 83.2 &lt;/td&gt;&lt;/tr&gt;
&lt;/table&gt;</desc>
    <sym>Flag, Blue</sym>
    <type>user</type>
  </wpt>
  <wpt lat="-18.318002969026566" lon="32.85161403939128">
    <ele>2345.3877204456276</ele>
    <time>2026-10-02T12:58:39.000Z</time>
    <name>The Epic 2025 001-777</name>
    <cmt>&lt;table&gt;
&lt;tr&gt;&lt;td&gt;Longitude: 32.851614 &lt;/td&gt;&lt;/tr&gt;
&lt;tr&gt;&lt;td&gt;Latitude: -18.318003 &lt;/td&gt;&lt;/tr&gt;
&lt;tr&gt;&lt;td&gt;Heading: 32.5 &lt;/td&gt;&lt;/tr&gt;
&lt;/table&gt;</cmt>
    <desc>&lt;table&gt;
&lt;tr&gt;&lt;td&gt;Longitude: 32.851614 &lt;/td&gt;&lt;/tr&gt;
&lt;tr&gt;&lt;td&gt;Latitude: -18.318003 &lt;/td&gt;&lt;/tr&gt;
&lt;tr&gt;&lt;td&gt;Heading: 32.5 &lt;/td&gt;&lt;/tr&gt;
&lt;/table&gt;</desc>
    <sym>Flag, Blue</sym>
    <type>user</type>
  </wpt>
  <wpt lat="-18.317766012623906" lon="32.851604986935854">
    <ele>2350.1659342832863</ele>
    <time>2026-10-02T12:58:39.000Z</time>
    <name>The Epic 2025 001-778</name>
    <cmt>&lt;table&gt;
&lt;tr&gt;&lt;td&gt;Longitude: 32.851605 &lt;/td&gt;&lt;/tr&gt;
&lt;tr&gt;&lt;td&gt;Latitude: -18.317766 &lt;/td&gt;&lt;/tr&gt;
&lt;tr&gt;&lt;td&gt;Heading: 357.9 &lt;/td&gt;&lt;/tr&gt;
&lt;/table&gt;</cmt>
    <desc>&lt;table&gt;
&lt;tr&gt;&lt;td&gt;Longitude: 32.851605 &lt;/td&gt;&lt;/tr&gt;
&lt;tr&gt;&lt;td&gt;Latitude: -18.317766 &lt;/td&gt;&lt;/tr&gt;
&lt;tr&gt;&lt;td&gt;Heading: 357.9 &lt;/td&gt;&lt;/tr&gt;
&lt;/table&gt;</desc>
    <sym>Flag, Blue</sym>
    <type>user</type>
  </wpt>
  <wpt lat="-18.317744974046946" lon="32.8516629897058">
    <ele>2354.1903422842734</ele>
    <time>2026-10-02T12:58:39.000Z</time>
    <name>The Epic 2025 001-779</name>
    <cmt>&lt;table&gt;
&lt;tr&gt;&lt;td&gt;Longitude: 32.851663 &lt;/td&gt;&lt;/tr&gt;
&lt;tr&gt;&lt;td&gt;Latitude: -18.317745 &lt;/td&gt;&lt;/tr&gt;
&lt;tr&gt;&lt;td&gt;Heading: 69.0 &lt;/td&gt;&lt;/tr&gt;
&lt;/table&gt;</cmt>
    <desc>&lt;table&gt;
&lt;tr&gt;&lt;td&gt;Longitude: 32.851663 &lt;/td&gt;&lt;/tr&gt;
&lt;tr&gt;&lt;td&gt;Latitude: -18.317745 &lt;/td&gt;&lt;/tr&gt;
&lt;tr&gt;&lt;td&gt;Heading: 69.0 &lt;/td&gt;&lt;/tr&gt;
&lt;/table&gt;</desc>
    <sym>Flag, Blue</sym>
    <type>user</type>
  </wpt>
  <wpt lat="-18.44131300225854" lon="32.80897404067218">
    <ele>1509.6927586727684</ele>
    <time>2026-10-02T12:58:39.000Z</time>
    <name>The Epic 2025 001-78</name>
    <cmt>&lt;table&gt;
&lt;tr&gt;&lt;td&gt;Longitude: 32.808974 &lt;/td&gt;&lt;/tr&gt;
&lt;tr&gt;&lt;td&gt;Latitude: -18.441313 &lt;/td&gt;&lt;/tr&gt;
&lt;tr&gt;&lt;td&gt;Heading: 346.3 &lt;/td&gt;&lt;/tr&gt;
&lt;/table&gt;</cmt>
    <desc>&lt;table&gt;
&lt;tr&gt;&lt;td&gt;Longitude: 32.808974 &lt;/td&gt;&lt;/tr&gt;
&lt;tr&gt;&lt;td&gt;Latitude: -18.441313 &lt;/td&gt;&lt;/tr&gt;
&lt;tr&gt;&lt;td&gt;Heading: 346.3 &lt;/td&gt;&lt;/tr&gt;
&lt;/table&gt;</desc>
    <sym>Flag, Blue</sym>
    <type>user</type>
  </wpt>
  <wpt lat="-18.317570965737104" lon="32.85172501578927">
    <ele>2363.6890750607504</ele>
    <time>2026-10-02T12:58:39.000Z</time>
    <name>The Epic 2025 001-780</name>
    <cmt>&lt;table&gt;
&lt;tr&gt;&lt;td&gt;Longitude: 32.851725 &lt;/td&gt;&lt;/tr&gt;
&lt;tr&gt;&lt;td&gt;Latitude: -18.317571 &lt;/td&gt;&lt;/tr&gt;
&lt;tr&gt;&lt;td&gt;Heading: 18.9 &lt;/td&gt;&lt;/tr&gt;
&lt;/table&gt;</cmt>
    <desc>&lt;table&gt;
&lt;tr&gt;&lt;td&gt;Longitude: 32.851725 &lt;/td&gt;&lt;/tr&gt;
&lt;tr&gt;&lt;td&gt;Latitude: -18.317571 &lt;/td&gt;&lt;/tr&gt;
&lt;tr&gt;&lt;td&gt;Heading: 18.9 &lt;/td&gt;&lt;/tr&gt;
&lt;/table&gt;</desc>
    <sym>Flag, Blue</sym>
    <type>user</type>
  </wpt>
  <wpt lat="-18.31744900904596" lon="32.85178896971047">
    <ele>2371.797379015482</ele>
    <time>2026-10-02T12:58:39.000Z</time>
    <name>The Epic 2025 001-781</name>
    <cmt>&lt;table&gt;
&lt;tr&gt;&lt;td&gt;Longitude: 32.851789 &lt;/td&gt;&lt;/tr&gt;
&lt;tr&gt;&lt;td&gt;Latitude: -18.317449 &lt;/td&gt;&lt;/tr&gt;
&lt;tr&gt;&lt;td&gt;Heading: 26.4 &lt;/td&gt;&lt;/tr&gt;
&lt;/table&gt;</cmt>
    <desc>&lt;table&gt;
&lt;tr&gt;&lt;td&gt;Longitude: 32.851789 &lt;/td&gt;&lt;/tr&gt;
&lt;tr&gt;&lt;td&gt;Latitude: -18.317449 &lt;/td&gt;&lt;/tr&gt;
&lt;tr&gt;&lt;td&gt;Heading: 26.4 &lt;/td&gt;&lt;/tr&gt;
&lt;/table&gt;</desc>
    <sym>Flag, Blue</sym>
    <type>user</type>
  </wpt>
  <wpt lat="-18.31730098463595" lon="32.85181797109544">
    <ele>2378.4714791931956</ele>
    <time>2026-10-02T12:58:39.000Z</time>
    <name>The Epic 2025 001-782</name>
    <cmt>&lt;table&gt;
&lt;tr&gt;&lt;td&gt;Longitude: 32.851818 &lt;/td&gt;&lt;/tr&gt;
&lt;tr&gt;&lt;td&gt;Latitude: -18.317301 &lt;/td&gt;&lt;/tr&gt;
&lt;tr&gt;&lt;td&gt;Heading: 10.7 &lt;/td&gt;&lt;/tr&gt;
&lt;/table&gt;</cmt>
    <desc>&lt;table&gt;
&lt;tr&gt;&lt;td&gt;Longitude: 32.851818 &lt;/td&gt;&lt;/tr&gt;
&lt;tr&gt;&lt;td&gt;Latitude: -18.317301 &lt;/td&gt;&lt;/tr&gt;
&lt;tr&gt;&lt;td&gt;Heading: 10.7 &lt;/td&gt;&lt;/tr&gt;
&lt;/table&gt;</desc>
    <sym>Flag, Blue</sym>
    <type>user</type>
  </wpt>
  <wpt lat="-18.317251028493047" lon="32.8518720343709">
    <ele>2383.5612867267337</ele>
    <time>2026-10-02T12:58:39.000Z</time>
    <name>The Epic 2025 001-783</name>
    <cmt>&lt;table&gt;
&lt;tr&gt;&lt;td&gt;Longitude: 32.851872 &lt;/td&gt;&lt;/tr&gt;
&lt;tr&gt;&lt;td&gt;Latitude: -18.317251 &lt;/td&gt;&lt;/tr&gt;
&lt;tr&gt;&lt;td&gt;Heading: 45.1 &lt;/td&gt;&lt;/tr&gt;
&lt;/table&gt;</cmt>
    <desc>&lt;table&gt;
&lt;tr&gt;&lt;td&gt;Longitude: 32.851872 &lt;/td&gt;&lt;/tr&gt;
&lt;tr&gt;&lt;td&gt;Latitude: -18.317251 &lt;/td&gt;&lt;/tr&gt;
&lt;tr&gt;&lt;td&gt;Heading: 45.1 &lt;/td&gt;&lt;/tr&gt;
&lt;/table&gt;</desc>
    <sym>Flag, Blue</sym>
    <type>user</type>
  </wpt>
  <wpt lat="-18.317270977422595" lon="32.852125000208616">
    <ele>2399.8959964308888</ele>
    <time>2026-10-02T12:58:39.000Z</time>
    <name>The Epic 2025 001-784</name>
    <cmt>&lt;table&gt;
&lt;tr&gt;&lt;td&gt;Longitude: 32.852125 &lt;/td&gt;&lt;/tr&gt;
&lt;tr&gt;&lt;td&gt;Latitude: -18.317271 &lt;/td&gt;&lt;/tr&gt;
&lt;tr&gt;&lt;td&gt;Heading: 94.8 &lt;/td&gt;&lt;/tr&gt;
&lt;/table&gt;</cmt>
    <desc>&lt;table&gt;
&lt;tr&gt;&lt;td&gt;Longitude: 32.852125 &lt;/td&gt;&lt;/tr&gt;
&lt;tr&gt;&lt;td&gt;Latitude: -18.317271 &lt;/td&gt;&lt;/tr&gt;
&lt;tr&gt;&lt;td&gt;Heading: 94.8 &lt;/td&gt;&lt;/tr&gt;
&lt;/table&gt;</desc>
    <sym>Flag, Blue</sym>
    <type>user</type>
  </wpt>
  <wpt lat="-18.31710903905332" lon="32.8521809913218">
    <ele>2408.412222627761</ele>
    <time>2026-10-02T12:58:39.000Z</time>
    <name>The Epic 2025 001-785</name>
    <cmt>&lt;table&gt;
&lt;tr&gt;&lt;td&gt;Longitude: 32.852181 &lt;/td&gt;&lt;/tr&gt;
&lt;tr&gt;&lt;td&gt;Latitude: -18.317109 &lt;/td&gt;&lt;/tr&gt;
&lt;tr&gt;&lt;td&gt;Heading: 18.2 &lt;/td&gt;&lt;/tr&gt;
&lt;/table&gt;</cmt>
    <desc>&lt;table&gt;
&lt;tr&gt;&lt;td&gt;Longitude: 32.852181 &lt;/td&gt;&lt;/tr&gt;
&lt;tr&gt;&lt;td&gt;Latitude: -18.317109 &lt;/td&gt;&lt;/tr&gt;
&lt;tr&gt;&lt;td&gt;Heading: 18.2 &lt;/td&gt;&lt;/tr&gt;
&lt;/table&gt;</desc>
    <sym>Flag, Blue</sym>
    <type>user</type>
  </wpt>
  <wpt lat="-18.31711197271943" lon="32.85230898298323">
    <ele>2416.7352337394395</ele>
    <time>2026-10-02T12:58:39.000Z</time>
    <name>The Epic 2025 001-786</name>
    <cmt>&lt;table&gt;
&lt;tr&gt;&lt;td&gt;Longitude: 32.852309 &lt;/td&gt;&lt;/tr&gt;
&lt;tr&gt;&lt;td&gt;Latitude: -18.317112 &lt;/td&gt;&lt;/tr&gt;
&lt;tr&gt;&lt;td&gt;Heading: 91.1 &lt;/td&gt;&lt;/tr&gt;
&lt;/table&gt;</cmt>
    <desc>&lt;table&gt;
&lt;tr&gt;&lt;td&gt;Longitude: 32.852309 &lt;/td&gt;&lt;/tr&gt;
&lt;tr&gt;&lt;td&gt;Latitude: -18.317112 &lt;/td&gt;&lt;/tr&gt;
&lt;tr&gt;&lt;td&gt;Heading: 91.1 &lt;/td&gt;&lt;/tr&gt;
&lt;/table&gt;</desc>
    <sym>Flag, Blue</sym>
    <type>user</type>
  </wpt>
  <wpt lat="-18.31687099300325" lon="32.852359022945166">
    <ele>2425.985556029618</ele>
    <time>2026-10-02T12:58:39.000Z</time>
    <name>The Epic 2025 001-787</name>
    <cmt>&lt;table&gt;
&lt;tr&gt;&lt;td&gt;Longitude: 32.852359 &lt;/td&gt;&lt;/tr&gt;
&lt;tr&gt;&lt;td&gt;Latitude: -18.316871 &lt;/td&gt;&lt;/tr&gt;
&lt;tr&gt;&lt;td&gt;Heading: 11.3 &lt;/td&gt;&lt;/tr&gt;
&lt;/table&gt;</cmt>
    <desc>&lt;table&gt;
&lt;tr&gt;&lt;td&gt;Longitude: 32.852359 &lt;/td&gt;&lt;/tr&gt;
&lt;tr&gt;&lt;td&gt;Latitude: -18.316871 &lt;/td&gt;&lt;/tr&gt;
&lt;tr&gt;&lt;td&gt;Heading: 11.3 &lt;/td&gt;&lt;/tr&gt;
&lt;/table&gt;</desc>
    <sym>Flag, Blue</sym>
    <type>user</type>
  </wpt>
  <wpt lat="-18.3168320171535" lon="32.85228903405368">
    <ele>2424.479207059013</ele>
    <time>2026-10-02T12:58:39.000Z</time>
    <name>The Epic 2025 001-788</name>
    <cmt>&lt;table&gt;
&lt;tr&gt;&lt;td&gt;Longitude: 32.852289 &lt;/td&gt;&lt;/tr&gt;
&lt;tr&gt;&lt;td&gt;Latitude: -18.316832 &lt;/td&gt;&lt;/tr&gt;
&lt;tr&gt;&lt;td&gt;Heading: 300.0 &lt;/td&gt;&lt;/tr&gt;
&lt;/table&gt;</cmt>
    <desc>&lt;table&gt;
&lt;tr&gt;&lt;td&gt;Longitude: 32.852289 &lt;/td&gt;&lt;/tr&gt;
&lt;tr&gt;&lt;td&gt;Latitude: -18.316832 &lt;/td&gt;&lt;/tr&gt;
&lt;tr&gt;&lt;td&gt;Heading: 300.0 &lt;/td&gt;&lt;/tr&gt;
&lt;/table&gt;</desc>
    <sym>Flag, Blue</sym>
    <type>user</type>
  </wpt>
  <wpt lat="-18.31680896691978" lon="32.852319963276386">
    <ele>2427.0646232996423</ele>
    <time>2026-10-02T12:58:39.000Z</time>
    <name>The Epic 2025 001-789</name>
    <cmt>&lt;table&gt;
&lt;tr&gt;&lt;td&gt;Longitude: 32.852320 &lt;/td&gt;&lt;/tr&gt;
&lt;tr&gt;&lt;td&gt;Latitude: -18.316809 &lt;/td&gt;&lt;/tr&gt;
&lt;tr&gt;&lt;td&gt;Heading: 52.5 &lt;/td&gt;&lt;/tr&gt;
&lt;/table&gt;</cmt>
    <desc>&lt;table&gt;
&lt;tr&gt;&lt;td&gt;Longitude: 32.852320 &lt;/td&gt;&lt;/tr&gt;
&lt;tr&gt;&lt;td&gt;Latitude: -18.316809 &lt;/td&gt;&lt;/tr&gt;
&lt;tr&gt;&lt;td&gt;Heading: 52.5 &lt;/td&gt;&lt;/tr&gt;
&lt;/table&gt;</desc>
    <sym>Flag, Blue</sym>
    <type>user</type>
  </wpt>
  <wpt lat="-18.440902959555387" lon="32.80834196135402">
    <ele>1521.9914917919145</ele>
    <time>2026-10-02T12:58:39.000Z</time>
    <name>The Epic 2025 001-79</name>
    <cmt>&lt;table&gt;
&lt;tr&gt;&lt;td&gt;Longitude: 32.808342 &lt;/td&gt;&lt;/tr&gt;
&lt;tr&gt;&lt;td&gt;Latitude: -18.440903 &lt;/td&gt;&lt;/tr&gt;
&lt;tr&gt;&lt;td&gt;Heading: 304.4 &lt;/td&gt;&lt;/tr&gt;
&lt;/table&gt;</cmt>
    <desc>&lt;table&gt;
&lt;tr&gt;&lt;td&gt;Longitude: 32.808342 &lt;/td&gt;&lt;/tr&gt;
&lt;tr&gt;&lt;td&gt;Latitude: -18.440903 &lt;/td&gt;&lt;/tr&gt;
&lt;tr&gt;&lt;td&gt;Heading: 304.4 &lt;/td&gt;&lt;/tr&gt;
&lt;/table&gt;</desc>
    <sym>Flag, Blue</sym>
    <type>user</type>
  </wpt>
  <wpt lat="-18.316776026040316" lon="32.85235298797488">
    <ele>2430.1610911361104</ele>
    <time>2026-10-02T12:58:39.000Z</time>
    <name>The Epic 2025 001-790</name>
    <cmt>&lt;table&gt;
&lt;tr&gt;&lt;td&gt;Longitude: 32.852353 &lt;/td&gt;&lt;/tr&gt;
&lt;tr&gt;&lt;td&gt;Latitude: -18.316776 &lt;/td&gt;&lt;/tr&gt;
&lt;tr&gt;&lt;td&gt;Heading: 43.3 &lt;/td&gt;&lt;/tr&gt;
&lt;/table&gt;</cmt>
    <desc>&lt;table&gt;
&lt;tr&gt;&lt;td&gt;Longitude: 32.852353 &lt;/td&gt;&lt;/tr&gt;
&lt;tr&gt;&lt;td&gt;Latitude: -18.316776 &lt;/td&gt;&lt;/tr&gt;
&lt;tr&gt;&lt;td&gt;Heading: 43.3 &lt;/td&gt;&lt;/tr&gt;
&lt;/table&gt;</desc>
    <sym>Flag, Blue</sym>
    <type>user</type>
  </wpt>
  <wpt lat="-18.31661702133715" lon="32.8522829990834">
    <ele>2435.818881105516</ele>
    <time>2026-10-02T12:58:39.000Z</time>
    <name>The Epic 2025 001-791</name>
    <cmt>&lt;table&gt;
&lt;tr&gt;&lt;td&gt;Longitude: 32.852283 &lt;/td&gt;&lt;/tr&gt;
&lt;tr&gt;&lt;td&gt;Latitude: -18.316617 &lt;/td&gt;&lt;/tr&gt;
&lt;tr&gt;&lt;td&gt;Heading: 337.3 &lt;/td&gt;&lt;/tr&gt;
&lt;/table&gt;</cmt>
    <desc>&lt;table&gt;
&lt;tr&gt;&lt;td&gt;Longitude: 32.852283 &lt;/td&gt;&lt;/tr&gt;
&lt;tr&gt;&lt;td&gt;Latitude: -18.316617 &lt;/td&gt;&lt;/tr&gt;
&lt;tr&gt;&lt;td&gt;Heading: 337.3 &lt;/td&gt;&lt;/tr&gt;
&lt;/table&gt;</desc>
    <sym>Flag, Blue</sym>
    <type>user</type>
  </wpt>
  <wpt lat="-18.316563041880727" lon="32.852253997698426">
    <ele>2437.890031898886</ele>
    <time>2026-10-02T12:58:39.000Z</time>
    <name>The Epic 2025 001-792</name>
    <cmt>&lt;table&gt;
&lt;tr&gt;&lt;td&gt;Longitude: 32.852254 &lt;/td&gt;&lt;/tr&gt;
&lt;tr&gt;&lt;td&gt;Latitude: -18.316563 &lt;/td&gt;&lt;/tr&gt;
&lt;tr&gt;&lt;td&gt;Heading: 332.9 &lt;/td&gt;&lt;/tr&gt;
&lt;/table&gt;</cmt>
    <desc>&lt;table&gt;
&lt;tr&gt;&lt;td&gt;Longitude: 32.852254 &lt;/td&gt;&lt;/tr&gt;
&lt;tr&gt;&lt;td&gt;Latitude: -18.316563 &lt;/td&gt;&lt;/tr&gt;
&lt;tr&gt;&lt;td&gt;Heading: 332.9 &lt;/td&gt;&lt;/tr&gt;
&lt;/table&gt;</desc>
    <sym>Flag, Blue</sym>
    <type>user</type>
  </wpt>
  <wpt lat="-18.316577039659023" lon="32.85247997380793">
    <ele>2444.6519477621387</ele>
    <time>2026-10-02T12:58:39.000Z</time>
    <name>The Epic 2025 001-793</name>
    <cmt>&lt;table&gt;
&lt;tr&gt;&lt;td&gt;Longitude: 32.852480 &lt;/td&gt;&lt;/tr&gt;
&lt;tr&gt;&lt;td&gt;Latitude: -18.316577 &lt;/td&gt;&lt;/tr&gt;
&lt;tr&gt;&lt;td&gt;Heading: 93.8 &lt;/td&gt;&lt;/tr&gt;
&lt;/table&gt;</cmt>
    <desc>&lt;table&gt;
&lt;tr&gt;&lt;td&gt;Longitude: 32.852480 &lt;/td&gt;&lt;/tr&gt;
&lt;tr&gt;&lt;td&gt;Latitude: -18.316577 &lt;/td&gt;&lt;/tr&gt;
&lt;tr&gt;&lt;td&gt;Heading: 93.8 &lt;/td&gt;&lt;/tr&gt;
&lt;/table&gt;</desc>
    <sym>Flag, Blue</sym>
    <type>user</type>
  </wpt>
  <wpt lat="-18.316534040495753" lon="32.85258198156953">
    <ele>2449.097807128825</ele>
    <time>2026-10-02T12:58:39.000Z</time>
    <name>The Epic 2025 001-794</name>
    <cmt>&lt;table&gt;
&lt;tr&gt;&lt;td&gt;Longitude: 32.852582 &lt;/td&gt;&lt;/tr&gt;
&lt;tr&gt;&lt;td&gt;Latitude: -18.316534 &lt;/td&gt;&lt;/tr&gt;
&lt;tr&gt;&lt;td&gt;Heading: 66.1 &lt;/td&gt;&lt;/tr&gt;
&lt;/table&gt;</cmt>
    <desc>&lt;table&gt;
&lt;tr&gt;&lt;td&gt;Longitude: 32.852582 &lt;/td&gt;&lt;/tr&gt;
&lt;tr&gt;&lt;td&gt;Latitude: -18.316534 &lt;/td&gt;&lt;/tr&gt;
&lt;tr&gt;&lt;td&gt;Heading: 66.1 &lt;/td&gt;&lt;/tr&gt;
&lt;/table&gt;</desc>
    <sym>Flag, Blue</sym>
    <type>user</type>
  </wpt>
  <wpt lat="-18.316373024135828" lon="32.85270997323096">
    <ele>2457.1520192758235</ele>
    <time>2026-10-02T12:58:39.000Z</time>
    <name>The Epic 2025 001-795</name>
    <cmt>&lt;table&gt;
&lt;tr&gt;&lt;td&gt;Longitude: 32.852710 &lt;/td&gt;&lt;/tr&gt;
&lt;tr&gt;&lt;td&gt;Latitude: -18.316373 &lt;/td&gt;&lt;/tr&gt;
&lt;tr&gt;&lt;td&gt;Heading: 37.0 &lt;/td&gt;&lt;/tr&gt;
&lt;/table&gt;</cmt>
    <desc>&lt;table&gt;
&lt;tr&gt;&lt;td&gt;Longitude: 32.852710 &lt;/td&gt;&lt;/tr&gt;
&lt;tr&gt;&lt;td&gt;Latitude: -18.316373 &lt;/td&gt;&lt;/tr&gt;
&lt;tr&gt;&lt;td&gt;Heading: 37.0 &lt;/td&gt;&lt;/tr&gt;
&lt;/table&gt;</desc>
    <sym>Flag, Blue</sym>
    <type>user</type>
  </wpt>
  <wpt lat="-18.316179988905787" lon="32.85273897461593">
    <ele>2463.5301722244985</ele>
    <time>2026-10-02T12:58:39.000Z</time>
    <name>The Epic 2025 001-796</name>
    <cmt>&lt;table&gt;
&lt;tr&gt;&lt;td&gt;Longitude: 32.852739 &lt;/td&gt;&lt;/tr&gt;
&lt;tr&gt;&lt;td&gt;Latitude: -18.316180 &lt;/td&gt;&lt;/tr&gt;
&lt;tr&gt;&lt;td&gt;Heading: 8.0 &lt;/td&gt;&lt;/tr&gt;
&lt;/table&gt;</cmt>
    <desc>&lt;table&gt;
&lt;tr&gt;&lt;td&gt;Longitude: 32.852739 &lt;/td&gt;&lt;/tr&gt;
&lt;tr&gt;&lt;td&gt;Latitude: -18.316180 &lt;/td&gt;&lt;/tr&gt;
&lt;tr&gt;&lt;td&gt;Heading: 8.0 &lt;/td&gt;&lt;/tr&gt;
&lt;/table&gt;</desc>
    <sym>Flag, Blue</sym>
    <type>user</type>
  </wpt>
  <wpt lat="-18.316070018336177" lon="32.85275096073747">
    <ele>2466.7131260032766</ele>
    <time>2026-10-02T12:58:39.000Z</time>
    <name>The Epic 2025 001-797</name>
    <cmt>&lt;table&gt;
&lt;tr&gt;&lt;td&gt;Longitude: 32.852751 &lt;/td&gt;&lt;/tr&gt;
&lt;tr&gt;&lt;td&gt;Latitude: -18.316070 &lt;/td&gt;&lt;/tr&gt;
&lt;tr&gt;&lt;td&gt;Heading: 6.3 &lt;/td&gt;&lt;/tr&gt;
&lt;/table&gt;</cmt>
    <desc>&lt;table&gt;
&lt;tr&gt;&lt;td&gt;Longitude: 32.852751 &lt;/td&gt;&lt;/tr&gt;
&lt;tr&gt;&lt;td&gt;Latitude: -18.316070 &lt;/td&gt;&lt;/tr&gt;
&lt;tr&gt;&lt;td&gt;Heading: 6.3 &lt;/td&gt;&lt;/tr&gt;
&lt;/table&gt;</desc>
    <sym>Flag, Blue</sym>
    <type>user</type>
  </wpt>
  <wpt lat="-18.316002041101456" lon="32.852898985147476">
    <ele>2466.844432241496</ele>
    <time>2026-10-02T12:58:39.000Z</time>
    <name>The Epic 2025 001-798</name>
    <cmt>&lt;table&gt;
&lt;tr&gt;&lt;td&gt;Longitude: 32.852899 &lt;/td&gt;&lt;/tr&gt;
&lt;tr&gt;&lt;td&gt;Latitude: -18.316002 &lt;/td&gt;&lt;/tr&gt;
&lt;tr&gt;&lt;td&gt;Heading: 64.0 &lt;/td&gt;&lt;/tr&gt;
&lt;/table&gt;</cmt>
    <desc>&lt;table&gt;
&lt;tr&gt;&lt;td&gt;Longitude: 32.852899 &lt;/td&gt;&lt;/tr&gt;
&lt;tr&gt;&lt;td&gt;Latitude: -18.316002 &lt;/td&gt;&lt;/tr&gt;
&lt;tr&gt;&lt;td&gt;Heading: 64.0 &lt;/td&gt;&lt;/tr&gt;
&lt;/table&gt;</desc>
    <sym>Flag, Blue</sym>
    <type>user</type>
  </wpt>
  <wpt lat="-18.315901961177588" lon="32.852936033159494">
    <ele>2468.498026580374</ele>
    <time>2026-10-02T12:58:39.000Z</time>
    <name>The Epic 2025 001-799</name>
    <cmt>&lt;table&gt;
&lt;tr&gt;&lt;td&gt;Longitude: 32.852936 &lt;/td&gt;&lt;/tr&gt;
&lt;tr&gt;&lt;td&gt;Latitude: -18.315902 &lt;/td&gt;&lt;/tr&gt;
&lt;tr&gt;&lt;td&gt;Heading: 19.4 &lt;/td&gt;&lt;/tr&gt;
&lt;/table&gt;</cmt>
    <desc>&lt;table&gt;
&lt;tr&gt;&lt;td&gt;Longitude: 32.852936 &lt;/td&gt;&lt;/tr&gt;
&lt;tr&gt;&lt;td&gt;Latitude: -18.315902 &lt;/td&gt;&lt;/tr&gt;
&lt;tr&gt;&lt;td&gt;Heading: 19.4 &lt;/td&gt;&lt;/tr&gt;
&lt;/table&gt;</desc>
    <sym>Flag, Blue</sym>
    <type>user</type>
  </wpt>
  <wpt lat="-18.458465980365872" lon="32.80386300757527">
    <ele>1801.1099979898631</ele>
    <time>2026-10-02T12:58:39.000Z</time>
    <name>The Epic 2025 001-8</name>
    <cmt>&lt;table&gt;
&lt;tr&gt;&lt;td&gt;Longitude: 32.803863 &lt;/td&gt;&lt;/tr&gt;
&lt;tr&gt;&lt;td&gt;Latitude: -18.458466 &lt;/td&gt;&lt;/tr&gt;
&lt;tr&gt;&lt;td&gt;Heading: 34.2 &lt;/td&gt;&lt;/tr&gt;
&lt;/table&gt;</cmt>
    <desc>&lt;table&gt;
&lt;tr&gt;&lt;td&gt;Longitude: 32.803863 &lt;/td&gt;&lt;/tr&gt;
&lt;tr&gt;&lt;td&gt;Latitude: -18.458466 &lt;/td&gt;&lt;/tr&gt;
&lt;tr&gt;&lt;td&gt;Heading: 34.2 &lt;/td&gt;&lt;/tr&gt;
&lt;/table&gt;</desc>
    <sym>Flag, Blue</sym>
    <type>user</type>
  </wpt>
  <wpt lat="-18.440688969567418" lon="32.807905012741685">
    <ele>1524.5515044551914</ele>
    <time>2026-10-02T12:58:39.000Z</time>
    <name>The Epic 2025 001-80</name>
    <cmt>&lt;table&gt;
&lt;tr&gt;&lt;td&gt;Longitude: 32.807905 &lt;/td&gt;&lt;/tr&gt;
&lt;tr&gt;&lt;td&gt;Latitude: -18.440689 &lt;/td&gt;&lt;/tr&gt;
&lt;tr&gt;&lt;td&gt;Heading: 297.3 &lt;/td&gt;&lt;/tr&gt;
&lt;/table&gt;</cmt>
    <desc>&lt;table&gt;
&lt;tr&gt;&lt;td&gt;Longitude: 32.807905 &lt;/td&gt;&lt;/tr&gt;
&lt;tr&gt;&lt;td&gt;Latitude: -18.440689 &lt;/td&gt;&lt;/tr&gt;
&lt;tr&gt;&lt;td&gt;Heading: 297.3 &lt;/td&gt;&lt;/tr&gt;
&lt;/table&gt;</desc>
    <sym>Flag, Blue</sym>
    <type>user</type>
  </wpt>
  <wpt lat="-18.315530978143215" lon="32.853024965152144">
    <ele>2474.971466684845</ele>
    <time>2026-10-02T12:58:39.000Z</time>
    <name>The Epic 2025 001-800</name>
    <cmt>&lt;table&gt;
&lt;tr&gt;&lt;td&gt;Longitude: 32.853025 &lt;/td&gt;&lt;/tr&gt;
&lt;tr&gt;&lt;td&gt;Latitude: -18.315531 &lt;/td&gt;&lt;/tr&gt;
&lt;tr&gt;&lt;td&gt;Heading: 12.9 &lt;/td&gt;&lt;/tr&gt;
&lt;/table&gt;</cmt>
    <desc>&lt;table&gt;
&lt;tr&gt;&lt;td&gt;Longitude: 32.853025 &lt;/td&gt;&lt;/tr&gt;
&lt;tr&gt;&lt;td&gt;Latitude: -18.315531 &lt;/td&gt;&lt;/tr&gt;
&lt;tr&gt;&lt;td&gt;Heading: 12.9 &lt;/td&gt;&lt;/tr&gt;
&lt;/table&gt;</desc>
    <sym>Flag, Blue</sym>
    <type>user</type>
  </wpt>
  <wpt lat="-18.3152830414474" lon="32.853216994553804">
    <ele>2477.0895830397717</ele>
    <time>2026-10-02T12:58:39.000Z</time>
    <name>The Epic 2025 001-801</name>
    <cmt>&lt;table&gt;
&lt;tr&gt;&lt;td&gt;Longitude: 32.853217 &lt;/td&gt;&lt;/tr&gt;
&lt;tr&gt;&lt;td&gt;Latitude: -18.315283 &lt;/td&gt;&lt;/tr&gt;
&lt;tr&gt;&lt;td&gt;Heading: 36.3 &lt;/td&gt;&lt;/tr&gt;
&lt;/table&gt;</cmt>
    <desc>&lt;table&gt;
&lt;tr&gt;&lt;td&gt;Longitude: 32.853217 &lt;/td&gt;&lt;/tr&gt;
&lt;tr&gt;&lt;td&gt;Latitude: -18.315283 &lt;/td&gt;&lt;/tr&gt;
&lt;tr&gt;&lt;td&gt;Heading: 36.3 &lt;/td&gt;&lt;/tr&gt;
&lt;/table&gt;</desc>
    <sym>Flag, Blue</sym>
    <type>user</type>
  </wpt>
  <wpt lat="-18.315098974853754" lon="32.85318497568369">
    <ele>2481.686956749725</ele>
    <time>2026-10-02T12:58:39.000Z</time>
    <name>The Epic 2025 001-802</name>
    <cmt>&lt;table&gt;
&lt;tr&gt;&lt;td&gt;Longitude: 32.853185 &lt;/td&gt;&lt;/tr&gt;
&lt;tr&gt;&lt;td&gt;Latitude: -18.315099 &lt;/td&gt;&lt;/tr&gt;
&lt;tr&gt;&lt;td&gt;Heading: 350.7 &lt;/td&gt;&lt;/tr&gt;
&lt;/table&gt;</cmt>
    <desc>&lt;table&gt;
&lt;tr&gt;&lt;td&gt;Longitude: 32.853185 &lt;/td&gt;&lt;/tr&gt;
&lt;tr&gt;&lt;td&gt;Latitude: -18.315099 &lt;/td&gt;&lt;/tr&gt;
&lt;tr&gt;&lt;td&gt;Heading: 350.7 &lt;/td&gt;&lt;/tr&gt;
&lt;/table&gt;</desc>
    <sym>Flag, Blue</sym>
    <type>user</type>
  </wpt>
  <wpt lat="-18.314888002350926" lon="32.853004010394216">
    <ele>2485.5779799306765</ele>
    <time>2026-10-02T12:58:39.000Z</time>
    <name>The Epic 2025 001-803</name>
    <cmt>&lt;table&gt;
&lt;tr&gt;&lt;td&gt;Longitude: 32.853004 &lt;/td&gt;&lt;/tr&gt;
&lt;tr&gt;&lt;td&gt;Latitude: -18.314888 &lt;/td&gt;&lt;/tr&gt;
&lt;tr&gt;&lt;td&gt;Heading: 320.8 &lt;/td&gt;&lt;/tr&gt;
&lt;/table&gt;</cmt>
    <desc>&lt;table&gt;
&lt;tr&gt;&lt;td&gt;Longitude: 32.853004 &lt;/td&gt;&lt;/tr&gt;
&lt;tr&gt;&lt;td&gt;Latitude: -18.314888 &lt;/td&gt;&lt;/tr&gt;
&lt;tr&gt;&lt;td&gt;Heading: 320.8 &lt;/td&gt;&lt;/tr&gt;
&lt;/table&gt;</desc>
    <sym>Flag, Blue</sym>
    <type>user</type>
  </wpt>
  <wpt lat="-18.314544009044766" lon="32.852919017896056">
    <ele>2488.393907657596</ele>
    <time>2026-10-02T12:58:39.000Z</time>
    <name>The Epic 2025 001-804</name>
    <cmt>&lt;table&gt;
&lt;tr&gt;&lt;td&gt;Longitude: 32.852919 &lt;/td&gt;&lt;/tr&gt;
&lt;tr&gt;&lt;td&gt;Latitude: -18.314544 &lt;/td&gt;&lt;/tr&gt;
&lt;tr&gt;&lt;td&gt;Heading: 346.8 &lt;/td&gt;&lt;/tr&gt;
&lt;/table&gt;</cmt>
    <desc>&lt;table&gt;
&lt;tr&gt;&lt;td&gt;Longitude: 32.852919 &lt;/td&gt;&lt;/tr&gt;
&lt;tr&gt;&lt;td&gt;Latitude: -18.314544 &lt;/td&gt;&lt;/tr&gt;
&lt;tr&gt;&lt;td&gt;Heading: 346.8 &lt;/td&gt;&lt;/tr&gt;
&lt;/table&gt;</desc>
    <sym>Flag, Blue</sym>
    <type>user</type>
  </wpt>
  <wpt lat="-18.314460022374988" lon="32.85290502011776">
    <ele>2488.8516398946654</ele>
    <time>2026-10-02T12:58:39.000Z</time>
    <name>The Epic 2025 001-805</name>
    <cmt>&lt;table&gt;
&lt;tr&gt;&lt;td&gt;Longitude: 32.852905 &lt;/td&gt;&lt;/tr&gt;
&lt;tr&gt;&lt;td&gt;Latitude: -18.314460 &lt;/td&gt;&lt;/tr&gt;
&lt;tr&gt;&lt;td&gt;Heading: 351.0 &lt;/td&gt;&lt;/tr&gt;
&lt;/table&gt;</cmt>
    <desc>&lt;table&gt;
&lt;tr&gt;&lt;td&gt;Longitude: 32.852905 &lt;/td&gt;&lt;/tr&gt;
&lt;tr&gt;&lt;td&gt;Latitude: -18.314460 &lt;/td&gt;&lt;/tr&gt;
&lt;tr&gt;&lt;td&gt;Heading: 351.0 &lt;/td&gt;&lt;/tr&gt;
&lt;/table&gt;</desc>
    <sym>Flag, Blue</sym>
    <type>user</type>
  </wpt>
  <wpt lat="-18.314285008236766" lon="32.85279102623463">
    <ele>2490.7193012785865</ele>
    <time>2026-10-02T12:58:39.000Z</time>
    <name>The Epic 2025 001-806</name>
    <cmt>&lt;table&gt;
&lt;tr&gt;&lt;td&gt;Longitude: 32.852791 &lt;/td&gt;&lt;/tr&gt;
&lt;tr&gt;&lt;td&gt;Latitude: -18.314285 &lt;/td&gt;&lt;/tr&gt;
&lt;tr&gt;&lt;td&gt;Heading: 328.2 &lt;/td&gt;&lt;/tr&gt;
&lt;/table&gt;</cmt>
    <desc>&lt;table&gt;
&lt;tr&gt;&lt;td&gt;Longitude: 32.852791 &lt;/td&gt;&lt;/tr&gt;
&lt;tr&gt;&lt;td&gt;Latitude: -18.314285 &lt;/td&gt;&lt;/tr&gt;
&lt;tr&gt;&lt;td&gt;Heading: 328.2 &lt;/td&gt;&lt;/tr&gt;
&lt;/table&gt;</desc>
    <sym>Flag, Blue</sym>
    <type>user</type>
  </wpt>
  <wpt lat="-18.314157016575336" lon="32.85271600820124">
    <ele>2491.536617635138</ele>
    <time>2026-10-02T12:58:39.000Z</time>
    <name>The Epic 2025 001-807</name>
    <cmt>&lt;table&gt;
&lt;tr&gt;&lt;td&gt;Longitude: 32.852716 &lt;/td&gt;&lt;/tr&gt;
&lt;tr&gt;&lt;td&gt;Latitude: -18.314157 &lt;/td&gt;&lt;/tr&gt;
&lt;tr&gt;&lt;td&gt;Heading: 331.1 &lt;/td&gt;&lt;/tr&gt;
&lt;/table&gt;</cmt>
    <desc>&lt;table&gt;
&lt;tr&gt;&lt;td&gt;Longitude: 32.852716 &lt;/td&gt;&lt;/tr&gt;
&lt;tr&gt;&lt;td&gt;Latitude: -18.314157 &lt;/td&gt;&lt;/tr&gt;
&lt;tr&gt;&lt;td&gt;Heading: 331.1 &lt;/td&gt;&lt;/tr&gt;
&lt;/table&gt;</desc>
    <sym>Flag, Blue</sym>
    <type>user</type>
  </wpt>
  <wpt lat="-18.313827021047473" lon="32.85247502848506">
    <ele>2490.4664137922227</ele>
    <time>2026-10-02T12:58:39.000Z</time>
    <name>The Epic 2025 001-808</name>
    <cmt>&lt;table&gt;
&lt;tr&gt;&lt;td&gt;Longitude: 32.852475 &lt;/td&gt;&lt;/tr&gt;
&lt;tr&gt;&lt;td&gt;Latitude: -18.313827 &lt;/td&gt;&lt;/tr&gt;
&lt;tr&gt;&lt;td&gt;Heading: 325.3 &lt;/td&gt;&lt;/tr&gt;
&lt;/table&gt;</cmt>
    <desc>&lt;table&gt;
&lt;tr&gt;&lt;td&gt;Longitude: 32.852475 &lt;/td&gt;&lt;/tr&gt;
&lt;tr&gt;&lt;td&gt;Latitude: -18.313827 &lt;/td&gt;&lt;/tr&gt;
&lt;tr&gt;&lt;td&gt;Heading: 325.3 &lt;/td&gt;&lt;/tr&gt;
&lt;/table&gt;</desc>
    <sym>Flag, Blue</sym>
    <type>user</type>
  </wpt>
  <wpt lat="-18.31358101218939" lon="32.85235399380326">
    <ele>2489.006319045555</ele>
    <time>2026-10-02T12:58:39.000Z</time>
    <name>The Epic 2025 001-809</name>
    <cmt>&lt;table&gt;
&lt;tr&gt;&lt;td&gt;Longitude: 32.852354 &lt;/td&gt;&lt;/tr&gt;
&lt;tr&gt;&lt;td&gt;Latitude: -18.313581 &lt;/td&gt;&lt;/tr&gt;
&lt;tr&gt;&lt;td&gt;Heading: 335.0 &lt;/td&gt;&lt;/tr&gt;
&lt;/table&gt;</cmt>
    <desc>&lt;table&gt;
&lt;tr&gt;&lt;td&gt;Longitude: 32.852354 &lt;/td&gt;&lt;/tr&gt;
&lt;tr&gt;&lt;td&gt;Latitude: -18.313581 &lt;/td&gt;&lt;/tr&gt;
&lt;tr&gt;&lt;td&gt;Heading: 335.0 &lt;/td&gt;&lt;/tr&gt;
&lt;/table&gt;</desc>
    <sym>Flag, Blue</sym>
    <type>user</type>
  </wpt>
  <wpt lat="-18.440534994006157" lon="32.807581974193454">
    <ele>1528.8596746539697</ele>
    <time>2026-10-02T12:58:39.000Z</time>
    <name>The Epic 2025 001-81</name>
    <cmt>&lt;table&gt;
&lt;tr&gt;&lt;td&gt;Longitude: 32.807582 &lt;/td&gt;&lt;/tr&gt;
&lt;tr&gt;&lt;td&gt;Latitude: -18.440535 &lt;/td&gt;&lt;/tr&gt;
&lt;tr&gt;&lt;td&gt;Heading: 296.8 &lt;/td&gt;&lt;/tr&gt;
&lt;/table&gt;</cmt>
    <desc>&lt;table&gt;
&lt;tr&gt;&lt;td&gt;Longitude: 32.807582 &lt;/td&gt;&lt;/tr&gt;
&lt;tr&gt;&lt;td&gt;Latitude: -18.440535 &lt;/td&gt;&lt;/tr&gt;
&lt;tr&gt;&lt;td&gt;Heading: 296.8 &lt;/td&gt;&lt;/tr&gt;
&lt;/table&gt;</desc>
    <sym>Flag, Blue</sym>
    <type>user</type>
  </wpt>
  <wpt lat="-18.31328697502613" lon="32.85211997106671">
    <ele>2491.003521642182</ele>
    <time>2026-10-02T12:58:39.000Z</time>
    <name>The Epic 2025 001-810</name>
    <cmt>&lt;table&gt;
&lt;tr&gt;&lt;td&gt;Longitude: 32.852120 &lt;/td&gt;&lt;/tr&gt;
&lt;tr&gt;&lt;td&gt;Latitude: -18.313287 &lt;/td&gt;&lt;/tr&gt;
&lt;tr&gt;&lt;td&gt;Heading: 322.9 &lt;/td&gt;&lt;/tr&gt;
&lt;/table&gt;</cmt>
    <desc>&lt;table&gt;
&lt;tr&gt;&lt;td&gt;Longitude: 32.852120 &lt;/td&gt;&lt;/tr&gt;
&lt;tr&gt;&lt;td&gt;Latitude: -18.313287 &lt;/td&gt;&lt;/tr&gt;
&lt;tr&gt;&lt;td&gt;Heading: 322.9 &lt;/td&gt;&lt;/tr&gt;
&lt;/table&gt;</desc>
    <sym>Flag, Blue</sym>
    <type>user</type>
  </wpt>
  <wpt lat="-18.3130900003016" lon="32.85191402770579">
    <ele>2495.5928248416167</ele>
    <time>2026-10-02T12:58:39.000Z</time>
    <name>The Epic 2025 001-811</name>
    <cmt>&lt;table&gt;
&lt;tr&gt;&lt;td&gt;Longitude: 32.851914 &lt;/td&gt;&lt;/tr&gt;
&lt;tr&gt;&lt;td&gt;Latitude: -18.313090 &lt;/td&gt;&lt;/tr&gt;
&lt;tr&gt;&lt;td&gt;Heading: 315.1 &lt;/td&gt;&lt;/tr&gt;
&lt;/table&gt;</cmt>
    <desc>&lt;table&gt;
&lt;tr&gt;&lt;td&gt;Longitude: 32.851914 &lt;/td&gt;&lt;/tr&gt;
&lt;tr&gt;&lt;td&gt;Latitude: -18.313090 &lt;/td&gt;&lt;/tr&gt;
&lt;tr&gt;&lt;td&gt;Heading: 315.1 &lt;/td&gt;&lt;/tr&gt;
&lt;/table&gt;</desc>
    <sym>Flag, Blue</sym>
    <type>user</type>
  </wpt>
  <wpt lat="-18.312836028635502" lon="32.851648991927505">
    <ele>2503.809927408118</ele>
    <time>2026-10-02T12:58:39.000Z</time>
    <name>The Epic 2025 001-812</name>
    <cmt>&lt;table&gt;
&lt;tr&gt;&lt;td&gt;Longitude: 32.851649 &lt;/td&gt;&lt;/tr&gt;
&lt;tr&gt;&lt;td&gt;Latitude: -18.312836 &lt;/td&gt;&lt;/tr&gt;
&lt;tr&gt;&lt;td&gt;Heading: 315.4 &lt;/td&gt;&lt;/tr&gt;
&lt;/table&gt;</cmt>
    <desc>&lt;table&gt;
&lt;tr&gt;&lt;td&gt;Longitude: 32.851649 &lt;/td&gt;&lt;/tr&gt;
&lt;tr&gt;&lt;td&gt;Latitude: -18.312836 &lt;/td&gt;&lt;/tr&gt;
&lt;tr&gt;&lt;td&gt;Heading: 315.4 &lt;/td&gt;&lt;/tr&gt;
&lt;/table&gt;</desc>
    <sym>Flag, Blue</sym>
    <type>user</type>
  </wpt>
  <wpt lat="-18.31280702725053" lon="32.851433996111155">
    <ele>2507.81591796875</ele>
    <time>2026-10-02T12:58:39.000Z</time>
    <name>The Epic 2025 001-813</name>
    <cmt>&lt;table&gt;
&lt;tr&gt;&lt;td&gt;Longitude: 32.851434 &lt;/td&gt;&lt;/tr&gt;
&lt;tr&gt;&lt;td&gt;Latitude: -18.312807 &lt;/td&gt;&lt;/tr&gt;
&lt;tr&gt;&lt;td&gt;Heading: 277.9 &lt;/td&gt;&lt;/tr&gt;
&lt;/table&gt;</cmt>
    <desc>&lt;table&gt;
&lt;tr&gt;&lt;td&gt;Longitude: 32.851434 &lt;/td&gt;&lt;/tr&gt;
&lt;tr&gt;&lt;td&gt;Latitude: -18.312807 &lt;/td&gt;&lt;/tr&gt;
&lt;tr&gt;&lt;td&gt;Heading: 277.9 &lt;/td&gt;&lt;/tr&gt;
&lt;/table&gt;</desc>
    <sym>Flag, Blue</sym>
    <type>user</type>
  </wpt>
  <wpt lat="-18.312611980363727" lon="32.851282032206655">
    <ele>2509.6224313608072</ele>
    <time>2026-10-02T12:58:39.000Z</time>
    <name>The Epic 2025 001-814</name>
    <cmt>&lt;table&gt;
&lt;tr&gt;&lt;td&gt;Longitude: 32.851282 &lt;/td&gt;&lt;/tr&gt;
&lt;tr&gt;&lt;td&gt;Latitude: -18.312612 &lt;/td&gt;&lt;/tr&gt;
&lt;tr&gt;&lt;td&gt;Heading: 323.5 &lt;/td&gt;&lt;/tr&gt;
&lt;/table&gt;</cmt>
    <desc>&lt;table&gt;
&lt;tr&gt;&lt;td&gt;Longitude: 32.851282 &lt;/td&gt;&lt;/tr&gt;
&lt;tr&gt;&lt;td&gt;Latitude: -18.312612 &lt;/td&gt;&lt;/tr&gt;
&lt;tr&gt;&lt;td&gt;Heading: 323.5 &lt;/td&gt;&lt;/tr&gt;
&lt;/table&gt;</desc>
    <sym>Flag, Blue</sym>
    <type>user</type>
  </wpt>
  <wpt lat="-18.312502009794116" lon="32.85109997726977">
    <ele>2510.390405492494</ele>
    <time>2026-10-02T12:58:39.000Z</time>
    <name>The Epic 2025 001-815</name>
    <cmt>&lt;table&gt;
&lt;tr&gt;&lt;td&gt;Longitude: 32.851100 &lt;/td&gt;&lt;/tr&gt;
&lt;tr&gt;&lt;td&gt;Latitude: -18.312502 &lt;/td&gt;&lt;/tr&gt;
&lt;tr&gt;&lt;td&gt;Heading: 302.6 &lt;/td&gt;&lt;/tr&gt;
&lt;/table&gt;</cmt>
    <desc>&lt;table&gt;
&lt;tr&gt;&lt;td&gt;Longitude: 32.851100 &lt;/td&gt;&lt;/tr&gt;
&lt;tr&gt;&lt;td&gt;Latitude: -18.312502 &lt;/td&gt;&lt;/tr&gt;
&lt;tr&gt;&lt;td&gt;Heading: 302.6 &lt;/td&gt;&lt;/tr&gt;
&lt;/table&gt;</desc>
    <sym>Flag, Blue</sym>
    <type>user</type>
  </wpt>
  <wpt lat="-18.31238298676908" lon="32.85104197449982">
    <ele>2509.5236368117876</ele>
    <time>2026-10-02T12:58:39.000Z</time>
    <name>The Epic 2025 001-816</name>
    <cmt>&lt;table&gt;
&lt;tr&gt;&lt;td&gt;Longitude: 32.851042 &lt;/td&gt;&lt;/tr&gt;
&lt;tr&gt;&lt;td&gt;Latitude: -18.312383 &lt;/td&gt;&lt;/tr&gt;
&lt;tr&gt;&lt;td&gt;Heading: 335.2 &lt;/td&gt;&lt;/tr&gt;
&lt;/table&gt;</cmt>
    <desc>&lt;table&gt;
&lt;tr&gt;&lt;td&gt;Longitude: 32.851042 &lt;/td&gt;&lt;/tr&gt;
&lt;tr&gt;&lt;td&gt;Latitude: -18.312383 &lt;/td&gt;&lt;/tr&gt;
&lt;tr&gt;&lt;td&gt;Heading: 335.2 &lt;/td&gt;&lt;/tr&gt;
&lt;/table&gt;</desc>
    <sym>Flag, Blue</sym>
    <type>user</type>
  </wpt>
  <wpt lat="-18.31199398264289" lon="32.85065297037363">
    <ele>2510.273169891506</ele>
    <time>2026-10-02T12:58:39.000Z</time>
    <name>The Epic 2025 001-817</name>
    <cmt>&lt;table&gt;
&lt;tr&gt;&lt;td&gt;Longitude: 32.850653 &lt;/td&gt;&lt;/tr&gt;
&lt;tr&gt;&lt;td&gt;Latitude: -18.311994 &lt;/td&gt;&lt;/tr&gt;
&lt;tr&gt;&lt;td&gt;Heading: 316.4 &lt;/td&gt;&lt;/tr&gt;
&lt;/table&gt;</cmt>
    <desc>&lt;table&gt;
&lt;tr&gt;&lt;td&gt;Longitude: 32.850653 &lt;/td&gt;&lt;/tr&gt;
&lt;tr&gt;&lt;td&gt;Latitude: -18.311994 &lt;/td&gt;&lt;/tr&gt;
&lt;tr&gt;&lt;td&gt;Heading: 316.4 &lt;/td&gt;&lt;/tr&gt;
&lt;/table&gt;</desc>
    <sym>Flag, Blue</sym>
    <type>user</type>
  </wpt>
  <wpt lat="-18.311706986278296" lon="32.85037703812122">
    <ele>2510.8077927254685</ele>
    <time>2026-10-02T12:58:39.000Z</time>
    <name>The Epic 2025 001-818</name>
    <cmt>&lt;table&gt;
&lt;tr&gt;&lt;td&gt;Longitude: 32.850377 &lt;/td&gt;&lt;/tr&gt;
&lt;tr&gt;&lt;td&gt;Latitude: -18.311707 &lt;/td&gt;&lt;/tr&gt;
&lt;tr&gt;&lt;td&gt;Heading: 317.7 &lt;/td&gt;&lt;/tr&gt;
&lt;/table&gt;</cmt>
    <desc>&lt;table&gt;
&lt;tr&gt;&lt;td&gt;Longitude: 32.850377 &lt;/td&gt;&lt;/tr&gt;
&lt;tr&gt;&lt;td&gt;Latitude: -18.311707 &lt;/td&gt;&lt;/tr&gt;
&lt;tr&gt;&lt;td&gt;Heading: 317.7 &lt;/td&gt;&lt;/tr&gt;
&lt;/table&gt;</desc>
    <sym>Flag, Blue</sym>
    <type>user</type>
  </wpt>
  <wpt lat="-18.311506994068623" lon="32.85030503757298">
    <ele>2507.15254844373</ele>
    <time>2026-10-02T12:58:39.000Z</time>
    <name>The Epic 2025 001-819</name>
    <cmt>&lt;table&gt;
&lt;tr&gt;&lt;td&gt;Longitude: 32.850305 &lt;/td&gt;&lt;/tr&gt;
&lt;tr&gt;&lt;td&gt;Latitude: -18.311507 &lt;/td&gt;&lt;/tr&gt;
&lt;tr&gt;&lt;td&gt;Heading: 341.1 &lt;/td&gt;&lt;/tr&gt;
&lt;/table&gt;</cmt>
    <desc>&lt;table&gt;
&lt;tr&gt;&lt;td&gt;Longitude: 32.850305 &lt;/td&gt;&lt;/tr&gt;
&lt;tr&gt;&lt;td&gt;Latitude: -18.311507 &lt;/td&gt;&lt;/tr&gt;
&lt;tr&gt;&lt;td&gt;Heading: 341.1 &lt;/td&gt;&lt;/tr&gt;
&lt;/table&gt;</desc>
    <sym>Flag, Blue</sym>
    <type>user</type>
  </wpt>
  <wpt lat="-18.440385963767767" lon="32.806980991736054">
    <ele>1537.5549800297829</ele>
    <time>2026-10-02T12:58:39.000Z</time>
    <name>The Epic 2025 001-82</name>
    <cmt>&lt;table&gt;
&lt;tr&gt;&lt;td&gt;Longitude: 32.806981 &lt;/td&gt;&lt;/tr&gt;
&lt;tr&gt;&lt;td&gt;Latitude: -18.440386 &lt;/td&gt;&lt;/tr&gt;
&lt;tr&gt;&lt;td&gt;Heading: 284.6 &lt;/td&gt;&lt;/tr&gt;
&lt;/table&gt;</cmt>
    <desc>&lt;table&gt;
&lt;tr&gt;&lt;td&gt;Longitude: 32.806981 &lt;/td&gt;&lt;/tr&gt;
&lt;tr&gt;&lt;td&gt;Latitude: -18.440386 &lt;/td&gt;&lt;/tr&gt;
&lt;tr&gt;&lt;td&gt;Heading: 284.6 &lt;/td&gt;&lt;/tr&gt;
&lt;/table&gt;</desc>
    <sym>Flag, Blue</sym>
    <type>user</type>
  </wpt>
  <wpt lat="-18.311324017122388" lon="32.850208980962634">
    <ele>2504.230610647239</ele>
    <time>2026-10-02T12:58:39.000Z</time>
    <name>The Epic 2025 001-820</name>
    <cmt>&lt;table&gt;
&lt;tr&gt;&lt;td&gt;Longitude: 32.850209 &lt;/td&gt;&lt;/tr&gt;
&lt;tr&gt;&lt;td&gt;Latitude: -18.311324 &lt;/td&gt;&lt;/tr&gt;
&lt;tr&gt;&lt;td&gt;Heading: 333.5 &lt;/td&gt;&lt;/tr&gt;
&lt;/table&gt;</cmt>
    <desc>&lt;table&gt;
&lt;tr&gt;&lt;td&gt;Longitude: 32.850209 &lt;/td&gt;&lt;/tr&gt;
&lt;tr&gt;&lt;td&gt;Latitude: -18.311324 &lt;/td&gt;&lt;/tr&gt;
&lt;tr&gt;&lt;td&gt;Heading: 333.5 &lt;/td&gt;&lt;/tr&gt;
&lt;/table&gt;</desc>
    <sym>Flag, Blue</sym>
    <type>user</type>
  </wpt>
  <wpt lat="-18.31120197661221" lon="32.85003396682441">
    <ele>2502.970207510749</ele>
    <time>2026-10-02T12:58:39.000Z</time>
    <name>The Epic 2025 001-821</name>
    <cmt>&lt;table&gt;
&lt;tr&gt;&lt;td&gt;Longitude: 32.850034 &lt;/td&gt;&lt;/tr&gt;
&lt;tr&gt;&lt;td&gt;Latitude: -18.311202 &lt;/td&gt;&lt;/tr&gt;
&lt;tr&gt;&lt;td&gt;Heading: 306.2 &lt;/td&gt;&lt;/tr&gt;
&lt;/table&gt;</cmt>
    <desc>&lt;table&gt;
&lt;tr&gt;&lt;td&gt;Longitude: 32.850034 &lt;/td&gt;&lt;/tr&gt;
&lt;tr&gt;&lt;td&gt;Latitude: -18.311202 &lt;/td&gt;&lt;/tr&gt;
&lt;tr&gt;&lt;td&gt;Heading: 306.2 &lt;/td&gt;&lt;/tr&gt;
&lt;/table&gt;</desc>
    <sym>Flag, Blue</sym>
    <type>user</type>
  </wpt>
  <wpt lat="-18.311016988009214" lon="32.849822994321585">
    <ele>2500.843855963639</ele>
    <time>2026-10-02T12:58:39.000Z</time>
    <name>The Epic 2025 001-822</name>
    <cmt>&lt;table&gt;
&lt;tr&gt;&lt;td&gt;Longitude: 32.849823 &lt;/td&gt;&lt;/tr&gt;
&lt;tr&gt;&lt;td&gt;Latitude: -18.311017 &lt;/td&gt;&lt;/tr&gt;
&lt;tr&gt;&lt;td&gt;Heading: 312.8 &lt;/td&gt;&lt;/tr&gt;
&lt;/table&gt;</cmt>
    <desc>&lt;table&gt;
&lt;tr&gt;&lt;td&gt;Longitude: 32.849823 &lt;/td&gt;&lt;/tr&gt;
&lt;tr&gt;&lt;td&gt;Latitude: -18.311017 &lt;/td&gt;&lt;/tr&gt;
&lt;tr&gt;&lt;td&gt;Heading: 312.8 &lt;/td&gt;&lt;/tr&gt;
&lt;/table&gt;</desc>
    <sym>Flag, Blue</sym>
    <type>user</type>
  </wpt>
  <wpt lat="-18.310806015506387" lon="32.84972702153027">
    <ele>2498.6467807721056</ele>
    <time>2026-10-02T12:58:39.000Z</time>
    <name>The Epic 2025 001-823</name>
    <cmt>&lt;table&gt;
&lt;tr&gt;&lt;td&gt;Longitude: 32.849727 &lt;/td&gt;&lt;/tr&gt;
&lt;tr&gt;&lt;td&gt;Latitude: -18.310806 &lt;/td&gt;&lt;/tr&gt;
&lt;tr&gt;&lt;td&gt;Heading: 336.7 &lt;/td&gt;&lt;/tr&gt;
&lt;/table&gt;</cmt>
    <desc>&lt;table&gt;
&lt;tr&gt;&lt;td&gt;Longitude: 32.849727 &lt;/td&gt;&lt;/tr&gt;
&lt;tr&gt;&lt;td&gt;Latitude: -18.310806 &lt;/td&gt;&lt;/tr&gt;
&lt;tr&gt;&lt;td&gt;Heading: 336.7 &lt;/td&gt;&lt;/tr&gt;
&lt;/table&gt;</desc>
    <sym>Flag, Blue</sym>
    <type>user</type>
  </wpt>
  <wpt lat="-18.31071096472442" lon="32.849520994350314">
    <ele>2501.872774692624</ele>
    <time>2026-10-02T12:58:39.000Z</time>
    <name>The Epic 2025 001-824</name>
    <cmt>&lt;table&gt;
&lt;tr&gt;&lt;td&gt;Longitude: 32.849521 &lt;/td&gt;&lt;/tr&gt;
&lt;tr&gt;&lt;td&gt;Latitude: -18.310711 &lt;/td&gt;&lt;/tr&gt;
&lt;tr&gt;&lt;td&gt;Heading: 295.8 &lt;/td&gt;&lt;/tr&gt;
&lt;/table&gt;</cmt>
    <desc>&lt;table&gt;
&lt;tr&gt;&lt;td&gt;Longitude: 32.849521 &lt;/td&gt;&lt;/tr&gt;
&lt;tr&gt;&lt;td&gt;Latitude: -18.310711 &lt;/td&gt;&lt;/tr&gt;
&lt;tr&gt;&lt;td&gt;Heading: 295.8 &lt;/td&gt;&lt;/tr&gt;
&lt;/table&gt;</desc>
    <sym>Flag, Blue</sym>
    <type>user</type>
  </wpt>
  <wpt lat="-18.310484988614917" lon="32.84922896884382">
    <ele>2504.9632646063437</ele>
    <time>2026-10-02T12:58:39.000Z</time>
    <name>The Epic 2025 001-825</name>
    <cmt>&lt;table&gt;
&lt;tr&gt;&lt;td&gt;Longitude: 32.849229 &lt;/td&gt;&lt;/tr&gt;
&lt;tr&gt;&lt;td&gt;Latitude: -18.310485 &lt;/td&gt;&lt;/tr&gt;
&lt;tr&gt;&lt;td&gt;Heading: 309.1 &lt;/td&gt;&lt;/tr&gt;
&lt;/table&gt;</cmt>
    <desc>&lt;table&gt;
&lt;tr&gt;&lt;td&gt;Longitude: 32.849229 &lt;/td&gt;&lt;/tr&gt;
&lt;tr&gt;&lt;td&gt;Latitude: -18.310485 &lt;/td&gt;&lt;/tr&gt;
&lt;tr&gt;&lt;td&gt;Heading: 309.1 &lt;/td&gt;&lt;/tr&gt;
&lt;/table&gt;</desc>
    <sym>Flag, Blue</sym>
    <type>user</type>
  </wpt>
  <wpt lat="-18.310327995568514" lon="32.84895303659141">
    <ele>2503.4121744076256</ele>
    <time>2026-10-02T12:58:39.000Z</time>
    <name>The Epic 2025 001-826</name>
    <cmt>&lt;table&gt;
&lt;tr&gt;&lt;td&gt;Longitude: 32.848953 &lt;/td&gt;&lt;/tr&gt;
&lt;tr&gt;&lt;td&gt;Latitude: -18.310328 &lt;/td&gt;&lt;/tr&gt;
&lt;tr&gt;&lt;td&gt;Heading: 301.0 &lt;/td&gt;&lt;/tr&gt;
&lt;/table&gt;</cmt>
    <desc>&lt;table&gt;
&lt;tr&gt;&lt;td&gt;Longitude: 32.848953 &lt;/td&gt;&lt;/tr&gt;
&lt;tr&gt;&lt;td&gt;Latitude: -18.310328 &lt;/td&gt;&lt;/tr&gt;
&lt;tr&gt;&lt;td&gt;Heading: 301.0 &lt;/td&gt;&lt;/tr&gt;
&lt;/table&gt;</desc>
    <sym>Flag, Blue</sym>
    <type>user</type>
  </wpt>
  <wpt lat="-18.31001501530409" lon="32.8488879930228">
    <ele>2499.1154815033415</ele>
    <time>2026-10-02T12:58:39.000Z</time>
    <name>The Epic 2025 001-827</name>
    <cmt>&lt;table&gt;
&lt;tr&gt;&lt;td&gt;Longitude: 32.848888 &lt;/td&gt;&lt;/tr&gt;
&lt;tr&gt;&lt;td&gt;Latitude: -18.310015 &lt;/td&gt;&lt;/tr&gt;
&lt;tr&gt;&lt;td&gt;Heading: 349.0 &lt;/td&gt;&lt;/tr&gt;
&lt;/table&gt;</cmt>
    <desc>&lt;table&gt;
&lt;tr&gt;&lt;td&gt;Longitude: 32.848888 &lt;/td&gt;&lt;/tr&gt;
&lt;tr&gt;&lt;td&gt;Latitude: -18.310015 &lt;/td&gt;&lt;/tr&gt;
&lt;tr&gt;&lt;td&gt;Heading: 349.0 &lt;/td&gt;&lt;/tr&gt;
&lt;/table&gt;</desc>
    <sym>Flag, Blue</sym>
    <type>user</type>
  </wpt>
  <wpt lat="-18.30976196564734" lon="32.848790008574724">
    <ele>2496.9374889119063</ele>
    <time>2026-10-02T12:58:39.000Z</time>
    <name>The Epic 2025 001-828</name>
    <cmt>&lt;table&gt;
&lt;tr&gt;&lt;td&gt;Longitude: 32.848790 &lt;/td&gt;&lt;/tr&gt;
&lt;tr&gt;&lt;td&gt;Latitude: -18.309762 &lt;/td&gt;&lt;/tr&gt;
&lt;tr&gt;&lt;td&gt;Heading: 339.8 &lt;/td&gt;&lt;/tr&gt;
&lt;/table&gt;</cmt>
    <desc>&lt;table&gt;
&lt;tr&gt;&lt;td&gt;Longitude: 32.848790 &lt;/td&gt;&lt;/tr&gt;
&lt;tr&gt;&lt;td&gt;Latitude: -18.309762 &lt;/td&gt;&lt;/tr&gt;
&lt;tr&gt;&lt;td&gt;Heading: 339.8 &lt;/td&gt;&lt;/tr&gt;
&lt;/table&gt;</desc>
    <sym>Flag, Blue</sym>
    <type>user</type>
  </wpt>
  <wpt lat="-18.309578988701105" lon="32.84863603301346">
    <ele>2494.91294356226</ele>
    <time>2026-10-02T12:58:39.000Z</time>
    <name>The Epic 2025 001-829</name>
    <cmt>&lt;table&gt;
&lt;tr&gt;&lt;td&gt;Longitude: 32.848636 &lt;/td&gt;&lt;/tr&gt;
&lt;tr&gt;&lt;td&gt;Latitude: -18.309579 &lt;/td&gt;&lt;/tr&gt;
&lt;tr&gt;&lt;td&gt;Heading: 321.3 &lt;/td&gt;&lt;/tr&gt;
&lt;/table&gt;</cmt>
    <desc>&lt;table&gt;
&lt;tr&gt;&lt;td&gt;Longitude: 32.848636 &lt;/td&gt;&lt;/tr&gt;
&lt;tr&gt;&lt;td&gt;Latitude: -18.309579 &lt;/td&gt;&lt;/tr&gt;
&lt;tr&gt;&lt;td&gt;Heading: 321.3 &lt;/td&gt;&lt;/tr&gt;
&lt;/table&gt;</desc>
    <sym>Flag, Blue</sym>
    <type>user</type>
  </wpt>
  <wpt lat="-18.439843989908695" lon="32.8075519669801">
    <ele>1545.0100853740466</ele>
    <time>2026-10-02T12:58:39.000Z</time>
    <name>The Epic 2025 001-83</name>
    <cmt>&lt;table&gt;
&lt;tr&gt;&lt;td&gt;Longitude: 32.807552 &lt;/td&gt;&lt;/tr&gt;
&lt;tr&gt;&lt;td&gt;Latitude: -18.439844 &lt;/td&gt;&lt;/tr&gt;
&lt;tr&gt;&lt;td&gt;Heading: 45.0 &lt;/td&gt;&lt;/tr&gt;
&lt;/table&gt;</cmt>
    <desc>&lt;table&gt;
&lt;tr&gt;&lt;td&gt;Longitude: 32.807552 &lt;/td&gt;&lt;/tr&gt;
&lt;tr&gt;&lt;td&gt;Latitude: -18.439844 &lt;/td&gt;&lt;/tr&gt;
&lt;tr&gt;&lt;td&gt;Heading: 45.0 &lt;/td&gt;&lt;/tr&gt;
&lt;/table&gt;</desc>
    <sym>Flag, Blue</sym>
    <type>user</type>
  </wpt>
  <wpt lat="-18.309382013976574" lon="32.84828801639378">
    <ele>2490.4939823877066</ele>
    <time>2026-10-02T12:58:39.000Z</time>
    <name>The Epic 2025 001-830</name>
    <cmt>&lt;table&gt;
&lt;tr&gt;&lt;td&gt;Longitude: 32.848288 &lt;/td&gt;&lt;/tr&gt;
&lt;tr&gt;&lt;td&gt;Latitude: -18.309382 &lt;/td&gt;&lt;/tr&gt;
&lt;tr&gt;&lt;td&gt;Heading: 300.8 &lt;/td&gt;&lt;/tr&gt;
&lt;/table&gt;</cmt>
    <desc>&lt;table&gt;
&lt;tr&gt;&lt;td&gt;Longitude: 32.848288 &lt;/td&gt;&lt;/tr&gt;
&lt;tr&gt;&lt;td&gt;Latitude: -18.309382 &lt;/td&gt;&lt;/tr&gt;
&lt;tr&gt;&lt;td&gt;Heading: 300.8 &lt;/td&gt;&lt;/tr&gt;
&lt;/table&gt;</desc>
    <sym>Flag, Blue</sym>
    <type>user</type>
  </wpt>
  <wpt lat="-18.30920096486807" lon="32.848145021125674">
    <ele>2489.138726700049</ele>
    <time>2026-10-02T12:58:39.000Z</time>
    <name>The Epic 2025 001-831</name>
    <cmt>&lt;table&gt;
&lt;tr&gt;&lt;td&gt;Longitude: 32.848145 &lt;/td&gt;&lt;/tr&gt;
&lt;tr&gt;&lt;td&gt;Latitude: -18.309201 &lt;/td&gt;&lt;/tr&gt;
&lt;tr&gt;&lt;td&gt;Heading: 323.2 &lt;/td&gt;&lt;/tr&gt;
&lt;/table&gt;</cmt>
    <desc>&lt;table&gt;
&lt;tr&gt;&lt;td&gt;Longitude: 32.848145 &lt;/td&gt;&lt;/tr&gt;
&lt;tr&gt;&lt;td&gt;Latitude: -18.309201 &lt;/td&gt;&lt;/tr&gt;
&lt;tr&gt;&lt;td&gt;Heading: 323.2 &lt;/td&gt;&lt;/tr&gt;
&lt;/table&gt;</desc>
    <sym>Flag, Blue</sym>
    <type>user</type>
  </wpt>
  <wpt lat="-18.308805003762245" lon="32.84813404083252">
    <ele>2488.65738034909</ele>
    <time>2026-10-02T12:58:39.000Z</time>
    <name>The Epic 2025 001-832</name>
    <cmt>&lt;table&gt;
&lt;tr&gt;&lt;td&gt;Longitude: 32.848134 &lt;/td&gt;&lt;/tr&gt;
&lt;tr&gt;&lt;td&gt;Latitude: -18.308805 &lt;/td&gt;&lt;/tr&gt;
&lt;tr&gt;&lt;td&gt;Heading: 358.5 &lt;/td&gt;&lt;/tr&gt;
&lt;/table&gt;</cmt>
    <desc>&lt;table&gt;
&lt;tr&gt;&lt;td&gt;Longitude: 32.848134 &lt;/td&gt;&lt;/tr&gt;
&lt;tr&gt;&lt;td&gt;Latitude: -18.308805 &lt;/td&gt;&lt;/tr&gt;
&lt;tr&gt;&lt;td&gt;Heading: 358.5 &lt;/td&gt;&lt;/tr&gt;
&lt;/table&gt;</desc>
    <sym>Flag, Blue</sym>
    <type>user</type>
  </wpt>
  <wpt lat="-18.30869000405073" lon="32.84809003584087">
    <ele>2489.011787717148</ele>
    <time>2026-10-02T12:58:39.000Z</time>
    <name>The Epic 2025 001-833</name>
    <cmt>&lt;table&gt;
&lt;tr&gt;&lt;td&gt;Longitude: 32.848090 &lt;/td&gt;&lt;/tr&gt;
&lt;tr&gt;&lt;td&gt;Latitude: -18.308690 &lt;/td&gt;&lt;/tr&gt;
&lt;tr&gt;&lt;td&gt;Heading: 340.0 &lt;/td&gt;&lt;/tr&gt;
&lt;/table&gt;</cmt>
    <desc>&lt;table&gt;
&lt;tr&gt;&lt;td&gt;Longitude: 32.848090 &lt;/td&gt;&lt;/tr&gt;
&lt;tr&gt;&lt;td&gt;Latitude: -18.308690 &lt;/td&gt;&lt;/tr&gt;
&lt;tr&gt;&lt;td&gt;Heading: 340.0 &lt;/td&gt;&lt;/tr&gt;
&lt;/table&gt;</desc>
    <sym>Flag, Blue</sym>
    <type>user</type>
  </wpt>
  <wpt lat="-18.308519013226032" lon="32.847892977297306">
    <ele>2490.241979740793</ele>
    <time>2026-10-02T12:58:39.000Z</time>
    <name>The Epic 2025 001-834</name>
    <cmt>&lt;table&gt;
&lt;tr&gt;&lt;td&gt;Longitude: 32.847893 &lt;/td&gt;&lt;/tr&gt;
&lt;tr&gt;&lt;td&gt;Latitude: -18.308519 &lt;/td&gt;&lt;/tr&gt;
&lt;tr&gt;&lt;td&gt;Heading: 312.6 &lt;/td&gt;&lt;/tr&gt;
&lt;/table&gt;</cmt>
    <desc>&lt;table&gt;
&lt;tr&gt;&lt;td&gt;Longitude: 32.847893 &lt;/td&gt;&lt;/tr&gt;
&lt;tr&gt;&lt;td&gt;Latitude: -18.308519 &lt;/td&gt;&lt;/tr&gt;
&lt;tr&gt;&lt;td&gt;Heading: 312.6 &lt;/td&gt;&lt;/tr&gt;
&lt;/table&gt;</desc>
    <sym>Flag, Blue</sym>
    <type>user</type>
  </wpt>
  <wpt lat="-18.308347016572952" lon="32.84769197925925">
    <ele>2489.9038229249113</ele>
    <time>2026-10-02T12:58:39.000Z</time>
    <name>The Epic 2025 001-835</name>
    <cmt>&lt;table&gt;
&lt;tr&gt;&lt;td&gt;Longitude: 32.847692 &lt;/td&gt;&lt;/tr&gt;
&lt;tr&gt;&lt;td&gt;Latitude: -18.308347 &lt;/td&gt;&lt;/tr&gt;
&lt;tr&gt;&lt;td&gt;Heading: 312.0 &lt;/td&gt;&lt;/tr&gt;
&lt;/table&gt;</cmt>
    <desc>&lt;table&gt;
&lt;tr&gt;&lt;td&gt;Longitude: 32.847692 &lt;/td&gt;&lt;/tr&gt;
&lt;tr&gt;&lt;td&gt;Latitude: -18.308347 &lt;/td&gt;&lt;/tr&gt;
&lt;tr&gt;&lt;td&gt;Heading: 312.0 &lt;/td&gt;&lt;/tr&gt;
&lt;/table&gt;</desc>
    <sym>Flag, Blue</sym>
    <type>user</type>
  </wpt>
  <wpt lat="-18.307962035760283" lon="32.84736801870167">
    <ele>2488.3534042825922</ele>
    <time>2026-10-02T12:58:39.000Z</time>
    <name>The Epic 2025 001-836</name>
    <cmt>&lt;table&gt;
&lt;tr&gt;&lt;td&gt;Longitude: 32.847368 &lt;/td&gt;&lt;/tr&gt;
&lt;tr&gt;&lt;td&gt;Latitude: -18.307962 &lt;/td&gt;&lt;/tr&gt;
&lt;tr&gt;&lt;td&gt;Heading: 321.3 &lt;/td&gt;&lt;/tr&gt;
&lt;/table&gt;</cmt>
    <desc>&lt;table&gt;
&lt;tr&gt;&lt;td&gt;Longitude: 32.847368 &lt;/td&gt;&lt;/tr&gt;
&lt;tr&gt;&lt;td&gt;Latitude: -18.307962 &lt;/td&gt;&lt;/tr&gt;
&lt;tr&gt;&lt;td&gt;Heading: 321.3 &lt;/td&gt;&lt;/tr&gt;
&lt;/table&gt;</desc>
    <sym>Flag, Blue</sym>
    <type>user</type>
  </wpt>
  <wpt lat="-18.307499019429088" lon="32.84711102955043">
    <ele>2487.20947265625</ele>
    <time>2026-10-02T12:58:39.000Z</time>
    <name>The Epic 2025 001-837</name>
    <cmt>&lt;table&gt;
&lt;tr&gt;&lt;td&gt;Longitude: 32.847111 &lt;/td&gt;&lt;/tr&gt;
&lt;tr&gt;&lt;td&gt;Latitude: -18.307499 &lt;/td&gt;&lt;/tr&gt;
&lt;tr&gt;&lt;td&gt;Heading: 332.1 &lt;/td&gt;&lt;/tr&gt;
&lt;/table&gt;</cmt>
    <desc>&lt;table&gt;
&lt;tr&gt;&lt;td&gt;Longitude: 32.847111 &lt;/td&gt;&lt;/tr&gt;
&lt;tr&gt;&lt;td&gt;Latitude: -18.307499 &lt;/td&gt;&lt;/tr&gt;
&lt;tr&gt;&lt;td&gt;Heading: 332.1 &lt;/td&gt;&lt;/tr&gt;
&lt;/table&gt;</desc>
    <sym>Flag, Blue</sym>
    <type>user</type>
  </wpt>
  <wpt lat="-18.30720699392259" lon="32.84688203595579">
    <ele>2489.7496719134924</ele>
    <time>2026-10-02T12:58:39.000Z</time>
    <name>The Epic 2025 001-838</name>
    <cmt>&lt;table&gt;
&lt;tr&gt;&lt;td&gt;Longitude: 32.846882 &lt;/td&gt;&lt;/tr&gt;
&lt;tr&gt;&lt;td&gt;Latitude: -18.307207 &lt;/td&gt;&lt;/tr&gt;
&lt;tr&gt;&lt;td&gt;Heading: 323.5 &lt;/td&gt;&lt;/tr&gt;
&lt;/table&gt;</cmt>
    <desc>&lt;table&gt;
&lt;tr&gt;&lt;td&gt;Longitude: 32.846882 &lt;/td&gt;&lt;/tr&gt;
&lt;tr&gt;&lt;td&gt;Latitude: -18.307207 &lt;/td&gt;&lt;/tr&gt;
&lt;tr&gt;&lt;td&gt;Heading: 323.5 &lt;/td&gt;&lt;/tr&gt;
&lt;/table&gt;</desc>
    <sym>Flag, Blue</sym>
    <type>user</type>
  </wpt>
  <wpt lat="-18.30688102170825" lon="32.84675898961723">
    <ele>2491.1135645073828</ele>
    <time>2026-10-02T12:58:39.000Z</time>
    <name>The Epic 2025 001-839</name>
    <cmt>&lt;table&gt;
&lt;tr&gt;&lt;td&gt;Longitude: 32.846759 &lt;/td&gt;&lt;/tr&gt;
&lt;tr&gt;&lt;td&gt;Latitude: -18.306881 &lt;/td&gt;&lt;/tr&gt;
&lt;tr&gt;&lt;td&gt;Heading: 340.2 &lt;/td&gt;&lt;/tr&gt;
&lt;/table&gt;</cmt>
    <desc>&lt;table&gt;
&lt;tr&gt;&lt;td&gt;Longitude: 32.846759 &lt;/td&gt;&lt;/tr&gt;
&lt;tr&gt;&lt;td&gt;Latitude: -18.306881 &lt;/td&gt;&lt;/tr&gt;
&lt;tr&gt;&lt;td&gt;Heading: 340.2 &lt;/td&gt;&lt;/tr&gt;
&lt;/table&gt;</desc>
    <sym>Flag, Blue</sym>
    <type>user</type>
  </wpt>
  <wpt lat="-18.43940301798284" lon="32.80785203911364">
    <ele>1546.9874918102155</ele>
    <time>2026-10-02T12:58:39.000Z</time>
    <name>The Epic 2025 001-84</name>
    <cmt>&lt;table&gt;
&lt;tr&gt;&lt;td&gt;Longitude: 32.807852 &lt;/td&gt;&lt;/tr&gt;
&lt;tr&gt;&lt;td&gt;Latitude: -18.439403 &lt;/td&gt;&lt;/tr&gt;
&lt;tr&gt;&lt;td&gt;Heading: 32.8 &lt;/td&gt;&lt;/tr&gt;
&lt;/table&gt;</cmt>
    <desc>&lt;table&gt;
&lt;tr&gt;&lt;td&gt;Longitude: 32.807852 &lt;/td&gt;&lt;/tr&gt;
&lt;tr&gt;&lt;td&gt;Latitude: -18.439403 &lt;/td&gt;&lt;/tr&gt;
&lt;tr&gt;&lt;td&gt;Heading: 32.8 &lt;/td&gt;&lt;/tr&gt;
&lt;/table&gt;</desc>
    <sym>Flag, Blue</sym>
    <type>user</type>
  </wpt>
  <wpt lat="-18.30667097121477" lon="32.84655002877116">
    <ele>2490.8215872114138</ele>
    <time>2026-10-02T12:58:39.000Z</time>
    <name>The Epic 2025 001-840</name>
    <cmt>&lt;table&gt;
&lt;tr&gt;&lt;td&gt;Longitude: 32.846550 &lt;/td&gt;&lt;/tr&gt;
&lt;tr&gt;&lt;td&gt;Latitude: -18.306671 &lt;/td&gt;&lt;/tr&gt;
&lt;tr&gt;&lt;td&gt;Heading: 316.7 &lt;/td&gt;&lt;/tr&gt;
&lt;/table&gt;</cmt>
    <desc>&lt;table&gt;
&lt;tr&gt;&lt;td&gt;Longitude: 32.846550 &lt;/td&gt;&lt;/tr&gt;
&lt;tr&gt;&lt;td&gt;Latitude: -18.306671 &lt;/td&gt;&lt;/tr&gt;
&lt;tr&gt;&lt;td&gt;Heading: 316.7 &lt;/td&gt;&lt;/tr&gt;
&lt;/table&gt;</desc>
    <sym>Flag, Blue</sym>
    <type>user</type>
  </wpt>
  <wpt lat="-18.30655697733164" lon="32.846277030184865">
    <ele>2488.7645391045457</ele>
    <time>2026-10-02T12:58:39.000Z</time>
    <name>The Epic 2025 001-841</name>
    <cmt>&lt;table&gt;
&lt;tr&gt;&lt;td&gt;Longitude: 32.846277 &lt;/td&gt;&lt;/tr&gt;
&lt;tr&gt;&lt;td&gt;Latitude: -18.306557 &lt;/td&gt;&lt;/tr&gt;
&lt;tr&gt;&lt;td&gt;Heading: 293.6 &lt;/td&gt;&lt;/tr&gt;
&lt;/table&gt;</cmt>
    <desc>&lt;table&gt;
&lt;tr&gt;&lt;td&gt;Longitude: 32.846277 &lt;/td&gt;&lt;/tr&gt;
&lt;tr&gt;&lt;td&gt;Latitude: -18.306557 &lt;/td&gt;&lt;/tr&gt;
&lt;tr&gt;&lt;td&gt;Heading: 293.6 &lt;/td&gt;&lt;/tr&gt;
&lt;/table&gt;</desc>
    <sym>Flag, Blue</sym>
    <type>user</type>
  </wpt>
  <wpt lat="-18.306425968185067" lon="32.84609296359122">
    <ele>2485.626612889397</ele>
    <time>2026-10-02T12:58:39.000Z</time>
    <name>The Epic 2025 001-842</name>
    <cmt>&lt;table&gt;
&lt;tr&gt;&lt;td&gt;Longitude: 32.846093 &lt;/td&gt;&lt;/tr&gt;
&lt;tr&gt;&lt;td&gt;Latitude: -18.306426 &lt;/td&gt;&lt;/tr&gt;
&lt;tr&gt;&lt;td&gt;Heading: 307.0 &lt;/td&gt;&lt;/tr&gt;
&lt;/table&gt;</cmt>
    <desc>&lt;table&gt;
&lt;tr&gt;&lt;td&gt;Longitude: 32.846093 &lt;/td&gt;&lt;/tr&gt;
&lt;tr&gt;&lt;td&gt;Latitude: -18.306426 &lt;/td&gt;&lt;/tr&gt;
&lt;tr&gt;&lt;td&gt;Heading: 307.0 &lt;/td&gt;&lt;/tr&gt;
&lt;/table&gt;</desc>
    <sym>Flag, Blue</sym>
    <type>user</type>
  </wpt>
  <wpt lat="-18.306247014552355" lon="32.84607100300491">
    <ele>2482.6674629913173</ele>
    <time>2026-10-02T12:58:39.000Z</time>
    <name>The Epic 2025 001-843</name>
    <cmt>&lt;table&gt;
&lt;tr&gt;&lt;td&gt;Longitude: 32.846071 &lt;/td&gt;&lt;/tr&gt;
&lt;tr&gt;&lt;td&gt;Latitude: -18.306247 &lt;/td&gt;&lt;/tr&gt;
&lt;tr&gt;&lt;td&gt;Heading: 353.3 &lt;/td&gt;&lt;/tr&gt;
&lt;/table&gt;</cmt>
    <desc>&lt;table&gt;
&lt;tr&gt;&lt;td&gt;Longitude: 32.846071 &lt;/td&gt;&lt;/tr&gt;
&lt;tr&gt;&lt;td&gt;Latitude: -18.306247 &lt;/td&gt;&lt;/tr&gt;
&lt;tr&gt;&lt;td&gt;Heading: 353.3 &lt;/td&gt;&lt;/tr&gt;
&lt;/table&gt;</desc>
    <sym>Flag, Blue</sym>
    <type>user</type>
  </wpt>
  <wpt lat="-18.30617400817573" lon="32.84596899524331">
    <ele>2480.284224094823</ele>
    <time>2026-10-02T12:58:39.000Z</time>
    <name>The Epic 2025 001-844</name>
    <cmt>&lt;table&gt;
&lt;tr&gt;&lt;td&gt;Longitude: 32.845969 &lt;/td&gt;&lt;/tr&gt;
&lt;tr&gt;&lt;td&gt;Latitude: -18.306174 &lt;/td&gt;&lt;/tr&gt;
&lt;tr&gt;&lt;td&gt;Heading: 307.2 &lt;/td&gt;&lt;/tr&gt;
&lt;/table&gt;</cmt>
    <desc>&lt;table&gt;
&lt;tr&gt;&lt;td&gt;Longitude: 32.845969 &lt;/td&gt;&lt;/tr&gt;
&lt;tr&gt;&lt;td&gt;Latitude: -18.306174 &lt;/td&gt;&lt;/tr&gt;
&lt;tr&gt;&lt;td&gt;Heading: 307.2 &lt;/td&gt;&lt;/tr&gt;
&lt;/table&gt;</desc>
    <sym>Flag, Blue</sym>
    <type>user</type>
  </wpt>
  <wpt lat="-18.30602103844285" lon="32.845825999975204">
    <ele>2476.049883088771</ele>
    <time>2026-10-02T12:58:39.000Z</time>
    <name>The Epic 2025 001-845</name>
    <cmt>&lt;table&gt;
&lt;tr&gt;&lt;td&gt;Longitude: 32.845826 &lt;/td&gt;&lt;/tr&gt;
&lt;tr&gt;&lt;td&gt;Latitude: -18.306021 &lt;/td&gt;&lt;/tr&gt;
&lt;tr&gt;&lt;td&gt;Heading: 318.5 &lt;/td&gt;&lt;/tr&gt;
&lt;/table&gt;</cmt>
    <desc>&lt;table&gt;
&lt;tr&gt;&lt;td&gt;Longitude: 32.845826 &lt;/td&gt;&lt;/tr&gt;
&lt;tr&gt;&lt;td&gt;Latitude: -18.306021 &lt;/td&gt;&lt;/tr&gt;
&lt;tr&gt;&lt;td&gt;Heading: 318.5 &lt;/td&gt;&lt;/tr&gt;
&lt;/table&gt;</desc>
    <sym>Flag, Blue</sym>
    <type>user</type>
  </wpt>
  <wpt lat="-18.305878965184093" lon="32.84571100026369">
    <ele>2472.927944600417</ele>
    <time>2026-10-02T12:58:39.000Z</time>
    <name>The Epic 2025 001-846</name>
    <cmt>&lt;table&gt;
&lt;tr&gt;&lt;td&gt;Longitude: 32.845711 &lt;/td&gt;&lt;/tr&gt;
&lt;tr&gt;&lt;td&gt;Latitude: -18.305879 &lt;/td&gt;&lt;/tr&gt;
&lt;tr&gt;&lt;td&gt;Heading: 322.4 &lt;/td&gt;&lt;/tr&gt;
&lt;/table&gt;</cmt>
    <desc>&lt;table&gt;
&lt;tr&gt;&lt;td&gt;Longitude: 32.845711 &lt;/td&gt;&lt;/tr&gt;
&lt;tr&gt;&lt;td&gt;Latitude: -18.305879 &lt;/td&gt;&lt;/tr&gt;
&lt;tr&gt;&lt;td&gt;Heading: 322.4 &lt;/td&gt;&lt;/tr&gt;
&lt;/table&gt;</desc>
    <sym>Flag, Blue</sym>
    <type>user</type>
  </wpt>
  <wpt lat="-18.305752985179424" lon="32.84553900361061">
    <ele>2471.885548341017</ele>
    <time>2026-10-02T12:58:39.000Z</time>
    <name>The Epic 2025 001-847</name>
    <cmt>&lt;table&gt;
&lt;tr&gt;&lt;td&gt;Longitude: 32.845539 &lt;/td&gt;&lt;/tr&gt;
&lt;tr&gt;&lt;td&gt;Latitude: -18.305753 &lt;/td&gt;&lt;/tr&gt;
&lt;tr&gt;&lt;td&gt;Heading: 307.5 &lt;/td&gt;&lt;/tr&gt;
&lt;/table&gt;</cmt>
    <desc>&lt;table&gt;
&lt;tr&gt;&lt;td&gt;Longitude: 32.845539 &lt;/td&gt;&lt;/tr&gt;
&lt;tr&gt;&lt;td&gt;Latitude: -18.305753 &lt;/td&gt;&lt;/tr&gt;
&lt;tr&gt;&lt;td&gt;Heading: 307.5 &lt;/td&gt;&lt;/tr&gt;
&lt;/table&gt;</desc>
    <sym>Flag, Blue</sym>
    <type>user</type>
  </wpt>
  <wpt lat="-18.30524696968496" lon="32.845334988087416">
    <ele>2471.9608144682134</ele>
    <time>2026-10-02T12:58:39.000Z</time>
    <name>The Epic 2025 001-848</name>
    <cmt>&lt;table&gt;
&lt;tr&gt;&lt;td&gt;Longitude: 32.845335 &lt;/td&gt;&lt;/tr&gt;
&lt;tr&gt;&lt;td&gt;Latitude: -18.305247 &lt;/td&gt;&lt;/tr&gt;
&lt;tr&gt;&lt;td&gt;Heading: 339.1 &lt;/td&gt;&lt;/tr&gt;
&lt;/table&gt;</cmt>
    <desc>&lt;table&gt;
&lt;tr&gt;&lt;td&gt;Longitude: 32.845335 &lt;/td&gt;&lt;/tr&gt;
&lt;tr&gt;&lt;td&gt;Latitude: -18.305247 &lt;/td&gt;&lt;/tr&gt;
&lt;tr&gt;&lt;td&gt;Heading: 339.1 &lt;/td&gt;&lt;/tr&gt;
&lt;/table&gt;</desc>
    <sym>Flag, Blue</sym>
    <type>user</type>
  </wpt>
  <wpt lat="-18.304942036047578" lon="32.845246978104115">
    <ele>2471.9957951897522</ele>
    <time>2026-10-02T12:58:39.000Z</time>
    <name>The Epic 2025 001-849</name>
    <cmt>&lt;table&gt;
&lt;tr&gt;&lt;td&gt;Longitude: 32.845247 &lt;/td&gt;&lt;/tr&gt;
&lt;tr&gt;&lt;td&gt;Latitude: -18.304942 &lt;/td&gt;&lt;/tr&gt;
&lt;tr&gt;&lt;td&gt;Heading: 344.7 &lt;/td&gt;&lt;/tr&gt;
&lt;/table&gt;</cmt>
    <desc>&lt;table&gt;
&lt;tr&gt;&lt;td&gt;Longitude: 32.845247 &lt;/td&gt;&lt;/tr&gt;
&lt;tr&gt;&lt;td&gt;Latitude: -18.304942 &lt;/td&gt;&lt;/tr&gt;
&lt;tr&gt;&lt;td&gt;Heading: 344.7 &lt;/td&gt;&lt;/tr&gt;
&lt;/table&gt;</desc>
    <sym>Flag, Blue</sym>
    <type>user</type>
  </wpt>
  <wpt lat="-18.438814021646976" lon="32.80814900994301">
    <ele>1548.3254449812266</ele>
    <time>2026-10-02T12:58:39.000Z</time>
    <name>The Epic 2025 001-85</name>
    <cmt>&lt;table&gt;
&lt;tr&gt;&lt;td&gt;Longitude: 32.808149 &lt;/td&gt;&lt;/tr&gt;
&lt;tr&gt;&lt;td&gt;Latitude: -18.438814 &lt;/td&gt;&lt;/tr&gt;
&lt;tr&gt;&lt;td&gt;Heading: 25.6 &lt;/td&gt;&lt;/tr&gt;
&lt;/table&gt;</cmt>
    <desc>&lt;table&gt;
&lt;tr&gt;&lt;td&gt;Longitude: 32.808149 &lt;/td&gt;&lt;/tr&gt;
&lt;tr&gt;&lt;td&gt;Latitude: -18.438814 &lt;/td&gt;&lt;/tr&gt;
&lt;tr&gt;&lt;td&gt;Heading: 25.6 &lt;/td&gt;&lt;/tr&gt;
&lt;/table&gt;</desc>
    <sym>Flag, Blue</sym>
    <type>user</type>
  </wpt>
  <wpt lat="-18.30473500303924" lon="32.844816986471415">
    <ele>2474.189672771482</ele>
    <time>2026-10-02T12:58:39.000Z</time>
    <name>The Epic 2025 001-850</name>
    <cmt>&lt;table&gt;
&lt;tr&gt;&lt;td&gt;Longitude: 32.844817 &lt;/td&gt;&lt;/tr&gt;
&lt;tr&gt;&lt;td&gt;Latitude: -18.304735 &lt;/td&gt;&lt;/tr&gt;
&lt;tr&gt;&lt;td&gt;Heading: 296.8 &lt;/td&gt;&lt;/tr&gt;
&lt;/table&gt;</cmt>
    <desc>&lt;table&gt;
&lt;tr&gt;&lt;td&gt;Longitude: 32.844817 &lt;/td&gt;&lt;/tr&gt;
&lt;tr&gt;&lt;td&gt;Latitude: -18.304735 &lt;/td&gt;&lt;/tr&gt;
&lt;tr&gt;&lt;td&gt;Heading: 296.8 &lt;/td&gt;&lt;/tr&gt;
&lt;/table&gt;</desc>
    <sym>Flag, Blue</sym>
    <type>user</type>
  </wpt>
  <wpt lat="-18.304421016946435" lon="32.844579024240375">
    <ele>2473.2403721771298</ele>
    <time>2026-10-02T12:58:39.000Z</time>
    <name>The Epic 2025 001-851</name>
    <cmt>&lt;table&gt;
&lt;tr&gt;&lt;td&gt;Longitude: 32.844579 &lt;/td&gt;&lt;/tr&gt;
&lt;tr&gt;&lt;td&gt;Latitude: -18.304421 &lt;/td&gt;&lt;/tr&gt;
&lt;tr&gt;&lt;td&gt;Heading: 324.3 &lt;/td&gt;&lt;/tr&gt;
&lt;/table&gt;</cmt>
    <desc>&lt;table&gt;
&lt;tr&gt;&lt;td&gt;Longitude: 32.844579 &lt;/td&gt;&lt;/tr&gt;
&lt;tr&gt;&lt;td&gt;Latitude: -18.304421 &lt;/td&gt;&lt;/tr&gt;
&lt;tr&gt;&lt;td&gt;Heading: 324.3 &lt;/td&gt;&lt;/tr&gt;
&lt;/table&gt;</desc>
    <sym>Flag, Blue</sym>
    <type>user</type>
  </wpt>
  <wpt lat="-18.304243991151452" lon="32.844580030068755">
    <ele>2473.236880062381</ele>
    <time>2026-10-02T12:58:39.000Z</time>
    <name>The Epic 2025 001-852</name>
    <cmt>&lt;table&gt;
&lt;tr&gt;&lt;td&gt;Longitude: 32.844580 &lt;/td&gt;&lt;/tr&gt;
&lt;tr&gt;&lt;td&gt;Latitude: -18.304244 &lt;/td&gt;&lt;/tr&gt;
&lt;tr&gt;&lt;td&gt;Heading: 0.3 &lt;/td&gt;&lt;/tr&gt;
&lt;/table&gt;</cmt>
    <desc>&lt;table&gt;
&lt;tr&gt;&lt;td&gt;Longitude: 32.844580 &lt;/td&gt;&lt;/tr&gt;
&lt;tr&gt;&lt;td&gt;Latitude: -18.304244 &lt;/td&gt;&lt;/tr&gt;
&lt;tr&gt;&lt;td&gt;Heading: 0.3 &lt;/td&gt;&lt;/tr&gt;
&lt;/table&gt;</desc>
    <sym>Flag, Blue</sym>
    <type>user</type>
  </wpt>
  <wpt lat="-18.304040981456637" lon="32.84464901313186">
    <ele>2473.4788644834493</ele>
    <time>2026-10-02T12:58:39.000Z</time>
    <name>The Epic 2025 001-853</name>
    <cmt>&lt;table&gt;
&lt;tr&gt;&lt;td&gt;Longitude: 32.844649 &lt;/td&gt;&lt;/tr&gt;
&lt;tr&gt;&lt;td&gt;Latitude: -18.304041 &lt;/td&gt;&lt;/tr&gt;
&lt;tr&gt;&lt;td&gt;Heading: 18.0 &lt;/td&gt;&lt;/tr&gt;
&lt;/table&gt;</cmt>
    <desc>&lt;table&gt;
&lt;tr&gt;&lt;td&gt;Longitude: 32.844649 &lt;/td&gt;&lt;/tr&gt;
&lt;tr&gt;&lt;td&gt;Latitude: -18.304041 &lt;/td&gt;&lt;/tr&gt;
&lt;tr&gt;&lt;td&gt;Heading: 18.0 &lt;/td&gt;&lt;/tr&gt;
&lt;/table&gt;</desc>
    <sym>Flag, Blue</sym>
    <type>user</type>
  </wpt>
  <wpt lat="-18.303821040317416" lon="32.844707015901804">
    <ele>2474.7280150291863</ele>
    <time>2026-10-02T12:58:39.000Z</time>
    <name>The Epic 2025 001-854</name>
    <cmt>&lt;table&gt;
&lt;tr&gt;&lt;td&gt;Longitude: 32.844707 &lt;/td&gt;&lt;/tr&gt;
&lt;tr&gt;&lt;td&gt;Latitude: -18.303821 &lt;/td&gt;&lt;/tr&gt;
&lt;tr&gt;&lt;td&gt;Heading: 14.0 &lt;/td&gt;&lt;/tr&gt;
&lt;/table&gt;</cmt>
    <desc>&lt;table&gt;
&lt;tr&gt;&lt;td&gt;Longitude: 32.844707 &lt;/td&gt;&lt;/tr&gt;
&lt;tr&gt;&lt;td&gt;Latitude: -18.303821 &lt;/td&gt;&lt;/tr&gt;
&lt;tr&gt;&lt;td&gt;Heading: 14.0 &lt;/td&gt;&lt;/tr&gt;
&lt;/table&gt;</desc>
    <sym>Flag, Blue</sym>
    <type>user</type>
  </wpt>
  <wpt lat="-18.30372699536383" lon="32.844514986500144">
    <ele>2478.450063526234</ele>
    <time>2026-10-02T12:58:39.000Z</time>
    <name>The Epic 2025 001-855</name>
    <cmt>&lt;table&gt;
&lt;tr&gt;&lt;td&gt;Longitude: 32.844515 &lt;/td&gt;&lt;/tr&gt;
&lt;tr&gt;&lt;td&gt;Latitude: -18.303727 &lt;/td&gt;&lt;/tr&gt;
&lt;tr&gt;&lt;td&gt;Heading: 297.2 &lt;/td&gt;&lt;/tr&gt;
&lt;/table&gt;</cmt>
    <desc>&lt;table&gt;
&lt;tr&gt;&lt;td&gt;Longitude: 32.844515 &lt;/td&gt;&lt;/tr&gt;
&lt;tr&gt;&lt;td&gt;Latitude: -18.303727 &lt;/td&gt;&lt;/tr&gt;
&lt;tr&gt;&lt;td&gt;Heading: 297.2 &lt;/td&gt;&lt;/tr&gt;
&lt;/table&gt;</desc>
    <sym>Flag, Blue</sym>
    <type>user</type>
  </wpt>
  <wpt lat="-18.303582994267344" lon="32.84435397014022">
    <ele>2482.1401678879556</ele>
    <time>2026-10-02T12:58:39.000Z</time>
    <name>The Epic 2025 001-856</name>
    <cmt>&lt;table&gt;
&lt;tr&gt;&lt;td&gt;Longitude: 32.844354 &lt;/td&gt;&lt;/tr&gt;
&lt;tr&gt;&lt;td&gt;Latitude: -18.303583 &lt;/td&gt;&lt;/tr&gt;
&lt;tr&gt;&lt;td&gt;Heading: 313.4 &lt;/td&gt;&lt;/tr&gt;
&lt;/table&gt;</cmt>
    <desc>&lt;table&gt;
&lt;tr&gt;&lt;td&gt;Longitude: 32.844354 &lt;/td&gt;&lt;/tr&gt;
&lt;tr&gt;&lt;td&gt;Latitude: -18.303583 &lt;/td&gt;&lt;/tr&gt;
&lt;tr&gt;&lt;td&gt;Heading: 313.4 &lt;/td&gt;&lt;/tr&gt;
&lt;/table&gt;</desc>
    <sym>Flag, Blue</sym>
    <type>user</type>
  </wpt>
  <wpt lat="-18.30335601232946" lon="32.844236958771944">
    <ele>2486.2076121884156</ele>
    <time>2026-10-02T12:58:39.000Z</time>
    <name>The Epic 2025 001-857</name>
    <cmt>&lt;table&gt;
&lt;tr&gt;&lt;td&gt;Longitude: 32.844237 &lt;/td&gt;&lt;/tr&gt;
&lt;tr&gt;&lt;td&gt;Latitude: -18.303356 &lt;/td&gt;&lt;/tr&gt;
&lt;tr&gt;&lt;td&gt;Heading: 333.8 &lt;/td&gt;&lt;/tr&gt;
&lt;/table&gt;</cmt>
    <desc>&lt;table&gt;
&lt;tr&gt;&lt;td&gt;Longitude: 32.844237 &lt;/td&gt;&lt;/tr&gt;
&lt;tr&gt;&lt;td&gt;Latitude: -18.303356 &lt;/td&gt;&lt;/tr&gt;
&lt;tr&gt;&lt;td&gt;Heading: 333.8 &lt;/td&gt;&lt;/tr&gt;
&lt;/table&gt;</desc>
    <sym>Flag, Blue</sym>
    <type>user</type>
  </wpt>
  <wpt lat="-18.303149985149503" lon="32.84418499097228">
    <ele>2489.6906079163477</ele>
    <time>2026-10-02T12:58:39.000Z</time>
    <name>The Epic 2025 001-858</name>
    <cmt>&lt;table&gt;
&lt;tr&gt;&lt;td&gt;Longitude: 32.844185 &lt;/td&gt;&lt;/tr&gt;
&lt;tr&gt;&lt;td&gt;Latitude: -18.303150 &lt;/td&gt;&lt;/tr&gt;
&lt;tr&gt;&lt;td&gt;Heading: 346.6 &lt;/td&gt;&lt;/tr&gt;
&lt;/table&gt;</cmt>
    <desc>&lt;table&gt;
&lt;tr&gt;&lt;td&gt;Longitude: 32.844185 &lt;/td&gt;&lt;/tr&gt;
&lt;tr&gt;&lt;td&gt;Latitude: -18.303150 &lt;/td&gt;&lt;/tr&gt;
&lt;tr&gt;&lt;td&gt;Heading: 346.6 &lt;/td&gt;&lt;/tr&gt;
&lt;/table&gt;</desc>
    <sym>Flag, Blue</sym>
    <type>user</type>
  </wpt>
  <wpt lat="-18.30299198627472" lon="32.84413503482938">
    <ele>2493.372148179671</ele>
    <time>2026-10-02T12:58:39.000Z</time>
    <name>The Epic 2025 001-859</name>
    <cmt>&lt;table&gt;
&lt;tr&gt;&lt;td&gt;Longitude: 32.844135 &lt;/td&gt;&lt;/tr&gt;
&lt;tr&gt;&lt;td&gt;Latitude: -18.302992 &lt;/td&gt;&lt;/tr&gt;
&lt;tr&gt;&lt;td&gt;Heading: 343.1 &lt;/td&gt;&lt;/tr&gt;
&lt;/table&gt;</cmt>
    <desc>&lt;table&gt;
&lt;tr&gt;&lt;td&gt;Longitude: 32.844135 &lt;/td&gt;&lt;/tr&gt;
&lt;tr&gt;&lt;td&gt;Latitude: -18.302992 &lt;/td&gt;&lt;/tr&gt;
&lt;tr&gt;&lt;td&gt;Heading: 343.1 &lt;/td&gt;&lt;/tr&gt;
&lt;/table&gt;</desc>
    <sym>Flag, Blue</sym>
    <type>user</type>
  </wpt>
  <wpt lat="-18.438151013106108" lon="32.807754976674914">
    <ele>1536.2870111050602</ele>
    <time>2026-10-02T12:58:39.000Z</time>
    <name>The Epic 2025 001-86</name>
    <cmt>&lt;table&gt;
&lt;tr&gt;&lt;td&gt;Longitude: 32.807755 &lt;/td&gt;&lt;/tr&gt;
&lt;tr&gt;&lt;td&gt;Latitude: -18.438151 &lt;/td&gt;&lt;/tr&gt;
&lt;tr&gt;&lt;td&gt;Heading: 330.6 &lt;/td&gt;&lt;/tr&gt;
&lt;/table&gt;</cmt>
    <desc>&lt;table&gt;
&lt;tr&gt;&lt;td&gt;Longitude: 32.807755 &lt;/td&gt;&lt;/tr&gt;
&lt;tr&gt;&lt;td&gt;Latitude: -18.438151 &lt;/td&gt;&lt;/tr&gt;
&lt;tr&gt;&lt;td&gt;Heading: 330.6 &lt;/td&gt;&lt;/tr&gt;
&lt;/table&gt;</desc>
    <sym>Flag, Blue</sym>
    <type>user</type>
  </wpt>
  <wpt lat="-18.302856031805277" lon="32.84398801624775">
    <ele>2498.940112805053</ele>
    <time>2026-10-02T12:58:39.000Z</time>
    <name>The Epic 2025 001-860</name>
    <cmt>&lt;table&gt;
&lt;tr&gt;&lt;td&gt;Longitude: 32.843988 &lt;/td&gt;&lt;/tr&gt;
&lt;tr&gt;&lt;td&gt;Latitude: -18.302856 &lt;/td&gt;&lt;/tr&gt;
&lt;tr&gt;&lt;td&gt;Heading: 314.3 &lt;/td&gt;&lt;/tr&gt;
&lt;/table&gt;</cmt>
    <desc>&lt;table&gt;
&lt;tr&gt;&lt;td&gt;Longitude: 32.843988 &lt;/td&gt;&lt;/tr&gt;
&lt;tr&gt;&lt;td&gt;Latitude: -18.302856 &lt;/td&gt;&lt;/tr&gt;
&lt;tr&gt;&lt;td&gt;Heading: 314.3 &lt;/td&gt;&lt;/tr&gt;
&lt;/table&gt;</desc>
    <sym>Flag, Blue</sym>
    <type>user</type>
  </wpt>
  <wpt lat="-18.302830969914794" lon="32.84389799460769">
    <ele>2501.2094743649677</ele>
    <time>2026-10-02T12:58:39.000Z</time>
    <name>The Epic 2025 001-861</name>
    <cmt>&lt;table&gt;
&lt;tr&gt;&lt;td&gt;Longitude: 32.843898 &lt;/td&gt;&lt;/tr&gt;
&lt;tr&gt;&lt;td&gt;Latitude: -18.302831 &lt;/td&gt;&lt;/tr&gt;
&lt;tr&gt;&lt;td&gt;Heading: 286.0 &lt;/td&gt;&lt;/tr&gt;
&lt;/table&gt;</cmt>
    <desc>&lt;table&gt;
&lt;tr&gt;&lt;td&gt;Longitude: 32.843898 &lt;/td&gt;&lt;/tr&gt;
&lt;tr&gt;&lt;td&gt;Latitude: -18.302831 &lt;/td&gt;&lt;/tr&gt;
&lt;tr&gt;&lt;td&gt;Heading: 286.0 &lt;/td&gt;&lt;/tr&gt;
&lt;/table&gt;</desc>
    <sym>Flag, Blue</sym>
    <type>user</type>
  </wpt>
  <wpt lat="-18.302614968270063" lon="32.843936970457435">
    <ele>2505.0408918337957</ele>
    <time>2026-10-02T12:58:39.000Z</time>
    <name>The Epic 2025 001-862</name>
    <cmt>&lt;table&gt;
&lt;tr&gt;&lt;td&gt;Longitude: 32.843937 &lt;/td&gt;&lt;/tr&gt;
&lt;tr&gt;&lt;td&gt;Latitude: -18.302615 &lt;/td&gt;&lt;/tr&gt;
&lt;tr&gt;&lt;td&gt;Heading: 9.7 &lt;/td&gt;&lt;/tr&gt;
&lt;/table&gt;</cmt>
    <desc>&lt;table&gt;
&lt;tr&gt;&lt;td&gt;Longitude: 32.843937 &lt;/td&gt;&lt;/tr&gt;
&lt;tr&gt;&lt;td&gt;Latitude: -18.302615 &lt;/td&gt;&lt;/tr&gt;
&lt;tr&gt;&lt;td&gt;Heading: 9.7 &lt;/td&gt;&lt;/tr&gt;
&lt;/table&gt;</desc>
    <sym>Flag, Blue</sym>
    <type>user</type>
  </wpt>
  <wpt lat="-18.302445989102125" lon="32.84390897490084">
    <ele>2508.7117515813197</ele>
    <time>2026-10-02T12:58:39.000Z</time>
    <name>The Epic 2025 001-863</name>
    <cmt>&lt;table&gt;
&lt;tr&gt;&lt;td&gt;Longitude: 32.843909 &lt;/td&gt;&lt;/tr&gt;
&lt;tr&gt;&lt;td&gt;Latitude: -18.302446 &lt;/td&gt;&lt;/tr&gt;
&lt;tr&gt;&lt;td&gt;Heading: 350.8 &lt;/td&gt;&lt;/tr&gt;
&lt;/table&gt;</cmt>
    <desc>&lt;table&gt;
&lt;tr&gt;&lt;td&gt;Longitude: 32.843909 &lt;/td&gt;&lt;/tr&gt;
&lt;tr&gt;&lt;td&gt;Latitude: -18.302446 &lt;/td&gt;&lt;/tr&gt;
&lt;tr&gt;&lt;td&gt;Heading: 350.8 &lt;/td&gt;&lt;/tr&gt;
&lt;/table&gt;</desc>
    <sym>Flag, Blue</sym>
    <type>user</type>
  </wpt>
  <wpt lat="-18.302395027130842" lon="32.84375097602606">
    <ele>2512.8267472093976</ele>
    <time>2026-10-02T12:58:39.000Z</time>
    <name>The Epic 2025 001-864</name>
    <cmt>&lt;table&gt;
&lt;tr&gt;&lt;td&gt;Longitude: 32.843751 &lt;/td&gt;&lt;/tr&gt;
&lt;tr&gt;&lt;td&gt;Latitude: -18.302395 &lt;/td&gt;&lt;/tr&gt;
&lt;tr&gt;&lt;td&gt;Heading: 288.9 &lt;/td&gt;&lt;/tr&gt;
&lt;/table&gt;</cmt>
    <desc>&lt;table&gt;
&lt;tr&gt;&lt;td&gt;Longitude: 32.843751 &lt;/td&gt;&lt;/tr&gt;
&lt;tr&gt;&lt;td&gt;Latitude: -18.302395 &lt;/td&gt;&lt;/tr&gt;
&lt;tr&gt;&lt;td&gt;Heading: 288.9 &lt;/td&gt;&lt;/tr&gt;
&lt;/table&gt;</desc>
    <sym>Flag, Blue</sym>
    <type>user</type>
  </wpt>
  <wpt lat="-18.302335012704134" lon="32.8436850104481">
    <ele>2514.66243117967</ele>
    <time>2026-10-02T12:58:39.000Z</time>
    <name>The Epic 2025 001-865</name>
    <cmt>&lt;table&gt;
&lt;tr&gt;&lt;td&gt;Longitude: 32.843685 &lt;/td&gt;&lt;/tr&gt;
&lt;tr&gt;&lt;td&gt;Latitude: -18.302335 &lt;/td&gt;&lt;/tr&gt;
&lt;tr&gt;&lt;td&gt;Heading: 313.7 &lt;/td&gt;&lt;/tr&gt;
&lt;/table&gt;</cmt>
    <desc>&lt;table&gt;
&lt;tr&gt;&lt;td&gt;Longitude: 32.843685 &lt;/td&gt;&lt;/tr&gt;
&lt;tr&gt;&lt;td&gt;Latitude: -18.302335 &lt;/td&gt;&lt;/tr&gt;
&lt;tr&gt;&lt;td&gt;Heading: 313.7 &lt;/td&gt;&lt;/tr&gt;
&lt;/table&gt;</desc>
    <sym>Flag, Blue</sym>
    <type>user</type>
  </wpt>
  <wpt lat="-18.3022019919008" lon="32.843507984653115">
    <ele>2518.9790715923136</ele>
    <time>2026-10-02T12:58:39.000Z</time>
    <name>The Epic 2025 001-866</name>
    <cmt>&lt;table&gt;
&lt;tr&gt;&lt;td&gt;Longitude: 32.843508 &lt;/td&gt;&lt;/tr&gt;
&lt;tr&gt;&lt;td&gt;Latitude: -18.302202 &lt;/td&gt;&lt;/tr&gt;
&lt;tr&gt;&lt;td&gt;Heading: 308.5 &lt;/td&gt;&lt;/tr&gt;
&lt;/table&gt;</cmt>
    <desc>&lt;table&gt;
&lt;tr&gt;&lt;td&gt;Longitude: 32.843508 &lt;/td&gt;&lt;/tr&gt;
&lt;tr&gt;&lt;td&gt;Latitude: -18.302202 &lt;/td&gt;&lt;/tr&gt;
&lt;tr&gt;&lt;td&gt;Heading: 308.5 &lt;/td&gt;&lt;/tr&gt;
&lt;/table&gt;</desc>
    <sym>Flag, Blue</sym>
    <type>user</type>
  </wpt>
  <wpt lat="-18.30202798359096" lon="32.84342701546848">
    <ele>2521.2807863387143</ele>
    <time>2026-10-02T12:58:39.000Z</time>
    <name>The Epic 2025 001-867</name>
    <cmt>&lt;table&gt;
&lt;tr&gt;&lt;td&gt;Longitude: 32.843427 &lt;/td&gt;&lt;/tr&gt;
&lt;tr&gt;&lt;td&gt;Latitude: -18.302028 &lt;/td&gt;&lt;/tr&gt;
&lt;tr&gt;&lt;td&gt;Heading: 336.2 &lt;/td&gt;&lt;/tr&gt;
&lt;/table&gt;</cmt>
    <desc>&lt;table&gt;
&lt;tr&gt;&lt;td&gt;Longitude: 32.843427 &lt;/td&gt;&lt;/tr&gt;
&lt;tr&gt;&lt;td&gt;Latitude: -18.302028 &lt;/td&gt;&lt;/tr&gt;
&lt;tr&gt;&lt;td&gt;Heading: 336.2 &lt;/td&gt;&lt;/tr&gt;
&lt;/table&gt;</desc>
    <sym>Flag, Blue</sym>
    <type>user</type>
  </wpt>
  <wpt lat="-18.30181097611785" lon="32.84325996413827">
    <ele>2526.28955078125</ele>
    <time>2026-10-02T12:58:39.000Z</time>
    <name>The Epic 2025 001-868</name>
    <cmt>&lt;table&gt;
&lt;tr&gt;&lt;td&gt;Longitude: 32.843260 &lt;/td&gt;&lt;/tr&gt;
&lt;tr&gt;&lt;td&gt;Latitude: -18.301811 &lt;/td&gt;&lt;/tr&gt;
&lt;tr&gt;&lt;td&gt;Heading: 323.7 &lt;/td&gt;&lt;/tr&gt;
&lt;/table&gt;</cmt>
    <desc>&lt;table&gt;
&lt;tr&gt;&lt;td&gt;Longitude: 32.843260 &lt;/td&gt;&lt;/tr&gt;
&lt;tr&gt;&lt;td&gt;Latitude: -18.301811 &lt;/td&gt;&lt;/tr&gt;
&lt;tr&gt;&lt;td&gt;Heading: 323.7 &lt;/td&gt;&lt;/tr&gt;
&lt;/table&gt;</desc>
    <sym>Flag, Blue</sym>
    <type>user</type>
  </wpt>
  <wpt lat="-18.301477963104844" lon="32.84311302937567">
    <ele>2530.766640292272</ele>
    <time>2026-10-02T12:58:39.000Z</time>
    <name>The Epic 2025 001-869</name>
    <cmt>&lt;table&gt;
&lt;tr&gt;&lt;td&gt;Longitude: 32.843113 &lt;/td&gt;&lt;/tr&gt;
&lt;tr&gt;&lt;td&gt;Latitude: -18.301478 &lt;/td&gt;&lt;/tr&gt;
&lt;tr&gt;&lt;td&gt;Heading: 337.3 &lt;/td&gt;&lt;/tr&gt;
&lt;/table&gt;</cmt>
    <desc>&lt;table&gt;
&lt;tr&gt;&lt;td&gt;Longitude: 32.843113 &lt;/td&gt;&lt;/tr&gt;
&lt;tr&gt;&lt;td&gt;Latitude: -18.301478 &lt;/td&gt;&lt;/tr&gt;
&lt;tr&gt;&lt;td&gt;Heading: 337.3 &lt;/td&gt;&lt;/tr&gt;
&lt;/table&gt;</desc>
    <sym>Flag, Blue</sym>
    <type>user</type>
  </wpt>
  <wpt lat="-18.437202014029026" lon="32.80769797973335">
    <ele>1523.6146825283706</ele>
    <time>2026-10-02T12:58:39.000Z</time>
    <name>The Epic 2025 001-87</name>
    <cmt>&lt;table&gt;
&lt;tr&gt;&lt;td&gt;Longitude: 32.807698 &lt;/td&gt;&lt;/tr&gt;
&lt;tr&gt;&lt;td&gt;Latitude: -18.437202 &lt;/td&gt;&lt;/tr&gt;
&lt;tr&gt;&lt;td&gt;Heading: 356.7 &lt;/td&gt;&lt;/tr&gt;
&lt;/table&gt;</cmt>
    <desc>&lt;table&gt;
&lt;tr&gt;&lt;td&gt;Longitude: 32.807698 &lt;/td&gt;&lt;/tr&gt;
&lt;tr&gt;&lt;td&gt;Latitude: -18.437202 &lt;/td&gt;&lt;/tr&gt;
&lt;tr&gt;&lt;td&gt;Heading: 356.7 &lt;/td&gt;&lt;/tr&gt;
&lt;/table&gt;</desc>
    <sym>Flag, Blue</sym>
    <type>user</type>
  </wpt>
  <wpt lat="-18.301502019166946" lon="32.842926029115915">
    <ele>2537.033203125</ele>
    <time>2026-10-02T12:58:39.000Z</time>
    <name>The Epic 2025 001-870</name>
    <cmt>&lt;table&gt;
&lt;tr&gt;&lt;td&gt;Longitude: 32.842926 &lt;/td&gt;&lt;/tr&gt;
&lt;tr&gt;&lt;td&gt;Latitude: -18.301502 &lt;/td&gt;&lt;/tr&gt;
&lt;tr&gt;&lt;td&gt;Heading: 262.3 &lt;/td&gt;&lt;/tr&gt;
&lt;/table&gt;</cmt>
    <desc>&lt;table&gt;
&lt;tr&gt;&lt;td&gt;Longitude: 32.842926 &lt;/td&gt;&lt;/tr&gt;
&lt;tr&gt;&lt;td&gt;Latitude: -18.301502 &lt;/td&gt;&lt;/tr&gt;
&lt;tr&gt;&lt;td&gt;Heading: 262.3 &lt;/td&gt;&lt;/tr&gt;
&lt;/table&gt;</desc>
    <sym>Flag, Blue</sym>
    <type>user</type>
  </wpt>
  <wpt lat="-18.301247963681817" lon="32.84287096001208">
    <ele>2539.907660505036</ele>
    <time>2026-10-02T12:58:39.000Z</time>
    <name>The Epic 2025 001-871</name>
    <cmt>&lt;table&gt;
&lt;tr&gt;&lt;td&gt;Longitude: 32.842871 &lt;/td&gt;&lt;/tr&gt;
&lt;tr&gt;&lt;td&gt;Latitude: -18.301248 &lt;/td&gt;&lt;/tr&gt;
&lt;tr&gt;&lt;td&gt;Heading: 348.3 &lt;/td&gt;&lt;/tr&gt;
&lt;/table&gt;</cmt>
    <desc>&lt;table&gt;
&lt;tr&gt;&lt;td&gt;Longitude: 32.842871 &lt;/td&gt;&lt;/tr&gt;
&lt;tr&gt;&lt;td&gt;Latitude: -18.301248 &lt;/td&gt;&lt;/tr&gt;
&lt;tr&gt;&lt;td&gt;Heading: 348.3 &lt;/td&gt;&lt;/tr&gt;
&lt;/table&gt;</desc>
    <sym>Flag, Blue</sym>
    <type>user</type>
  </wpt>
  <wpt lat="-18.301155008375645" lon="32.842688988894224">
    <ele>2547.333231183118</ele>
    <time>2026-10-02T12:58:39.000Z</time>
    <name>The Epic 2025 001-872</name>
    <cmt>&lt;table&gt;
&lt;tr&gt;&lt;td&gt;Longitude: 32.842689 &lt;/td&gt;&lt;/tr&gt;
&lt;tr&gt;&lt;td&gt;Latitude: -18.301155 &lt;/td&gt;&lt;/tr&gt;
&lt;tr&gt;&lt;td&gt;Heading: 298.3 &lt;/td&gt;&lt;/tr&gt;
&lt;/table&gt;</cmt>
    <desc>&lt;table&gt;
&lt;tr&gt;&lt;td&gt;Longitude: 32.842689 &lt;/td&gt;&lt;/tr&gt;
&lt;tr&gt;&lt;td&gt;Latitude: -18.301155 &lt;/td&gt;&lt;/tr&gt;
&lt;tr&gt;&lt;td&gt;Heading: 298.3 &lt;/td&gt;&lt;/tr&gt;
&lt;/table&gt;</desc>
    <sym>Flag, Blue</sym>
    <type>user</type>
  </wpt>
  <wpt lat="-18.300936995074153" lon="32.84271698445082">
    <ele>2548.2796921571717</ele>
    <time>2026-10-02T12:58:39.000Z</time>
    <name>The Epic 2025 001-873</name>
    <cmt>&lt;table&gt;
&lt;tr&gt;&lt;td&gt;Longitude: 32.842717 &lt;/td&gt;&lt;/tr&gt;
&lt;tr&gt;&lt;td&gt;Latitude: -18.300937 &lt;/td&gt;&lt;/tr&gt;
&lt;tr&gt;&lt;td&gt;Heading: 6.8 &lt;/td&gt;&lt;/tr&gt;
&lt;/table&gt;</cmt>
    <desc>&lt;table&gt;
&lt;tr&gt;&lt;td&gt;Longitude: 32.842717 &lt;/td&gt;&lt;/tr&gt;
&lt;tr&gt;&lt;td&gt;Latitude: -18.300937 &lt;/td&gt;&lt;/tr&gt;
&lt;tr&gt;&lt;td&gt;Heading: 6.8 &lt;/td&gt;&lt;/tr&gt;
&lt;/table&gt;</desc>
    <sym>Flag, Blue</sym>
    <type>user</type>
  </wpt>
  <wpt lat="-18.300792993977666" lon="32.84319198690355">
    <ele>2532.6491991297307</ele>
    <time>2026-10-02T12:58:39.000Z</time>
    <name>The Epic 2025 001-874</name>
    <cmt>&lt;table&gt;
&lt;tr&gt;&lt;td&gt;Longitude: 32.843192 &lt;/td&gt;&lt;/tr&gt;
&lt;tr&gt;&lt;td&gt;Latitude: -18.300793 &lt;/td&gt;&lt;/tr&gt;
&lt;tr&gt;&lt;td&gt;Heading: 72.3 &lt;/td&gt;&lt;/tr&gt;
&lt;/table&gt;</cmt>
    <desc>&lt;table&gt;
&lt;tr&gt;&lt;td&gt;Longitude: 32.843192 &lt;/td&gt;&lt;/tr&gt;
&lt;tr&gt;&lt;td&gt;Latitude: -18.300793 &lt;/td&gt;&lt;/tr&gt;
&lt;tr&gt;&lt;td&gt;Heading: 72.3 &lt;/td&gt;&lt;/tr&gt;
&lt;/table&gt;</desc>
    <sym>Flag, Blue</sym>
    <type>user</type>
  </wpt>
  <wpt lat="-18.300745971500874" lon="32.84356296993792">
    <ele>2523.354223821312</ele>
    <time>2026-10-02T12:58:39.000Z</time>
    <name>The Epic 2025 001-875</name>
    <cmt>&lt;table&gt;
&lt;tr&gt;&lt;td&gt;Longitude: 32.843563 &lt;/td&gt;&lt;/tr&gt;
&lt;tr&gt;&lt;td&gt;Latitude: -18.300746 &lt;/td&gt;&lt;/tr&gt;
&lt;tr&gt;&lt;td&gt;Heading: 82.5 &lt;/td&gt;&lt;/tr&gt;
&lt;/table&gt;</cmt>
    <desc>&lt;table&gt;
&lt;tr&gt;&lt;td&gt;Longitude: 32.843563 &lt;/td&gt;&lt;/tr&gt;
&lt;tr&gt;&lt;td&gt;Latitude: -18.300746 &lt;/td&gt;&lt;/tr&gt;
&lt;tr&gt;&lt;td&gt;Heading: 82.5 &lt;/td&gt;&lt;/tr&gt;
&lt;/table&gt;</desc>
    <sym>Flag, Blue</sym>
    <type>user</type>
  </wpt>
  <wpt lat="-18.300470039248466" lon="32.84383202902973">
    <ele>2520.3889947838616</ele>
    <time>2026-10-02T12:58:39.000Z</time>
    <name>The Epic 2025 001-876</name>
    <cmt>&lt;table&gt;
&lt;tr&gt;&lt;td&gt;Longitude: 32.843832 &lt;/td&gt;&lt;/tr&gt;
&lt;tr&gt;&lt;td&gt;Latitude: -18.300470 &lt;/td&gt;&lt;/tr&gt;
&lt;tr&gt;&lt;td&gt;Heading: 42.7 &lt;/td&gt;&lt;/tr&gt;
&lt;/table&gt;</cmt>
    <desc>&lt;table&gt;
&lt;tr&gt;&lt;td&gt;Longitude: 32.843832 &lt;/td&gt;&lt;/tr&gt;
&lt;tr&gt;&lt;td&gt;Latitude: -18.300470 &lt;/td&gt;&lt;/tr&gt;
&lt;tr&gt;&lt;td&gt;Heading: 42.7 &lt;/td&gt;&lt;/tr&gt;
&lt;/table&gt;</desc>
    <sym>Flag, Blue</sym>
    <type>user</type>
  </wpt>
  <wpt lat="-18.300205003470182" lon="32.843955997377634">
    <ele>2518.9411045633024</ele>
    <time>2026-10-02T12:58:39.000Z</time>
    <name>The Epic 2025 001-877</name>
    <cmt>&lt;table&gt;
&lt;tr&gt;&lt;td&gt;Longitude: 32.843956 &lt;/td&gt;&lt;/tr&gt;
&lt;tr&gt;&lt;td&gt;Latitude: -18.300205 &lt;/td&gt;&lt;/tr&gt;
&lt;tr&gt;&lt;td&gt;Heading: 24.0 &lt;/td&gt;&lt;/tr&gt;
&lt;/table&gt;</cmt>
    <desc>&lt;table&gt;
&lt;tr&gt;&lt;td&gt;Longitude: 32.843956 &lt;/td&gt;&lt;/tr&gt;
&lt;tr&gt;&lt;td&gt;Latitude: -18.300205 &lt;/td&gt;&lt;/tr&gt;
&lt;tr&gt;&lt;td&gt;Heading: 24.0 &lt;/td&gt;&lt;/tr&gt;
&lt;/table&gt;</desc>
    <sym>Flag, Blue</sym>
    <type>user</type>
  </wpt>
  <wpt lat="-18.29994298517704" lon="32.844175016507506">
    <ele>2516.215431864811</ele>
    <time>2026-10-02T12:58:39.000Z</time>
    <name>The Epic 2025 001-878</name>
    <cmt>&lt;table&gt;
&lt;tr&gt;&lt;td&gt;Longitude: 32.844175 &lt;/td&gt;&lt;/tr&gt;
&lt;tr&gt;&lt;td&gt;Latitude: -18.299943 &lt;/td&gt;&lt;/tr&gt;
&lt;tr&gt;&lt;td&gt;Heading: 38.5 &lt;/td&gt;&lt;/tr&gt;
&lt;/table&gt;</cmt>
    <desc>&lt;table&gt;
&lt;tr&gt;&lt;td&gt;Longitude: 32.844175 &lt;/td&gt;&lt;/tr&gt;
&lt;tr&gt;&lt;td&gt;Latitude: -18.299943 &lt;/td&gt;&lt;/tr&gt;
&lt;tr&gt;&lt;td&gt;Heading: 38.5 &lt;/td&gt;&lt;/tr&gt;
&lt;/table&gt;</desc>
    <sym>Flag, Blue</sym>
    <type>user</type>
  </wpt>
  <wpt lat="-18.299459014087915" lon="32.84454801119864">
    <ele>2508.8275645384115</ele>
    <time>2026-10-02T12:58:39.000Z</time>
    <name>The Epic 2025 001-879</name>
    <cmt>&lt;table&gt;
&lt;tr&gt;&lt;td&gt;Longitude: 32.844548 &lt;/td&gt;&lt;/tr&gt;
&lt;tr&gt;&lt;td&gt;Latitude: -18.299459 &lt;/td&gt;&lt;/tr&gt;
&lt;tr&gt;&lt;td&gt;Heading: 36.2 &lt;/td&gt;&lt;/tr&gt;
&lt;/table&gt;</cmt>
    <desc>&lt;table&gt;
&lt;tr&gt;&lt;td&gt;Longitude: 32.844548 &lt;/td&gt;&lt;/tr&gt;
&lt;tr&gt;&lt;td&gt;Latitude: -18.299459 &lt;/td&gt;&lt;/tr&gt;
&lt;tr&gt;&lt;td&gt;Heading: 36.2 &lt;/td&gt;&lt;/tr&gt;
&lt;/table&gt;</desc>
    <sym>Flag, Blue</sym>
    <type>user</type>
  </wpt>
  <wpt lat="-18.436831030994654" lon="32.80789596028626">
    <ele>1515.0414954780135</ele>
    <time>2026-10-02T12:58:39.000Z</time>
    <name>The Epic 2025 001-88</name>
    <cmt>&lt;table&gt;
&lt;tr&gt;&lt;td&gt;Longitude: 32.807896 &lt;/td&gt;&lt;/tr&gt;
&lt;tr&gt;&lt;td&gt;Latitude: -18.436831 &lt;/td&gt;&lt;/tr&gt;
&lt;tr&gt;&lt;td&gt;Heading: 26.9 &lt;/td&gt;&lt;/tr&gt;
&lt;/table&gt;</cmt>
    <desc>&lt;table&gt;
&lt;tr&gt;&lt;td&gt;Longitude: 32.807896 &lt;/td&gt;&lt;/tr&gt;
&lt;tr&gt;&lt;td&gt;Latitude: -18.436831 &lt;/td&gt;&lt;/tr&gt;
&lt;tr&gt;&lt;td&gt;Heading: 26.9 &lt;/td&gt;&lt;/tr&gt;
&lt;/table&gt;</desc>
    <sym>Flag, Blue</sym>
    <type>user</type>
  </wpt>
  <wpt lat="-18.299259021878242" lon="32.84492000006139">
    <ele>2498.3992176725296</ele>
    <time>2026-10-02T12:58:39.000Z</time>
    <name>The Epic 2025 001-880</name>
    <cmt>&lt;table&gt;
&lt;tr&gt;&lt;td&gt;Longitude: 32.844920 &lt;/td&gt;&lt;/tr&gt;
&lt;tr&gt;&lt;td&gt;Latitude: -18.299259 &lt;/td&gt;&lt;/tr&gt;
&lt;tr&gt;&lt;td&gt;Heading: 60.5 &lt;/td&gt;&lt;/tr&gt;
&lt;/table&gt;</cmt>
    <desc>&lt;table&gt;
&lt;tr&gt;&lt;td&gt;Longitude: 32.844920 &lt;/td&gt;&lt;/tr&gt;
&lt;tr&gt;&lt;td&gt;Latitude: -18.299259 &lt;/td&gt;&lt;/tr&gt;
&lt;tr&gt;&lt;td&gt;Heading: 60.5 &lt;/td&gt;&lt;/tr&gt;
&lt;/table&gt;</desc>
    <sym>Flag, Blue</sym>
    <type>user</type>
  </wpt>
  <wpt lat="-18.299163971096277" lon="32.84529802389443">
    <ele>2486.47684446204</ele>
    <time>2026-10-02T12:58:39.000Z</time>
    <name>The Epic 2025 001-881</name>
    <cmt>&lt;table&gt;
&lt;tr&gt;&lt;td&gt;Longitude: 32.845298 &lt;/td&gt;&lt;/tr&gt;
&lt;tr&gt;&lt;td&gt;Latitude: -18.299164 &lt;/td&gt;&lt;/tr&gt;
&lt;tr&gt;&lt;td&gt;Heading: 75.2 &lt;/td&gt;&lt;/tr&gt;
&lt;/table&gt;</cmt>
    <desc>&lt;table&gt;
&lt;tr&gt;&lt;td&gt;Longitude: 32.845298 &lt;/td&gt;&lt;/tr&gt;
&lt;tr&gt;&lt;td&gt;Latitude: -18.299164 &lt;/td&gt;&lt;/tr&gt;
&lt;tr&gt;&lt;td&gt;Heading: 75.2 &lt;/td&gt;&lt;/tr&gt;
&lt;/table&gt;</desc>
    <sym>Flag, Blue</sym>
    <type>user</type>
  </wpt>
  <wpt lat="-18.29899398609996" lon="32.845291988924146">
    <ele>2483.3474077806063</ele>
    <time>2026-10-02T12:58:39.000Z</time>
    <name>The Epic 2025 001-882</name>
    <cmt>&lt;table&gt;
&lt;tr&gt;&lt;td&gt;Longitude: 32.845292 &lt;/td&gt;&lt;/tr&gt;
&lt;tr&gt;&lt;td&gt;Latitude: -18.298994 &lt;/td&gt;&lt;/tr&gt;
&lt;tr&gt;&lt;td&gt;Heading: 358.1 &lt;/td&gt;&lt;/tr&gt;
&lt;/table&gt;</cmt>
    <desc>&lt;table&gt;
&lt;tr&gt;&lt;td&gt;Longitude: 32.845292 &lt;/td&gt;&lt;/tr&gt;
&lt;tr&gt;&lt;td&gt;Latitude: -18.298994 &lt;/td&gt;&lt;/tr&gt;
&lt;tr&gt;&lt;td&gt;Heading: 358.1 &lt;/td&gt;&lt;/tr&gt;
&lt;/table&gt;</desc>
    <sym>Flag, Blue</sym>
    <type>user</type>
  </wpt>
  <wpt lat="-18.298537004739046" lon="32.84561603330076">
    <ele>2463.723777094071</ele>
    <time>2026-10-02T12:58:39.000Z</time>
    <name>The Epic 2025 001-883</name>
    <cmt>&lt;table&gt;
&lt;tr&gt;&lt;td&gt;Longitude: 32.845616 &lt;/td&gt;&lt;/tr&gt;
&lt;tr&gt;&lt;td&gt;Latitude: -18.298537 &lt;/td&gt;&lt;/tr&gt;
&lt;tr&gt;&lt;td&gt;Heading: 33.9 &lt;/td&gt;&lt;/tr&gt;
&lt;/table&gt;</cmt>
    <desc>&lt;table&gt;
&lt;tr&gt;&lt;td&gt;Longitude: 32.845616 &lt;/td&gt;&lt;/tr&gt;
&lt;tr&gt;&lt;td&gt;Latitude: -18.298537 &lt;/td&gt;&lt;/tr&gt;
&lt;tr&gt;&lt;td&gt;Heading: 33.9 &lt;/td&gt;&lt;/tr&gt;
&lt;/table&gt;</desc>
    <sym>Flag, Blue</sym>
    <type>user</type>
  </wpt>
  <wpt lat="-18.298532981425524" lon="32.84586598165333">
    <ele>2456.083181424881</ele>
    <time>2026-10-02T12:58:39.000Z</time>
    <name>The Epic 2025 001-884</name>
    <cmt>&lt;table&gt;
&lt;tr&gt;&lt;td&gt;Longitude: 32.845866 &lt;/td&gt;&lt;/tr&gt;
&lt;tr&gt;&lt;td&gt;Latitude: -18.298533 &lt;/td&gt;&lt;/tr&gt;
&lt;tr&gt;&lt;td&gt;Heading: 89.1 &lt;/td&gt;&lt;/tr&gt;
&lt;/table&gt;</cmt>
    <desc>&lt;table&gt;
&lt;tr&gt;&lt;td&gt;Longitude: 32.845866 &lt;/td&gt;&lt;/tr&gt;
&lt;tr&gt;&lt;td&gt;Latitude: -18.298533 &lt;/td&gt;&lt;/tr&gt;
&lt;tr&gt;&lt;td&gt;Heading: 89.1 &lt;/td&gt;&lt;/tr&gt;
&lt;/table&gt;</desc>
    <sym>Flag, Blue</sym>
    <type>user</type>
  </wpt>
  <wpt lat="-18.29854496754706" lon="32.84646302461624">
    <ele>2452.232745910529</ele>
    <time>2026-10-02T12:58:39.000Z</time>
    <name>The Epic 2025 001-885</name>
    <cmt>&lt;table&gt;
&lt;tr&gt;&lt;td&gt;Longitude: 32.846463 &lt;/td&gt;&lt;/tr&gt;
&lt;tr&gt;&lt;td&gt;Latitude: -18.298545 &lt;/td&gt;&lt;/tr&gt;
&lt;tr&gt;&lt;td&gt;Heading: 91.2 &lt;/td&gt;&lt;/tr&gt;
&lt;/table&gt;</cmt>
    <desc>&lt;table&gt;
&lt;tr&gt;&lt;td&gt;Longitude: 32.846463 &lt;/td&gt;&lt;/tr&gt;
&lt;tr&gt;&lt;td&gt;Latitude: -18.298545 &lt;/td&gt;&lt;/tr&gt;
&lt;tr&gt;&lt;td&gt;Heading: 91.2 &lt;/td&gt;&lt;/tr&gt;
&lt;/table&gt;</desc>
    <sym>Flag, Blue</sym>
    <type>user</type>
  </wpt>
  <wpt lat="-18.298188988119364" lon="32.84731303341687">
    <ele>2455.859341342002</ele>
    <time>2026-10-02T12:58:39.000Z</time>
    <name>The Epic 2025 001-886</name>
    <cmt>&lt;table&gt;
&lt;tr&gt;&lt;td&gt;Longitude: 32.847313 &lt;/td&gt;&lt;/tr&gt;
&lt;tr&gt;&lt;td&gt;Latitude: -18.298189 &lt;/td&gt;&lt;/tr&gt;
&lt;tr&gt;&lt;td&gt;Heading: 66.2 &lt;/td&gt;&lt;/tr&gt;
&lt;/table&gt;</cmt>
    <desc>&lt;table&gt;
&lt;tr&gt;&lt;td&gt;Longitude: 32.847313 &lt;/td&gt;&lt;/tr&gt;
&lt;tr&gt;&lt;td&gt;Latitude: -18.298189 &lt;/td&gt;&lt;/tr&gt;
&lt;tr&gt;&lt;td&gt;Heading: 66.2 &lt;/td&gt;&lt;/tr&gt;
&lt;/table&gt;</desc>
    <sym>Flag, Blue</sym>
    <type>user</type>
  </wpt>
  <wpt lat="-18.29796401783824" lon="32.847650991752744">
    <ele>2457.7891193919268</ele>
    <time>2026-10-02T12:58:39.000Z</time>
    <name>The Epic 2025 001-887</name>
    <cmt>&lt;table&gt;
&lt;tr&gt;&lt;td&gt;Longitude: 32.847651 &lt;/td&gt;&lt;/tr&gt;
&lt;tr&gt;&lt;td&gt;Latitude: -18.297964 &lt;/td&gt;&lt;/tr&gt;
&lt;tr&gt;&lt;td&gt;Heading: 55.1 &lt;/td&gt;&lt;/tr&gt;
&lt;/table&gt;</cmt>
    <desc>&lt;table&gt;
&lt;tr&gt;&lt;td&gt;Longitude: 32.847651 &lt;/td&gt;&lt;/tr&gt;
&lt;tr&gt;&lt;td&gt;Latitude: -18.297964 &lt;/td&gt;&lt;/tr&gt;
&lt;tr&gt;&lt;td&gt;Heading: 55.1 &lt;/td&gt;&lt;/tr&gt;
&lt;/table&gt;</desc>
    <sym>Flag, Blue</sym>
    <type>user</type>
  </wpt>
  <wpt lat="-18.297824040055275" lon="32.84789398312569">
    <ele>2459.809443679638</ele>
    <time>2026-10-02T12:58:39.000Z</time>
    <name>The Epic 2025 001-888</name>
    <cmt>&lt;table&gt;
&lt;tr&gt;&lt;td&gt;Longitude: 32.847894 &lt;/td&gt;&lt;/tr&gt;
&lt;tr&gt;&lt;td&gt;Latitude: -18.297824 &lt;/td&gt;&lt;/tr&gt;
&lt;tr&gt;&lt;td&gt;Heading: 58.6 &lt;/td&gt;&lt;/tr&gt;
&lt;/table&gt;</cmt>
    <desc>&lt;table&gt;
&lt;tr&gt;&lt;td&gt;Longitude: 32.847894 &lt;/td&gt;&lt;/tr&gt;
&lt;tr&gt;&lt;td&gt;Latitude: -18.297824 &lt;/td&gt;&lt;/tr&gt;
&lt;tr&gt;&lt;td&gt;Heading: 58.6 &lt;/td&gt;&lt;/tr&gt;
&lt;/table&gt;</desc>
    <sym>Flag, Blue</sym>
    <type>user</type>
  </wpt>
  <wpt lat="-18.297632010653615" lon="32.84820897504687">
    <ele>2462.4113152516074</ele>
    <time>2026-10-02T12:58:39.000Z</time>
    <name>The Epic 2025 001-889</name>
    <cmt>&lt;table&gt;
&lt;tr&gt;&lt;td&gt;Longitude: 32.848209 &lt;/td&gt;&lt;/tr&gt;
&lt;tr&gt;&lt;td&gt;Latitude: -18.297632 &lt;/td&gt;&lt;/tr&gt;
&lt;tr&gt;&lt;td&gt;Heading: 57.3 &lt;/td&gt;&lt;/tr&gt;
&lt;/table&gt;</cmt>
    <desc>&lt;table&gt;
&lt;tr&gt;&lt;td&gt;Longitude: 32.848209 &lt;/td&gt;&lt;/tr&gt;
&lt;tr&gt;&lt;td&gt;Latitude: -18.297632 &lt;/td&gt;&lt;/tr&gt;
&lt;tr&gt;&lt;td&gt;Heading: 57.3 &lt;/td&gt;&lt;/tr&gt;
&lt;/table&gt;</desc>
    <sym>Flag, Blue</sym>
    <type>user</type>
  </wpt>
  <wpt lat="-18.436432974413037" lon="32.808916037902236">
    <ele>1505.5099733248353</ele>
    <time>2026-10-02T12:58:39.000Z</time>
    <name>The Epic 2025 001-89</name>
    <cmt>&lt;table&gt;
&lt;tr&gt;&lt;td&gt;Longitude: 32.808916 &lt;/td&gt;&lt;/tr&gt;
&lt;tr&gt;&lt;td&gt;Latitude: -18.436433 &lt;/td&gt;&lt;/tr&gt;
&lt;tr&gt;&lt;td&gt;Heading: 67.6 &lt;/td&gt;&lt;/tr&gt;
&lt;/table&gt;</cmt>
    <desc>&lt;table&gt;
&lt;tr&gt;&lt;td&gt;Longitude: 32.808916 &lt;/td&gt;&lt;/tr&gt;
&lt;tr&gt;&lt;td&gt;Latitude: -18.436433 &lt;/td&gt;&lt;/tr&gt;
&lt;tr&gt;&lt;td&gt;Heading: 67.6 &lt;/td&gt;&lt;/tr&gt;
&lt;/table&gt;</desc>
    <sym>Flag, Blue</sym>
    <type>user</type>
  </wpt>
  <wpt lat="-18.29762295819819" lon="32.84869504161179">
    <ele>2458.8964837484527</ele>
    <time>2026-10-02T12:58:39.000Z</time>
    <name>The Epic 2025 001-890</name>
    <cmt>&lt;table&gt;
&lt;tr&gt;&lt;td&gt;Longitude: 32.848695 &lt;/td&gt;&lt;/tr&gt;
&lt;tr&gt;&lt;td&gt;Latitude: -18.297623 &lt;/td&gt;&lt;/tr&gt;
&lt;tr&gt;&lt;td&gt;Heading: 88.9 &lt;/td&gt;&lt;/tr&gt;
&lt;/table&gt;</cmt>
    <desc>&lt;table&gt;
&lt;tr&gt;&lt;td&gt;Longitude: 32.848695 &lt;/td&gt;&lt;/tr&gt;
&lt;tr&gt;&lt;td&gt;Latitude: -18.297623 &lt;/td&gt;&lt;/tr&gt;
&lt;tr&gt;&lt;td&gt;Heading: 88.9 &lt;/td&gt;&lt;/tr&gt;
&lt;/table&gt;</desc>
    <sym>Flag, Blue</sym>
    <type>user</type>
  </wpt>
  <wpt lat="-18.297682972624898" lon="32.84920700825751">
    <ele>2449.5421482173256</ele>
    <time>2026-10-02T12:58:39.000Z</time>
    <name>The Epic 2025 001-891</name>
    <cmt>&lt;table&gt;
&lt;tr&gt;&lt;td&gt;Longitude: 32.849207 &lt;/td&gt;&lt;/tr&gt;
&lt;tr&gt;&lt;td&gt;Latitude: -18.297683 &lt;/td&gt;&lt;/tr&gt;
&lt;tr&gt;&lt;td&gt;Heading: 97.1 &lt;/td&gt;&lt;/tr&gt;
&lt;/table&gt;</cmt>
    <desc>&lt;table&gt;
&lt;tr&gt;&lt;td&gt;Longitude: 32.849207 &lt;/td&gt;&lt;/tr&gt;
&lt;tr&gt;&lt;td&gt;Latitude: -18.297683 &lt;/td&gt;&lt;/tr&gt;
&lt;tr&gt;&lt;td&gt;Heading: 97.1 &lt;/td&gt;&lt;/tr&gt;
&lt;/table&gt;</desc>
    <sym>Flag, Blue</sym>
    <type>user</type>
  </wpt>
  <wpt lat="-18.297522040084004" lon="32.849285965785384">
    <ele>2447.658203125</ele>
    <time>2026-10-02T12:58:39.000Z</time>
    <name>The Epic 2025 001-892</name>
    <cmt>&lt;table&gt;
&lt;tr&gt;&lt;td&gt;Longitude: 32.849286 &lt;/td&gt;&lt;/tr&gt;
&lt;tr&gt;&lt;td&gt;Latitude: -18.297522 &lt;/td&gt;&lt;/tr&gt;
&lt;tr&gt;&lt;td&gt;Heading: 24.9 &lt;/td&gt;&lt;/tr&gt;
&lt;/table&gt;</cmt>
    <desc>&lt;table&gt;
&lt;tr&gt;&lt;td&gt;Longitude: 32.849286 &lt;/td&gt;&lt;/tr&gt;
&lt;tr&gt;&lt;td&gt;Latitude: -18.297522 &lt;/td&gt;&lt;/tr&gt;
&lt;tr&gt;&lt;td&gt;Heading: 24.9 &lt;/td&gt;&lt;/tr&gt;
&lt;/table&gt;</desc>
    <sym>Flag, Blue</sym>
    <type>user</type>
  </wpt>
  <wpt lat="-18.297181986272335" lon="32.84929702989757">
    <ele>2445.505921241658</ele>
    <time>2026-10-02T12:58:39.000Z</time>
    <name>The Epic 2025 001-893</name>
    <cmt>&lt;table&gt;
&lt;tr&gt;&lt;td&gt;Longitude: 32.849297 &lt;/td&gt;&lt;/tr&gt;
&lt;tr&gt;&lt;td&gt;Latitude: -18.297182 &lt;/td&gt;&lt;/tr&gt;
&lt;tr&gt;&lt;td&gt;Heading: 1.8 &lt;/td&gt;&lt;/tr&gt;
&lt;/table&gt;</cmt>
    <desc>&lt;table&gt;
&lt;tr&gt;&lt;td&gt;Longitude: 32.849297 &lt;/td&gt;&lt;/tr&gt;
&lt;tr&gt;&lt;td&gt;Latitude: -18.297182 &lt;/td&gt;&lt;/tr&gt;
&lt;tr&gt;&lt;td&gt;Heading: 1.8 &lt;/td&gt;&lt;/tr&gt;
&lt;/table&gt;</desc>
    <sym>Flag, Blue</sym>
    <type>user</type>
  </wpt>
  <wpt lat="-18.29661000519991" lon="32.849696008488536">
    <ele>2428.442323291843</ele>
    <time>2026-10-02T12:58:39.000Z</time>
    <name>The Epic 2025 001-894</name>
    <cmt>&lt;table&gt;
&lt;tr&gt;&lt;td&gt;Longitude: 32.849696 &lt;/td&gt;&lt;/tr&gt;
&lt;tr&gt;&lt;td&gt;Latitude: -18.296610 &lt;/td&gt;&lt;/tr&gt;
&lt;tr&gt;&lt;td&gt;Heading: 33.5 &lt;/td&gt;&lt;/tr&gt;
&lt;/table&gt;</cmt>
    <desc>&lt;table&gt;
&lt;tr&gt;&lt;td&gt;Longitude: 32.849696 &lt;/td&gt;&lt;/tr&gt;
&lt;tr&gt;&lt;td&gt;Latitude: -18.296610 &lt;/td&gt;&lt;/tr&gt;
&lt;tr&gt;&lt;td&gt;Heading: 33.5 &lt;/td&gt;&lt;/tr&gt;
&lt;/table&gt;</desc>
    <sym>Flag, Blue</sym>
    <type>user</type>
  </wpt>
  <wpt lat="-18.296255031600595" lon="32.850014017894864">
    <ele>2420.9428629134154</ele>
    <time>2026-10-02T12:58:39.000Z</time>
    <name>The Epic 2025 001-895</name>
    <cmt>&lt;table&gt;
&lt;tr&gt;&lt;td&gt;Longitude: 32.850014 &lt;/td&gt;&lt;/tr&gt;
&lt;tr&gt;&lt;td&gt;Latitude: -18.296255 &lt;/td&gt;&lt;/tr&gt;
&lt;tr&gt;&lt;td&gt;Heading: 40.4 &lt;/td&gt;&lt;/tr&gt;
&lt;/table&gt;</cmt>
    <desc>&lt;table&gt;
&lt;tr&gt;&lt;td&gt;Longitude: 32.850014 &lt;/td&gt;&lt;/tr&gt;
&lt;tr&gt;&lt;td&gt;Latitude: -18.296255 &lt;/td&gt;&lt;/tr&gt;
&lt;tr&gt;&lt;td&gt;Heading: 40.4 &lt;/td&gt;&lt;/tr&gt;
&lt;/table&gt;</desc>
    <sym>Flag, Blue</sym>
    <type>user</type>
  </wpt>
  <wpt lat="-18.29624899663031" lon="32.850213004276156">
    <ele>2416.0740373365115</ele>
    <time>2026-10-02T12:58:39.000Z</time>
    <name>The Epic 2025 001-896</name>
    <cmt>&lt;table&gt;
&lt;tr&gt;&lt;td&gt;Longitude: 32.850213 &lt;/td&gt;&lt;/tr&gt;
&lt;tr&gt;&lt;td&gt;Latitude: -18.296249 &lt;/td&gt;&lt;/tr&gt;
&lt;tr&gt;&lt;td&gt;Heading: 88.4 &lt;/td&gt;&lt;/tr&gt;
&lt;/table&gt;</cmt>
    <desc>&lt;table&gt;
&lt;tr&gt;&lt;td&gt;Longitude: 32.850213 &lt;/td&gt;&lt;/tr&gt;
&lt;tr&gt;&lt;td&gt;Latitude: -18.296249 &lt;/td&gt;&lt;/tr&gt;
&lt;tr&gt;&lt;td&gt;Heading: 88.4 &lt;/td&gt;&lt;/tr&gt;
&lt;/table&gt;</desc>
    <sym>Flag, Blue</sym>
    <type>user</type>
  </wpt>
  <wpt lat="-18.296193005517125" lon="32.85063503310084">
    <ele>2403.8303370157955</ele>
    <time>2026-10-02T12:58:39.000Z</time>
    <name>The Epic 2025 001-897</name>
    <cmt>&lt;table&gt;
&lt;tr&gt;&lt;td&gt;Longitude: 32.850635 &lt;/td&gt;&lt;/tr&gt;
&lt;tr&gt;&lt;td&gt;Latitude: -18.296193 &lt;/td&gt;&lt;/tr&gt;
&lt;tr&gt;&lt;td&gt;Heading: 82.0 &lt;/td&gt;&lt;/tr&gt;
&lt;/table&gt;</cmt>
    <desc>&lt;table&gt;
&lt;tr&gt;&lt;td&gt;Longitude: 32.850635 &lt;/td&gt;&lt;/tr&gt;
&lt;tr&gt;&lt;td&gt;Latitude: -18.296193 &lt;/td&gt;&lt;/tr&gt;
&lt;tr&gt;&lt;td&gt;Heading: 82.0 &lt;/td&gt;&lt;/tr&gt;
&lt;/table&gt;</desc>
    <sym>Flag, Blue</sym>
    <type>user</type>
  </wpt>
  <wpt lat="-18.29587801359594" lon="32.85117298364639">
    <ele>2396.4748114275644</ele>
    <time>2026-10-02T12:58:39.000Z</time>
    <name>The Epic 2025 001-898</name>
    <cmt>&lt;table&gt;
&lt;tr&gt;&lt;td&gt;Longitude: 32.851173 &lt;/td&gt;&lt;/tr&gt;
&lt;tr&gt;&lt;td&gt;Latitude: -18.295878 &lt;/td&gt;&lt;/tr&gt;
&lt;tr&gt;&lt;td&gt;Heading: 58.3 &lt;/td&gt;&lt;/tr&gt;
&lt;/table&gt;</cmt>
    <desc>&lt;table&gt;
&lt;tr&gt;&lt;td&gt;Longitude: 32.851173 &lt;/td&gt;&lt;/tr&gt;
&lt;tr&gt;&lt;td&gt;Latitude: -18.295878 &lt;/td&gt;&lt;/tr&gt;
&lt;tr&gt;&lt;td&gt;Heading: 58.3 &lt;/td&gt;&lt;/tr&gt;
&lt;/table&gt;</desc>
    <sym>Flag, Blue</sym>
    <type>user</type>
  </wpt>
  <wpt lat="-18.2956709805876" lon="32.851690985262394">
    <ele>2396.6828818984795</ele>
    <time>2026-10-02T12:58:39.000Z</time>
    <name>The Epic 2025 001-899</name>
    <cmt>&lt;table&gt;
&lt;tr&gt;&lt;td&gt;Longitude: 32.851691 &lt;/td&gt;&lt;/tr&gt;
&lt;tr&gt;&lt;td&gt;Latitude: -18.295671 &lt;/td&gt;&lt;/tr&gt;
&lt;tr&gt;&lt;td&gt;Heading: 67.2 &lt;/td&gt;&lt;/tr&gt;
&lt;/table&gt;</cmt>
    <desc>&lt;table&gt;
&lt;tr&gt;&lt;td&gt;Longitude: 32.851691 &lt;/td&gt;&lt;/tr&gt;
&lt;tr&gt;&lt;td&gt;Latitude: -18.295671 &lt;/td&gt;&lt;/tr&gt;
&lt;tr&gt;&lt;td&gt;Heading: 67.2 &lt;/td&gt;&lt;/tr&gt;
&lt;/table&gt;</desc>
    <sym>Flag, Blue</sym>
    <type>user</type>
  </wpt>
  <wpt lat="-18.458252996206284" lon="32.80426701530814">
    <ele>1792.8799043983008</ele>
    <time>2026-10-02T12:58:39.000Z</time>
    <name>The Epic 2025 001-9</name>
    <cmt>&lt;table&gt;
&lt;tr&gt;&lt;td&gt;Longitude: 32.804267 &lt;/td&gt;&lt;/tr&gt;
&lt;tr&gt;&lt;td&gt;Latitude: -18.458253 &lt;/td&gt;&lt;/tr&gt;
&lt;tr&gt;&lt;td&gt;Heading: 60.9 &lt;/td&gt;&lt;/tr&gt;
&lt;/table&gt;</cmt>
    <desc>&lt;table&gt;
&lt;tr&gt;&lt;td&gt;Longitude: 32.804267 &lt;/td&gt;&lt;/tr&gt;
&lt;tr&gt;&lt;td&gt;Latitude: -18.458253 &lt;/td&gt;&lt;/tr&gt;
&lt;tr&gt;&lt;td&gt;Heading: 60.9 &lt;/td&gt;&lt;/tr&gt;
&lt;/table&gt;</desc>
    <sym>Flag, Blue</sym>
    <type>user</type>
  </wpt>
  <wpt lat="-18.43615997582674" lon="32.80774902552366">
    <ele>1484.9632963067852</ele>
    <time>2026-10-02T12:58:39.000Z</time>
    <name>The Epic 2025 001-90</name>
    <cmt>&lt;table&gt;
&lt;tr&gt;&lt;td&gt;Longitude: 32.807749 &lt;/td&gt;&lt;/tr&gt;
&lt;tr&gt;&lt;td&gt;Latitude: -18.436160 &lt;/td&gt;&lt;/tr&gt;
&lt;tr&gt;&lt;td&gt;Heading: 283.8 &lt;/td&gt;&lt;/tr&gt;
&lt;/table&gt;</cmt>
    <desc>&lt;table&gt;
&lt;tr&gt;&lt;td&gt;Longitude: 32.807749 &lt;/td&gt;&lt;/tr&gt;
&lt;tr&gt;&lt;td&gt;Latitude: -18.436160 &lt;/td&gt;&lt;/tr&gt;
&lt;tr&gt;&lt;td&gt;Heading: 283.8 &lt;/td&gt;&lt;/tr&gt;
&lt;/table&gt;</desc>
    <sym>Flag, Blue</sym>
    <type>user</type>
  </wpt>
  <wpt lat="-18.29549898393452" lon="32.85207102075219">
    <ele>2396.038961977698</ele>
    <time>2026-10-02T12:58:39.000Z</time>
    <name>The Epic 2025 001-900</name>
    <cmt>&lt;table&gt;
&lt;tr&gt;&lt;td&gt;Longitude: 32.852071 &lt;/td&gt;&lt;/tr&gt;
&lt;tr&gt;&lt;td&gt;Latitude: -18.295499 &lt;/td&gt;&lt;/tr&gt;
&lt;tr&gt;&lt;td&gt;Heading: 64.6 &lt;/td&gt;&lt;/tr&gt;
&lt;/table&gt;</cmt>
    <desc>&lt;table&gt;
&lt;tr&gt;&lt;td&gt;Longitude: 32.852071 &lt;/td&gt;&lt;/tr&gt;
&lt;tr&gt;&lt;td&gt;Latitude: -18.295499 &lt;/td&gt;&lt;/tr&gt;
&lt;tr&gt;&lt;td&gt;Heading: 64.6 &lt;/td&gt;&lt;/tr&gt;
&lt;/table&gt;</desc>
    <sym>Flag, Blue</sym>
    <type>user</type>
  </wpt>
  <wpt lat="-18.295253980904818" lon="32.85262699238956">
    <ele>2393.7304945754595</ele>
    <time>2026-10-02T12:58:39.000Z</time>
    <name>The Epic 2025 001-901</name>
    <cmt>&lt;table&gt;
&lt;tr&gt;&lt;td&gt;Longitude: 32.852627 &lt;/td&gt;&lt;/tr&gt;
&lt;tr&gt;&lt;td&gt;Latitude: -18.295254 &lt;/td&gt;&lt;/tr&gt;
&lt;tr&gt;&lt;td&gt;Heading: 65.1 &lt;/td&gt;&lt;/tr&gt;
&lt;/table&gt;</cmt>
    <desc>&lt;table&gt;
&lt;tr&gt;&lt;td&gt;Longitude: 32.852627 &lt;/td&gt;&lt;/tr&gt;
&lt;tr&gt;&lt;td&gt;Latitude: -18.295254 &lt;/td&gt;&lt;/tr&gt;
&lt;tr&gt;&lt;td&gt;Heading: 65.1 &lt;/td&gt;&lt;/tr&gt;
&lt;/table&gt;</desc>
    <sym>Flag, Blue</sym>
    <type>user</type>
  </wpt>
  <wpt lat="-18.295031022280455" lon="32.85277904011309">
    <ele>2393.19091796875</ele>
    <time>2026-10-02T12:58:39.000Z</time>
    <name>The Epic 2025 001-902</name>
    <cmt>&lt;table&gt;
&lt;tr&gt;&lt;td&gt;Longitude: 32.852779 &lt;/td&gt;&lt;/tr&gt;
&lt;tr&gt;&lt;td&gt;Latitude: -18.295031 &lt;/td&gt;&lt;/tr&gt;
&lt;tr&gt;&lt;td&gt;Heading: 32.9 &lt;/td&gt;&lt;/tr&gt;
&lt;/table&gt;</cmt>
    <desc>&lt;table&gt;
&lt;tr&gt;&lt;td&gt;Longitude: 32.852779 &lt;/td&gt;&lt;/tr&gt;
&lt;tr&gt;&lt;td&gt;Latitude: -18.295031 &lt;/td&gt;&lt;/tr&gt;
&lt;tr&gt;&lt;td&gt;Heading: 32.9 &lt;/td&gt;&lt;/tr&gt;
&lt;/table&gt;</desc>
    <sym>Flag, Blue</sym>
    <type>user</type>
  </wpt>
  <wpt lat="-18.294757017865777" lon="32.85324700176716">
    <ele>2391.986360943835</ele>
    <time>2026-10-02T12:58:39.000Z</time>
    <name>The Epic 2025 001-903</name>
    <cmt>&lt;table&gt;
&lt;tr&gt;&lt;td&gt;Longitude: 32.853247 &lt;/td&gt;&lt;/tr&gt;
&lt;tr&gt;&lt;td&gt;Latitude: -18.294757 &lt;/td&gt;&lt;/tr&gt;
&lt;tr&gt;&lt;td&gt;Heading: 58.4 &lt;/td&gt;&lt;/tr&gt;
&lt;/table&gt;</cmt>
    <desc>&lt;table&gt;
&lt;tr&gt;&lt;td&gt;Longitude: 32.853247 &lt;/td&gt;&lt;/tr&gt;
&lt;tr&gt;&lt;td&gt;Latitude: -18.294757 &lt;/td&gt;&lt;/tr&gt;
&lt;tr&gt;&lt;td&gt;Heading: 58.4 &lt;/td&gt;&lt;/tr&gt;
&lt;/table&gt;</desc>
    <sym>Flag, Blue</sym>
    <type>user</type>
  </wpt>
  <wpt lat="-18.29313101246953" lon="32.85542001016438">
    <ele>2383.8715519001707</ele>
    <time>2026-10-02T12:58:39.000Z</time>
    <name>The Epic 2025 001-904</name>
    <cmt>&lt;table&gt;
&lt;tr&gt;&lt;td&gt;Longitude: 32.855420 &lt;/td&gt;&lt;/tr&gt;
&lt;tr&gt;&lt;td&gt;Latitude: -18.293131 &lt;/td&gt;&lt;/tr&gt;
&lt;tr&gt;&lt;td&gt;Heading: 51.7 &lt;/td&gt;&lt;/tr&gt;
&lt;/table&gt;</cmt>
    <desc>&lt;table&gt;
&lt;tr&gt;&lt;td&gt;Longitude: 32.855420 &lt;/td&gt;&lt;/tr&gt;
&lt;tr&gt;&lt;td&gt;Latitude: -18.293131 &lt;/td&gt;&lt;/tr&gt;
&lt;tr&gt;&lt;td&gt;Heading: 51.7 &lt;/td&gt;&lt;/tr&gt;
&lt;/table&gt;</desc>
    <sym>Flag, Blue</sym>
    <type>user</type>
  </wpt>
  <wpt lat="-18.291170988231897" lon="32.857538033276796">
    <ele>2340.4803086269662</ele>
    <time>2026-10-02T12:58:39.000Z</time>
    <name>The Epic 2025 001-905</name>
    <cmt>&lt;table&gt;
&lt;tr&gt;&lt;td&gt;Longitude: 32.857538 &lt;/td&gt;&lt;/tr&gt;
&lt;tr&gt;&lt;td&gt;Latitude: -18.291171 &lt;/td&gt;&lt;/tr&gt;
&lt;tr&gt;&lt;td&gt;Heading: 45.7 &lt;/td&gt;&lt;/tr&gt;
&lt;/table&gt;</cmt>
    <desc>&lt;table&gt;
&lt;tr&gt;&lt;td&gt;Longitude: 32.857538 &lt;/td&gt;&lt;/tr&gt;
&lt;tr&gt;&lt;td&gt;Latitude: -18.291171 &lt;/td&gt;&lt;/tr&gt;
&lt;tr&gt;&lt;td&gt;Heading: 45.7 &lt;/td&gt;&lt;/tr&gt;
&lt;/table&gt;</desc>
    <sym>Flag, Blue</sym>
    <type>user</type>
  </wpt>
  <wpt lat="-18.290215032175183" lon="32.85799803212285">
    <ele>2329.7738506268324</ele>
    <time>2026-10-02T12:58:39.000Z</time>
    <name>The Epic 2025 001-906</name>
    <cmt>&lt;table&gt;
&lt;tr&gt;&lt;td&gt;Longitude: 32.857998 &lt;/td&gt;&lt;/tr&gt;
&lt;tr&gt;&lt;td&gt;Latitude: -18.290215 &lt;/td&gt;&lt;/tr&gt;
&lt;tr&gt;&lt;td&gt;Heading: 24.6 &lt;/td&gt;&lt;/tr&gt;
&lt;/table&gt;</cmt>
    <desc>&lt;table&gt;
&lt;tr&gt;&lt;td&gt;Longitude: 32.857998 &lt;/td&gt;&lt;/tr&gt;
&lt;tr&gt;&lt;td&gt;Latitude: -18.290215 &lt;/td&gt;&lt;/tr&gt;
&lt;tr&gt;&lt;td&gt;Heading: 24.6 &lt;/td&gt;&lt;/tr&gt;
&lt;/table&gt;</desc>
    <sym>Flag, Blue</sym>
    <type>user</type>
  </wpt>
  <wpt lat="-18.290131967514753" lon="32.85864695906639">
    <ele>2321.5185832279058</ele>
    <time>2026-10-02T12:58:39.000Z</time>
    <name>The Epic 2025 001-907</name>
    <cmt>&lt;table&gt;
&lt;tr&gt;&lt;td&gt;Longitude: 32.858647 &lt;/td&gt;&lt;/tr&gt;
&lt;tr&gt;&lt;td&gt;Latitude: -18.290132 &lt;/td&gt;&lt;/tr&gt;
&lt;tr&gt;&lt;td&gt;Heading: 82.3 &lt;/td&gt;&lt;/tr&gt;
&lt;/table&gt;</cmt>
    <desc>&lt;table&gt;
&lt;tr&gt;&lt;td&gt;Longitude: 32.858647 &lt;/td&gt;&lt;/tr&gt;
&lt;tr&gt;&lt;td&gt;Latitude: -18.290132 &lt;/td&gt;&lt;/tr&gt;
&lt;tr&gt;&lt;td&gt;Heading: 82.3 &lt;/td&gt;&lt;/tr&gt;
&lt;/table&gt;</desc>
    <sym>Flag, Blue</sym>
    <type>user</type>
  </wpt>
  <wpt lat="-18.289898028597236" lon="32.85920301452279">
    <ele>2311.5043674273747</ele>
    <time>2026-10-02T12:58:39.000Z</time>
    <name>The Epic 2025 001-908</name>
    <cmt>&lt;table&gt;
&lt;tr&gt;&lt;td&gt;Longitude: 32.859203 &lt;/td&gt;&lt;/tr&gt;
&lt;tr&gt;&lt;td&gt;Latitude: -18.289898 &lt;/td&gt;&lt;/tr&gt;
&lt;tr&gt;&lt;td&gt;Heading: 66.1 &lt;/td&gt;&lt;/tr&gt;
&lt;/table&gt;</cmt>
    <desc>&lt;table&gt;
&lt;tr&gt;&lt;td&gt;Longitude: 32.859203 &lt;/td&gt;&lt;/tr&gt;
&lt;tr&gt;&lt;td&gt;Latitude: -18.289898 &lt;/td&gt;&lt;/tr&gt;
&lt;tr&gt;&lt;td&gt;Heading: 66.1 &lt;/td&gt;&lt;/tr&gt;
&lt;/table&gt;</desc>
    <sym>Flag, Blue</sym>
    <type>user</type>
  </wpt>
  <wpt lat="-18.289612038061023" lon="32.85954298451543">
    <ele>2305.72021484375</ele>
    <time>2026-10-02T12:58:39.000Z</time>
    <name>The Epic 2025 001-909</name>
    <cmt>&lt;table&gt;
&lt;tr&gt;&lt;td&gt;Longitude: 32.859543 &lt;/td&gt;&lt;/tr&gt;
&lt;tr&gt;&lt;td&gt;Latitude: -18.289612 &lt;/td&gt;&lt;/tr&gt;
&lt;tr&gt;&lt;td&gt;Heading: 48.5 &lt;/td&gt;&lt;/tr&gt;
&lt;/table&gt;</cmt>
    <desc>&lt;table&gt;
&lt;tr&gt;&lt;td&gt;Longitude: 32.859543 &lt;/td&gt;&lt;/tr&gt;
&lt;tr&gt;&lt;td&gt;Latitude: -18.289612 &lt;/td&gt;&lt;/tr&gt;
&lt;tr&gt;&lt;td&gt;Heading: 48.5 &lt;/td&gt;&lt;/tr&gt;
&lt;/table&gt;</desc>
    <sym>Flag, Blue</sym>
    <type>user</type>
  </wpt>
  <wpt lat="-18.436060985550284" lon="32.80738198198378">
    <ele>1476.9525645769395</ele>
    <time>2026-10-02T12:58:39.000Z</time>
    <name>The Epic 2025 001-91</name>
    <cmt>&lt;table&gt;
&lt;tr&gt;&lt;td&gt;Longitude: 32.807382 &lt;/td&gt;&lt;/tr&gt;
&lt;tr&gt;&lt;td&gt;Latitude: -18.436061 &lt;/td&gt;&lt;/tr&gt;
&lt;tr&gt;&lt;td&gt;Heading: 285.9 &lt;/td&gt;&lt;/tr&gt;
&lt;/table&gt;</cmt>
    <desc>&lt;table&gt;
&lt;tr&gt;&lt;td&gt;Longitude: 32.807382 &lt;/td&gt;&lt;/tr&gt;
&lt;tr&gt;&lt;td&gt;Latitude: -18.436061 &lt;/td&gt;&lt;/tr&gt;
&lt;tr&gt;&lt;td&gt;Heading: 285.9 &lt;/td&gt;&lt;/tr&gt;
&lt;/table&gt;</desc>
    <sym>Flag, Blue</sym>
    <type>user</type>
  </wpt>
  <wpt lat="-18.289359994232655" lon="32.859683968126774">
    <ele>2303.5481345588346</ele>
    <time>2026-10-02T12:58:39.000Z</time>
    <name>The Epic 2025 001-910</name>
    <cmt>&lt;table&gt;
&lt;tr&gt;&lt;td&gt;Longitude: 32.859684 &lt;/td&gt;&lt;/tr&gt;
&lt;tr&gt;&lt;td&gt;Latitude: -18.289360 &lt;/td&gt;&lt;/tr&gt;
&lt;tr&gt;&lt;td&gt;Heading: 27.9 &lt;/td&gt;&lt;/tr&gt;
&lt;/table&gt;</cmt>
    <desc>&lt;table&gt;
&lt;tr&gt;&lt;td&gt;Longitude: 32.859684 &lt;/td&gt;&lt;/tr&gt;
&lt;tr&gt;&lt;td&gt;Latitude: -18.289360 &lt;/td&gt;&lt;/tr&gt;
&lt;tr&gt;&lt;td&gt;Heading: 27.9 &lt;/td&gt;&lt;/tr&gt;
&lt;/table&gt;</desc>
    <sym>Flag, Blue</sym>
    <type>user</type>
  </wpt>
  <wpt lat="-18.28875297680497" lon="32.860395004972816">
    <ele>2287.179631051324</ele>
    <time>2026-10-02T12:58:39.000Z</time>
    <name>The Epic 2025 001-911</name>
    <cmt>&lt;table&gt;
&lt;tr&gt;&lt;td&gt;Longitude: 32.860395 &lt;/td&gt;&lt;/tr&gt;
&lt;tr&gt;&lt;td&gt;Latitude: -18.288753 &lt;/td&gt;&lt;/tr&gt;
&lt;tr&gt;&lt;td&gt;Heading: 48.0 &lt;/td&gt;&lt;/tr&gt;
&lt;/table&gt;</cmt>
    <desc>&lt;table&gt;
&lt;tr&gt;&lt;td&gt;Longitude: 32.860395 &lt;/td&gt;&lt;/tr&gt;
&lt;tr&gt;&lt;td&gt;Latitude: -18.288753 &lt;/td&gt;&lt;/tr&gt;
&lt;tr&gt;&lt;td&gt;Heading: 48.0 &lt;/td&gt;&lt;/tr&gt;
&lt;/table&gt;</desc>
    <sym>Flag, Blue</sym>
    <type>user</type>
  </wpt>
  <wpt lat="-18.28901097178459" lon="32.86102901212871">
    <ele>2269.411471897736</ele>
    <time>2026-10-02T12:58:39.000Z</time>
    <name>The Epic 2025 001-912</name>
    <cmt>&lt;table&gt;
&lt;tr&gt;&lt;td&gt;Longitude: 32.861029 &lt;/td&gt;&lt;/tr&gt;
&lt;tr&gt;&lt;td&gt;Latitude: -18.289011 &lt;/td&gt;&lt;/tr&gt;
&lt;tr&gt;&lt;td&gt;Heading: 113.2 &lt;/td&gt;&lt;/tr&gt;
&lt;/table&gt;</cmt>
    <desc>&lt;table&gt;
&lt;tr&gt;&lt;td&gt;Longitude: 32.861029 &lt;/td&gt;&lt;/tr&gt;
&lt;tr&gt;&lt;td&gt;Latitude: -18.289011 &lt;/td&gt;&lt;/tr&gt;
&lt;tr&gt;&lt;td&gt;Heading: 113.2 &lt;/td&gt;&lt;/tr&gt;
&lt;/table&gt;</desc>
    <sym>Flag, Blue</sym>
    <type>user</type>
  </wpt>
  <wpt lat="-18.289405005052686" lon="32.86167098209262">
    <ele>2253.787742009154</ele>
    <time>2026-10-02T12:58:39.000Z</time>
    <name>The Epic 2025 001-913</name>
    <cmt>&lt;table&gt;
&lt;tr&gt;&lt;td&gt;Longitude: 32.861671 &lt;/td&gt;&lt;/tr&gt;
&lt;tr&gt;&lt;td&gt;Latitude: -18.289405 &lt;/td&gt;&lt;/tr&gt;
&lt;tr&gt;&lt;td&gt;Heading: 122.9 &lt;/td&gt;&lt;/tr&gt;
&lt;/table&gt;</cmt>
    <desc>&lt;table&gt;
&lt;tr&gt;&lt;td&gt;Longitude: 32.861671 &lt;/td&gt;&lt;/tr&gt;
&lt;tr&gt;&lt;td&gt;Latitude: -18.289405 &lt;/td&gt;&lt;/tr&gt;
&lt;tr&gt;&lt;td&gt;Heading: 122.9 &lt;/td&gt;&lt;/tr&gt;
&lt;/table&gt;</desc>
    <sym>Flag, Blue</sym>
    <type>user</type>
  </wpt>
  <wpt lat="-18.289742963388562" lon="32.86199301481247">
    <ele>2246.840409407625</ele>
    <time>2026-10-02T12:58:39.000Z</time>
    <name>The Epic 2025 001-914</name>
    <cmt>&lt;table&gt;
&lt;tr&gt;&lt;td&gt;Longitude: 32.861993 &lt;/td&gt;&lt;/tr&gt;
&lt;tr&gt;&lt;td&gt;Latitude: -18.289743 &lt;/td&gt;&lt;/tr&gt;
&lt;tr&gt;&lt;td&gt;Heading: 137.8 &lt;/td&gt;&lt;/tr&gt;
&lt;/table&gt;</cmt>
    <desc>&lt;table&gt;
&lt;tr&gt;&lt;td&gt;Longitude: 32.861993 &lt;/td&gt;&lt;/tr&gt;
&lt;tr&gt;&lt;td&gt;Latitude: -18.289743 &lt;/td&gt;&lt;/tr&gt;
&lt;tr&gt;&lt;td&gt;Heading: 137.8 &lt;/td&gt;&lt;/tr&gt;
&lt;/table&gt;</desc>
    <sym>Flag, Blue</sym>
    <type>user</type>
  </wpt>
  <wpt lat="-18.290072958916426" lon="32.862221002578735">
    <ele>2240.6873145257196</ele>
    <time>2026-10-02T12:58:39.000Z</time>
    <name>The Epic 2025 001-915</name>
    <cmt>&lt;table&gt;
&lt;tr&gt;&lt;td&gt;Longitude: 32.862221 &lt;/td&gt;&lt;/tr&gt;
&lt;tr&gt;&lt;td&gt;Latitude: -18.290073 &lt;/td&gt;&lt;/tr&gt;
&lt;tr&gt;&lt;td&gt;Heading: 146.8 &lt;/td&gt;&lt;/tr&gt;
&lt;/table&gt;</cmt>
    <desc>&lt;table&gt;
&lt;tr&gt;&lt;td&gt;Longitude: 32.862221 &lt;/td&gt;&lt;/tr&gt;
&lt;tr&gt;&lt;td&gt;Latitude: -18.290073 &lt;/td&gt;&lt;/tr&gt;
&lt;tr&gt;&lt;td&gt;Heading: 146.8 &lt;/td&gt;&lt;/tr&gt;
&lt;/table&gt;</desc>
    <sym>Flag, Blue</sym>
    <type>user</type>
  </wpt>
  <wpt lat="-18.290278986096382" lon="32.86225302144885">
    <ele>2235.881238790302</ele>
    <time>2026-10-02T12:58:39.000Z</time>
    <name>The Epic 2025 001-916</name>
    <cmt>&lt;table&gt;
&lt;tr&gt;&lt;td&gt;Longitude: 32.862253 &lt;/td&gt;&lt;/tr&gt;
&lt;tr&gt;&lt;td&gt;Latitude: -18.290279 &lt;/td&gt;&lt;/tr&gt;
&lt;tr&gt;&lt;td&gt;Heading: 171.6 &lt;/td&gt;&lt;/tr&gt;
&lt;/table&gt;</cmt>
    <desc>&lt;table&gt;
&lt;tr&gt;&lt;td&gt;Longitude: 32.862253 &lt;/td&gt;&lt;/tr&gt;
&lt;tr&gt;&lt;td&gt;Latitude: -18.290279 &lt;/td&gt;&lt;/tr&gt;
&lt;tr&gt;&lt;td&gt;Heading: 171.6 &lt;/td&gt;&lt;/tr&gt;
&lt;/table&gt;</desc>
    <sym>Flag, Blue</sym>
    <type>user</type>
  </wpt>
  <wpt lat="-18.29044997692108" lon="32.862284034490585">
    <ele>2230.8009015952375</ele>
    <time>2026-10-02T12:58:39.000Z</time>
    <name>The Epic 2025 001-917</name>
    <cmt>&lt;table&gt;
&lt;tr&gt;&lt;td&gt;Longitude: 32.862284 &lt;/td&gt;&lt;/tr&gt;
&lt;tr&gt;&lt;td&gt;Latitude: -18.290450 &lt;/td&gt;&lt;/tr&gt;
&lt;tr&gt;&lt;td&gt;Heading: 170.1 &lt;/td&gt;&lt;/tr&gt;
&lt;/table&gt;</cmt>
    <desc>&lt;table&gt;
&lt;tr&gt;&lt;td&gt;Longitude: 32.862284 &lt;/td&gt;&lt;/tr&gt;
&lt;tr&gt;&lt;td&gt;Latitude: -18.290450 &lt;/td&gt;&lt;/tr&gt;
&lt;tr&gt;&lt;td&gt;Heading: 170.1 &lt;/td&gt;&lt;/tr&gt;
&lt;/table&gt;</desc>
    <sym>Flag, Blue</sym>
    <type>user</type>
  </wpt>
  <wpt lat="-18.290762035176158" lon="32.862005000934005">
    <ele>2233.0321544420804</ele>
    <time>2026-10-02T12:58:39.000Z</time>
    <name>The Epic 2025 001-918</name>
    <cmt>&lt;table&gt;
&lt;tr&gt;&lt;td&gt;Longitude: 32.862005 &lt;/td&gt;&lt;/tr&gt;
&lt;tr&gt;&lt;td&gt;Latitude: -18.290762 &lt;/td&gt;&lt;/tr&gt;
&lt;tr&gt;&lt;td&gt;Heading: 220.3 &lt;/td&gt;&lt;/tr&gt;
&lt;/table&gt;</cmt>
    <desc>&lt;table&gt;
&lt;tr&gt;&lt;td&gt;Longitude: 32.862005 &lt;/td&gt;&lt;/tr&gt;
&lt;tr&gt;&lt;td&gt;Latitude: -18.290762 &lt;/td&gt;&lt;/tr&gt;
&lt;tr&gt;&lt;td&gt;Heading: 220.3 &lt;/td&gt;&lt;/tr&gt;
&lt;/table&gt;</desc>
    <sym>Flag, Blue</sym>
    <type>user</type>
  </wpt>
  <wpt lat="-18.291420014575124" lon="32.86188296042383">
    <ele>2213.133030853229</ele>
    <time>2026-10-02T12:58:39.000Z</time>
    <name>The Epic 2025 001-919</name>
    <cmt>&lt;table&gt;
&lt;tr&gt;&lt;td&gt;Longitude: 32.861883 &lt;/td&gt;&lt;/tr&gt;
&lt;tr&gt;&lt;td&gt;Latitude: -18.291420 &lt;/td&gt;&lt;/tr&gt;
&lt;tr&gt;&lt;td&gt;Heading: 190.0 &lt;/td&gt;&lt;/tr&gt;
&lt;/table&gt;</cmt>
    <desc>&lt;table&gt;
&lt;tr&gt;&lt;td&gt;Longitude: 32.861883 &lt;/td&gt;&lt;/tr&gt;
&lt;tr&gt;&lt;td&gt;Latitude: -18.291420 &lt;/td&gt;&lt;/tr&gt;
&lt;tr&gt;&lt;td&gt;Heading: 190.0 &lt;/td&gt;&lt;/tr&gt;
&lt;/table&gt;</desc>
    <sym>Flag, Blue</sym>
    <type>user</type>
  </wpt>
  <wpt lat="-18.435480035841465" lon="32.807387011125684">
    <ele>1480.1554542609956</ele>
    <time>2026-10-02T12:58:39.000Z</time>
    <name>The Epic 2025 001-92</name>
    <cmt>&lt;table&gt;
&lt;tr&gt;&lt;td&gt;Longitude: 32.807387 &lt;/td&gt;&lt;/tr&gt;
&lt;tr&gt;&lt;td&gt;Latitude: -18.435480 &lt;/td&gt;&lt;/tr&gt;
&lt;tr&gt;&lt;td&gt;Heading: 0.5 &lt;/td&gt;&lt;/tr&gt;
&lt;/table&gt;</cmt>
    <desc>&lt;table&gt;
&lt;tr&gt;&lt;td&gt;Longitude: 32.807387 &lt;/td&gt;&lt;/tr&gt;
&lt;tr&gt;&lt;td&gt;Latitude: -18.435480 &lt;/td&gt;&lt;/tr&gt;
&lt;tr&gt;&lt;td&gt;Heading: 0.5 &lt;/td&gt;&lt;/tr&gt;
&lt;/table&gt;</desc>
    <sym>Flag, Blue</sym>
    <type>user</type>
  </wpt>
  <wpt lat="-18.29154197126627" lon="32.861982034519315">
    <ele>2203.8586352480343</ele>
    <time>2026-10-02T12:58:39.000Z</time>
    <name>The Epic 2025 001-920</name>
    <cmt>&lt;table&gt;
&lt;tr&gt;&lt;td&gt;Longitude: 32.861982 &lt;/td&gt;&lt;/tr&gt;
&lt;tr&gt;&lt;td&gt;Latitude: -18.291542 &lt;/td&gt;&lt;/tr&gt;
&lt;tr&gt;&lt;td&gt;Heading: 142.3 &lt;/td&gt;&lt;/tr&gt;
&lt;/table&gt;</cmt>
    <desc>&lt;table&gt;
&lt;tr&gt;&lt;td&gt;Longitude: 32.861982 &lt;/td&gt;&lt;/tr&gt;
&lt;tr&gt;&lt;td&gt;Latitude: -18.291542 &lt;/td&gt;&lt;/tr&gt;
&lt;tr&gt;&lt;td&gt;Heading: 142.3 &lt;/td&gt;&lt;/tr&gt;
&lt;/table&gt;</desc>
    <sym>Flag, Blue</sym>
    <type>user</type>
  </wpt>
  <wpt lat="-18.291210969910026" lon="32.86232099868357">
    <ele>2199.75841030851</ele>
    <time>2026-10-02T12:58:39.000Z</time>
    <name>The Epic 2025 001-921</name>
    <cmt>&lt;table&gt;
&lt;tr&gt;&lt;td&gt;Longitude: 32.862321 &lt;/td&gt;&lt;/tr&gt;
&lt;tr&gt;&lt;td&gt;Latitude: -18.291211 &lt;/td&gt;&lt;/tr&gt;
&lt;tr&gt;&lt;td&gt;Heading: 44.2 &lt;/td&gt;&lt;/tr&gt;
&lt;/table&gt;</cmt>
    <desc>&lt;table&gt;
&lt;tr&gt;&lt;td&gt;Longitude: 32.862321 &lt;/td&gt;&lt;/tr&gt;
&lt;tr&gt;&lt;td&gt;Latitude: -18.291211 &lt;/td&gt;&lt;/tr&gt;
&lt;tr&gt;&lt;td&gt;Heading: 44.2 &lt;/td&gt;&lt;/tr&gt;
&lt;/table&gt;</desc>
    <sym>Flag, Blue</sym>
    <type>user</type>
  </wpt>
  <wpt lat="-18.29113502986729" lon="32.86286297254264">
    <ele>2179.125000016603</ele>
    <time>2026-10-02T12:58:39.000Z</time>
    <name>The Epic 2025 001-922</name>
    <cmt>&lt;table&gt;
&lt;tr&gt;&lt;td&gt;Longitude: 32.862863 &lt;/td&gt;&lt;/tr&gt;
&lt;tr&gt;&lt;td&gt;Latitude: -18.291135 &lt;/td&gt;&lt;/tr&gt;
&lt;tr&gt;&lt;td&gt;Heading: 81.6 &lt;/td&gt;&lt;/tr&gt;
&lt;/table&gt;</cmt>
    <desc>&lt;table&gt;
&lt;tr&gt;&lt;td&gt;Longitude: 32.862863 &lt;/td&gt;&lt;/tr&gt;
&lt;tr&gt;&lt;td&gt;Latitude: -18.291135 &lt;/td&gt;&lt;/tr&gt;
&lt;tr&gt;&lt;td&gt;Heading: 81.6 &lt;/td&gt;&lt;/tr&gt;
&lt;/table&gt;</desc>
    <sym>Flag, Blue</sym>
    <type>user</type>
  </wpt>
  <wpt lat="-18.291239971295" lon="32.86328097805381">
    <ele>2159.986784433245</ele>
    <time>2026-10-02T12:58:39.000Z</time>
    <name>The Epic 2025 001-923</name>
    <cmt>&lt;table&gt;
&lt;tr&gt;&lt;td&gt;Longitude: 32.863281 &lt;/td&gt;&lt;/tr&gt;
&lt;tr&gt;&lt;td&gt;Latitude: -18.291240 &lt;/td&gt;&lt;/tr&gt;
&lt;tr&gt;&lt;td&gt;Heading: 104.9 &lt;/td&gt;&lt;/tr&gt;
&lt;/table&gt;</cmt>
    <desc>&lt;table&gt;
&lt;tr&gt;&lt;td&gt;Longitude: 32.863281 &lt;/td&gt;&lt;/tr&gt;
&lt;tr&gt;&lt;td&gt;Latitude: -18.291240 &lt;/td&gt;&lt;/tr&gt;
&lt;tr&gt;&lt;td&gt;Heading: 104.9 &lt;/td&gt;&lt;/tr&gt;
&lt;/table&gt;</desc>
    <sym>Flag, Blue</sym>
    <type>user</type>
  </wpt>
  <wpt lat="-18.29098499380052" lon="32.86387098021805">
    <ele>2151.019116184945</ele>
    <time>2026-10-02T12:58:39.000Z</time>
    <name>The Epic 2025 001-924</name>
    <cmt>&lt;table&gt;
&lt;tr&gt;&lt;td&gt;Longitude: 32.863871 &lt;/td&gt;&lt;/tr&gt;
&lt;tr&gt;&lt;td&gt;Latitude: -18.290985 &lt;/td&gt;&lt;/tr&gt;
&lt;tr&gt;&lt;td&gt;Heading: 65.5 &lt;/td&gt;&lt;/tr&gt;
&lt;/table&gt;</cmt>
    <desc>&lt;table&gt;
&lt;tr&gt;&lt;td&gt;Longitude: 32.863871 &lt;/td&gt;&lt;/tr&gt;
&lt;tr&gt;&lt;td&gt;Latitude: -18.290985 &lt;/td&gt;&lt;/tr&gt;
&lt;tr&gt;&lt;td&gt;Heading: 65.5 &lt;/td&gt;&lt;/tr&gt;
&lt;/table&gt;</desc>
    <sym>Flag, Blue</sym>
    <type>user</type>
  </wpt>
  <wpt lat="-18.290632031857967" lon="32.86448998376727">
    <ele>2145.928298824234</ele>
    <time>2026-10-02T12:58:39.000Z</time>
    <name>The Epic 2025 001-925</name>
    <cmt>&lt;table&gt;
&lt;tr&gt;&lt;td&gt;Longitude: 32.864490 &lt;/td&gt;&lt;/tr&gt;
&lt;tr&gt;&lt;td&gt;Latitude: -18.290632 &lt;/td&gt;&lt;/tr&gt;
&lt;tr&gt;&lt;td&gt;Heading: 59.0 &lt;/td&gt;&lt;/tr&gt;
&lt;/table&gt;</cmt>
    <desc>&lt;table&gt;
&lt;tr&gt;&lt;td&gt;Longitude: 32.864490 &lt;/td&gt;&lt;/tr&gt;
&lt;tr&gt;&lt;td&gt;Latitude: -18.290632 &lt;/td&gt;&lt;/tr&gt;
&lt;tr&gt;&lt;td&gt;Heading: 59.0 &lt;/td&gt;&lt;/tr&gt;
&lt;/table&gt;</desc>
    <sym>Flag, Blue</sym>
    <type>user</type>
  </wpt>
  <wpt lat="-18.290667990222573" lon="32.86523999646306">
    <ele>2140.616649145347</ele>
    <time>2026-10-02T12:58:39.000Z</time>
    <name>The Epic 2025 001-926</name>
    <cmt>&lt;table&gt;
&lt;tr&gt;&lt;td&gt;Longitude: 32.865240 &lt;/td&gt;&lt;/tr&gt;
&lt;tr&gt;&lt;td&gt;Latitude: -18.290668 &lt;/td&gt;&lt;/tr&gt;
&lt;tr&gt;&lt;td&gt;Heading: 93.0 &lt;/td&gt;&lt;/tr&gt;
&lt;/table&gt;</cmt>
    <desc>&lt;table&gt;
&lt;tr&gt;&lt;td&gt;Longitude: 32.865240 &lt;/td&gt;&lt;/tr&gt;
&lt;tr&gt;&lt;td&gt;Latitude: -18.290668 &lt;/td&gt;&lt;/tr&gt;
&lt;tr&gt;&lt;td&gt;Heading: 93.0 &lt;/td&gt;&lt;/tr&gt;
&lt;/table&gt;</desc>
    <sym>Flag, Blue</sym>
    <type>user</type>
  </wpt>
  <wpt lat="-18.290807968005538" lon="32.865679040551186">
    <ele>2145.573721708172</ele>
    <time>2026-10-02T12:58:39.000Z</time>
    <name>The Epic 2025 001-927</name>
    <cmt>&lt;table&gt;
&lt;tr&gt;&lt;td&gt;Longitude: 32.865679 &lt;/td&gt;&lt;/tr&gt;
&lt;tr&gt;&lt;td&gt;Latitude: -18.290808 &lt;/td&gt;&lt;/tr&gt;
&lt;tr&gt;&lt;td&gt;Heading: 108.5 &lt;/td&gt;&lt;/tr&gt;
&lt;/table&gt;</cmt>
    <desc>&lt;table&gt;
&lt;tr&gt;&lt;td&gt;Longitude: 32.865679 &lt;/td&gt;&lt;/tr&gt;
&lt;tr&gt;&lt;td&gt;Latitude: -18.290808 &lt;/td&gt;&lt;/tr&gt;
&lt;tr&gt;&lt;td&gt;Heading: 108.5 &lt;/td&gt;&lt;/tr&gt;
&lt;/table&gt;</desc>
    <sym>Flag, Blue</sym>
    <type>user</type>
  </wpt>
  <wpt lat="-18.291274001821876" lon="32.865891018882394">
    <ele>2143.2053065623622</ele>
    <time>2026-10-02T12:58:39.000Z</time>
    <name>The Epic 2025 001-928</name>
    <cmt>&lt;table&gt;
&lt;tr&gt;&lt;td&gt;Longitude: 32.865891 &lt;/td&gt;&lt;/tr&gt;
&lt;tr&gt;&lt;td&gt;Latitude: -18.291274 &lt;/td&gt;&lt;/tr&gt;
&lt;tr&gt;&lt;td&gt;Heading: 156.6 &lt;/td&gt;&lt;/tr&gt;
&lt;/table&gt;</cmt>
    <desc>&lt;table&gt;
&lt;tr&gt;&lt;td&gt;Longitude: 32.865891 &lt;/td&gt;&lt;/tr&gt;
&lt;tr&gt;&lt;td&gt;Latitude: -18.291274 &lt;/td&gt;&lt;/tr&gt;
&lt;tr&gt;&lt;td&gt;Heading: 156.6 &lt;/td&gt;&lt;/tr&gt;
&lt;/table&gt;</desc>
    <sym>Flag, Blue</sym>
    <type>user</type>
  </wpt>
  <wpt lat="-18.29171497374773" lon="32.866153037175536">
    <ele>2135.541245376109</ele>
    <time>2026-10-02T12:58:39.000Z</time>
    <name>The Epic 2025 001-929</name>
    <cmt>&lt;table&gt;
&lt;tr&gt;&lt;td&gt;Longitude: 32.866153 &lt;/td&gt;&lt;/tr&gt;
&lt;tr&gt;&lt;td&gt;Latitude: -18.291715 &lt;/td&gt;&lt;/tr&gt;
&lt;tr&gt;&lt;td&gt;Heading: 150.7 &lt;/td&gt;&lt;/tr&gt;
&lt;/table&gt;</cmt>
    <desc>&lt;table&gt;
&lt;tr&gt;&lt;td&gt;Longitude: 32.866153 &lt;/td&gt;&lt;/tr&gt;
&lt;tr&gt;&lt;td&gt;Latitude: -18.291715 &lt;/td&gt;&lt;/tr&gt;
&lt;tr&gt;&lt;td&gt;Heading: 150.7 &lt;/td&gt;&lt;/tr&gt;
&lt;/table&gt;</desc>
    <sym>Flag, Blue</sym>
    <type>user</type>
  </wpt>
  <wpt lat="-18.435223968699574" lon="32.806834978982806">
    <ele>1479.2118876688182</ele>
    <time>2026-10-02T12:58:39.000Z</time>
    <name>The Epic 2025 001-93</name>
    <cmt>&lt;table&gt;
&lt;tr&gt;&lt;td&gt;Longitude: 32.806835 &lt;/td&gt;&lt;/tr&gt;
&lt;tr&gt;&lt;td&gt;Latitude: -18.435224 &lt;/td&gt;&lt;/tr&gt;
&lt;tr&gt;&lt;td&gt;Heading: 296.1 &lt;/td&gt;&lt;/tr&gt;
&lt;/table&gt;</cmt>
    <desc>&lt;table&gt;
&lt;tr&gt;&lt;td&gt;Longitude: 32.806835 &lt;/td&gt;&lt;/tr&gt;
&lt;tr&gt;&lt;td&gt;Latitude: -18.435224 &lt;/td&gt;&lt;/tr&gt;
&lt;tr&gt;&lt;td&gt;Heading: 296.1 &lt;/td&gt;&lt;/tr&gt;
&lt;/table&gt;</desc>
    <sym>Flag, Blue</sym>
    <type>user</type>
  </wpt>
  <wpt lat="-18.29201496206224" lon="32.86651203408837">
    <ele>2129.2352319639176</ele>
    <time>2026-10-02T12:58:39.000Z</time>
    <name>The Epic 2025 001-930</name>
    <cmt>&lt;table&gt;
&lt;tr&gt;&lt;td&gt;Longitude: 32.866512 &lt;/td&gt;&lt;/tr&gt;
&lt;tr&gt;&lt;td&gt;Latitude: -18.292015 &lt;/td&gt;&lt;/tr&gt;
&lt;tr&gt;&lt;td&gt;Heading: 131.3 &lt;/td&gt;&lt;/tr&gt;
&lt;/table&gt;</cmt>
    <desc>&lt;table&gt;
&lt;tr&gt;&lt;td&gt;Longitude: 32.866512 &lt;/td&gt;&lt;/tr&gt;
&lt;tr&gt;&lt;td&gt;Latitude: -18.292015 &lt;/td&gt;&lt;/tr&gt;
&lt;tr&gt;&lt;td&gt;Heading: 131.3 &lt;/td&gt;&lt;/tr&gt;
&lt;/table&gt;</desc>
    <sym>Flag, Blue</sym>
    <type>user</type>
  </wpt>
  <wpt lat="-18.292435985058546" lon="32.866815039888024">
    <ele>2130.6646934364785</ele>
    <time>2026-10-02T12:58:39.000Z</time>
    <name>The Epic 2025 001-931</name>
    <cmt>&lt;table&gt;
&lt;tr&gt;&lt;td&gt;Longitude: 32.866815 &lt;/td&gt;&lt;/tr&gt;
&lt;tr&gt;&lt;td&gt;Latitude: -18.292436 &lt;/td&gt;&lt;/tr&gt;
&lt;tr&gt;&lt;td&gt;Heading: 145.6 &lt;/td&gt;&lt;/tr&gt;
&lt;/table&gt;</cmt>
    <desc>&lt;table&gt;
&lt;tr&gt;&lt;td&gt;Longitude: 32.866815 &lt;/td&gt;&lt;/tr&gt;
&lt;tr&gt;&lt;td&gt;Latitude: -18.292436 &lt;/td&gt;&lt;/tr&gt;
&lt;tr&gt;&lt;td&gt;Heading: 145.6 &lt;/td&gt;&lt;/tr&gt;
&lt;/table&gt;</desc>
    <sym>Flag, Blue</sym>
    <type>user</type>
  </wpt>
  <wpt lat="-18.292344035580754" lon="32.86713598296046">
    <ele>2133.6432293375474</ele>
    <time>2026-10-02T12:58:39.000Z</time>
    <name>The Epic 2025 001-932</name>
    <cmt>&lt;table&gt;
&lt;tr&gt;&lt;td&gt;Longitude: 32.867136 &lt;/td&gt;&lt;/tr&gt;
&lt;tr&gt;&lt;td&gt;Latitude: -18.292344 &lt;/td&gt;&lt;/tr&gt;
&lt;tr&gt;&lt;td&gt;Heading: 73.1 &lt;/td&gt;&lt;/tr&gt;
&lt;/table&gt;</cmt>
    <desc>&lt;table&gt;
&lt;tr&gt;&lt;td&gt;Longitude: 32.867136 &lt;/td&gt;&lt;/tr&gt;
&lt;tr&gt;&lt;td&gt;Latitude: -18.292344 &lt;/td&gt;&lt;/tr&gt;
&lt;tr&gt;&lt;td&gt;Heading: 73.1 &lt;/td&gt;&lt;/tr&gt;
&lt;/table&gt;</desc>
    <sym>Flag, Blue</sym>
    <type>user</type>
  </wpt>
  <wpt lat="-18.292394997552037" lon="32.86757896654308">
    <ele>2141.325120092214</ele>
    <time>2026-10-02T12:58:39.000Z</time>
    <name>The Epic 2025 001-933</name>
    <cmt>&lt;table&gt;
&lt;tr&gt;&lt;td&gt;Longitude: 32.867579 &lt;/td&gt;&lt;/tr&gt;
&lt;tr&gt;&lt;td&gt;Latitude: -18.292395 &lt;/td&gt;&lt;/tr&gt;
&lt;tr&gt;&lt;td&gt;Heading: 97.0 &lt;/td&gt;&lt;/tr&gt;
&lt;/table&gt;</cmt>
    <desc>&lt;table&gt;
&lt;tr&gt;&lt;td&gt;Longitude: 32.867579 &lt;/td&gt;&lt;/tr&gt;
&lt;tr&gt;&lt;td&gt;Latitude: -18.292395 &lt;/td&gt;&lt;/tr&gt;
&lt;tr&gt;&lt;td&gt;Heading: 97.0 &lt;/td&gt;&lt;/tr&gt;
&lt;/table&gt;</desc>
    <sym>Flag, Blue</sym>
    <type>user</type>
  </wpt>
  <wpt lat="-18.292541010305285" lon="32.86772900260985">
    <ele>2145.888345346235</ele>
    <time>2026-10-02T12:58:39.000Z</time>
    <name>The Epic 2025 001-934</name>
    <cmt>&lt;table&gt;
&lt;tr&gt;&lt;td&gt;Longitude: 32.867729 &lt;/td&gt;&lt;/tr&gt;
&lt;tr&gt;&lt;td&gt;Latitude: -18.292541 &lt;/td&gt;&lt;/tr&gt;
&lt;tr&gt;&lt;td&gt;Heading: 135.8 &lt;/td&gt;&lt;/tr&gt;
&lt;/table&gt;</cmt>
    <desc>&lt;table&gt;
&lt;tr&gt;&lt;td&gt;Longitude: 32.867729 &lt;/td&gt;&lt;/tr&gt;
&lt;tr&gt;&lt;td&gt;Latitude: -18.292541 &lt;/td&gt;&lt;/tr&gt;
&lt;tr&gt;&lt;td&gt;Heading: 135.8 &lt;/td&gt;&lt;/tr&gt;
&lt;/table&gt;</desc>
    <sym>Flag, Blue</sym>
    <type>user</type>
  </wpt>
  <wpt lat="-18.292822977527976" lon="32.8679630253464">
    <ele>2151.449151593476</ele>
    <time>2026-10-02T12:58:39.000Z</time>
    <name>The Epic 2025 001-935</name>
    <cmt>&lt;table&gt;
&lt;tr&gt;&lt;td&gt;Longitude: 32.867963 &lt;/td&gt;&lt;/tr&gt;
&lt;tr&gt;&lt;td&gt;Latitude: -18.292823 &lt;/td&gt;&lt;/tr&gt;
&lt;tr&gt;&lt;td&gt;Heading: 141.8 &lt;/td&gt;&lt;/tr&gt;
&lt;/table&gt;</cmt>
    <desc>&lt;table&gt;
&lt;tr&gt;&lt;td&gt;Longitude: 32.867963 &lt;/td&gt;&lt;/tr&gt;
&lt;tr&gt;&lt;td&gt;Latitude: -18.292823 &lt;/td&gt;&lt;/tr&gt;
&lt;tr&gt;&lt;td&gt;Heading: 141.8 &lt;/td&gt;&lt;/tr&gt;
&lt;/table&gt;</desc>
    <sym>Flag, Blue</sym>
    <type>user</type>
  </wpt>
  <wpt lat="-18.293189015239477" lon="32.868170980364084">
    <ele>2158.307999338121</ele>
    <time>2026-10-02T12:58:39.000Z</time>
    <name>The Epic 2025 001-936</name>
    <cmt>&lt;table&gt;
&lt;tr&gt;&lt;td&gt;Longitude: 32.868171 &lt;/td&gt;&lt;/tr&gt;
&lt;tr&gt;&lt;td&gt;Latitude: -18.293189 &lt;/td&gt;&lt;/tr&gt;
&lt;tr&gt;&lt;td&gt;Heading: 151.6 &lt;/td&gt;&lt;/tr&gt;
&lt;/table&gt;</cmt>
    <desc>&lt;table&gt;
&lt;tr&gt;&lt;td&gt;Longitude: 32.868171 &lt;/td&gt;&lt;/tr&gt;
&lt;tr&gt;&lt;td&gt;Latitude: -18.293189 &lt;/td&gt;&lt;/tr&gt;
&lt;tr&gt;&lt;td&gt;Heading: 151.6 &lt;/td&gt;&lt;/tr&gt;
&lt;/table&gt;</desc>
    <sym>Flag, Blue</sym>
    <type>user</type>
  </wpt>
  <wpt lat="-18.29293697141111" lon="32.86864195950329">
    <ele>2155.974526758888</ele>
    <time>2026-10-02T12:58:39.000Z</time>
    <name>The Epic 2025 001-937</name>
    <cmt>&lt;table&gt;
&lt;tr&gt;&lt;td&gt;Longitude: 32.868642 &lt;/td&gt;&lt;/tr&gt;
&lt;tr&gt;&lt;td&gt;Latitude: -18.292937 &lt;/td&gt;&lt;/tr&gt;
&lt;tr&gt;&lt;td&gt;Heading: 60.6 &lt;/td&gt;&lt;/tr&gt;
&lt;/table&gt;</cmt>
    <desc>&lt;table&gt;
&lt;tr&gt;&lt;td&gt;Longitude: 32.868642 &lt;/td&gt;&lt;/tr&gt;
&lt;tr&gt;&lt;td&gt;Latitude: -18.292937 &lt;/td&gt;&lt;/tr&gt;
&lt;tr&gt;&lt;td&gt;Heading: 60.6 &lt;/td&gt;&lt;/tr&gt;
&lt;/table&gt;</desc>
    <sym>Flag, Blue</sym>
    <type>user</type>
  </wpt>
  <wpt lat="-18.29276204109192" lon="32.8689800016582">
    <ele>2155.4789085609536</ele>
    <time>2026-10-02T12:58:39.000Z</time>
    <name>The Epic 2025 001-938</name>
    <cmt>&lt;table&gt;
&lt;tr&gt;&lt;td&gt;Longitude: 32.868980 &lt;/td&gt;&lt;/tr&gt;
&lt;tr&gt;&lt;td&gt;Latitude: -18.292762 &lt;/td&gt;&lt;/tr&gt;
&lt;tr&gt;&lt;td&gt;Heading: 61.3 &lt;/td&gt;&lt;/tr&gt;
&lt;/table&gt;</cmt>
    <desc>&lt;table&gt;
&lt;tr&gt;&lt;td&gt;Longitude: 32.868980 &lt;/td&gt;&lt;/tr&gt;
&lt;tr&gt;&lt;td&gt;Latitude: -18.292762 &lt;/td&gt;&lt;/tr&gt;
&lt;tr&gt;&lt;td&gt;Heading: 61.3 &lt;/td&gt;&lt;/tr&gt;
&lt;/table&gt;</desc>
    <sym>Flag, Blue</sym>
    <type>user</type>
  </wpt>
  <wpt lat="-18.292675036937" lon="32.869331035763025">
    <ele>2156.856623444124</ele>
    <time>2026-10-02T12:58:39.000Z</time>
    <name>The Epic 2025 001-939</name>
    <cmt>&lt;table&gt;
&lt;tr&gt;&lt;td&gt;Longitude: 32.869331 &lt;/td&gt;&lt;/tr&gt;
&lt;tr&gt;&lt;td&gt;Latitude: -18.292675 &lt;/td&gt;&lt;/tr&gt;
&lt;tr&gt;&lt;td&gt;Heading: 75.4 &lt;/td&gt;&lt;/tr&gt;
&lt;/table&gt;</cmt>
    <desc>&lt;table&gt;
&lt;tr&gt;&lt;td&gt;Longitude: 32.869331 &lt;/td&gt;&lt;/tr&gt;
&lt;tr&gt;&lt;td&gt;Latitude: -18.292675 &lt;/td&gt;&lt;/tr&gt;
&lt;tr&gt;&lt;td&gt;Heading: 75.4 &lt;/td&gt;&lt;/tr&gt;
&lt;/table&gt;</desc>
    <sym>Flag, Blue</sym>
    <type>user</type>
  </wpt>
  <wpt lat="-18.435078039765358" lon="32.80679700896144">
    <ele>1480.9756622876268</ele>
    <time>2026-10-02T12:58:39.000Z</time>
    <name>The Epic 2025 001-94</name>
    <cmt>&lt;table&gt;
&lt;tr&gt;&lt;td&gt;Longitude: 32.806797 &lt;/td&gt;&lt;/tr&gt;
&lt;tr&gt;&lt;td&gt;Latitude: -18.435078 &lt;/td&gt;&lt;/tr&gt;
&lt;tr&gt;&lt;td&gt;Heading: 346.1 &lt;/td&gt;&lt;/tr&gt;
&lt;/table&gt;</cmt>
    <desc>&lt;table&gt;
&lt;tr&gt;&lt;td&gt;Longitude: 32.806797 &lt;/td&gt;&lt;/tr&gt;
&lt;tr&gt;&lt;td&gt;Latitude: -18.435078 &lt;/td&gt;&lt;/tr&gt;
&lt;tr&gt;&lt;td&gt;Heading: 346.1 &lt;/td&gt;&lt;/tr&gt;
&lt;/table&gt;</desc>
    <sym>Flag, Blue</sym>
    <type>user</type>
  </wpt>
  <wpt lat="-18.292326014488935" lon="32.869635969400406">
    <ele>2153.355408110685</ele>
    <time>2026-10-02T12:58:39.000Z</time>
    <name>The Epic 2025 001-940</name>
    <cmt>&lt;table&gt;
&lt;tr&gt;&lt;td&gt;Longitude: 32.869636 &lt;/td&gt;&lt;/tr&gt;
&lt;tr&gt;&lt;td&gt;Latitude: -18.292326 &lt;/td&gt;&lt;/tr&gt;
&lt;tr&gt;&lt;td&gt;Heading: 39.6 &lt;/td&gt;&lt;/tr&gt;
&lt;/table&gt;</cmt>
    <desc>&lt;table&gt;
&lt;tr&gt;&lt;td&gt;Longitude: 32.869636 &lt;/td&gt;&lt;/tr&gt;
&lt;tr&gt;&lt;td&gt;Latitude: -18.292326 &lt;/td&gt;&lt;/tr&gt;
&lt;tr&gt;&lt;td&gt;Heading: 39.6 &lt;/td&gt;&lt;/tr&gt;
&lt;/table&gt;</desc>
    <sym>Flag, Blue</sym>
    <type>user</type>
  </wpt>
  <wpt lat="-18.29156401567161" lon="32.870166040956974">
    <ele>2143.9501753874356</ele>
    <time>2026-10-02T12:58:39.000Z</time>
    <name>The Epic 2025 001-941</name>
    <cmt>&lt;table&gt;
&lt;tr&gt;&lt;td&gt;Longitude: 32.870166 &lt;/td&gt;&lt;/tr&gt;
&lt;tr&gt;&lt;td&gt;Latitude: -18.291564 &lt;/td&gt;&lt;/tr&gt;
&lt;tr&gt;&lt;td&gt;Heading: 33.4 &lt;/td&gt;&lt;/tr&gt;
&lt;/table&gt;</cmt>
    <desc>&lt;table&gt;
&lt;tr&gt;&lt;td&gt;Longitude: 32.870166 &lt;/td&gt;&lt;/tr&gt;
&lt;tr&gt;&lt;td&gt;Latitude: -18.291564 &lt;/td&gt;&lt;/tr&gt;
&lt;tr&gt;&lt;td&gt;Heading: 33.4 &lt;/td&gt;&lt;/tr&gt;
&lt;/table&gt;</desc>
    <sym>Flag, Blue</sym>
    <type>user</type>
  </wpt>
  <wpt lat="-18.291208958253264" lon="32.870577005669475">
    <ele>2140.455020653084</ele>
    <time>2026-10-02T12:58:39.000Z</time>
    <name>The Epic 2025 001-942</name>
    <cmt>&lt;table&gt;
&lt;tr&gt;&lt;td&gt;Longitude: 32.870577 &lt;/td&gt;&lt;/tr&gt;
&lt;tr&gt;&lt;td&gt;Latitude: -18.291209 &lt;/td&gt;&lt;/tr&gt;
&lt;tr&gt;&lt;td&gt;Heading: 47.7 &lt;/td&gt;&lt;/tr&gt;
&lt;/table&gt;</cmt>
    <desc>&lt;table&gt;
&lt;tr&gt;&lt;td&gt;Longitude: 32.870577 &lt;/td&gt;&lt;/tr&gt;
&lt;tr&gt;&lt;td&gt;Latitude: -18.291209 &lt;/td&gt;&lt;/tr&gt;
&lt;tr&gt;&lt;td&gt;Heading: 47.7 &lt;/td&gt;&lt;/tr&gt;
&lt;/table&gt;</desc>
    <sym>Flag, Blue</sym>
    <type>user</type>
  </wpt>
  <wpt lat="-18.290537986904383" lon="32.870989982038736">
    <ele>2135.1766714402474</ele>
    <time>2026-10-02T12:58:39.000Z</time>
    <name>The Epic 2025 001-943</name>
    <cmt>&lt;table&gt;
&lt;tr&gt;&lt;td&gt;Longitude: 32.870990 &lt;/td&gt;&lt;/tr&gt;
&lt;tr&gt;&lt;td&gt;Latitude: -18.290538 &lt;/td&gt;&lt;/tr&gt;
&lt;tr&gt;&lt;td&gt;Heading: 30.3 &lt;/td&gt;&lt;/tr&gt;
&lt;/table&gt;</cmt>
    <desc>&lt;table&gt;
&lt;tr&gt;&lt;td&gt;Longitude: 32.870990 &lt;/td&gt;&lt;/tr&gt;
&lt;tr&gt;&lt;td&gt;Latitude: -18.290538 &lt;/td&gt;&lt;/tr&gt;
&lt;tr&gt;&lt;td&gt;Heading: 30.3 &lt;/td&gt;&lt;/tr&gt;
&lt;/table&gt;</desc>
    <sym>Flag, Blue</sym>
    <type>user</type>
  </wpt>
  <wpt lat="-18.290130039677024" lon="32.871246971189976">
    <ele>2134.0471254763606</ele>
    <time>2026-10-02T12:58:39.000Z</time>
    <name>The Epic 2025 001-944</name>
    <cmt>&lt;table&gt;
&lt;tr&gt;&lt;td&gt;Longitude: 32.871247 &lt;/td&gt;&lt;/tr&gt;
&lt;tr&gt;&lt;td&gt;Latitude: -18.290130 &lt;/td&gt;&lt;/tr&gt;
&lt;tr&gt;&lt;td&gt;Heading: 30.9 &lt;/td&gt;&lt;/tr&gt;
&lt;/table&gt;</cmt>
    <desc>&lt;table&gt;
&lt;tr&gt;&lt;td&gt;Longitude: 32.871247 &lt;/td&gt;&lt;/tr&gt;
&lt;tr&gt;&lt;td&gt;Latitude: -18.290130 &lt;/td&gt;&lt;/tr&gt;
&lt;tr&gt;&lt;td&gt;Heading: 30.9 &lt;/td&gt;&lt;/tr&gt;
&lt;/table&gt;</desc>
    <sym>Flag, Blue</sym>
    <type>user</type>
  </wpt>
  <wpt lat="-18.289751010015607" lon="32.871698001399636">
    <ele>2133.672465039606</ele>
    <time>2026-10-02T12:58:39.000Z</time>
    <name>The Epic 2025 001-945</name>
    <cmt>&lt;table&gt;
&lt;tr&gt;&lt;td&gt;Longitude: 32.871698 &lt;/td&gt;&lt;/tr&gt;
&lt;tr&gt;&lt;td&gt;Latitude: -18.289751 &lt;/td&gt;&lt;/tr&gt;
&lt;tr&gt;&lt;td&gt;Heading: 48.5 &lt;/td&gt;&lt;/tr&gt;
&lt;/table&gt;</cmt>
    <desc>&lt;table&gt;
&lt;tr&gt;&lt;td&gt;Longitude: 32.871698 &lt;/td&gt;&lt;/tr&gt;
&lt;tr&gt;&lt;td&gt;Latitude: -18.289751 &lt;/td&gt;&lt;/tr&gt;
&lt;tr&gt;&lt;td&gt;Heading: 48.5 &lt;/td&gt;&lt;/tr&gt;
&lt;/table&gt;</desc>
    <sym>Flag, Blue</sym>
    <type>user</type>
  </wpt>
  <wpt lat="-18.28964799642563" lon="32.87200796417892">
    <ele>2135.2453112441663</ele>
    <time>2026-10-02T12:58:39.000Z</time>
    <name>The Epic 2025 001-946</name>
    <cmt>&lt;table&gt;
&lt;tr&gt;&lt;td&gt;Longitude: 32.872008 &lt;/td&gt;&lt;/tr&gt;
&lt;tr&gt;&lt;td&gt;Latitude: -18.289648 &lt;/td&gt;&lt;/tr&gt;
&lt;tr&gt;&lt;td&gt;Heading: 70.8 &lt;/td&gt;&lt;/tr&gt;
&lt;/table&gt;</cmt>
    <desc>&lt;table&gt;
&lt;tr&gt;&lt;td&gt;Longitude: 32.872008 &lt;/td&gt;&lt;/tr&gt;
&lt;tr&gt;&lt;td&gt;Latitude: -18.289648 &lt;/td&gt;&lt;/tr&gt;
&lt;tr&gt;&lt;td&gt;Heading: 70.8 &lt;/td&gt;&lt;/tr&gt;
&lt;/table&gt;</desc>
    <sym>Flag, Blue</sym>
    <type>user</type>
  </wpt>
  <wpt lat="-18.289469964802265" lon="32.872532000765204">
    <ele>2135.5334864250617</ele>
    <time>2026-10-02T12:58:39.000Z</time>
    <name>The Epic 2025 001-947</name>
    <cmt>&lt;table&gt;
&lt;tr&gt;&lt;td&gt;Longitude: 32.872532 &lt;/td&gt;&lt;/tr&gt;
&lt;tr&gt;&lt;td&gt;Latitude: -18.289470 &lt;/td&gt;&lt;/tr&gt;
&lt;tr&gt;&lt;td&gt;Heading: 70.3 &lt;/td&gt;&lt;/tr&gt;
&lt;/table&gt;</cmt>
    <desc>&lt;table&gt;
&lt;tr&gt;&lt;td&gt;Longitude: 32.872532 &lt;/td&gt;&lt;/tr&gt;
&lt;tr&gt;&lt;td&gt;Latitude: -18.289470 &lt;/td&gt;&lt;/tr&gt;
&lt;tr&gt;&lt;td&gt;Heading: 70.3 &lt;/td&gt;&lt;/tr&gt;
&lt;/table&gt;</desc>
    <sym>Flag, Blue</sym>
    <type>user</type>
  </wpt>
  <wpt lat="-18.288798993453383" lon="32.87336097098887">
    <ele>2124.353035427775</ele>
    <time>2026-10-02T12:58:39.000Z</time>
    <name>The Epic 2025 001-948</name>
    <cmt>&lt;table&gt;
&lt;tr&gt;&lt;td&gt;Longitude: 32.873361 &lt;/td&gt;&lt;/tr&gt;
&lt;tr&gt;&lt;td&gt;Latitude: -18.288799 &lt;/td&gt;&lt;/tr&gt;
&lt;tr&gt;&lt;td&gt;Heading: 49.5 &lt;/td&gt;&lt;/tr&gt;
&lt;/table&gt;</cmt>
    <desc>&lt;table&gt;
&lt;tr&gt;&lt;td&gt;Longitude: 32.873361 &lt;/td&gt;&lt;/tr&gt;
&lt;tr&gt;&lt;td&gt;Latitude: -18.288799 &lt;/td&gt;&lt;/tr&gt;
&lt;tr&gt;&lt;td&gt;Heading: 49.5 &lt;/td&gt;&lt;/tr&gt;
&lt;/table&gt;</desc>
    <sym>Flag, Blue</sym>
    <type>user</type>
  </wpt>
  <wpt lat="-18.288129027932882" lon="32.87418399006128">
    <ele>2119.27035358632</ele>
    <time>2026-10-02T12:58:39.000Z</time>
    <name>The Epic 2025 001-949</name>
    <cmt>&lt;table&gt;
&lt;tr&gt;&lt;td&gt;Longitude: 32.874184 &lt;/td&gt;&lt;/tr&gt;
&lt;tr&gt;&lt;td&gt;Latitude: -18.288129 &lt;/td&gt;&lt;/tr&gt;
&lt;tr&gt;&lt;td&gt;Heading: 49.4 &lt;/td&gt;&lt;/tr&gt;
&lt;/table&gt;</cmt>
    <desc>&lt;table&gt;
&lt;tr&gt;&lt;td&gt;Longitude: 32.874184 &lt;/td&gt;&lt;/tr&gt;
&lt;tr&gt;&lt;td&gt;Latitude: -18.288129 &lt;/td&gt;&lt;/tr&gt;
&lt;tr&gt;&lt;td&gt;Heading: 49.4 &lt;/td&gt;&lt;/tr&gt;
&lt;/table&gt;</desc>
    <sym>Flag, Blue</sym>
    <type>user</type>
  </wpt>
  <wpt lat="-18.434533970430493" lon="32.80658603645861">
    <ele>1483.9421059127374</ele>
    <time>2026-10-02T12:58:39.000Z</time>
    <name>The Epic 2025 001-95</name>
    <cmt>&lt;table&gt;
&lt;tr&gt;&lt;td&gt;Longitude: 32.806586 &lt;/td&gt;&lt;/tr&gt;
&lt;tr&gt;&lt;td&gt;Latitude: -18.434534 &lt;/td&gt;&lt;/tr&gt;
&lt;tr&gt;&lt;td&gt;Heading: 339.9 &lt;/td&gt;&lt;/tr&gt;
&lt;/table&gt;</cmt>
    <desc>&lt;table&gt;
&lt;tr&gt;&lt;td&gt;Longitude: 32.806586 &lt;/td&gt;&lt;/tr&gt;
&lt;tr&gt;&lt;td&gt;Latitude: -18.434534 &lt;/td&gt;&lt;/tr&gt;
&lt;tr&gt;&lt;td&gt;Heading: 339.9 &lt;/td&gt;&lt;/tr&gt;
&lt;/table&gt;</desc>
    <sym>Flag, Blue</sym>
    <type>user</type>
  </wpt>
  <wpt lat="-18.287660982459784" lon="32.87497800774872">
    <ele>2090.3554522368368</ele>
    <time>2026-10-02T12:58:39.000Z</time>
    <name>The Epic 2025 001-950</name>
    <cmt>&lt;table&gt;
&lt;tr&gt;&lt;td&gt;Longitude: 32.874978 &lt;/td&gt;&lt;/tr&gt;
&lt;tr&gt;&lt;td&gt;Latitude: -18.287661 &lt;/td&gt;&lt;/tr&gt;
&lt;tr&gt;&lt;td&gt;Heading: 58.2 &lt;/td&gt;&lt;/tr&gt;
&lt;/table&gt;</cmt>
    <desc>&lt;table&gt;
&lt;tr&gt;&lt;td&gt;Longitude: 32.874978 &lt;/td&gt;&lt;/tr&gt;
&lt;tr&gt;&lt;td&gt;Latitude: -18.287661 &lt;/td&gt;&lt;/tr&gt;
&lt;tr&gt;&lt;td&gt;Heading: 58.2 &lt;/td&gt;&lt;/tr&gt;
&lt;/table&gt;</desc>
    <sym>Flag, Blue</sym>
    <type>user</type>
  </wpt>
  <wpt lat="-18.28709595836699" lon="32.87561897188425">
    <ele>2078.728286608264</ele>
    <time>2026-10-02T12:58:39.000Z</time>
    <name>The Epic 2025 001-951</name>
    <cmt>&lt;table&gt;
&lt;tr&gt;&lt;td&gt;Longitude: 32.875619 &lt;/td&gt;&lt;/tr&gt;
&lt;tr&gt;&lt;td&gt;Latitude: -18.287096 &lt;/td&gt;&lt;/tr&gt;
&lt;tr&gt;&lt;td&gt;Heading: 47.1 &lt;/td&gt;&lt;/tr&gt;
&lt;/table&gt;</cmt>
    <desc>&lt;table&gt;
&lt;tr&gt;&lt;td&gt;Longitude: 32.875619 &lt;/td&gt;&lt;/tr&gt;
&lt;tr&gt;&lt;td&gt;Latitude: -18.287096 &lt;/td&gt;&lt;/tr&gt;
&lt;tr&gt;&lt;td&gt;Heading: 47.1 &lt;/td&gt;&lt;/tr&gt;
&lt;/table&gt;</desc>
    <sym>Flag, Blue</sym>
    <type>user</type>
  </wpt>
  <wpt lat="-18.28640998341143" lon="32.877069963142276">
    <ele>2078.045855020584</ele>
    <time>2026-10-02T12:58:39.000Z</time>
    <name>The Epic 2025 001-952</name>
    <cmt>&lt;table&gt;
&lt;tr&gt;&lt;td&gt;Longitude: 32.877070 &lt;/td&gt;&lt;/tr&gt;
&lt;tr&gt;&lt;td&gt;Latitude: -18.286410 &lt;/td&gt;&lt;/tr&gt;
&lt;tr&gt;&lt;td&gt;Heading: 63.5 &lt;/td&gt;&lt;/tr&gt;
&lt;/table&gt;</cmt>
    <desc>&lt;table&gt;
&lt;tr&gt;&lt;td&gt;Longitude: 32.877070 &lt;/td&gt;&lt;/tr&gt;
&lt;tr&gt;&lt;td&gt;Latitude: -18.286410 &lt;/td&gt;&lt;/tr&gt;
&lt;tr&gt;&lt;td&gt;Heading: 63.5 &lt;/td&gt;&lt;/tr&gt;
&lt;/table&gt;</desc>
    <sym>Flag, Blue</sym>
    <type>user</type>
  </wpt>
  <wpt lat="-18.285946967080235" lon="32.877925001084805">
    <ele>2095.594202447566</ele>
    <time>2026-10-02T12:58:39.000Z</time>
    <name>The Epic 2025 001-953</name>
    <cmt>&lt;table&gt;
&lt;tr&gt;&lt;td&gt;Longitude: 32.877925 &lt;/td&gt;&lt;/tr&gt;
&lt;tr&gt;&lt;td&gt;Latitude: -18.285947 &lt;/td&gt;&lt;/tr&gt;
&lt;tr&gt;&lt;td&gt;Heading: 60.3 &lt;/td&gt;&lt;/tr&gt;
&lt;/table&gt;</cmt>
    <desc>&lt;table&gt;
&lt;tr&gt;&lt;td&gt;Longitude: 32.877925 &lt;/td&gt;&lt;/tr&gt;
&lt;tr&gt;&lt;td&gt;Latitude: -18.285947 &lt;/td&gt;&lt;/tr&gt;
&lt;tr&gt;&lt;td&gt;Heading: 60.3 &lt;/td&gt;&lt;/tr&gt;
&lt;/table&gt;</desc>
    <sym>Flag, Blue</sym>
    <type>user</type>
  </wpt>
  <wpt lat="-18.285747980698943" lon="32.878464041277766">
    <ele>2106.5224819903274</ele>
    <time>2026-10-02T12:58:39.000Z</time>
    <name>The Epic 2025 001-954</name>
    <cmt>&lt;table&gt;
&lt;tr&gt;&lt;td&gt;Longitude: 32.878464 &lt;/td&gt;&lt;/tr&gt;
&lt;tr&gt;&lt;td&gt;Latitude: -18.285748 &lt;/td&gt;&lt;/tr&gt;
&lt;tr&gt;&lt;td&gt;Heading: 68.8 &lt;/td&gt;&lt;/tr&gt;
&lt;/table&gt;</cmt>
    <desc>&lt;table&gt;
&lt;tr&gt;&lt;td&gt;Longitude: 32.878464 &lt;/td&gt;&lt;/tr&gt;
&lt;tr&gt;&lt;td&gt;Latitude: -18.285748 &lt;/td&gt;&lt;/tr&gt;
&lt;tr&gt;&lt;td&gt;Heading: 68.8 &lt;/td&gt;&lt;/tr&gt;
&lt;/table&gt;</desc>
    <sym>Flag, Blue</sym>
    <type>user</type>
  </wpt>
  <wpt lat="-18.28571503981948" lon="32.87894801236689">
    <ele>2117.9223179173687</ele>
    <time>2026-10-02T12:58:39.000Z</time>
    <name>The Epic 2025 001-955</name>
    <cmt>&lt;table&gt;
&lt;tr&gt;&lt;td&gt;Longitude: 32.878948 &lt;/td&gt;&lt;/tr&gt;
&lt;tr&gt;&lt;td&gt;Latitude: -18.285715 &lt;/td&gt;&lt;/tr&gt;
&lt;tr&gt;&lt;td&gt;Heading: 85.8 &lt;/td&gt;&lt;/tr&gt;
&lt;/table&gt;</cmt>
    <desc>&lt;table&gt;
&lt;tr&gt;&lt;td&gt;Longitude: 32.878948 &lt;/td&gt;&lt;/tr&gt;
&lt;tr&gt;&lt;td&gt;Latitude: -18.285715 &lt;/td&gt;&lt;/tr&gt;
&lt;tr&gt;&lt;td&gt;Heading: 85.8 &lt;/td&gt;&lt;/tr&gt;
&lt;/table&gt;</desc>
    <sym>Flag, Blue</sym>
    <type>user</type>
  </wpt>
  <wpt lat="-18.285667011514306" lon="32.87927398458123">
    <ele>2123.007425392485</ele>
    <time>2026-10-02T12:58:39.000Z</time>
    <name>The Epic 2025 001-956</name>
    <cmt>&lt;table&gt;
&lt;tr&gt;&lt;td&gt;Longitude: 32.879274 &lt;/td&gt;&lt;/tr&gt;
&lt;tr&gt;&lt;td&gt;Latitude: -18.285667 &lt;/td&gt;&lt;/tr&gt;
&lt;tr&gt;&lt;td&gt;Heading: 81.2 &lt;/td&gt;&lt;/tr&gt;
&lt;/table&gt;</cmt>
    <desc>&lt;table&gt;
&lt;tr&gt;&lt;td&gt;Longitude: 32.879274 &lt;/td&gt;&lt;/tr&gt;
&lt;tr&gt;&lt;td&gt;Latitude: -18.285667 &lt;/td&gt;&lt;/tr&gt;
&lt;tr&gt;&lt;td&gt;Heading: 81.2 &lt;/td&gt;&lt;/tr&gt;
&lt;/table&gt;</desc>
    <sym>Flag, Blue</sym>
    <type>user</type>
  </wpt>
  <wpt lat="-18.28554899431765" lon="32.87956802174449">
    <ele>2131.8246595589444</ele>
    <time>2026-10-02T12:58:39.000Z</time>
    <name>The Epic 2025 001-957</name>
    <cmt>&lt;table&gt;
&lt;tr&gt;&lt;td&gt;Longitude: 32.879568 &lt;/td&gt;&lt;/tr&gt;
&lt;tr&gt;&lt;td&gt;Latitude: -18.285549 &lt;/td&gt;&lt;/tr&gt;
&lt;tr&gt;&lt;td&gt;Heading: 67.0 &lt;/td&gt;&lt;/tr&gt;
&lt;/table&gt;</cmt>
    <desc>&lt;table&gt;
&lt;tr&gt;&lt;td&gt;Longitude: 32.879568 &lt;/td&gt;&lt;/tr&gt;
&lt;tr&gt;&lt;td&gt;Latitude: -18.285549 &lt;/td&gt;&lt;/tr&gt;
&lt;tr&gt;&lt;td&gt;Heading: 67.0 &lt;/td&gt;&lt;/tr&gt;
&lt;/table&gt;</desc>
    <sym>Flag, Blue</sym>
    <type>user</type>
  </wpt>
  <wpt lat="-18.285487974062562" lon="32.879905980080366">
    <ele>2142.034355619926</ele>
    <time>2026-10-02T12:58:39.000Z</time>
    <name>The Epic 2025 001-958</name>
    <cmt>&lt;table&gt;
&lt;tr&gt;&lt;td&gt;Longitude: 32.879906 &lt;/td&gt;&lt;/tr&gt;
&lt;tr&gt;&lt;td&gt;Latitude: -18.285488 &lt;/td&gt;&lt;/tr&gt;
&lt;tr&gt;&lt;td&gt;Heading: 79.3 &lt;/td&gt;&lt;/tr&gt;
&lt;/table&gt;</cmt>
    <desc>&lt;table&gt;
&lt;tr&gt;&lt;td&gt;Longitude: 32.879906 &lt;/td&gt;&lt;/tr&gt;
&lt;tr&gt;&lt;td&gt;Latitude: -18.285488 &lt;/td&gt;&lt;/tr&gt;
&lt;tr&gt;&lt;td&gt;Heading: 79.3 &lt;/td&gt;&lt;/tr&gt;
&lt;/table&gt;</desc>
    <sym>Flag, Blue</sym>
    <type>user</type>
  </wpt>
  <wpt lat="-18.285469030961394" lon="32.8802290186286">
    <ele>2150.5014631372965</ele>
    <time>2026-10-02T12:58:39.000Z</time>
    <name>The Epic 2025 001-959</name>
    <cmt>&lt;table&gt;
&lt;tr&gt;&lt;td&gt;Longitude: 32.880229 &lt;/td&gt;&lt;/tr&gt;
&lt;tr&gt;&lt;td&gt;Latitude: -18.285469 &lt;/td&gt;&lt;/tr&gt;
&lt;tr&gt;&lt;td&gt;Heading: 86.4 &lt;/td&gt;&lt;/tr&gt;
&lt;/table&gt;</cmt>
    <desc>&lt;table&gt;
&lt;tr&gt;&lt;td&gt;Longitude: 32.880229 &lt;/td&gt;&lt;/tr&gt;
&lt;tr&gt;&lt;td&gt;Latitude: -18.285469 &lt;/td&gt;&lt;/tr&gt;
&lt;tr&gt;&lt;td&gt;Heading: 86.4 &lt;/td&gt;&lt;/tr&gt;
&lt;/table&gt;</desc>
    <sym>Flag, Blue</sym>
    <type>user</type>
  </wpt>
  <wpt lat="-18.43426700681448" lon="32.806679997593164">
    <ele>1487.9937392324157</ele>
    <time>2026-10-02T12:58:39.000Z</time>
    <name>The Epic 2025 001-96</name>
    <cmt>&lt;table&gt;
&lt;tr&gt;&lt;td&gt;Longitude: 32.806680 &lt;/td&gt;&lt;/tr&gt;
&lt;tr&gt;&lt;td&gt;Latitude: -18.434267 &lt;/td&gt;&lt;/tr&gt;
&lt;tr&gt;&lt;td&gt;Heading: 18.5 &lt;/td&gt;&lt;/tr&gt;
&lt;/table&gt;</cmt>
    <desc>&lt;table&gt;
&lt;tr&gt;&lt;td&gt;Longitude: 32.806680 &lt;/td&gt;&lt;/tr&gt;
&lt;tr&gt;&lt;td&gt;Latitude: -18.434267 &lt;/td&gt;&lt;/tr&gt;
&lt;tr&gt;&lt;td&gt;Heading: 18.5 &lt;/td&gt;&lt;/tr&gt;
&lt;/table&gt;</desc>
    <sym>Flag, Blue</sym>
    <type>user</type>
  </wpt>
  <wpt lat="-18.28559199348092" lon="32.88036203943193">
    <ele>2154.4550872911796</ele>
    <time>2026-10-02T12:58:39.000Z</time>
    <name>The Epic 2025 001-960</name>
    <cmt>&lt;table&gt;
&lt;tr&gt;&lt;td&gt;Longitude: 32.880362 &lt;/td&gt;&lt;/tr&gt;
&lt;tr&gt;&lt;td&gt;Latitude: -18.285592 &lt;/td&gt;&lt;/tr&gt;
&lt;tr&gt;&lt;td&gt;Heading: 134.2 &lt;/td&gt;&lt;/tr&gt;
&lt;/table&gt;</cmt>
    <desc>&lt;table&gt;
&lt;tr&gt;&lt;td&gt;Longitude: 32.880362 &lt;/td&gt;&lt;/tr&gt;
&lt;tr&gt;&lt;td&gt;Latitude: -18.285592 &lt;/td&gt;&lt;/tr&gt;
&lt;tr&gt;&lt;td&gt;Heading: 134.2 &lt;/td&gt;&lt;/tr&gt;
&lt;/table&gt;</desc>
    <sym>Flag, Blue</sym>
    <type>user</type>
  </wpt>
  <wpt lat="-18.28552301041782" lon="32.880592960864305">
    <ele>2161.1379767785547</ele>
    <time>2026-10-02T12:58:39.000Z</time>
    <name>The Epic 2025 001-961</name>
    <cmt>&lt;table&gt;
&lt;tr&gt;&lt;td&gt;Longitude: 32.880593 &lt;/td&gt;&lt;/tr&gt;
&lt;tr&gt;&lt;td&gt;Latitude: -18.285523 &lt;/td&gt;&lt;/tr&gt;
&lt;tr&gt;&lt;td&gt;Heading: 72.6 &lt;/td&gt;&lt;/tr&gt;
&lt;/table&gt;</cmt>
    <desc>&lt;table&gt;
&lt;tr&gt;&lt;td&gt;Longitude: 32.880593 &lt;/td&gt;&lt;/tr&gt;
&lt;tr&gt;&lt;td&gt;Latitude: -18.285523 &lt;/td&gt;&lt;/tr&gt;
&lt;tr&gt;&lt;td&gt;Heading: 72.6 &lt;/td&gt;&lt;/tr&gt;
&lt;/table&gt;</desc>
    <sym>Flag, Blue</sym>
    <type>user</type>
  </wpt>
  <wpt lat="-18.28548001125455" lon="32.88090602494776">
    <ele>2169.8043030366466</ele>
    <time>2026-10-02T12:58:39.000Z</time>
    <name>The Epic 2025 001-962</name>
    <cmt>&lt;table&gt;
&lt;tr&gt;&lt;td&gt;Longitude: 32.880906 &lt;/td&gt;&lt;/tr&gt;
&lt;tr&gt;&lt;td&gt;Latitude: -18.285480 &lt;/td&gt;&lt;/tr&gt;
&lt;tr&gt;&lt;td&gt;Heading: 81.8 &lt;/td&gt;&lt;/tr&gt;
&lt;/table&gt;</cmt>
    <desc>&lt;table&gt;
&lt;tr&gt;&lt;td&gt;Longitude: 32.880906 &lt;/td&gt;&lt;/tr&gt;
&lt;tr&gt;&lt;td&gt;Latitude: -18.285480 &lt;/td&gt;&lt;/tr&gt;
&lt;tr&gt;&lt;td&gt;Heading: 81.8 &lt;/td&gt;&lt;/tr&gt;
&lt;/table&gt;</desc>
    <sym>Flag, Blue</sym>
    <type>user</type>
  </wpt>
  <wpt lat="-18.28544002957642" lon="32.881214981898665">
    <ele>2174.330910929429</ele>
    <time>2026-10-02T12:58:39.000Z</time>
    <name>The Epic 2025 001-963</name>
    <cmt>&lt;table&gt;
&lt;tr&gt;&lt;td&gt;Longitude: 32.881215 &lt;/td&gt;&lt;/tr&gt;
&lt;tr&gt;&lt;td&gt;Latitude: -18.285440 &lt;/td&gt;&lt;/tr&gt;
&lt;tr&gt;&lt;td&gt;Heading: 82.3 &lt;/td&gt;&lt;/tr&gt;
&lt;/table&gt;</cmt>
    <desc>&lt;table&gt;
&lt;tr&gt;&lt;td&gt;Longitude: 32.881215 &lt;/td&gt;&lt;/tr&gt;
&lt;tr&gt;&lt;td&gt;Latitude: -18.285440 &lt;/td&gt;&lt;/tr&gt;
&lt;tr&gt;&lt;td&gt;Heading: 82.3 &lt;/td&gt;&lt;/tr&gt;
&lt;/table&gt;</desc>
    <sym>Flag, Blue</sym>
    <type>user</type>
  </wpt>
  <wpt lat="-18.285209024325013" lon="32.881490997970104">
    <ele>2178.729446439698</ele>
    <time>2026-10-02T12:58:39.000Z</time>
    <name>The Epic 2025 001-964</name>
    <cmt>&lt;table&gt;
&lt;tr&gt;&lt;td&gt;Longitude: 32.881491 &lt;/td&gt;&lt;/tr&gt;
&lt;tr&gt;&lt;td&gt;Latitude: -18.285209 &lt;/td&gt;&lt;/tr&gt;
&lt;tr&gt;&lt;td&gt;Heading: 48.6 &lt;/td&gt;&lt;/tr&gt;
&lt;/table&gt;</cmt>
    <desc>&lt;table&gt;
&lt;tr&gt;&lt;td&gt;Longitude: 32.881491 &lt;/td&gt;&lt;/tr&gt;
&lt;tr&gt;&lt;td&gt;Latitude: -18.285209 &lt;/td&gt;&lt;/tr&gt;
&lt;tr&gt;&lt;td&gt;Heading: 48.6 &lt;/td&gt;&lt;/tr&gt;
&lt;/table&gt;</desc>
    <sym>Flag, Blue</sym>
    <type>user</type>
  </wpt>
  <wpt lat="-18.285191003233194" lon="32.881858041509986">
    <ele>2188.664742450651</ele>
    <time>2026-10-02T12:58:39.000Z</time>
    <name>The Epic 2025 001-965</name>
    <cmt>&lt;table&gt;
&lt;tr&gt;&lt;td&gt;Longitude: 32.881858 &lt;/td&gt;&lt;/tr&gt;
&lt;tr&gt;&lt;td&gt;Latitude: -18.285191 &lt;/td&gt;&lt;/tr&gt;
&lt;tr&gt;&lt;td&gt;Heading: 87.1 &lt;/td&gt;&lt;/tr&gt;
&lt;/table&gt;</cmt>
    <desc>&lt;table&gt;
&lt;tr&gt;&lt;td&gt;Longitude: 32.881858 &lt;/td&gt;&lt;/tr&gt;
&lt;tr&gt;&lt;td&gt;Latitude: -18.285191 &lt;/td&gt;&lt;/tr&gt;
&lt;tr&gt;&lt;td&gt;Heading: 87.1 &lt;/td&gt;&lt;/tr&gt;
&lt;/table&gt;</desc>
    <sym>Flag, Blue</sym>
    <type>user</type>
  </wpt>
  <wpt lat="-18.28526400960982" lon="32.882096003741026">
    <ele>2196.1781049894635</ele>
    <time>2026-10-02T12:58:39.000Z</time>
    <name>The Epic 2025 001-966</name>
    <cmt>&lt;table&gt;
&lt;tr&gt;&lt;td&gt;Longitude: 32.882096 &lt;/td&gt;&lt;/tr&gt;
&lt;tr&gt;&lt;td&gt;Latitude: -18.285264 &lt;/td&gt;&lt;/tr&gt;
&lt;tr&gt;&lt;td&gt;Heading: 107.8 &lt;/td&gt;&lt;/tr&gt;
&lt;/table&gt;</cmt>
    <desc>&lt;table&gt;
&lt;tr&gt;&lt;td&gt;Longitude: 32.882096 &lt;/td&gt;&lt;/tr&gt;
&lt;tr&gt;&lt;td&gt;Latitude: -18.285264 &lt;/td&gt;&lt;/tr&gt;
&lt;tr&gt;&lt;td&gt;Heading: 107.8 &lt;/td&gt;&lt;/tr&gt;
&lt;/table&gt;</desc>
    <sym>Flag, Blue</sym>
    <type>user</type>
  </wpt>
  <wpt lat="-18.285167030990124" lon="32.88245500065386">
    <ele>2211.8682328486484</ele>
    <time>2026-10-02T12:58:39.000Z</time>
    <name>The Epic 2025 001-967</name>
    <cmt>&lt;table&gt;
&lt;tr&gt;&lt;td&gt;Longitude: 32.882455 &lt;/td&gt;&lt;/tr&gt;
&lt;tr&gt;&lt;td&gt;Latitude: -18.285167 &lt;/td&gt;&lt;/tr&gt;
&lt;tr&gt;&lt;td&gt;Heading: 74.2 &lt;/td&gt;&lt;/tr&gt;
&lt;/table&gt;</cmt>
    <desc>&lt;table&gt;
&lt;tr&gt;&lt;td&gt;Longitude: 32.882455 &lt;/td&gt;&lt;/tr&gt;
&lt;tr&gt;&lt;td&gt;Latitude: -18.285167 &lt;/td&gt;&lt;/tr&gt;
&lt;tr&gt;&lt;td&gt;Heading: 74.2 &lt;/td&gt;&lt;/tr&gt;
&lt;/table&gt;</desc>
    <sym>Flag, Blue</sym>
    <type>user</type>
  </wpt>
  <wpt lat="-18.285283958539367" lon="32.882717018947005">
    <ele>2219.24245516723</ele>
    <time>2026-10-02T12:58:39.000Z</time>
    <name>The Epic 2025 001-968</name>
    <cmt>&lt;table&gt;
&lt;tr&gt;&lt;td&gt;Longitude: 32.882717 &lt;/td&gt;&lt;/tr&gt;
&lt;tr&gt;&lt;td&gt;Latitude: -18.285284 &lt;/td&gt;&lt;/tr&gt;
&lt;tr&gt;&lt;td&gt;Heading: 115.1 &lt;/td&gt;&lt;/tr&gt;
&lt;/table&gt;</cmt>
    <desc>&lt;table&gt;
&lt;tr&gt;&lt;td&gt;Longitude: 32.882717 &lt;/td&gt;&lt;/tr&gt;
&lt;tr&gt;&lt;td&gt;Latitude: -18.285284 &lt;/td&gt;&lt;/tr&gt;
&lt;tr&gt;&lt;td&gt;Heading: 115.1 &lt;/td&gt;&lt;/tr&gt;
&lt;/table&gt;</desc>
    <sym>Flag, Blue</sym>
    <type>user</type>
  </wpt>
  <wpt lat="-18.285240037366748" lon="32.883060006424785">
    <ele>2222.870830791843</ele>
    <time>2026-10-02T12:58:39.000Z</time>
    <name>The Epic 2025 001-969</name>
    <cmt>&lt;table&gt;
&lt;tr&gt;&lt;td&gt;Longitude: 32.883060 &lt;/td&gt;&lt;/tr&gt;
&lt;tr&gt;&lt;td&gt;Latitude: -18.285240 &lt;/td&gt;&lt;/tr&gt;
&lt;tr&gt;&lt;td&gt;Heading: 82.4 &lt;/td&gt;&lt;/tr&gt;
&lt;/table&gt;</cmt>
    <desc>&lt;table&gt;
&lt;tr&gt;&lt;td&gt;Longitude: 32.883060 &lt;/td&gt;&lt;/tr&gt;
&lt;tr&gt;&lt;td&gt;Latitude: -18.285240 &lt;/td&gt;&lt;/tr&gt;
&lt;tr&gt;&lt;td&gt;Heading: 82.4 &lt;/td&gt;&lt;/tr&gt;
&lt;/table&gt;</desc>
    <sym>Flag, Blue</sym>
    <type>user</type>
  </wpt>
  <wpt lat="-18.43413901515305" lon="32.8068820014596">
    <ele>1493.5939524393225</ele>
    <time>2026-10-02T12:58:39.000Z</time>
    <name>The Epic 2025 001-97</name>
    <cmt>&lt;table&gt;
&lt;tr&gt;&lt;td&gt;Longitude: 32.806882 &lt;/td&gt;&lt;/tr&gt;
&lt;tr&gt;&lt;td&gt;Latitude: -18.434139 &lt;/td&gt;&lt;/tr&gt;
&lt;tr&gt;&lt;td&gt;Heading: 56.1 &lt;/td&gt;&lt;/tr&gt;
&lt;/table&gt;</cmt>
    <desc>&lt;table&gt;
&lt;tr&gt;&lt;td&gt;Longitude: 32.806882 &lt;/td&gt;&lt;/tr&gt;
&lt;tr&gt;&lt;td&gt;Latitude: -18.434139 &lt;/td&gt;&lt;/tr&gt;
&lt;tr&gt;&lt;td&gt;Heading: 56.1 &lt;/td&gt;&lt;/tr&gt;
&lt;/table&gt;</desc>
    <sym>Flag, Blue</sym>
    <type>user</type>
  </wpt>
  <wpt lat="-18.28509603627026" lon="32.883362006396055">
    <ele>2218.414025878526</ele>
    <time>2026-10-02T12:58:39.000Z</time>
    <name>The Epic 2025 001-970</name>
    <cmt>&lt;table&gt;
&lt;tr&gt;&lt;td&gt;Longitude: 32.883362 &lt;/td&gt;&lt;/tr&gt;
&lt;tr&gt;&lt;td&gt;Latitude: -18.285096 &lt;/td&gt;&lt;/tr&gt;
&lt;tr&gt;&lt;td&gt;Heading: 63.4 &lt;/td&gt;&lt;/tr&gt;
&lt;/table&gt;</cmt>
    <desc>&lt;table&gt;
&lt;tr&gt;&lt;td&gt;Longitude: 32.883362 &lt;/td&gt;&lt;/tr&gt;
&lt;tr&gt;&lt;td&gt;Latitude: -18.285096 &lt;/td&gt;&lt;/tr&gt;
&lt;tr&gt;&lt;td&gt;Heading: 63.4 &lt;/td&gt;&lt;/tr&gt;
&lt;/table&gt;</desc>
    <sym>Flag, Blue</sym>
    <type>user</type>
  </wpt>
  <wpt lat="-18.284589014947414" lon="32.88354498334229">
    <ele>2210.794155547941</ele>
    <time>2026-10-02T12:58:39.000Z</time>
    <name>The Epic 2025 001-971</name>
    <cmt>&lt;table&gt;
&lt;tr&gt;&lt;td&gt;Longitude: 32.883545 &lt;/td&gt;&lt;/tr&gt;
&lt;tr&gt;&lt;td&gt;Latitude: -18.284589 &lt;/td&gt;&lt;/tr&gt;
&lt;tr&gt;&lt;td&gt;Heading: 18.9 &lt;/td&gt;&lt;/tr&gt;
&lt;/table&gt;</cmt>
    <desc>&lt;table&gt;
&lt;tr&gt;&lt;td&gt;Longitude: 32.883545 &lt;/td&gt;&lt;/tr&gt;
&lt;tr&gt;&lt;td&gt;Latitude: -18.284589 &lt;/td&gt;&lt;/tr&gt;
&lt;tr&gt;&lt;td&gt;Heading: 18.9 &lt;/td&gt;&lt;/tr&gt;
&lt;/table&gt;</desc>
    <sym>Flag, Blue</sym>
    <type>user</type>
  </wpt>
  <wpt lat="-18.284487007185817" lon="32.88382804021239">
    <ele>2202.3496561162833</ele>
    <time>2026-10-02T12:58:39.000Z</time>
    <name>The Epic 2025 001-972</name>
    <cmt>&lt;table&gt;
&lt;tr&gt;&lt;td&gt;Longitude: 32.883828 &lt;/td&gt;&lt;/tr&gt;
&lt;tr&gt;&lt;td&gt;Latitude: -18.284487 &lt;/td&gt;&lt;/tr&gt;
&lt;tr&gt;&lt;td&gt;Heading: 69.3 &lt;/td&gt;&lt;/tr&gt;
&lt;/table&gt;</cmt>
    <desc>&lt;table&gt;
&lt;tr&gt;&lt;td&gt;Longitude: 32.883828 &lt;/td&gt;&lt;/tr&gt;
&lt;tr&gt;&lt;td&gt;Latitude: -18.284487 &lt;/td&gt;&lt;/tr&gt;
&lt;tr&gt;&lt;td&gt;Heading: 69.3 &lt;/td&gt;&lt;/tr&gt;
&lt;/table&gt;</desc>
    <sym>Flag, Blue</sym>
    <type>user</type>
  </wpt>
  <wpt lat="-18.284938959404826" lon="32.884352998808026">
    <ele>2167.890573038295</ele>
    <time>2026-10-02T12:58:39.000Z</time>
    <name>The Epic 2025 001-973</name>
    <cmt>&lt;table&gt;
&lt;tr&gt;&lt;td&gt;Longitude: 32.884353 &lt;/td&gt;&lt;/tr&gt;
&lt;tr&gt;&lt;td&gt;Latitude: -18.284939 &lt;/td&gt;&lt;/tr&gt;
&lt;tr&gt;&lt;td&gt;Heading: 132.2 &lt;/td&gt;&lt;/tr&gt;
&lt;/table&gt;</cmt>
    <desc>&lt;table&gt;
&lt;tr&gt;&lt;td&gt;Longitude: 32.884353 &lt;/td&gt;&lt;/tr&gt;
&lt;tr&gt;&lt;td&gt;Latitude: -18.284939 &lt;/td&gt;&lt;/tr&gt;
&lt;tr&gt;&lt;td&gt;Heading: 132.2 &lt;/td&gt;&lt;/tr&gt;
&lt;/table&gt;</desc>
    <sym>Flag, Blue</sym>
    <type>user</type>
  </wpt>
  <wpt lat="-18.285672962665558" lon="32.884330032393336">
    <ele>2158.955029568547</ele>
    <time>2026-10-02T12:58:39.000Z</time>
    <name>The Epic 2025 001-974</name>
    <cmt>&lt;table&gt;
&lt;tr&gt;&lt;td&gt;Longitude: 32.884330 &lt;/td&gt;&lt;/tr&gt;
&lt;tr&gt;&lt;td&gt;Latitude: -18.285673 &lt;/td&gt;&lt;/tr&gt;
&lt;tr&gt;&lt;td&gt;Heading: 181.7 &lt;/td&gt;&lt;/tr&gt;
&lt;/table&gt;</cmt>
    <desc>&lt;table&gt;
&lt;tr&gt;&lt;td&gt;Longitude: 32.884330 &lt;/td&gt;&lt;/tr&gt;
&lt;tr&gt;&lt;td&gt;Latitude: -18.285673 &lt;/td&gt;&lt;/tr&gt;
&lt;tr&gt;&lt;td&gt;Heading: 181.7 &lt;/td&gt;&lt;/tr&gt;
&lt;/table&gt;</desc>
    <sym>Flag, Blue</sym>
    <type>user</type>
  </wpt>
  <wpt lat="-18.286135978996754" lon="32.88444695994258">
    <ele>2146.522015073345</ele>
    <time>2026-10-02T12:58:39.000Z</time>
    <name>The Epic 2025 001-975</name>
    <cmt>&lt;table&gt;
&lt;tr&gt;&lt;td&gt;Longitude: 32.884447 &lt;/td&gt;&lt;/tr&gt;
&lt;tr&gt;&lt;td&gt;Latitude: -18.286136 &lt;/td&gt;&lt;/tr&gt;
&lt;tr&gt;&lt;td&gt;Heading: 166.5 &lt;/td&gt;&lt;/tr&gt;
&lt;/table&gt;</cmt>
    <desc>&lt;table&gt;
&lt;tr&gt;&lt;td&gt;Longitude: 32.884447 &lt;/td&gt;&lt;/tr&gt;
&lt;tr&gt;&lt;td&gt;Latitude: -18.286136 &lt;/td&gt;&lt;/tr&gt;
&lt;tr&gt;&lt;td&gt;Heading: 166.5 &lt;/td&gt;&lt;/tr&gt;
&lt;/table&gt;</desc>
    <sym>Flag, Blue</sym>
    <type>user</type>
  </wpt>
  <wpt lat="-18.286389028653502" lon="32.88444100879133">
    <ele>2142.3141683972935</ele>
    <time>2026-10-02T12:58:39.000Z</time>
    <name>The Epic 2025 001-976</name>
    <cmt>&lt;table&gt;
&lt;tr&gt;&lt;td&gt;Longitude: 32.884441 &lt;/td&gt;&lt;/tr&gt;
&lt;tr&gt;&lt;td&gt;Latitude: -18.286389 &lt;/td&gt;&lt;/tr&gt;
&lt;tr&gt;&lt;td&gt;Heading: 181.3 &lt;/td&gt;&lt;/tr&gt;
&lt;/table&gt;</cmt>
    <desc>&lt;table&gt;
&lt;tr&gt;&lt;td&gt;Longitude: 32.884441 &lt;/td&gt;&lt;/tr&gt;
&lt;tr&gt;&lt;td&gt;Latitude: -18.286389 &lt;/td&gt;&lt;/tr&gt;
&lt;tr&gt;&lt;td&gt;Heading: 181.3 &lt;/td&gt;&lt;/tr&gt;
&lt;/table&gt;</desc>
    <sym>Flag, Blue</sym>
    <type>user</type>
  </wpt>
  <wpt lat="-18.2865549903363" lon="32.88451300933957">
    <ele>2139.2651847824454</ele>
    <time>2026-10-02T12:58:39.000Z</time>
    <name>The Epic 2025 001-977</name>
    <cmt>&lt;table&gt;
&lt;tr&gt;&lt;td&gt;Longitude: 32.884513 &lt;/td&gt;&lt;/tr&gt;
&lt;tr&gt;&lt;td&gt;Latitude: -18.286555 &lt;/td&gt;&lt;/tr&gt;
&lt;tr&gt;&lt;td&gt;Heading: 157.4 &lt;/td&gt;&lt;/tr&gt;
&lt;/table&gt;</cmt>
    <desc>&lt;table&gt;
&lt;tr&gt;&lt;td&gt;Longitude: 32.884513 &lt;/td&gt;&lt;/tr&gt;
&lt;tr&gt;&lt;td&gt;Latitude: -18.286555 &lt;/td&gt;&lt;/tr&gt;
&lt;tr&gt;&lt;td&gt;Heading: 157.4 &lt;/td&gt;&lt;/tr&gt;
&lt;/table&gt;</desc>
    <sym>Flag, Blue</sym>
    <type>user</type>
  </wpt>
  <wpt lat="-18.286831006407738" lon="32.8850070387125">
    <ele>2127.362032404855</ele>
    <time>2026-10-02T12:58:39.000Z</time>
    <name>The Epic 2025 001-978</name>
    <cmt>&lt;table&gt;
&lt;tr&gt;&lt;td&gt;Longitude: 32.885007 &lt;/td&gt;&lt;/tr&gt;
&lt;tr&gt;&lt;td&gt;Latitude: -18.286831 &lt;/td&gt;&lt;/tr&gt;
&lt;tr&gt;&lt;td&gt;Heading: 120.5 &lt;/td&gt;&lt;/tr&gt;
&lt;/table&gt;</cmt>
    <desc>&lt;table&gt;
&lt;tr&gt;&lt;td&gt;Longitude: 32.885007 &lt;/td&gt;&lt;/tr&gt;
&lt;tr&gt;&lt;td&gt;Latitude: -18.286831 &lt;/td&gt;&lt;/tr&gt;
&lt;tr&gt;&lt;td&gt;Heading: 120.5 &lt;/td&gt;&lt;/tr&gt;
&lt;/table&gt;</desc>
    <sym>Flag, Blue</sym>
    <type>user</type>
  </wpt>
  <wpt lat="-18.287065029144287" lon="32.88595402613282">
    <ele>2123.733652052835</ele>
    <time>2026-10-02T12:58:39.000Z</time>
    <name>The Epic 2025 001-979</name>
    <cmt>&lt;table&gt;
&lt;tr&gt;&lt;td&gt;Longitude: 32.885954 &lt;/td&gt;&lt;/tr&gt;
&lt;tr&gt;&lt;td&gt;Latitude: -18.287065 &lt;/td&gt;&lt;/tr&gt;
&lt;tr&gt;&lt;td&gt;Heading: 104.6 &lt;/td&gt;&lt;/tr&gt;
&lt;/table&gt;</cmt>
    <desc>&lt;table&gt;
&lt;tr&gt;&lt;td&gt;Longitude: 32.885954 &lt;/td&gt;&lt;/tr&gt;
&lt;tr&gt;&lt;td&gt;Latitude: -18.287065 &lt;/td&gt;&lt;/tr&gt;
&lt;tr&gt;&lt;td&gt;Heading: 104.6 &lt;/td&gt;&lt;/tr&gt;
&lt;/table&gt;</desc>
    <sym>Flag, Blue</sym>
    <type>user</type>
  </wpt>
  <wpt lat="-18.433909015730023" lon="32.807563031092286">
    <ele>1508.4497983194888</ele>
    <time>2026-10-02T12:58:39.000Z</time>
    <name>The Epic 2025 001-98</name>
    <cmt>&lt;table&gt;
&lt;tr&gt;&lt;td&gt;Longitude: 32.807563 &lt;/td&gt;&lt;/tr&gt;
&lt;tr&gt;&lt;td&gt;Latitude: -18.433909 &lt;/td&gt;&lt;/tr&gt;
&lt;tr&gt;&lt;td&gt;Heading: 70.4 &lt;/td&gt;&lt;/tr&gt;
&lt;/table&gt;</cmt>
    <desc>&lt;table&gt;
&lt;tr&gt;&lt;td&gt;Longitude: 32.807563 &lt;/td&gt;&lt;/tr&gt;
&lt;tr&gt;&lt;td&gt;Latitude: -18.433909 &lt;/td&gt;&lt;/tr&gt;
&lt;tr&gt;&lt;td&gt;Heading: 70.4 &lt;/td&gt;&lt;/tr&gt;
&lt;/table&gt;</desc>
    <sym>Flag, Blue</sym>
    <type>user</type>
  </wpt>
  <wpt lat="-18.28741396777332" lon="32.886476973071694">
    <ele>2122.577135541575</ele>
    <time>2026-10-02T12:58:39.000Z</time>
    <name>The Epic 2025 001-980</name>
    <cmt>&lt;table&gt;
&lt;tr&gt;&lt;td&gt;Longitude: 32.886477 &lt;/td&gt;&lt;/tr&gt;
&lt;tr&gt;&lt;td&gt;Latitude: -18.287414 &lt;/td&gt;&lt;/tr&gt;
&lt;tr&gt;&lt;td&gt;Heading: 125.1 &lt;/td&gt;&lt;/tr&gt;
&lt;/table&gt;</cmt>
    <desc>&lt;table&gt;
&lt;tr&gt;&lt;td&gt;Longitude: 32.886477 &lt;/td&gt;&lt;/tr&gt;
&lt;tr&gt;&lt;td&gt;Latitude: -18.287414 &lt;/td&gt;&lt;/tr&gt;
&lt;tr&gt;&lt;td&gt;Heading: 125.1 &lt;/td&gt;&lt;/tr&gt;
&lt;/table&gt;</desc>
    <sym>Flag, Blue</sym>
    <type>user</type>
  </wpt>
  <wpt lat="-18.287841025739908" lon="32.887551030144095">
    <ele>2113.230925031523</ele>
    <time>2026-10-02T12:58:39.000Z</time>
    <name>The Epic 2025 001-981</name>
    <cmt>&lt;table&gt;
&lt;tr&gt;&lt;td&gt;Longitude: 32.887551 &lt;/td&gt;&lt;/tr&gt;
&lt;tr&gt;&lt;td&gt;Latitude: -18.287841 &lt;/td&gt;&lt;/tr&gt;
&lt;tr&gt;&lt;td&gt;Heading: 112.8 &lt;/td&gt;&lt;/tr&gt;
&lt;/table&gt;</cmt>
    <desc>&lt;table&gt;
&lt;tr&gt;&lt;td&gt;Longitude: 32.887551 &lt;/td&gt;&lt;/tr&gt;
&lt;tr&gt;&lt;td&gt;Latitude: -18.287841 &lt;/td&gt;&lt;/tr&gt;
&lt;tr&gt;&lt;td&gt;Heading: 112.8 &lt;/td&gt;&lt;/tr&gt;
&lt;/table&gt;</desc>
    <sym>Flag, Blue</sym>
    <type>user</type>
  </wpt>
  <wpt lat="-18.287959964945912" lon="32.888171039521694">
    <ele>2096.3800517918826</ele>
    <time>2026-10-02T12:58:39.000Z</time>
    <name>The Epic 2025 001-982</name>
    <cmt>&lt;table&gt;
&lt;tr&gt;&lt;td&gt;Longitude: 32.888171 &lt;/td&gt;&lt;/tr&gt;
&lt;tr&gt;&lt;td&gt;Latitude: -18.287960 &lt;/td&gt;&lt;/tr&gt;
&lt;tr&gt;&lt;td&gt;Heading: 101.4 &lt;/td&gt;&lt;/tr&gt;
&lt;/table&gt;</cmt>
    <desc>&lt;table&gt;
&lt;tr&gt;&lt;td&gt;Longitude: 32.888171 &lt;/td&gt;&lt;/tr&gt;
&lt;tr&gt;&lt;td&gt;Latitude: -18.287960 &lt;/td&gt;&lt;/tr&gt;
&lt;tr&gt;&lt;td&gt;Heading: 101.4 &lt;/td&gt;&lt;/tr&gt;
&lt;/table&gt;</desc>
    <sym>Flag, Blue</sym>
    <type>user</type>
  </wpt>
  <wpt lat="-18.288155011832714" lon="32.88867303170264">
    <ele>2083.0831858286306</ele>
    <time>2026-10-02T12:58:39.000Z</time>
    <name>The Epic 2025 001-983</name>
    <cmt>&lt;table&gt;
&lt;tr&gt;&lt;td&gt;Longitude: 32.888673 &lt;/td&gt;&lt;/tr&gt;
&lt;tr&gt;&lt;td&gt;Latitude: -18.288155 &lt;/td&gt;&lt;/tr&gt;
&lt;tr&gt;&lt;td&gt;Heading: 112.3 &lt;/td&gt;&lt;/tr&gt;
&lt;/table&gt;</cmt>
    <desc>&lt;table&gt;
&lt;tr&gt;&lt;td&gt;Longitude: 32.888673 &lt;/td&gt;&lt;/tr&gt;
&lt;tr&gt;&lt;td&gt;Latitude: -18.288155 &lt;/td&gt;&lt;/tr&gt;
&lt;tr&gt;&lt;td&gt;Heading: 112.3 &lt;/td&gt;&lt;/tr&gt;
&lt;/table&gt;</desc>
    <sym>Flag, Blue</sym>
    <type>user</type>
  </wpt>
  <wpt lat="-18.28814403153956" lon="32.88923503831029">
    <ele>2070.941568794751</ele>
    <time>2026-10-02T12:58:39.000Z</time>
    <name>The Epic 2025 001-984</name>
    <cmt>&lt;table&gt;
&lt;tr&gt;&lt;td&gt;Longitude: 32.889235 &lt;/td&gt;&lt;/tr&gt;
&lt;tr&gt;&lt;td&gt;Latitude: -18.288144 &lt;/td&gt;&lt;/tr&gt;
&lt;tr&gt;&lt;td&gt;Heading: 88.8 &lt;/td&gt;&lt;/tr&gt;
&lt;/table&gt;</cmt>
    <desc>&lt;table&gt;
&lt;tr&gt;&lt;td&gt;Longitude: 32.889235 &lt;/td&gt;&lt;/tr&gt;
&lt;tr&gt;&lt;td&gt;Latitude: -18.288144 &lt;/td&gt;&lt;/tr&gt;
&lt;tr&gt;&lt;td&gt;Heading: 88.8 &lt;/td&gt;&lt;/tr&gt;
&lt;/table&gt;</desc>
    <sym>Flag, Blue</sym>
    <type>user</type>
  </wpt>
  <wpt lat="-18.2883180398494" lon="32.889828979969025">
    <ele>2055.9453125</ele>
    <time>2026-10-02T12:58:39.000Z</time>
    <name>The Epic 2025 001-985</name>
    <cmt>&lt;table&gt;
&lt;tr&gt;&lt;td&gt;Longitude: 32.889829 &lt;/td&gt;&lt;/tr&gt;
&lt;tr&gt;&lt;td&gt;Latitude: -18.288318 &lt;/td&gt;&lt;/tr&gt;
&lt;tr&gt;&lt;td&gt;Heading: 107.1 &lt;/td&gt;&lt;/tr&gt;
&lt;/table&gt;</cmt>
    <desc>&lt;table&gt;
&lt;tr&gt;&lt;td&gt;Longitude: 32.889829 &lt;/td&gt;&lt;/tr&gt;
&lt;tr&gt;&lt;td&gt;Latitude: -18.288318 &lt;/td&gt;&lt;/tr&gt;
&lt;tr&gt;&lt;td&gt;Heading: 107.1 &lt;/td&gt;&lt;/tr&gt;
&lt;/table&gt;</desc>
    <sym>Flag, Blue</sym>
    <type>user</type>
  </wpt>
  <wpt lat="-18.288283003494143" lon="32.89018998853862">
    <ele>2037.441650390625</ele>
    <time>2026-10-02T12:58:39.000Z</time>
    <name>The Epic 2025 001-986</name>
    <cmt>&lt;table&gt;
&lt;tr&gt;&lt;td&gt;Longitude: 32.890190 &lt;/td&gt;&lt;/tr&gt;
&lt;tr&gt;&lt;td&gt;Latitude: -18.288283 &lt;/td&gt;&lt;/tr&gt;
&lt;tr&gt;&lt;td&gt;Heading: 84.2 &lt;/td&gt;&lt;/tr&gt;
&lt;/table&gt;</cmt>
    <desc>&lt;table&gt;
&lt;tr&gt;&lt;td&gt;Longitude: 32.890190 &lt;/td&gt;&lt;/tr&gt;
&lt;tr&gt;&lt;td&gt;Latitude: -18.288283 &lt;/td&gt;&lt;/tr&gt;
&lt;tr&gt;&lt;td&gt;Heading: 84.2 &lt;/td&gt;&lt;/tr&gt;
&lt;/table&gt;</desc>
    <sym>Flag, Blue</sym>
    <type>user</type>
  </wpt>
  <wpt lat="-18.288519037887454" lon="32.890601037070155">
    <ele>2007.275791025219</ele>
    <time>2026-10-02T12:58:39.000Z</time>
    <name>The Epic 2025 001-987</name>
    <cmt>&lt;table&gt;
&lt;tr&gt;&lt;td&gt;Longitude: 32.890601 &lt;/td&gt;&lt;/tr&gt;
&lt;tr&gt;&lt;td&gt;Latitude: -18.288519 &lt;/td&gt;&lt;/tr&gt;
&lt;tr&gt;&lt;td&gt;Heading: 121.2 &lt;/td&gt;&lt;/tr&gt;
&lt;/table&gt;</cmt>
    <desc>&lt;table&gt;
&lt;tr&gt;&lt;td&gt;Longitude: 32.890601 &lt;/td&gt;&lt;/tr&gt;
&lt;tr&gt;&lt;td&gt;Latitude: -18.288519 &lt;/td&gt;&lt;/tr&gt;
&lt;tr&gt;&lt;td&gt;Heading: 121.2 &lt;/td&gt;&lt;/tr&gt;
&lt;/table&gt;</desc>
    <sym>Flag, Blue</sym>
    <type>user</type>
  </wpt>
  <wpt lat="-18.288889015093446" lon="32.89076096378267">
    <ele>1988.1409656427143</ele>
    <time>2026-10-02T12:58:39.000Z</time>
    <name>The Epic 2025 001-988</name>
    <cmt>&lt;table&gt;
&lt;tr&gt;&lt;td&gt;Longitude: 32.890761 &lt;/td&gt;&lt;/tr&gt;
&lt;tr&gt;&lt;td&gt;Latitude: -18.288889 &lt;/td&gt;&lt;/tr&gt;
&lt;tr&gt;&lt;td&gt;Heading: 157.7 &lt;/td&gt;&lt;/tr&gt;
&lt;/table&gt;</cmt>
    <desc>&lt;table&gt;
&lt;tr&gt;&lt;td&gt;Longitude: 32.890761 &lt;/td&gt;&lt;/tr&gt;
&lt;tr&gt;&lt;td&gt;Latitude: -18.288889 &lt;/td&gt;&lt;/tr&gt;
&lt;tr&gt;&lt;td&gt;Heading: 157.7 &lt;/td&gt;&lt;/tr&gt;
&lt;/table&gt;</desc>
    <sym>Flag, Blue</sym>
    <type>user</type>
  </wpt>
  <wpt lat="-18.289353037253022" lon="32.890771022066474">
    <ele>1971.2023317572055</ele>
    <time>2026-10-02T12:58:39.000Z</time>
    <name>The Epic 2025 001-989</name>
    <cmt>&lt;table&gt;
&lt;tr&gt;&lt;td&gt;Longitude: 32.890771 &lt;/td&gt;&lt;/tr&gt;
&lt;tr&gt;&lt;td&gt;Latitude: -18.289353 &lt;/td&gt;&lt;/tr&gt;
&lt;tr&gt;&lt;td&gt;Heading: 178.9 &lt;/td&gt;&lt;/tr&gt;
&lt;/table&gt;</cmt>
    <desc>&lt;table&gt;
&lt;tr&gt;&lt;td&gt;Longitude: 32.890771 &lt;/td&gt;&lt;/tr&gt;
&lt;tr&gt;&lt;td&gt;Latitude: -18.289353 &lt;/td&gt;&lt;/tr&gt;
&lt;tr&gt;&lt;td&gt;Heading: 178.9 &lt;/td&gt;&lt;/tr&gt;
&lt;/table&gt;</desc>
    <sym>Flag, Blue</sym>
    <type>user</type>
  </wpt>
  <wpt lat="-18.433675998821855" lon="32.80766202136874">
    <ele>1514.9788950507063</ele>
    <time>2026-10-02T12:58:39.000Z</time>
    <name>The Epic 2025 001-99</name>
    <cmt>&lt;table&gt;
&lt;tr&gt;&lt;td&gt;Longitude: 32.807662 &lt;/td&gt;&lt;/tr&gt;
&lt;tr&gt;&lt;td&gt;Latitude: -18.433676 &lt;/td&gt;&lt;/tr&gt;
&lt;tr&gt;&lt;td&gt;Heading: 22.0 &lt;/td&gt;&lt;/tr&gt;
&lt;/table&gt;</cmt>
    <desc>&lt;table&gt;
&lt;tr&gt;&lt;td&gt;Longitude: 32.807662 &lt;/td&gt;&lt;/tr&gt;
&lt;tr&gt;&lt;td&gt;Latitude: -18.433676 &lt;/td&gt;&lt;/tr&gt;
&lt;tr&gt;&lt;td&gt;Heading: 22.0 &lt;/td&gt;&lt;/tr&gt;
&lt;/table&gt;</desc>
    <sym>Flag, Blue</sym>
    <type>user</type>
  </wpt>
  <wpt lat="-18.290049992501736" lon="32.890840005129576">
    <ele>1940.4238972363848</ele>
    <time>2026-10-02T12:58:39.000Z</time>
    <name>The Epic 2025 001-990</name>
    <cmt>&lt;table&gt;
&lt;tr&gt;&lt;td&gt;Longitude: 32.890840 &lt;/td&gt;&lt;/tr&gt;
&lt;tr&gt;&lt;td&gt;Latitude: -18.290050 &lt;/td&gt;&lt;/tr&gt;
&lt;tr&gt;&lt;td&gt;Heading: 174.6 &lt;/td&gt;&lt;/tr&gt;
&lt;/table&gt;</cmt>
    <desc>&lt;table&gt;
&lt;tr&gt;&lt;td&gt;Longitude: 32.890840 &lt;/td&gt;&lt;/tr&gt;
&lt;tr&gt;&lt;td&gt;Latitude: -18.290050 &lt;/td&gt;&lt;/tr&gt;
&lt;tr&gt;&lt;td&gt;Heading: 174.6 &lt;/td&gt;&lt;/tr&gt;
&lt;/table&gt;</desc>
    <sym>Flag, Blue</sym>
    <type>user</type>
  </wpt>
  <wpt lat="-18.290566988289356" lon="32.892361991107464">
    <ele>1890.896107413313</ele>
    <time>2026-10-02T12:58:39.000Z</time>
    <name>The Epic 2025 001-991</name>
    <cmt>&lt;table&gt;
&lt;tr&gt;&lt;td&gt;Longitude: 32.892362 &lt;/td&gt;&lt;/tr&gt;
&lt;tr&gt;&lt;td&gt;Latitude: -18.290567 &lt;/td&gt;&lt;/tr&gt;
&lt;tr&gt;&lt;td&gt;Heading: 109.7 &lt;/td&gt;&lt;/tr&gt;
&lt;/table&gt;</cmt>
    <desc>&lt;table&gt;
&lt;tr&gt;&lt;td&gt;Longitude: 32.892362 &lt;/td&gt;&lt;/tr&gt;
&lt;tr&gt;&lt;td&gt;Latitude: -18.290567 &lt;/td&gt;&lt;/tr&gt;
&lt;tr&gt;&lt;td&gt;Heading: 109.7 &lt;/td&gt;&lt;/tr&gt;
&lt;/table&gt;</desc>
    <sym>Flag, Blue</sym>
    <type>user</type>
  </wpt>
  <wpt lat="-18.290181001648307" lon="32.89482300169766">
    <ele>1849.6560086749005</ele>
    <time>2026-10-02T12:58:39.000Z</time>
    <name>The Epic 2025 001-992</name>
    <cmt>&lt;table&gt;
&lt;tr&gt;&lt;td&gt;Longitude: 32.894823 &lt;/td&gt;&lt;/tr&gt;
&lt;tr&gt;&lt;td&gt;Latitude: -18.290181 &lt;/td&gt;&lt;/tr&gt;
&lt;tr&gt;&lt;td&gt;Heading: 80.6 &lt;/td&gt;&lt;/tr&gt;
&lt;/table&gt;</cmt>
    <desc>&lt;table&gt;
&lt;tr&gt;&lt;td&gt;Longitude: 32.894823 &lt;/td&gt;&lt;/tr&gt;
&lt;tr&gt;&lt;td&gt;Latitude: -18.290181 &lt;/td&gt;&lt;/tr&gt;
&lt;tr&gt;&lt;td&gt;Heading: 80.6 &lt;/td&gt;&lt;/tr&gt;
&lt;/table&gt;</desc>
    <sym>Flag, Blue</sym>
    <type>user</type>
  </wpt>
  <wpt lat="-18.290279991924763" lon="32.89529297500849">
    <ele>1846.058790190344</ele>
    <time>2026-10-02T12:58:39.000Z</time>
    <name>The Epic 2025 001-993</name>
    <cmt>&lt;table&gt;
&lt;tr&gt;&lt;td&gt;Longitude: 32.895293 &lt;/td&gt;&lt;/tr&gt;
&lt;tr&gt;&lt;td&gt;Latitude: -18.290280 &lt;/td&gt;&lt;/tr&gt;
&lt;tr&gt;&lt;td&gt;Heading: 102.5 &lt;/td&gt;&lt;/tr&gt;
&lt;/table&gt;</cmt>
    <desc>&lt;table&gt;
&lt;tr&gt;&lt;td&gt;Longitude: 32.895293 &lt;/td&gt;&lt;/tr&gt;
&lt;tr&gt;&lt;td&gt;Latitude: -18.290280 &lt;/td&gt;&lt;/tr&gt;
&lt;tr&gt;&lt;td&gt;Heading: 102.5 &lt;/td&gt;&lt;/tr&gt;
&lt;/table&gt;</desc>
    <sym>Flag, Blue</sym>
    <type>user</type>
  </wpt>
  <wpt lat="-18.28982099890709" lon="32.89615203626454">
    <ele>1829.0249849128325</ele>
    <time>2026-10-02T12:58:39.000Z</time>
    <name>The Epic 2025 001-994</name>
    <cmt>&lt;table&gt;
&lt;tr&gt;&lt;td&gt;Longitude: 32.896152 &lt;/td&gt;&lt;/tr&gt;
&lt;tr&gt;&lt;td&gt;Latitude: -18.289821 &lt;/td&gt;&lt;/tr&gt;
&lt;tr&gt;&lt;td&gt;Heading: 60.6 &lt;/td&gt;&lt;/tr&gt;
&lt;/table&gt;</cmt>
    <desc>&lt;table&gt;
&lt;tr&gt;&lt;td&gt;Longitude: 32.896152 &lt;/td&gt;&lt;/tr&gt;
&lt;tr&gt;&lt;td&gt;Latitude: -18.289821 &lt;/td&gt;&lt;/tr&gt;
&lt;tr&gt;&lt;td&gt;Heading: 60.6 &lt;/td&gt;&lt;/tr&gt;
&lt;/table&gt;</desc>
    <sym>Flag, Blue</sym>
    <type>user</type>
  </wpt>
  <wpt lat="-18.28975897282362" lon="32.89684597402811">
    <ele>1819.96484375</ele>
    <time>2026-10-02T12:58:39.000Z</time>
    <name>The Epic 2025 001-995</name>
    <cmt>&lt;table&gt;
&lt;tr&gt;&lt;td&gt;Longitude: 32.896846 &lt;/td&gt;&lt;/tr&gt;
&lt;tr&gt;&lt;td&gt;Latitude: -18.289759 &lt;/td&gt;&lt;/tr&gt;
&lt;tr&gt;&lt;td&gt;Heading: 84.6 &lt;/td&gt;&lt;/tr&gt;
&lt;/table&gt;</cmt>
    <desc>&lt;table&gt;
&lt;tr&gt;&lt;td&gt;Longitude: 32.896846 &lt;/td&gt;&lt;/tr&gt;
&lt;tr&gt;&lt;td&gt;Latitude: -18.289759 &lt;/td&gt;&lt;/tr&gt;
&lt;tr&gt;&lt;td&gt;Heading: 84.6 &lt;/td&gt;&lt;/tr&gt;
&lt;/table&gt;</desc>
    <sym>Flag, Blue</sym>
    <type>user</type>
  </wpt>
  <wpt lat="-18.289554035291076" lon="32.89739700034261">
    <ele>1812.9970474890433</ele>
    <time>2026-10-02T12:58:39.000Z</time>
    <name>The Epic 2025 001-996</name>
    <cmt>&lt;table&gt;
&lt;tr&gt;&lt;td&gt;Longitude: 32.897397 &lt;/td&gt;&lt;/tr&gt;
&lt;tr&gt;&lt;td&gt;Latitude: -18.289554 &lt;/td&gt;&lt;/tr&gt;
&lt;tr&gt;&lt;td&gt;Heading: 68.6 &lt;/td&gt;&lt;/tr&gt;
&lt;/table&gt;</cmt>
    <desc>&lt;table&gt;
&lt;tr&gt;&lt;td&gt;Longitude: 32.897397 &lt;/td&gt;&lt;/tr&gt;
&lt;tr&gt;&lt;td&gt;Latitude: -18.289554 &lt;/td&gt;&lt;/tr&gt;
&lt;tr&gt;&lt;td&gt;Heading: 68.6 &lt;/td&gt;&lt;/tr&gt;
&lt;/table&gt;</desc>
    <sym>Flag, Blue</sym>
    <type>user</type>
  </wpt>
  <wpt lat="-18.289743969216943" lon="32.89801097474992">
    <ele>1808.0270669343881</ele>
    <time>2026-10-02T12:58:39.000Z</time>
    <name>The Epic 2025 001-997</name>
    <cmt>&lt;table&gt;
&lt;tr&gt;&lt;td&gt;Longitude: 32.898011 &lt;/td&gt;&lt;/tr&gt;
&lt;tr&gt;&lt;td&gt;Latitude: -18.289744 &lt;/td&gt;&lt;/tr&gt;
&lt;tr&gt;&lt;td&gt;Heading: 108.1 &lt;/td&gt;&lt;/tr&gt;
&lt;/table&gt;</cmt>
    <desc>&lt;table&gt;
&lt;tr&gt;&lt;td&gt;Longitude: 32.898011 &lt;/td&gt;&lt;/tr&gt;
&lt;tr&gt;&lt;td&gt;Latitude: -18.289744 &lt;/td&gt;&lt;/tr&gt;
&lt;tr&gt;&lt;td&gt;Heading: 108.1 &lt;/td&gt;&lt;/tr&gt;
&lt;/table&gt;</desc>
    <sym>Flag, Blue</sym>
    <type>user</type>
  </wpt>
  <wpt lat="-18.29008100554347" lon="32.89944897405803">
    <ele>1800.9609832766</ele>
    <time>2026-10-02T12:58:39.000Z</time>
    <name>The Epic 2025 001-998</name>
    <cmt>&lt;table&gt;
&lt;tr&gt;&lt;td&gt;Longitude: 32.899449 &lt;/td&gt;&lt;/tr&gt;
&lt;tr&gt;&lt;td&gt;Latitude: -18.290081 &lt;/td&gt;&lt;/tr&gt;
&lt;tr&gt;&lt;td&gt;Heading: 103.9 &lt;/td&gt;&lt;/tr&gt;
&lt;/table&gt;</cmt>
    <desc>&lt;table&gt;
&lt;tr&gt;&lt;td&gt;Longitude: 32.899449 &lt;/td&gt;&lt;/tr&gt;
&lt;tr&gt;&lt;td&gt;Latitude: -18.290081 &lt;/td&gt;&lt;/tr&gt;
&lt;tr&gt;&lt;td&gt;Heading: 103.9 &lt;/td&gt;&lt;/tr&gt;
&lt;/table&gt;</desc>
    <sym>Flag, Blue</sym>
    <type>user</type>
  </wpt>
  <wpt lat="-18.290288960561156" lon="32.900356985628605">
    <ele>1787.7131611391342</ele>
    <time>2026-10-02T12:58:39.000Z</time>
    <name>The Epic 2025 001-999</name>
    <cmt>&lt;table&gt;
&lt;tr&gt;&lt;td&gt;Longitude: 32.900357 &lt;/td&gt;&lt;/tr&gt;
&lt;tr&gt;&lt;td&gt;Latitude: -18.290289 &lt;/td&gt;&lt;/tr&gt;
&lt;tr&gt;&lt;td&gt;Heading: 103.5 &lt;/td&gt;&lt;/tr&gt;
&lt;/table&gt;</cmt>
    <desc>&lt;table&gt;
&lt;tr&gt;&lt;td&gt;Longitude: 32.900357 &lt;/td&gt;&lt;/tr&gt;
&lt;tr&gt;&lt;td&gt;Latitude: -18.290289 &lt;/td&gt;&lt;/tr&gt;
&lt;tr&gt;&lt;td&gt;Heading: 103.5 &lt;/td&gt;&lt;/tr&gt;
&lt;/table&gt;</desc>
    <sym>Flag, Blue</sym>
    <type>user</type>
  </wpt>
  <trk>
    <name>Path 008</name>
    <extensions>
      <gpx_style:line>
        <gpx_style:color>ff00dd</gpx_style:color>
      </gpx_style:line>
    </extensions>
    <trkseg>
      <trkpt lat="-18.45912898890674" lon="32.80174599029124">
        <ele>1820.5730835031122</ele>
      </trkpt>
      <trkpt lat="-18.459313977509737" lon="32.80185797251761">
        <ele>1825.6268877333196</ele>
      </trkpt>
      <trkpt lat="-18.459616983309388" lon="32.80237798579037">
        <ele>1819.3421249444225</ele>
      </trkpt>
      <trkpt lat="-18.45970801077783" lon="32.80265299603343">
        <ele>1818.468536610715</ele>
      </trkpt>
      <trkpt lat="-18.45979501493275" lon="32.80304200015962">
        <ele>1811.0742353150022</ele>
      </trkpt>
      <trkpt lat="-18.459610026329756" lon="32.80320703983307">
        <ele>1806.1826075023928</ele>
      </trkpt>
      <trkpt lat="-18.459181040525436" lon="32.803347017616034">
        <ele>1807.8666893325776</ele>
      </trkpt>
      <trkpt lat="-18.458773009479046" lon="32.80364298261702">
        <ele>1806.0602385467264</ele>
      </trkpt>
      <trkpt lat="-18.458465980365872" lon="32.80386300757527">
        <ele>1801.1099979898631</ele>
      </trkpt>
      <trkpt lat="-18.458252996206284" lon="32.80426701530814">
        <ele>1792.8799043983008</ele>
      </trkpt>
      <trkpt lat="-18.458025008440018" lon="32.804522998631">
        <ele>1798.3363883405352</ele>
      </trkpt>
      <trkpt lat="-18.457677997648716" lon="32.80492901802063">
        <ele>1803.6125476004381</ele>
      </trkpt>
      <trkpt lat="-18.45766399987042" lon="32.80524803325534">
        <ele>1799.8916447573574</ele>
      </trkpt>
      <trkpt lat="-18.457438023760915" lon="32.805481972172856">
        <ele>1799.9130654680357</ele>
      </trkpt>
      <trkpt lat="-18.456995962187648" lon="32.80591900460422">
        <ele>1786.8861586099165</ele>
      </trkpt>
      <trkpt lat="-18.45688900910318" lon="32.806296022608876">
        <ele>1777.4723850496325</ele>
      </trkpt>
      <trkpt lat="-18.456966960802674" lon="32.80647195875645">
        <ele>1772.9737548158282</ele>
      </trkpt>
      <trkpt lat="-18.457251023501158" lon="32.80682299286127">
        <ele>1761.0419406914991</ele>
      </trkpt>
      <trkpt lat="-18.457023035734892" lon="32.80727997422218">
        <ele>1751.5671787320607</ele>
      </trkpt>
      <trkpt lat="-18.456814996898174" lon="32.807474015280604">
        <ele>1756.168742924588</ele>
      </trkpt>
      <trkpt lat="-18.45637897029519" lon="32.80761600472033">
        <ele>1768.5266458054539</ele>
      </trkpt>
      <trkpt lat="-18.456344017758965" lon="32.80822000466287">
        <ele>1766.371460125898</ele>
      </trkpt>
      <trkpt lat="-18.456196999177337" lon="32.80883498489857">
        <ele>1771.0371022782238</ele>
      </trkpt>
      <trkpt lat="-18.456295989453793" lon="32.80918803066015">
        <ele>1771.530131116975</ele>
      </trkpt>
      <trkpt lat="-18.456425992771983" lon="32.8097640350461">
        <ele>1774.5875304242363</ele>
      </trkpt>
      <trkpt lat="-18.456192975863814" lon="32.81021003611386">
        <ele>1781.29802913055</ele>
      </trkpt>
      <trkpt lat="-18.456016033887863" lon="32.810504995286465">
        <ele>1782.0878219052684</ele>
      </trkpt>
      <trkpt lat="-18.455939004197717" lon="32.81082199886441">
        <ele>1781.936371035059</ele>
      </trkpt>
      <trkpt lat="-18.45596599392593" lon="32.81118300743401">
        <ele>1783.1210193072911</ele>
      </trkpt>
      <trkpt lat="-18.455998012796044" lon="32.81182497739792">
        <ele>1780.1603619533344</ele>
      </trkpt>
      <trkpt lat="-18.45590396784246" lon="32.811922961845994">
        <ele>1781.062070283921</ele>
      </trkpt>
      <trkpt lat="-18.455737000331283" lon="32.811967972666025">
        <ele>1781.6987247381899</ele>
      </trkpt>
      <trkpt lat="-18.455442041158676" lon="32.81165096908808">
        <ele>1786.1840332124916</ele>
      </trkpt>
      <trkpt lat="-18.455189997330308" lon="32.81133103184402">
        <ele>1789.3887377635165</ele>
      </trkpt>
      <trkpt lat="-18.454868970438838" lon="32.811236986890435">
        <ele>1790.598804053372</ele>
      </trkpt>
      <trkpt lat="-18.45420403406024" lon="32.81110203824937">
        <ele>1791.7969342996366</ele>
      </trkpt>
      <trkpt lat="-18.454261031001806" lon="32.81075502745807">
        <ele>1799.1578354725443</ele>
      </trkpt>
      <trkpt lat="-18.454296989366412" lon="32.81029402278364">
        <ele>1802.18408203125</ele>
      </trkpt>
      <trkpt lat="-18.454190958291292" lon="32.80987802892923">
        <ele>1802.7805178556591</ele>
      </trkpt>
      <trkpt lat="-18.453975040465593" lon="32.80941803008318">
        <ele>1800.4714955927207</ele>
      </trkpt>
      <trkpt lat="-18.45364303328097" lon="32.80909599736333">
        <ele>1802.2906309725552</ele>
      </trkpt>
      <trkpt lat="-18.45325604081154" lon="32.80896398238838">
        <ele>1805.930289265505</ele>
      </trkpt>
      <trkpt lat="-18.453051019459963" lon="32.80888301320374">
        <ele>1810.2209669370552</ele>
      </trkpt>
      <trkpt lat="-18.452623961493373" lon="32.80882199294865">
        <ele>1820.4310243143655</ele>
      </trkpt>
      <trkpt lat="-18.452307041734457" lon="32.8086899779737">
        <ele>1828.5471896929666</ele>
      </trkpt>
      <trkpt lat="-18.452005963772535" lon="32.80845897272229">
        <ele>1835.444076889918</ele>
      </trkpt>
      <trkpt lat="-18.45179700292647" lon="32.808227967470884">
        <ele>1841.7820796454325</ele>
      </trkpt>
      <trkpt lat="-18.45128201879561" lon="32.808529967442155">
        <ele>1842.6377128670165</ele>
      </trkpt>
      <trkpt lat="-18.45083501189947" lon="32.80864102765918">
        <ele>1831.9261256197778</ele>
      </trkpt>
      <trkpt lat="-18.450626973062754" lon="32.80898300930858">
        <ele>1815.992055113341</ele>
      </trkpt>
      <trkpt lat="-18.45033503137529" lon="32.80946999788284">
        <ele>1789.9716672574268</ele>
      </trkpt>
      <trkpt lat="-18.44991099089384" lon="32.809560019522905">
        <ele>1767.9101588563863</ele>
      </trkpt>
      <trkpt lat="-18.449550988152623" lon="32.80966102145612">
        <ele>1752.8276978465533</ele>
      </trkpt>
      <trkpt lat="-18.449195008724928" lon="32.81019201502204">
        <ele>1729.8925152798115</ele>
      </trkpt>
      <trkpt lat="-18.448613975197077" lon="32.81040399335325">
        <ele>1706.6855216670401</ele>
      </trkpt>
      <trkpt lat="-18.4481880068779" lon="32.81074798665941">
        <ele>1687.6794280741183</ele>
      </trkpt>
      <trkpt lat="-18.447750974446535" lon="32.81092400662601">
        <ele>1682.410810970775</ele>
      </trkpt>
      <trkpt lat="-18.447255017235875" lon="32.811257019639015">
        <ele>1676.3360980024436</ele>
      </trkpt>
      <trkpt lat="-18.446977995336056" lon="32.811303958296776">
        <ele>1671.0295199230313</ele>
      </trkpt>
      <trkpt lat="-18.447109004482627" lon="32.811964033171535">
        <ele>1656.9049203293398</ele>
      </trkpt>
      <trkpt lat="-18.446736009791493" lon="32.81214298680425">
        <ele>1645.9460856055375</ele>
      </trkpt>
      <trkpt lat="-18.44614902511239" lon="32.81166396103799">
        <ele>1629.599499962466</ele>
      </trkpt>
      <trkpt lat="-18.446223959326744" lon="32.81055302359164">
        <ele>1624.2393292828938</ele>
      </trkpt>
      <trkpt lat="-18.445772007107735" lon="32.81115802936256">
        <ele>1607.6620394025913</ele>
      </trkpt>
      <trkpt lat="-18.445648038759828" lon="32.81051899306476">
        <ele>1597.095082030704</ele>
      </trkpt>
      <trkpt lat="-18.44612999819219" lon="32.80983402393758">
        <ele>1589.5027139857411</ele>
      </trkpt>
      <trkpt lat="-18.445605039596558" lon="32.80973897315562">
        <ele>1566.6875599686439</ele>
      </trkpt>
      <trkpt lat="-18.445168007165194" lon="32.80999596230686">
        <ele>1556.9543370009515</ele>
      </trkpt>
      <trkpt lat="-18.445365987718105" lon="32.809299007058144">
        <ele>1549.3182809020036</ele>
      </trkpt>
      <trkpt lat="-18.445280995219946" lon="32.80915500596166">
        <ele>1546.7136748529483</ele>
      </trkpt>
      <trkpt lat="-18.444871958345175" lon="32.809301018714905">
        <ele>1540.4800073337537</ele>
      </trkpt>
      <trkpt lat="-18.444395028054714" lon="32.80959396623075">
        <ele>1530.602878973282</ele>
      </trkpt>
      <trkpt lat="-18.444070983678102" lon="32.809711983427405">
        <ele>1524.1849632840604</ele>
      </trkpt>
      <trkpt lat="-18.443582989275455" lon="32.80995296314359">
        <ele>1514.1950467362767</ele>
      </trkpt>
      <trkpt lat="-18.443146040663123" lon="32.810204001143575">
        <ele>1509.4805456013419</ele>
      </trkpt>
      <trkpt lat="-18.442660979926586" lon="32.80937603674829">
        <ele>1498.794452836567</ele>
      </trkpt>
      <trkpt lat="-18.442245991900563" lon="32.80914897099137">
        <ele>1499.9746737882485</ele>
      </trkpt>
      <trkpt lat="-18.441868973895907" lon="32.80911603011191">
        <ele>1502.7381825131597</ele>
      </trkpt>
      <trkpt lat="-18.44131300225854" lon="32.80897404067218">
        <ele>1509.6927586727684</ele>
      </trkpt>
      <trkpt lat="-18.440902959555387" lon="32.80834196135402">
        <ele>1521.9914917919145</ele>
      </trkpt>
      <trkpt lat="-18.440688969567418" lon="32.807905012741685">
        <ele>1524.5515044551914</ele>
      </trkpt>
      <trkpt lat="-18.440534994006157" lon="32.807581974193454">
        <ele>1528.8596746539697</ele>
      </trkpt>
      <trkpt lat="-18.440385963767767" lon="32.806980991736054">
        <ele>1537.5549800297829</ele>
      </trkpt>
      <trkpt lat="-18.439843989908695" lon="32.8075519669801">
        <ele>1545.0100853740466</ele>
      </trkpt>
      <trkpt lat="-18.43940301798284" lon="32.80785203911364">
        <ele>1546.9874918102155</ele>
      </trkpt>
      <trkpt lat="-18.438814021646976" lon="32.80814900994301">
        <ele>1548.3254449812266</ele>
      </trkpt>
      <trkpt lat="-18.438151013106108" lon="32.807754976674914">
        <ele>1536.2870111050602</ele>
      </trkpt>
      <trkpt lat="-18.437202014029026" lon="32.80769797973335">
        <ele>1523.6146825283706</ele>
      </trkpt>
      <trkpt lat="-18.436831030994654" lon="32.80789596028626">
        <ele>1515.0414954780135</ele>
      </trkpt>
      <trkpt lat="-18.436432974413037" lon="32.808916037902236">
        <ele>1505.5099733248353</ele>
      </trkpt>
      <trkpt lat="-18.43615997582674" lon="32.80774902552366">
        <ele>1484.9632963067852</ele>
      </trkpt>
      <trkpt lat="-18.436060985550284" lon="32.80738198198378">
        <ele>1476.9525645769395</ele>
      </trkpt>
      <trkpt lat="-18.435480035841465" lon="32.807387011125684">
        <ele>1480.1554542609956</ele>
      </trkpt>
      <trkpt lat="-18.435223968699574" lon="32.806834978982806">
        <ele>1479.2118876688182</ele>
      </trkpt>
      <trkpt lat="-18.435078039765358" lon="32.80679700896144">
        <ele>1480.9756622876268</ele>
      </trkpt>
      <trkpt lat="-18.434533970430493" lon="32.80658603645861">
        <ele>1483.9421059127374</ele>
      </trkpt>
      <trkpt lat="-18.43426700681448" lon="32.806679997593164">
        <ele>1487.9937392324157</ele>
      </trkpt>
      <trkpt lat="-18.43413901515305" lon="32.8068820014596">
        <ele>1493.5939524393225</ele>
      </trkpt>
      <trkpt lat="-18.433909015730023" lon="32.807563031092286">
        <ele>1508.4497983194888</ele>
      </trkpt>
      <trkpt lat="-18.433675998821855" lon="32.80766202136874">
        <ele>1514.9788950507063</ele>
      </trkpt>
      <trkpt lat="-18.433329993858933" lon="32.807991011068225">
        <ele>1519.312063264838</ele>
      </trkpt>
      <trkpt lat="-18.4329569991678" lon="32.80809301882982">
        <ele>1529.8003371943487</ele>
      </trkpt>
      <trkpt lat="-18.43257000669837" lon="32.8082790132612">
        <ele>1539.5916965873912</ele>
      </trkpt>
      <trkpt lat="-18.432128028944135" lon="32.80837398022413">
        <ele>1548.4820534547566</ele>
      </trkpt>
      <trkpt lat="-18.431767020374537" lon="32.80840398743749">
        <ele>1555.3894646244012</ele>
      </trkpt>
      <trkpt lat="-18.43145303428173" lon="32.8083289694041">
        <ele>1563.7182800006722</ele>
      </trkpt>
      <trkpt lat="-18.430911982432008" lon="32.808355959132314">
        <ele>1568.8592852553904</ele>
      </trkpt>
      <trkpt lat="-18.430695980787277" lon="32.80810902826488">
        <ele>1577.570894045189</ele>
      </trkpt>
      <trkpt lat="-18.431136030703783" lon="32.80783896334469">
        <ele>1584.2006222397322</ele>
      </trkpt>
      <trkpt lat="-18.43089396134019" lon="32.807387011125684">
        <ele>1595.41367426247</ele>
      </trkpt>
      <trkpt lat="-18.430386018007994" lon="32.80714502558112">
        <ele>1601.7089550711937</ele>
      </trkpt>
      <trkpt lat="-18.430074965581298" lon="32.80702097341418">
        <ele>1604.9502758166404</ele>
      </trkpt>
      <trkpt lat="-18.429512036964297" lon="32.80700798146427">
        <ele>1613.3566475264925</ele>
      </trkpt>
      <trkpt lat="-18.428863026201725" lon="32.80674001201987">
        <ele>1621.7496623494662</ele>
      </trkpt>
      <trkpt lat="-18.428438985720277" lon="32.806486962363124">
        <ele>1628.5933354793815</ele>
      </trkpt>
      <trkpt lat="-18.427967000752687" lon="32.80647598206997">
        <ele>1629.92578125</ele>
      </trkpt>
      <trkpt lat="-18.42745997942984" lon="32.80633399263024">
        <ele>1633.6129486424697</ele>
      </trkpt>
      <trkpt lat="-18.42693996615708" lon="32.806424014270306">
        <ele>1639.839241415657</ele>
      </trkpt>
      <trkpt lat="-18.426477033644915" lon="32.80634203925729">
        <ele>1647.2810276528953</ele>
      </trkpt>
      <trkpt lat="-18.42604100704193" lon="32.80601003207266">
        <ele>1658.592918176204</ele>
      </trkpt>
      <trkpt lat="-18.425582014024258" lon="32.80575396493077">
        <ele>1669.8132390777741</ele>
      </trkpt>
      <trkpt lat="-18.425238020718098" lon="32.80551097355783">
        <ele>1678.7766223368235</ele>
      </trkpt>
      <trkpt lat="-18.42487500049174" lon="32.80518198385835">
        <ele>1683.7893325359328</ele>
      </trkpt>
      <trkpt lat="-18.424216015264392" lon="32.80484695918858">
        <ele>1699.7170622892202</ele>
      </trkpt>
      <trkpt lat="-18.423904040828347" lon="32.80471997335553">
        <ele>1707.276093001943</ele>
      </trkpt>
      <trkpt lat="-18.423280008137226" lon="32.8046889603138">
        <ele>1714.742338590485</ele>
      </trkpt>
      <trkpt lat="-18.422824032604694" lon="32.804578989744186">
        <ele>1718.0382329641116</ele>
      </trkpt>
      <trkpt lat="-18.422274012118578" lon="32.804277995601296">
        <ele>1731.1973602054636</ele>
      </trkpt>
      <trkpt lat="-18.421747041866183" lon="32.80402997508645">
        <ele>1742.2757130109574</ele>
      </trkpt>
      <trkpt lat="-18.420959981158376" lon="32.80398203060031">
        <ele>1749.0392884183675</ele>
      </trkpt>
      <trkpt lat="-18.420438040047884" lon="32.804004997015">
        <ele>1757.9160581314936</ele>
      </trkpt>
      <trkpt lat="-18.419931018725038" lon="32.80407498590648">
        <ele>1766.658065916553</ele>
      </trkpt>
      <trkpt lat="-18.419002974405885" lon="32.804513024166226">
        <ele>1778.7652817673466</ele>
      </trkpt>
      <trkpt lat="-18.418661998584867" lon="32.805068995803595">
        <ele>1776.1902921127084</ele>
      </trkpt>
      <trkpt lat="-18.418376008048654" lon="32.8053190279752">
        <ele>1770.711416694119</ele>
      </trkpt>
      <trkpt lat="-18.418138967826962" lon="32.80563997104764">
        <ele>1770.727437488678</ele>
      </trkpt>
      <trkpt lat="-18.41744301840663" lon="32.80628303065896">
        <ele>1782.7212988205767</ele>
      </trkpt>
      <trkpt lat="-18.417288037016988" lon="32.807155000045896">
        <ele>1773.6296789733608</ele>
      </trkpt>
      <trkpt lat="-18.417159039527178" lon="32.807823959738016">
        <ele>1771.4039217646405</ele>
      </trkpt>
      <trkpt lat="-18.416914958506823" lon="32.808183962479234">
        <ele>1772.993806247147</ele>
      </trkpt>
      <trkpt lat="-18.41656400822103" lon="32.80880103819072">
        <ele>1775.3574268324576</ele>
      </trkpt>
      <trkpt lat="-18.416085988283157" lon="32.809279980137944">
        <ele>1775.2559318489511</ele>
      </trkpt>
      <trkpt lat="-18.415758004412055" lon="32.8096760250628">
        <ele>1769.1020549698628</ele>
      </trkpt>
      <trkpt lat="-18.415214018896222" lon="32.81040801666677">
        <ele>1762.839849570349</ele>
      </trkpt>
      <trkpt lat="-18.41497203335166" lon="32.810977986082435">
        <ele>1751.344741879908</ele>
      </trkpt>
      <trkpt lat="-18.414516979828477" lon="32.81152599491179">
        <ele>1741.7036028607083</ele>
      </trkpt>
      <trkpt lat="-18.413911974057555" lon="32.81210702843964">
        <ele>1742.9603647432184</ele>
      </trkpt>
      <trkpt lat="-18.413506960496306" lon="32.8125839587301">
        <ele>1748.6315370625352</ele>
      </trkpt>
      <trkpt lat="-18.413220969960093" lon="32.813062984496355">
        <ele>1747.7324327586684</ele>
      </trkpt>
      <trkpt lat="-18.41280497610569" lon="32.81341603025794">
        <ele>1742.784356991608</ele>
      </trkpt>
      <trkpt lat="-18.41226601973176" lon="32.81388801522553">
        <ele>1736.587144835874</ele>
      </trkpt>
      <trkpt lat="-18.41158197261393" lon="32.814651019871235">
        <ele>1735.177005634061</ele>
      </trkpt>
      <trkpt lat="-18.410777980461717" lon="32.81507397070527">
        <ele>1734.9076404282941</ele>
      </trkpt>
      <trkpt lat="-18.410261990502477" lon="32.81534302979708">
        <ele>1735.5668112987037</ele>
      </trkpt>
      <trkpt lat="-18.40953603386879" lon="32.81568601727486">
        <ele>1734.6170908138902</ele>
      </trkpt>
      <trkpt lat="-18.408539006486535" lon="32.81595096923411">
        <ele>1730.0845283711674</ele>
      </trkpt>
      <trkpt lat="-18.407806009054184" lon="32.81630803830922">
        <ele>1726.0167805956607</ele>
      </trkpt>
      <trkpt lat="-18.407398983836174" lon="32.81679200939834">
        <ele>1725.525659136036</ele>
      </trkpt>
      <trkpt lat="-18.406883999705315" lon="32.81733197160065">
        <ele>1730.7410058157043</ele>
      </trkpt>
      <trkpt lat="-18.406642014160752" lon="32.817723993211985">
        <ele>1733.550822185142</ele>
      </trkpt>
      <trkpt lat="-18.40635702945292" lon="32.8181720059365">
        <ele>1734.9452960631977</ele>
      </trkpt>
      <trkpt lat="-18.40614002197981" lon="32.81868296675384">
        <ele>1730.0544946822697</ele>
      </trkpt>
      <trkpt lat="-18.40588303282857" lon="32.81908496282995">
        <ele>1720.441961989164</ele>
      </trkpt>
      <trkpt lat="-18.405621014535427" lon="32.81960698775947">
        <ele>1706.8316528902724</ele>
      </trkpt>
      <trkpt lat="-18.405424961820245" lon="32.82000898383558">
        <ele>1703.0607764972751</ele>
      </trkpt>
      <trkpt lat="-18.405053978785872" lon="32.821056973189116">
        <ele>1695.571498268051</ele>
      </trkpt>
      <trkpt lat="-18.40491802431643" lon="32.82166600227356">
        <ele>1691.5920116384514</ele>
      </trkpt>
      <trkpt lat="-18.40502799488604" lon="32.82224996946752">
        <ele>1688.802701578326</ele>
      </trkpt>
      <trkpt lat="-18.404977032914758" lon="32.82265800051391">
        <ele>1686.7707592356</ele>
      </trkpt>
      <trkpt lat="-18.40504702180624" lon="32.82295798882842">
        <ele>1686.3816257665826</ele>
      </trkpt>
      <trkpt lat="-18.404901009052992" lon="32.823871029540896">
        <ele>1680.1559318981658</ele>
      </trkpt>
      <trkpt lat="-18.404417959973216" lon="32.824364975094795">
        <ele>1675.2895211557625</ele>
      </trkpt>
      <trkpt lat="-18.403598964214325" lon="32.82472497783601">
        <ele>1674.4797687986888</ele>
      </trkpt>
      <trkpt lat="-18.4031340200454" lon="32.82508699223399">
        <ele>1677.234514434822</ele>
      </trkpt>
      <trkpt lat="-18.403837010264397" lon="32.825159998610616">
        <ele>1683.6795982015983</ele>
      </trkpt>
      <trkpt lat="-18.404715014621615" lon="32.82559200190008">
        <ele>1675.3266335616356</ele>
      </trkpt>
      <trkpt lat="-18.405512971803546" lon="32.8259879630059">
        <ele>1663.249595390711</ele>
      </trkpt>
      <trkpt lat="-18.40605402365327" lon="32.82626498490572">
        <ele>1654.3855733014643</ele>
      </trkpt>
      <trkpt lat="-18.406418971717358" lon="32.826447961851954">
        <ele>1645.477013827685</ele>
      </trkpt>
      <trkpt lat="-18.406671015545726" lon="32.82637797296047">
        <ele>1640.5027459290577</ele>
      </trkpt>
      <trkpt lat="-18.406935967504978" lon="32.82636900432408">
        <ele>1633.3916684946744</ele>
      </trkpt>
      <trkpt lat="-18.407313991338015" lon="32.826449973508716">
        <ele>1623.5275061046345</ele>
      </trkpt>
      <trkpt lat="-18.407825035974383" lon="32.82665700651705">
        <ele>1613.348636603448</ele>
      </trkpt>
      <trkpt lat="-18.408193001523614" lon="32.8268669731915">
        <ele>1608.6322076080412</ele>
      </trkpt>
      <trkpt lat="-18.408653000369668" lon="32.82707802951336">
        <ele>1605.0367042720773</ele>
      </trkpt>
      <trkpt lat="-18.40934601612389" lon="32.82782795839012">
        <ele>1596.0782941909374</ele>
      </trkpt>
      <trkpt lat="-18.409480964764953" lon="32.82804102636874">
        <ele>1599.674982898881</ele>
      </trkpt>
      <trkpt lat="-18.409567968919873" lon="32.828274965286255">
        <ele>1604.6517099775374</ele>
      </trkpt>
      <trkpt lat="-18.409327995032072" lon="32.82854997552931">
        <ele>1592.3910376299173</ele>
      </trkpt>
      <trkpt lat="-18.409490017220378" lon="32.829152969643474">
        <ele>1588.0875452133873</ele>
      </trkpt>
      <trkpt lat="-18.40882902033627" lon="32.83007497899234">
        <ele>1564.5610813273443</ele>
      </trkpt>
      <trkpt lat="-18.40801597572863" lon="32.831106036901474">
        <ele>1539.5008996528577</ele>
      </trkpt>
      <trkpt lat="-18.407565029338002" lon="32.83111601136625">
        <ele>1533.0955064532532</ele>
      </trkpt>
      <trkpt lat="-18.407249031588435" lon="32.83056599088013">
        <ele>1525.4537816051734</ele>
      </trkpt>
      <trkpt lat="-18.406971003860235" lon="32.83058803528547">
        <ele>1517.5734677359098</ele>
      </trkpt>
      <trkpt lat="-18.406719965860248" lon="32.83097603358328">
        <ele>1501.4957300882513</ele>
      </trkpt>
      <trkpt lat="-18.40665902942419" lon="32.83193802461028">
        <ele>1463.7903691455265</ele>
      </trkpt>
      <trkpt lat="-18.405868029221892" lon="32.83202603459358">
        <ele>1442.5029131917254</ele>
      </trkpt>
      <trkpt lat="-18.40321800671518" lon="32.83279096707702">
        <ele>1360.2360556379801</ele>
      </trkpt>
      <trkpt lat="-18.402829002588987" lon="32.83260396681726">
        <ele>1343.6292187157092</ele>
      </trkpt>
      <trkpt lat="-18.402421977370977" lon="32.832402968779206">
        <ele>1325.2898460416645</ele>
      </trkpt>
      <trkpt lat="-18.402087036520243" lon="32.832872020080686">
        <ele>1293.3189233445999</ele>
      </trkpt>
      <trkpt lat="-18.40173801407218" lon="32.833280973136425">
        <ele>1257.787347732839</ele>
      </trkpt>
      <trkpt lat="-18.401645980775356" lon="32.83364198170602">
        <ele>1239.3389003816992</ele>
      </trkpt>
      <trkpt lat="-18.401186987757683" lon="32.833797968924046">
        <ele>1222.3164405178695</ele>
      </trkpt>
      <trkpt lat="-18.401660984382033" lon="32.83425402827561">
        <ele>1208.3382227604425</ele>
      </trkpt>
      <trkpt lat="-18.40137298218906" lon="32.83460397273302">
        <ele>1193.839388087974</ele>
      </trkpt>
      <trkpt lat="-18.401380022987723" lon="32.835021978244185">
        <ele>1183.6583513449878</ele>
      </trkpt>
      <trkpt lat="-18.401337023824453" lon="32.835815995931625">
        <ele>1173.6423962756526</ele>
      </trkpt>
      <trkpt lat="-18.400851963087916" lon="32.83552103675902">
        <ele>1183.277405636385</ele>
      </trkpt>
      <trkpt lat="-18.40021602809429" lon="32.83552799373865">
        <ele>1184.291776063852</ele>
      </trkpt>
      <trkpt lat="-18.39948697015643" lon="32.83579898066819">
        <ele>1178.8253172521618</ele>
      </trkpt>
      <trkpt lat="-18.399039041250944" lon="32.83599402755499">
        <ele>1179.5920071545079</ele>
      </trkpt>
      <trkpt lat="-18.398373015224934" lon="32.836097963154316">
        <ele>1185.9685882099375</ele>
      </trkpt>
      <trkpt lat="-18.39772098697722" lon="32.83657900057733">
        <ele>1176.2968295506885</ele>
      </trkpt>
      <trkpt lat="-18.396953037008643" lon="32.83646701835096">
        <ele>1173.984964456351</ele>
      </trkpt>
      <trkpt lat="-18.39684298262" lon="32.836998011916876">
        <ele>1151.204871980358</ele>
      </trkpt>
      <trkpt lat="-18.39606799185276" lon="32.83687303774059">
        <ele>1152.675048828125</ele>
      </trkpt>
      <trkpt lat="-18.39559399522841" lon="32.837124997749925">
        <ele>1151.652928043251</ele>
      </trkpt>
      <trkpt lat="-18.395168026909232" lon="32.83706699497998">
        <ele>1152.180208561127</ele>
      </trkpt>
      <trkpt lat="-18.394850017502904" lon="32.83653499558568">
        <ele>1152.393639106942</ele>
      </trkpt>
      <trkpt lat="-18.3947760052979" lon="32.835792023688555">
        <ele>1155.8532961684243</ele>
      </trkpt>
      <trkpt lat="-18.394636027514935" lon="32.835224987939">
        <ele>1160.560717173521</ele>
      </trkpt>
      <trkpt lat="-18.39355400763452" lon="32.834570026025176">
        <ele>1145.9724109903118</ele>
      </trkpt>
      <trkpt lat="-18.39288496412337" lon="32.83425201661885">
        <ele>1146.7784638303565</ele>
      </trkpt>
      <trkpt lat="-18.392044007778168" lon="32.83419996500015">
        <ele>1148.2596067530903</ele>
      </trkpt>
      <trkpt lat="-18.391089979559183" lon="32.83420097082853">
        <ele>1150.0233370344474</ele>
      </trkpt>
      <trkpt lat="-18.390390006825328" lon="32.83400097861886">
        <ele>1154.624613812202</ele>
      </trkpt>
      <trkpt lat="-18.39009697549045" lon="32.83407901413739">
        <ele>1153.849369290167</ele>
      </trkpt>
      <trkpt lat="-18.389824982732534" lon="32.83443298190832">
        <ele>1150.8785212199437</ele>
      </trkpt>
      <trkpt lat="-18.38882301002741" lon="32.83446902409196">
        <ele>1151.4382431773197</ele>
      </trkpt>
      <trkpt lat="-18.388176010921597" lon="32.83431898802519">
        <ele>1155.0619747451274</ele>
      </trkpt>
      <trkpt lat="-18.387912986800075" lon="32.83402796834707">
        <ele>1155.9742858815007</ele>
      </trkpt>
      <trkpt lat="-18.388198977336287" lon="32.833452969789505">
        <ele>1158.0864174949274</ele>
      </trkpt>
      <trkpt lat="-18.388323029503226" lon="32.832678984850645">
        <ele>1157.5423865292723</ele>
      </trkpt>
      <trkpt lat="-18.388599967584014" lon="32.83199602738023">
        <ele>1164.3362061074106</ele>
      </trkpt>
      <trkpt lat="-18.388641960918903" lon="32.83152496442199">
        <ele>1166.1826503263958</ele>
      </trkpt>
      <trkpt lat="-18.388901967555285" lon="32.83103697001934">
        <ele>1169.5670951812062</ele>
      </trkpt>
      <trkpt lat="-18.389012021943927" lon="32.83029802143574">
        <ele>1169.9726333372091</ele>
      </trkpt>
      <trkpt lat="-18.38889199309051" lon="32.82963199540973">
        <ele>1172.3359047013446</ele>
      </trkpt>
      <trkpt lat="-18.388731982558966" lon="32.82921097241342">
        <ele>1175.9919575611477</ele>
      </trkpt>
      <trkpt lat="-18.388861985877156" lon="32.828103974461555">
        <ele>1180.650123831188</ele>
      </trkpt>
      <trkpt lat="-18.38919499889016" lon="32.827651016414165">
        <ele>1176.781781359561</ele>
      </trkpt>
      <trkpt lat="-18.389262976124883" lon="32.82671903260052">
        <ele>1182.3945014677824</ele>
      </trkpt>
      <trkpt lat="-18.389245038852096" lon="32.82589500769973">
        <ele>1192.040939012308</ele>
      </trkpt>
      <trkpt lat="-18.389345034956932" lon="32.825420005247">
        <ele>1196.4390875128106</ele>
      </trkpt>
      <trkpt lat="-18.38929901830852" lon="32.82484299503267">
        <ele>1193.7031688805496</ele>
      </trkpt>
      <trkpt lat="-18.389530023559928" lon="32.82443102449179">
        <ele>1197.389754860264</ele>
      </trkpt>
      <trkpt lat="-18.39112401008606" lon="32.82186197116971">
        <ele>1202.9750374865632</ele>
      </trkpt>
      <trkpt lat="-18.393067019060254" lon="32.82082202844322">
        <ele>1223.6178268498995</ele>
      </trkpt>
      <trkpt lat="-18.3932270295918" lon="32.82031400129199">
        <ele>1211.719572871597</ele>
      </trkpt>
      <trkpt lat="-18.39321001432836" lon="32.82001401297748">
        <ele>1208.3660835848773</ele>
      </trkpt>
      <trkpt lat="-18.39334001764655" lon="32.819400960579515">
        <ele>1211.63232421875</ele>
      </trkpt>
      <trkpt lat="-18.393375976011157" lon="32.8188940230757">
        <ele>1211.8909908540718</ele>
      </trkpt>
      <trkpt lat="-18.39340497739613" lon="32.81848800368607">
        <ele>1211.2951369380653</ele>
      </trkpt>
      <trkpt lat="-18.39353397488594" lon="32.817878974601626">
        <ele>1216.1704173417054</ele>
      </trkpt>
      <trkpt lat="-18.393692979589105" lon="32.81773497350514">
        <ele>1219.1496273205303</ele>
      </trkpt>
      <trkpt lat="-18.394126994535327" lon="32.81723599880934">
        <ele>1224.772488051327</ele>
      </trkpt>
      <trkpt lat="-18.39469000697136" lon="32.81704598106444">
        <ele>1222.8004045916182</ele>
      </trkpt>
      <trkpt lat="-18.395180013030767" lon="32.81705696135759">
        <ele>1232.819624345284</ele>
      </trkpt>
      <trkpt lat="-18.39589398354292" lon="32.81662101857364">
        <ele>1239.489390650242</ele>
      </trkpt>
      <trkpt lat="-18.39632003568113" lon="32.81641700305045">
        <ele>1241.5615938462392</ele>
      </trkpt>
      <trkpt lat="-18.396354988217354" lon="32.81615900807083">
        <ele>1235.5265822778456</ele>
      </trkpt>
      <trkpt lat="-18.396332021802664" lon="32.81571895815432">
        <ele>1226.7040831852962</ele>
      </trkpt>
      <trkpt lat="-18.396231019869447" lon="32.81504597514868">
        <ele>1223.2604453457911</ele>
      </trkpt>
      <trkpt lat="-18.39619698934257" lon="32.814479023218155">
        <ele>1224.3046875</ele>
      </trkpt>
      <trkpt lat="-18.39628097601235" lon="32.81378399580717">
        <ele>1227.3949110978283</ele>
      </trkpt>
      <trkpt lat="-18.396521033719182" lon="32.81325199641287">
        <ele>1230.4064662964709</ele>
      </trkpt>
      <trkpt lat="-18.39682102203369" lon="32.812783028930426">
        <ele>1234.3540380406212</ele>
      </trkpt>
      <trkpt lat="-18.397384034469724" lon="32.8126169834286">
        <ele>1244.425982807763</ele>
      </trkpt>
      <trkpt lat="-18.39834099635482" lon="32.81190703622997">
        <ele>1250.810404456161</ele>
      </trkpt>
      <trkpt lat="-18.398997969925404" lon="32.81173403374851">
        <ele>1263.7758948783157</ele>
      </trkpt>
      <trkpt lat="-18.39913995936513" lon="32.8108830191195">
        <ele>1251.3770259970252</ele>
      </trkpt>
      <trkpt lat="-18.39909603819251" lon="32.81038396060467">
        <ele>1247.2348900434</ele>
      </trkpt>
      <trkpt lat="-18.399234004318714" lon="32.80994097702205">
        <ele>1247.662031963584</ele>
      </trkpt>
      <trkpt lat="-18.399230986833572" lon="32.809561025351286">
        <ele>1248.053876526386</ele>
      </trkpt>
      <trkpt lat="-18.399401977658272" lon="32.809216026216745">
        <ele>1249.5905519155954</ele>
      </trkpt>
      <trkpt lat="-18.399681011214852" lon="32.80898300930858">
        <ele>1250.1690608414133</ele>
      </trkpt>
      <trkpt lat="-18.400099016726017" lon="32.80884001404047">
        <ele>1252.6707395705944</ele>
      </trkpt>
      <trkpt lat="-18.400545017793775" lon="32.80869198963046">
        <ele>1259.0686332127134</ele>
      </trkpt>
      <trkpt lat="-18.40092203579843" lon="32.808466013520956">
        <ele>1263.7316824983993</ele>
      </trkpt>
      <trkpt lat="-18.401207020506263" lon="32.808013977482915">
        <ele>1264.5766727231048</ele>
      </trkpt>
      <trkpt lat="-18.401512037962675" lon="32.807754976674914">
        <ele>1269.0261442061521</ele>
      </trkpt>
      <trkpt lat="-18.401602981612086" lon="32.807305036112666">
        <ele>1267.840289747994</ele>
      </trkpt>
      <trkpt lat="-18.401733990758657" lon="32.806873032823205">
        <ele>1266.4325427860022</ele>
      </trkpt>
      <trkpt lat="-18.401883020997047" lon="32.80651202425361">
        <ele>1267.1701654139906</ele>
      </trkpt>
      <trkpt lat="-18.402048982679844" lon="32.80623399652541">
        <ele>1271.6396553092445</ele>
      </trkpt>
      <trkpt lat="-18.402197007089853" lon="32.80587701126933">
        <ele>1272.6985410479829</ele>
      </trkpt>
      <trkpt lat="-18.40229800902307" lon="32.805260019376874">
        <ele>1270.5684656797378</ele>
      </trkpt>
      <trkpt lat="-18.40255298651755" lon="32.804726008325815">
        <ele>1273.988121898999</ele>
      </trkpt>
      <trkpt lat="-18.402654994279146" lon="32.804361982271075">
        <ele>1270.4291528033327</ele>
      </trkpt>
      <trkpt lat="-18.402850041165948" lon="32.804004997015">
        <ele>1267.4363121570004</ele>
      </trkpt>
      <trkpt lat="-18.403043998405337" lon="32.803649017587304">
        <ele>1268.8143725655677</ele>
      </trkpt>
      <trkpt lat="-18.403367958962917" lon="32.80303403735161">
        <ele>1271.1873097160642</ele>
      </trkpt>
      <trkpt lat="-18.40384698472917" lon="32.802665987983346">
        <ele>1275.2844418211607</ele>
      </trkpt>
      <trkpt lat="-18.404090981930494" lon="32.802447974681854">
        <ele>1279.4647655518493</ele>
      </trkpt>
      <trkpt lat="-18.40444796718657" lon="32.8023870382458">
        <ele>1284.8091591953998</ele>
      </trkpt>
      <trkpt lat="-18.404946019873023" lon="32.80224395915866">
        <ele>1289.7421113522723</ele>
      </trkpt>
      <trkpt lat="-18.40564800426364" lon="32.80250203795731">
        <ele>1298.6520493704672</ele>
      </trkpt>
      <trkpt lat="-18.405919997021556" lon="32.80256096273661">
        <ele>1303.7594352745539</ele>
      </trkpt>
      <trkpt lat="-18.406501030549407" lon="32.802446968853474">
        <ele>1305.29224435847</ele>
      </trkpt>
      <trkpt lat="-18.407105030491948" lon="32.80222803354263">
        <ele>1313.9013449051417</ele>
      </trkpt>
      <trkpt lat="-18.407448017969728" lon="32.80199903994799">
        <ele>1315.470311723533</ele>
      </trkpt>
      <trkpt lat="-18.40758196078241" lon="32.80176501721144">
        <ele>1309.2293338128557</ele>
      </trkpt>
      <trkpt lat="-18.408046988770366" lon="32.80158002860844">
        <ele>1316.6868091211654</ele>
      </trkpt>
      <trkpt lat="-18.408498018980026" lon="32.80139001086354">
        <ele>1326.0934704515098</ele>
      </trkpt>
      <trkpt lat="-18.408905966207385" lon="32.80110502615571">
        <ele>1323.5097034450405</ele>
      </trkpt>
      <trkpt lat="-18.409290025010705" lon="32.80069900676608">
        <ele>1325.0958565769304</ele>
      </trkpt>
      <trkpt lat="-18.409358002245426" lon="32.80032802373171">
        <ele>1317.8305522808605</ele>
      </trkpt>
      <trkpt lat="-18.409373005852103" lon="32.80014404095709">
        <ele>1315.6557848756174</ele>
      </trkpt>
      <trkpt lat="-18.409606022760272" lon="32.79988001100719">
        <ele>1319.6264412560984</ele>
      </trkpt>
      <trkpt lat="-18.409854965284467" lon="32.799098985269666">
        <ele>1319.932113919283</ele>
      </trkpt>
      <trkpt lat="-18.41041998937726" lon="32.79943602159619">
        <ele>1339.5580805281888</ele>
      </trkpt>
      <trkpt lat="-18.41080103069544" lon="32.799871964380145">
        <ele>1350.736541556603</ele>
      </trkpt>
      <trkpt lat="-18.41119104065001" lon="32.7998879738152">
        <ele>1363.646005579807</ele>
      </trkpt>
      <trkpt lat="-18.41136496514082" lon="32.799226976931095">
        <ele>1379.0037352447398</ele>
      </trkpt>
      <trkpt lat="-18.411627989262342" lon="32.798966970294714">
        <ele>1384.3276568548176</ele>
      </trkpt>
      <trkpt lat="-18.411957984790206" lon="32.79893796890974">
        <ele>1393.0274930255189</ele>
      </trkpt>
      <trkpt lat="-18.41224397532642" lon="32.798864962533116">
        <ele>1397.2547020483794</ele>
      </trkpt>
      <trkpt lat="-18.41252200305462" lon="32.7987499628216">
        <ele>1401.2076996017272</ele>
      </trkpt>
      <trkpt lat="-18.41269299387932" lon="32.79797597788274">
        <ele>1406.896261418432</ele>
      </trkpt>
      <trkpt lat="-18.413004968315363" lon="32.79781797900796">
        <ele>1416.3690091351673</ele>
      </trkpt>
      <trkpt lat="-18.413393972441554" lon="32.79750097543001">
        <ele>1422.999684310308</ele>
      </trkpt>
      <trkpt lat="-18.414205005392432" lon="32.79747800901532">
        <ele>1443.3482886261215</ele>
      </trkpt>
      <trkpt lat="-18.414530977606773" lon="32.79706503264606">
        <ele>1448.4738034675192</ele>
      </trkpt>
      <trkpt lat="-18.415137995034456" lon="32.79718900099397">
        <ele>1473.3743437673184</ele>
      </trkpt>
      <trkpt lat="-18.415590031072497" lon="32.79672699049115">
        <ele>1501.8027388629653</ele>
      </trkpt>
      <trkpt lat="-18.41570603661239" lon="32.79648198746145">
        <ele>1509.943703999835</ele>
      </trkpt>
      <trkpt lat="-18.416223032400012" lon="32.796390037983656">
        <ele>1538.096924496034</ele>
      </trkpt>
      <trkpt lat="-18.416365021839738" lon="32.79607001692057">
        <ele>1552.8986074371119</ele>
      </trkpt>
      <trkpt lat="-18.41628497466445" lon="32.79562996700406">
        <ele>1563.1976104061841</ele>
      </trkpt>
      <trkpt lat="-18.416429981589317" lon="32.79526200145483">
        <ele>1576.2594717179118</ele>
      </trkpt>
      <trkpt lat="-18.416946977376938" lon="32.795251021161675">
        <ele>1594.9500456247479</ele>
      </trkpt>
      <trkpt lat="-18.417331036180258" lon="32.79517801478505">
        <ele>1603.9570806398988</ele>
      </trkpt>
      <trkpt lat="-18.417518036440015" lon="32.79498003423214">
        <ele>1607.9565160392526</ele>
      </trkpt>
      <trkpt lat="-18.417950039729476" lon="32.79470100067556">
        <ele>1620.0776919156824</ele>
      </trkpt>
      <trkpt lat="-18.41824298724532" lon="32.794329011812806">
        <ele>1626.3425380207927</ele>
      </trkpt>
      <trkpt lat="-18.418640037998557" lon="32.79405802488327">
        <ele>1631.4149487738414</ele>
      </trkpt>
      <trkpt lat="-18.418812034651637" lon="32.79349903576076">
        <ele>1635.271780299372</ele>
      </trkpt>
      <trkpt lat="-18.419008003547788" lon="32.79313199222088">
        <ele>1639.2978966115043</ele>
      </trkpt>
      <trkpt lat="-18.4192250110209" lon="32.792954966425896">
        <ele>1642.0804239291915</ele>
      </trkpt>
      <trkpt lat="-18.419452998787165" lon="32.79288296587765">
        <ele>1644.7403450179845</ele>
      </trkpt>
      <trkpt lat="-18.419881984591484" lon="32.792846001684666">
        <ele>1649.8290883412299</ele>
      </trkpt>
      <trkpt lat="-18.42028498649597" lon="32.792372005060315">
        <ele>1652.0419537414564</ele>
      </trkpt>
      <trkpt lat="-18.420610036700964" lon="32.79199699871242">
        <ele>1657.1969794019824</ele>
      </trkpt>
      <trkpt lat="-18.42053703032434" lon="32.79175601899624">
        <ele>1657.876478234306</ele>
      </trkpt>
      <trkpt lat="-18.420524960383773" lon="32.791361985728145">
        <ele>1663.3986382537987</ele>
      </trkpt>
      <trkpt lat="-18.42060400173068" lon="32.790675004944205">
        <ele>1669.2984200655924</ele>
      </trkpt>
      <trkpt lat="-18.420681031420827" lon="32.79031701385975">
        <ele>1672.5060033351183</ele>
      </trkpt>
      <trkpt lat="-18.420746996998787" lon="32.789242034778">
        <ele>1693.7325722328949</ele>
      </trkpt>
      <trkpt lat="-18.420398980379105" lon="32.78885101899505">
        <ele>1692.3773590452015</ele>
      </trkpt>
      <trkpt lat="-18.420314993709326" lon="32.78851800598204">
        <ele>1691.4999880212304</ele>
      </trkpt>
      <trkpt lat="-18.420529989525676" lon="32.788270991295576">
        <ele>1697.801936814308</ele>
      </trkpt>
      <trkpt lat="-18.42066703364253" lon="32.78813595883548">
        <ele>1700.3155349067715</ele>
      </trkpt>
      <trkpt lat="-18.42062897980213" lon="32.78761301189661">
        <ele>1685.1416668923378</ele>
      </trkpt>
      <trkpt lat="-18.420849004760385" lon="32.7871560305357">
        <ele>1686.645207285134</ele>
      </trkpt>
      <trkpt lat="-18.421274973079562" lon="32.786872973665595">
        <ele>1690.2785806445795</ele>
      </trkpt>
      <trkpt lat="-18.42135401442647" lon="32.78669795952737">
        <ele>1690.3059183530981</ele>
      </trkpt>
      <trkpt lat="-18.42154897749424" lon="32.786550018936396">
        <ele>1697.709382451796</ele>
      </trkpt>
      <trkpt lat="-18.42184703797102" lon="32.78589203953743">
        <ele>1696.9473423700256</ele>
      </trkpt>
      <trkpt lat="-18.422267977148294" lon="32.785326009616256">
        <ele>1695.991413015023</ele>
      </trkpt>
      <trkpt lat="-18.422681037336588" lon="32.78514102101326">
        <ele>1703.3607984996806</ele>
      </trkpt>
      <trkpt lat="-18.42292302288115" lon="32.78502803295851">
        <ele>1706.1572862524772</ele>
      </trkpt>
      <trkpt lat="-18.422960992902517" lon="32.78452796861529">
        <ele>1698.9062886834145</ele>
      </trkpt>
      <trkpt lat="-18.422853033989668" lon="32.78432998806238">
        <ele>1691.4135750620626</ele>
      </trkpt>
      <trkpt lat="-18.423191998153925" lon="32.78397903777659">
        <ele>1686.881212189879</ele>
      </trkpt>
      <trkpt lat="-18.423328958451748" lon="32.78363697230816">
        <ele>1684.8737980814185</ele>
      </trkpt>
      <trkpt lat="-18.423282019793987" lon="32.78354602865875">
        <ele>1682.804384112047</ele>
      </trkpt>
      <trkpt lat="-18.423318983986974" lon="32.78341602534056">
        <ele>1681.8252489731562</ele>
      </trkpt>
      <trkpt lat="-18.423273973166943" lon="32.78334000147879">
        <ele>1679.3545015413679</ele>
      </trkpt>
      <trkpt lat="-18.423390984535217" lon="32.783261965960264">
        <ele>1680.9000436258493</ele>
      </trkpt>
      <trkpt lat="-18.42339601367712" lon="32.783068008720875">
        <ele>1675.7316953795962</ele>
      </trkpt>
      <trkpt lat="-18.423514030873775" lon="32.78299097903073">
        <ele>1678.629173682976</ele>
      </trkpt>
      <trkpt lat="-18.42350598424673" lon="32.78285996988416">
        <ele>1675.2509183514335</ele>
      </trkpt>
      <trkpt lat="-18.42365300282836" lon="32.78280297294259">
        <ele>1680.4237412511127</ele>
      </trkpt>
      <trkpt lat="-18.423625007271767" lon="32.782553024590015">
        <ele>1674.129607088477</ele>
      </trkpt>
      <trkpt lat="-18.423702036961913" lon="32.78213895857334">
        <ele>1675.2112995466487</ele>
      </trkpt>
      <trkpt lat="-18.423662977293134" lon="32.78187098912895">
        <ele>1671.1046322633488</ele>
      </trkpt>
      <trkpt lat="-18.42401996254921" lon="32.78176403604448">
        <ele>1697.6042377249955</ele>
      </trkpt>
      <trkpt lat="-18.423770014196634" lon="32.78159899637103">
        <ele>1678.0194687983367</ele>
      </trkpt>
      <trkpt lat="-18.4237390011549" lon="32.78145398944616">
        <ele>1675.0137689365074</ele>
      </trkpt>
      <trkpt lat="-18.42388903722167" lon="32.78135499916971">
        <ele>1690.3707870765884</ele>
      </trkpt>
      <trkpt lat="-18.42410302720964" lon="32.78123597614467">
        <ele>1719.4661102012806</ele>
      </trkpt>
      <trkpt lat="-18.42363598756492" lon="32.78099298477173">
        <ele>1675.6959187751927</ele>
      </trkpt>
      <trkpt lat="-18.42350598424673" lon="32.78077798895538">
        <ele>1678.0515449229306</ele>
      </trkpt>
      <trkpt lat="-18.42326500453055" lon="32.78065997175872">
        <ele>1677.6853059954642</ele>
      </trkpt>
      <trkpt lat="-18.422932997345924" lon="32.780793998390436">
        <ele>1670.6699940798844</ele>
      </trkpt>
      <trkpt lat="-18.422785978764296" lon="32.78069299645722">
        <ele>1681.4929498363263</ele>
      </trkpt>
      <trkpt lat="-18.422569977119565" lon="32.78072199784219">
        <ele>1684.2064983988162</ele>
      </trkpt>
      <trkpt lat="-18.422230007126927" lon="32.78082802891731">
        <ele>1681.7743184322826</ele>
      </trkpt>
      <trkpt lat="-18.42206102795899" lon="32.78084403835237">
        <ele>1679.6313581915806</ele>
      </trkpt>
      <trkpt lat="-18.421946028247476" lon="32.78077597729862">
        <ele>1678.9366347727191</ele>
      </trkpt>
      <trkpt lat="-18.422055998817086" lon="32.780660977587104">
        <ele>1682.6720554124477</ele>
      </trkpt>
      <trkpt lat="-18.42202004045248" lon="32.78031597845256">
        <ele>1681.6792473014975</ele>
      </trkpt>
      <trkpt lat="-18.421905962750316" lon="32.780187986791134">
        <ele>1678.0270615305176</ele>
      </trkpt>
      <trkpt lat="-18.421755004674196" lon="32.7799859829247">
        <ele>1676.0832256779881</ele>
      </trkpt>
      <trkpt lat="-18.42161301523447" lon="32.779993023723364">
        <ele>1671.569979963242</ele>
      </trkpt>
      <trkpt lat="-18.42144001275301" lon="32.77968901209533">
        <ele>1677.635997553026</ele>
      </trkpt>
      <trkpt lat="-18.42107799835503" lon="32.77959496714175">
        <ele>1676.0881775529124</ele>
      </trkpt>
      <trkpt lat="-18.42077599838376" lon="32.77942196466029">
        <ele>1675.155334369978</ele>
      </trkpt>
      <trkpt lat="-18.42026202008128" lon="32.77938298881054">
        <ele>1666.9192111129232</ele>
      </trkpt>
      <trkpt lat="-18.41998399235308" lon="32.77908199466765">
        <ele>1668.2756161251773</ele>
      </trkpt>
      <trkpt lat="-18.419780982658267" lon="32.77884596027434">
        <ele>1669.1400485672057</ele>
      </trkpt>
      <trkpt lat="-18.419501027092338" lon="32.77878100052476">
        <ele>1666.9964147639128</ele>
      </trkpt>
      <trkpt lat="-18.4191420301795" lon="32.77855100110173">
        <ele>1665.5672882515091</ele>
      </trkpt>
      <trkpt lat="-18.418875988572836" lon="32.778214970603585">
        <ele>1665.6257269312755</ele>
      </trkpt>
      <trkpt lat="-18.418544987216592" lon="32.77788204140961">
        <ele>1668.9942436533593</ele>
      </trkpt>
      <trkpt lat="-18.41834499500692" lon="32.77770300395787">
        <ele>1673.5993483080465</ele>
      </trkpt>
      <trkpt lat="-18.417929001152515" lon="32.77753997594118">
        <ele>1681.203005979753</ele>
      </trkpt>
      <trkpt lat="-18.417435977607965" lon="32.77743302285671">
        <ele>1677.349546727321</ele>
      </trkpt>
      <trkpt lat="-18.417074969038367" lon="32.777204029262066">
        <ele>1672.733622386766</ele>
      </trkpt>
      <trkpt lat="-18.416770035400987" lon="32.77715700678527">
        <ele>1671.0312089086262</ele>
      </trkpt>
      <trkpt lat="-18.41623996384442" lon="32.77719598263502">
        <ele>1671.4110462466126</ele>
      </trkpt>
      <trkpt lat="-18.41579002328217" lon="32.777179973199964">
        <ele>1670.1159295225934</ele>
      </trkpt>
      <trkpt lat="-18.41506096534431" lon="32.77715298347175">
        <ele>1672.039636385627</ele>
      </trkpt>
      <trkpt lat="-18.414880000054836" lon="32.77727896347642">
        <ele>1670.26611328125</ele>
      </trkpt>
      <trkpt lat="-18.41433299705386" lon="32.77726303786039">
        <ele>1673.831266615669</ele>
      </trkpt>
      <trkpt lat="-18.41386000625789" lon="32.77743302285671">
        <ele>1675.841755588107</ele>
      </trkpt>
      <trkpt lat="-18.413332030177116" lon="32.77753695845604">
        <ele>1674.0450167168874</ele>
      </trkpt>
      <trkpt lat="-18.412980996072292" lon="32.77757903560996">
        <ele>1673.1426242508246</ele>
      </trkpt>
      <trkpt lat="-18.412749990820885" lon="32.77766201645136">
        <ele>1674.458271333091</ele>
      </trkpt>
      <trkpt lat="-18.412111960351467" lon="32.77787600643933">
        <ele>1675.328895411339</ele>
      </trkpt>
      <trkpt lat="-18.411682974547148" lon="32.77801699005067">
        <ele>1677.2650910276484</ele>
      </trkpt>
      <trkpt lat="-18.411113005131483" lon="32.778084967285395">
        <ele>1675.6818398041119</ele>
      </trkpt>
      <trkpt lat="-18.41063003987074" lon="32.77809200808406">
        <ele>1677.5221398698632</ele>
      </trkpt>
      <trkpt lat="-18.409843984991312" lon="32.77766997925937">
        <ele>1681.7386411463626</ele>
      </trkpt>
      <trkpt lat="-18.409338975325227" lon="32.777545005083084">
        <ele>1677.2414017969859</ele>
      </trkpt>
      <trkpt lat="-18.409006968140602" lon="32.77749898843467">
        <ele>1675.3588514495746</ele>
      </trkpt>
      <trkpt lat="-18.4088740311563" lon="32.77757601812482">
        <ele>1676.447641109417</ele>
      </trkpt>
      <trkpt lat="-18.408349994570017" lon="32.77755003422499">
        <ele>1675.1506732234361</ele>
      </trkpt>
      <trkpt lat="-18.407791005447507" lon="32.777525978162885">
        <ele>1675.951060052578</ele>
      </trkpt>
      <trkpt lat="-18.40737199410796" lon="32.777631003409624">
        <ele>1681.4173821105824</ele>
      </trkpt>
      <trkpt lat="-18.407011991366744" lon="32.77773200534284">
        <ele>1687.287607079139</ele>
      </trkpt>
      <trkpt lat="-18.4065980091691" lon="32.77776896953583">
        <ele>1690.6245316523818</ele>
      </trkpt>
      <trkpt lat="-18.40608101338148" lon="32.77775296010077">
        <ele>1693.2862934856676</ele>
      </trkpt>
      <trkpt lat="-18.405739031732082" lon="32.77783996425569">
        <ele>1699.4012499433386</ele>
      </trkpt>
      <trkpt lat="-18.40543401427567" lon="32.777825966477394">
        <ele>1700.3820930216662</ele>
      </trkpt>
      <trkpt lat="-18.405020032078028" lon="32.77792898006737">
        <ele>1705.0353946188698</ele>
      </trkpt>
      <trkpt lat="-18.404418965801597" lon="32.778082033619285">
        <ele>1711.065706762347</ele>
      </trkpt>
      <trkpt lat="-18.40371203608811" lon="32.77813701890409">
        <ele>1711.546508665895</ele>
      </trkpt>
      <trkpt lat="-18.40333099476993" lon="32.77818202972412">
        <ele>1712.8315897796128</ele>
      </trkpt>
      <trkpt lat="-18.402932016178966" lon="32.77801103889942">
        <ele>1709.3709712221753</ele>
      </trkpt>
      <trkpt lat="-18.402605038136244" lon="32.77801003307104">
        <ele>1706.844633672662</ele>
      </trkpt>
      <trkpt lat="-18.40210204012692" lon="32.77859601192176">
        <ele>1712.0893575524951</ele>
      </trkpt>
      <trkpt lat="-18.40178101323545" lon="32.77882601134479">
        <ele>1712.8021698907526</ele>
      </trkpt>
      <trkpt lat="-18.40144003741443" lon="32.77891997247934">
        <ele>1709.293920526712</ele>
      </trkpt>
      <trkpt lat="-18.40115999802947" lon="32.77880899608135">
        <ele>1705.8581180335127</ele>
      </trkpt>
      <trkpt lat="-18.40114197693765" lon="32.77859198860824">
        <ele>1705.1335462457737</ele>
      </trkpt>
      <trkpt lat="-18.400936033576727" lon="32.77851001359522">
        <ele>1704.6511160090663</ele>
      </trkpt>
      <trkpt lat="-18.40070896781981" lon="32.77831496670842">
        <ele>1704.9878765262793</ele>
      </trkpt>
      <trkpt lat="-18.400639984756708" lon="32.7784179802984">
        <ele>1705.0211723869484</ele>
      </trkpt>
      <trkpt lat="-18.400241006165743" lon="32.778597017750144">
        <ele>1708.232052520616</ele>
      </trkpt>
      <trkpt lat="-18.400050988420844" lon="32.778684021905065">
        <ele>1710.1288563414512</ele>
      </trkpt>
      <trkpt lat="-18.399790981784463" lon="32.77851001359522">
        <ele>1710.915444583968</ele>
      </trkpt>
      <trkpt lat="-18.399600964039564" lon="32.778297029435635">
        <ele>1711.5314856949262</ele>
      </trkpt>
      <trkpt lat="-18.39954497292638" lon="32.77796301059425">
        <ele>1711.4878102812384</ele>
      </trkpt>
      <trkpt lat="-18.399414969608188" lon="32.77762304060161">
        <ele>1711.214636730785</ele>
      </trkpt>
      <trkpt lat="-18.399358978495002" lon="32.77720998041332">
        <ele>1708.6388868652805</ele>
      </trkpt>
      <trkpt lat="-18.39872899465263" lon="32.77737996540964">
        <ele>1709.9289793103994</ele>
      </trkpt>
      <trkpt lat="-18.397985016927123" lon="32.77762304060161">
        <ele>1712.558645304247</ele>
      </trkpt>
      <trkpt lat="-18.397428039461374" lon="32.77772303670645">
        <ele>1711.0961282106016</ele>
      </trkpt>
      <trkpt lat="-18.396985977888107" lon="32.77802503667772">
        <ele>1714.5991754873805</ele>
      </trkpt>
      <trkpt lat="-18.39634501375258" lon="32.77837296947837">
        <ele>1716.6840577989442</ele>
      </trkpt>
      <trkpt lat="-18.395902030169964" lon="32.77850196696818">
        <ele>1714.6278746916828</ele>
      </trkpt>
      <trkpt lat="-18.39501396752894" lon="32.77880698442459">
        <ele>1714.225727855941</ele>
      </trkpt>
      <trkpt lat="-18.39460602030158" lon="32.77901200577617">
        <ele>1714.0196556818119</ele>
      </trkpt>
      <trkpt lat="-18.394140992313623" lon="32.779328003525734">
        <ele>1714.5632808418268</ele>
      </trkpt>
      <trkpt lat="-18.393808985129" lon="32.77957602404058">
        <ele>1718.482421875</ele>
      </trkpt>
      <trkpt lat="-18.393407994881272" lon="32.77962103486061">
        <ele>1718.6908192699702</ele>
      </trkpt>
      <trkpt lat="-18.39316802099347" lon="32.77992798015475">
        <ele>1727.1035446482977</ele>
      </trkpt>
      <trkpt lat="-18.392921006307006" lon="32.779805017635226">
        <ele>1718.0848289976511</ele>
      </trkpt>
      <trkpt lat="-18.392188008874655" lon="32.77992303483188">
        <ele>1716.4338659680118</ele>
      </trkpt>
      <trkpt lat="-18.391590965911746" lon="32.779908031225204">
        <ele>1715.9919213631656</ele>
      </trkpt>
      <trkpt lat="-18.3912290353328" lon="32.77987802401185">
        <ele>1718.627793830023</ele>
      </trkpt>
      <trkpt lat="-18.390703992918134" lon="32.77983997017145">
        <ele>1720.600727192708</ele>
      </trkpt>
      <trkpt lat="-18.38998801074922" lon="32.77988104149699">
        <ele>1721.0277172385452</ele>
      </trkpt>
      <trkpt lat="-18.389504961669445" lon="32.779889004305005">
        <ele>1722.3101483203877</ele>
      </trkpt>
      <trkpt lat="-18.3885230217129" lon="32.77985204011202">
        <ele>1718.628189465829</ele>
      </trkpt>
      <trkpt lat="-18.388018012046814" lon="32.780106011778116">
        <ele>1717.8119716996414</ele>
      </trkpt>
      <trkpt lat="-18.38768701069057" lon="32.78007499873638">
        <ele>1716.587398414009</ele>
      </trkpt>
      <trkpt lat="-18.3874539937824" lon="32.78022000566125">
        <ele>1717.0353515733882</ele>
      </trkpt>
      <trkpt lat="-18.387377969920635" lon="32.7804210036993">
        <ele>1716.831423173925</ele>
      </trkpt>
      <trkpt lat="-18.38709097355604" lon="32.78080296702683">
        <ele>1717.2166579984832</ele>
      </trkpt>
      <trkpt lat="-18.38704504072666" lon="32.78112097643316">
        <ele>1718.2271025773073</ele>
      </trkpt>
      <trkpt lat="-18.38691595941782" lon="32.78129599057138">
        <ele>1718.6542880655888</ele>
      </trkpt>
      <trkpt lat="-18.38678997941315" lon="32.781949024647474">
        <ele>1721.6021781885681</ele>
      </trkpt>
      <trkpt lat="-18.38672401383519" lon="32.78246199712157">
        <ele>1727.4971958870021</ele>
      </trkpt>
      <trkpt lat="-18.386453026905656" lon="32.78285603038967">
        <ele>1724.8278851657633</ele>
      </trkpt>
      <trkpt lat="-18.38603502139449" lon="32.783519960939884">
        <ele>1723.2354582374767</ele>
      </trkpt>
      <trkpt lat="-18.385588014498353" lon="32.784208031371236">
        <ele>1721.3078063665803</ele>
      </trkpt>
      <trkpt lat="-18.38517202064395" lon="32.78456099331379">
        <ele>1722.0719110943119</ele>
      </trkpt>
      <trkpt lat="-18.38491402566433" lon="32.78481597080827">
        <ele>1721.9946659471448</ele>
      </trkpt>
      <trkpt lat="-18.384902961552143" lon="32.785134986042976">
        <ele>1726.8734925692606</ele>
      </trkpt>
      <trkpt lat="-18.384707998484373" lon="32.78540203347802">
        <ele>1730.6754479338415</ele>
      </trkpt>
      <trkpt lat="-18.384264009073377" lon="32.78556698933244">
        <ele>1728.0892583003733</ele>
      </trkpt>
      <trkpt lat="-18.38425101712346" lon="32.7857590187341">
        <ele>1734.0127634124688</ele>
      </trkpt>
      <trkpt lat="-18.384021017700434" lon="32.785945013165474">
        <ele>1738.903752996819</ele>
      </trkpt>
      <trkpt lat="-18.38364500552416" lon="32.78605297207832">
        <ele>1737.9108290481745</ele>
      </trkpt>
      <trkpt lat="-18.382817041128874" lon="32.78634298592806">
        <ele>1730.5195369658013</ele>
      </trkpt>
      <trkpt lat="-18.382566003128886" lon="32.78647198341787">
        <ele>1731.7386444662827</ele>
      </trkpt>
      <trkpt lat="-18.382348995655775" lon="32.78664004057646">
        <ele>1735.3455225591515</ele>
      </trkpt>
      <trkpt lat="-18.38205697014928" lon="32.78693198226392">
        <ele>1739.370703702772</ele>
      </trkpt>
      <trkpt lat="-18.38173602707684" lon="32.78714496642351">
        <ele>1735.9277530294773</ele>
      </trkpt>
      <trkpt lat="-18.381452970206738" lon="32.78755500912666">
        <ele>1737.8000381288311</ele>
      </trkpt>
      <trkpt lat="-18.380956007167697" lon="32.78806001879275">
        <ele>1738.5631468157649</ele>
      </trkpt>
      <trkpt lat="-18.380472036078572" lon="32.788523035123944">
        <ele>1743.6420637977913</ele>
      </trkpt>
      <trkpt lat="-18.37999803945422" lon="32.788909021764994">
        <ele>1744.2868971628466</ele>
      </trkpt>
      <trkpt lat="-18.37967701256275" lon="32.78923197649419">
        <ele>1740.4630560365292</ele>
      </trkpt>
      <trkpt lat="-18.37924400344491" lon="32.78944697231054">
        <ele>1733.6351670118495</ele>
      </trkpt>
      <trkpt lat="-18.37866296991706" lon="32.78959298506379">
        <ele>1734.7059692869277</ele>
      </trkpt>
      <trkpt lat="-18.378242030739784" lon="32.78961301781237">
        <ele>1736.1405008238457</ele>
      </trkpt>
      <trkpt lat="-18.378137005493045" lon="32.7896339725703">
        <ele>1736.2714559641713</ele>
      </trkpt>
      <trkpt lat="-18.37816902436316" lon="32.789746038615704">
        <ele>1736.1728515625</ele>
      </trkpt>
      <trkpt lat="-18.377835005521774" lon="32.78997302055359">
        <ele>1737.2105151726864</ele>
      </trkpt>
      <trkpt lat="-18.377515990287066" lon="32.79005499556661">
        <ele>1736.5647867602056</ele>
      </trkpt>
      <trkpt lat="-18.377427980303764" lon="32.79020796529949">
        <ele>1738.5774376673119</ele>
      </trkpt>
      <trkpt lat="-18.377171996980906" lon="32.79029002413154">
        <ele>1738.8561545923956</ele>
      </trkpt>
      <trkpt lat="-18.376521980389953" lon="32.79073501937091">
        <ele>1741.6585331676677</ele>
      </trkpt>
      <trkpt lat="-18.37638300843537" lon="32.79089704155922">
        <ele>1742.9943631216693</ele>
      </trkpt>
      <trkpt lat="-18.37612903676927" lon="32.79096996411681">
        <ele>1741.0179921579547</ele>
      </trkpt>
      <trkpt lat="-18.37576501071453" lon="32.79135100543499">
        <ele>1744.1829545774162</ele>
      </trkpt>
      <trkpt lat="-18.375213984400034" lon="32.79188702814281">
        <ele>1745.3078980878333</ele>
      </trkpt>
      <trkpt lat="-18.374640997499228" lon="32.79209699481726">
        <ele>1741.596186000836</ele>
      </trkpt>
      <trkpt lat="-18.37393800728023" lon="32.79198098927736">
        <ele>1742.0577379269525</ele>
      </trkpt>
      <trkpt lat="-18.373306011781096" lon="32.791903959587216">
        <ele>1741.7802440150876</ele>
      </trkpt>
      <trkpt lat="-18.37312496267259" lon="32.79218500480056">
        <ele>1742.7432748804567</ele>
      </trkpt>
      <trkpt lat="-18.373061008751392" lon="32.79274399392307">
        <ele>1745.0131506996927</ele>
      </trkpt>
      <trkpt lat="-18.373242979869246" lon="32.793083963915706">
        <ele>1749.9489060091316</ele>
      </trkpt>
      <trkpt lat="-18.37307400070131" lon="32.79350297525525">
        <ele>1753.9787279180277</ele>
      </trkpt>
      <trkpt lat="-18.372913990169764" lon="32.79370196163654">
        <ele>1753.3487787410154</ele>
      </trkpt>
      <trkpt lat="-18.372783986851573" lon="32.79440402984619">
        <ele>1756.9500799159869</ele>
      </trkpt>
      <trkpt lat="-18.372875014320016" lon="32.79461299069226">
        <ele>1760.3788587157615</ele>
      </trkpt>
      <trkpt lat="-18.372851964086294" lon="32.794733019545674">
        <ele>1759.9398399015035</ele>
      </trkpt>
      <trkpt lat="-18.373224958777428" lon="32.79530097730458">
        <ele>1767.1384801452948</ele>
      </trkpt>
      <trkpt lat="-18.373688980937004" lon="32.79564597643912">
        <ele>1774.2413374454381</ele>
      </trkpt>
      <trkpt lat="-18.373989975079894" lon="32.79592601582408">
        <ele>1778.0555626784464</ele>
      </trkpt>
      <trkpt lat="-18.374249981716275" lon="32.796365981921554">
        <ele>1780.6472359225343</ele>
      </trkpt>
      <trkpt lat="-18.374378979206085" lon="32.796582989394665">
        <ele>1783.7708194440206</ele>
      </trkpt>
      <trkpt lat="-18.374447040259838" lon="32.79695397242904">
        <ele>1782.114484044204</ele>
      </trkpt>
      <trkpt lat="-18.375318003818393" lon="32.79755596071482">
        <ele>1784.5238076279443</ele>
      </trkpt>
      <trkpt lat="-18.375624027103186" lon="32.797530982643366">
        <ele>1787.609540504869</ele>
      </trkpt>
      <trkpt lat="-18.37591102346778" lon="32.797788977622986">
        <ele>1790.0920743541792</ele>
      </trkpt>
      <trkpt lat="-18.37612995877862" lon="32.79834100976586">
        <ele>1792.2543235291953</ele>
      </trkpt>
      <trkpt lat="-18.37604697793722" lon="32.798475958406925">
        <ele>1791.6364427237304</ele>
      </trkpt>
      <trkpt lat="-18.37614797987044" lon="32.79878902249038">
        <ele>1794.3740543380845</ele>
      </trkpt>
      <trkpt lat="-18.376246970146894" lon="32.79912698082626">
        <ele>1797.9179695229977</ele>
      </trkpt>
      <trkpt lat="-18.37621402926743" lon="32.799396039918065">
        <ele>1799.6836306154728</ele>
      </trkpt>
      <trkpt lat="-18.376005990430713" lon="32.799678007140756">
        <ele>1801.3703661710024</ele>
      </trkpt>
      <trkpt lat="-18.375728968530893" lon="32.800152003765106">
        <ele>1805.2444875820656</ele>
      </trkpt>
      <trkpt lat="-18.37552696466446" lon="32.80026197433472">
        <ele>1803.8288454914</ele>
      </trkpt>
      <trkpt lat="-18.37537902407348" lon="32.80074200592935">
        <ele>1804.499785283464</ele>
      </trkpt>
      <trkpt lat="-18.375079035758972" lon="32.801286997273564">
        <ele>1804.4102769807214</ele>
      </trkpt>
      <trkpt lat="-18.374917013570666" lon="32.80180801637471">
        <ele>1803.6129696517742</ele>
      </trkpt>
      <trkpt lat="-18.374878959730268" lon="32.80224597081542">
        <ele>1804.8649514023273</ele>
      </trkpt>
      <trkpt lat="-18.37503695860505" lon="32.80263296328485">
        <ele>1811.0140781386315</ele>
      </trkpt>
      <trkpt lat="-18.374748034402728" lon="32.803135961294174">
        <ele>1811.7185162301812</ele>
      </trkpt>
      <trkpt lat="-18.374246964231133" lon="32.803092962130904">
        <ele>1806.2805752806528</ele>
      </trkpt>
      <trkpt lat="-18.373930966481566" lon="32.802897999063134">
        <ele>1804.23095703125</ele>
      </trkpt>
      <trkpt lat="-18.373047010973096" lon="32.80255903489888">
        <ele>1805.9343805031526</ele>
      </trkpt>
      <trkpt lat="-18.37240998633206" lon="32.8024229966104">
        <ele>1812.2938872804375</ele>
      </trkpt>
      <trkpt lat="-18.371825013309717" lon="32.802618965506554">
        <ele>1814.9866668055765</ele>
      </trkpt>
      <trkpt lat="-18.371428968384862" lon="32.80306697823107">
        <ele>1814.6923279133134</ele>
      </trkpt>
      <trkpt lat="-18.371246997267008" lon="32.80343301594257">
        <ele>1817.509993005544</ele>
      </trkpt>
      <trkpt lat="-18.37101800367236" lon="32.803672989830375">
        <ele>1816.7520608827967</ele>
      </trkpt>
      <trkpt lat="-18.370594969019294" lon="32.80398798175156">
        <ele>1815.5086705107242</ele>
      </trkpt>
      <trkpt lat="-18.36981302127242" lon="32.80465601943433">
        <ele>1813.641909295095</ele>
      </trkpt>
      <trkpt lat="-18.36946902796626" lon="32.80524996109307">
        <ele>1809.0232976632353</ele>
      </trkpt>
      <trkpt lat="-18.369436003267765" lon="32.80561901628971">
        <ele>1809.4811975288617</ele>
      </trkpt>
      <trkpt lat="-18.369242968037724" lon="32.80602503567934">
        <ele>1810.2397822806215</ele>
      </trkpt>
      <trkpt lat="-18.36897499859333" lon="32.80647698789835">
        <ele>1812.1146285415257</ele>
      </trkpt>
      <trkpt lat="-18.36882202886045" lon="32.80685802921653">
        <ele>1809.801869448013</ele>
      </trkpt>
      <trkpt lat="-18.368766037747264" lon="32.80736396089196">
        <ele>1809.3657395253533</ele>
      </trkpt>
      <trkpt lat="-18.368793027475476" lon="32.807840975001454">
        <ele>1811.1245516845956</ele>
      </trkpt>
      <trkpt lat="-18.368710968643427" lon="32.808230984956026">
        <ele>1818.2259574764175</ele>
      </trkpt>
      <trkpt lat="-18.368808031082153" lon="32.80834196135402">
        <ele>1821.3319560446544</ele>
      </trkpt>
      <trkpt lat="-18.368688002228737" lon="32.80845201574266">
        <ele>1823.6627722170906</ele>
      </trkpt>
      <trkpt lat="-18.368593035265803" lon="32.808979991823435">
        <ele>1829.2538482923749</ele>
      </trkpt>
      <trkpt lat="-18.36850301362574" lon="32.80911703594029">
        <ele>1826.4589949485908</ele>
      </trkpt>
      <trkpt lat="-18.36794695816934" lon="32.80899600125849">
        <ele>1810.9092307898036</ele>
      </trkpt>
      <trkpt lat="-18.367870012298226" lon="32.80919197015464">
        <ele>1812.2359282911418</ele>
      </trkpt>
      <trkpt lat="-18.36751101538539" lon="32.80937796458602">
        <ele>1816.2082828997507</ele>
      </trkpt>
      <trkpt lat="-18.3671080134809" lon="32.8096620272845">
        <ele>1825.035596270347</ele>
      </trkpt>
      <trkpt lat="-18.366647008806467" lon="32.80970502644777">
        <ele>1821.8931774416587</ele>
      </trkpt>
      <trkpt lat="-18.366227997466922" lon="32.80978700146079">
        <ele>1819.3360146300606</ele>
      </trkpt>
      <trkpt lat="-18.365914011374116" lon="32.809837963432074">
        <ele>1817.2767531740287</ele>
      </trkpt>
      <trkpt lat="-18.36540799587965" lon="32.80999302864075">
        <ele>1818.6162892805878</ele>
      </trkpt>
      <trkpt lat="-18.365004993975163" lon="32.81010903418064">
        <ele>1821.3812050854322</ele>
      </trkpt>
      <trkpt lat="-18.364688996225595" lon="32.8100370336324">
        <ele>1820.7145181387182</ele>
      </trkpt>
      <trkpt lat="-18.364283982664347" lon="32.810116996988654">
        <ele>1821.235124003391</ele>
      </trkpt>
      <trkpt lat="-18.363800011575222" lon="32.81006100587547">
        <ele>1819.830881035091</ele>
      </trkpt>
      <trkpt lat="-18.363360967487097" lon="32.81005899421871">
        <ele>1818.900540532808</ele>
      </trkpt>
      <trkpt lat="-18.362995013594627" lon="32.810245994478464">
        <ele>1819.052397061171</ele>
      </trkpt>
      <trkpt lat="-18.362779011949897" lon="32.810460990294814">
        <ele>1816.388504040417</ele>
      </trkpt>
      <trkpt lat="-18.362691001966596" lon="32.81086097471416">
        <ele>1813.4060159841067</ele>
      </trkpt>
      <trkpt lat="-18.362919995561242" lon="32.81131996773183">
        <ele>1816.5147708188883</ele>
      </trkpt>
      <trkpt lat="-18.362564016133547" lon="32.81196202151477">
        <ele>1816.373874145559</ele>
      </trkpt>
      <trkpt lat="-18.361807968467474" lon="32.8124319948256">
        <ele>1811.4843245262746</ele>
      </trkpt>
      <trkpt lat="-18.36145400069654" lon="32.81265897676349">
        <ele>1813.0672584495042</ele>
      </trkpt>
      <trkpt lat="-18.361416030675173" lon="32.81283700838685">
        <ele>1814.9673073678277</ele>
      </trkpt>
      <trkpt lat="-18.36130597628653" lon="32.812914960086346">
        <ele>1816.1938760047135</ele>
      </trkpt>
      <trkpt lat="-18.36113297380507" lon="32.813105983659625">
        <ele>1818.2257089342918</ele>
      </trkpt>
      <trkpt lat="-18.360858969390392" lon="32.813105983659625">
        <ele>1817.3177207799922</ele>
      </trkpt>
      <trkpt lat="-18.36038203909993" lon="32.81326700001955">
        <ele>1816.7118140763014</ele>
      </trkpt>
      <trkpt lat="-18.35992899723351" lon="32.81332600861788">
        <ele>1815.2573024138276</ele>
      </trkpt>
      <trkpt lat="-18.359407978132367" lon="32.813231041654944">
        <ele>1814.9965915921719</ele>
      </trkpt>
      <trkpt lat="-18.35917697288096" lon="32.813384011387825">
        <ele>1817.1668230571267</ele>
      </trkpt>
      <trkpt lat="-18.358720997348428" lon="32.81333799473941">
        <ele>1824.2164597730753</ele>
      </trkpt>
      <trkpt lat="-18.35810098797083" lon="32.81352901831269">
        <ele>1826.097057641068</ele>
      </trkpt>
      <trkpt lat="-18.357602013275027" lon="32.81369699165225">
        <ele>1823.3420807579532</ele>
      </trkpt>
      <trkpt lat="-18.357236981391907" lon="32.81390896998346">
        <ele>1823.1328305066563</ele>
      </trkpt>
      <trkpt lat="-18.356764996424317" lon="32.81415003351867">
        <ele>1823.0240056465846</ele>
      </trkpt>
      <trkpt lat="-18.356393007561564" lon="32.81460500322282">
        <ele>1822.6222375758225</ele>
      </trkpt>
      <trkpt lat="-18.356093019247055" lon="32.815018985420465">
        <ele>1822.601577794645</ele>
      </trkpt>
      <trkpt lat="-18.355874000117183" lon="32.81538703478873">
        <ele>1821.8435326693404</ele>
      </trkpt>
      <trkpt lat="-18.355618016794324" lon="32.81575902365148">
        <ele>1820.6540576960833</ele>
      </trkpt>
      <trkpt lat="-18.355197999626398" lon="32.816456984728575">
        <ele>1817.1453881601788</ele>
      </trkpt>
      <trkpt lat="-18.354933969676495" lon="32.81745200045407">
        <ele>1820.1372903539664</ele>
      </trkpt>
      <trkpt lat="-18.354592993855476" lon="32.817791970446706">
        <ele>1820.1613906761631</ele>
      </trkpt>
      <trkpt lat="-18.354158978909254" lon="32.81832103617489">
        <ele>1817.7502386586275</ele>
      </trkpt>
      <trkpt lat="-18.353708032518625" lon="32.818757984787226">
        <ele>1814.56103515625</ele>
      </trkpt>
      <trkpt lat="-18.353493958711624" lon="32.818950014188886">
        <ele>1815.6870444399035</ele>
      </trkpt>
      <trkpt lat="-18.353131022304296" lon="32.819164004176855">
        <ele>1820.8488611735852</ele>
      </trkpt>
      <trkpt lat="-18.352592987939715" lon="32.819615034386516">
        <ele>1824.318849914358</ele>
      </trkpt>
      <trkpt lat="-18.351989993825555" lon="32.819959027692676">
        <ele>1817.383053637299</ele>
      </trkpt>
      <trkpt lat="-18.351607024669647" lon="32.820174023509026">
        <ele>1817.496766037012</ele>
      </trkpt>
      <trkpt lat="-18.351282980293036" lon="32.82037803903222">
        <ele>1819.4206162686273</ele>
      </trkpt>
      <trkpt lat="-18.350897999480367" lon="32.820345014333725">
        <ele>1817.41796875</ele>
      </trkpt>
      <trkpt lat="-18.350601028651" lon="32.82049999572337">
        <ele>1820.3418161545305</ele>
      </trkpt>
      <trkpt lat="-18.349863002076745" lon="32.82067903317511">
        <ele>1820.564649263553</ele>
      </trkpt>
      <trkpt lat="-18.349268976598978" lon="32.820968963205814">
        <ele>1817.8694772313918</ele>
      </trkpt>
      <trkpt lat="-18.348808977752924" lon="32.82145201228559">
        <ele>1816.9571416260442</ele>
      </trkpt>
      <trkpt lat="-18.348273038864136" lon="32.821739008650184">
        <ele>1815.312490988057</ele>
      </trkpt>
      <trkpt lat="-18.347805999219418" lon="32.822106974199414">
        <ele>1814.815673828125</ele>
      </trkpt>
      <trkpt lat="-18.34779200144112" lon="32.822624975815415">
        <ele>1815.6062146426937</ele>
      </trkpt>
      <trkpt lat="-18.347737016156316" lon="32.823095032945275">
        <ele>1816.3611917512023</ele>
      </trkpt>
      <trkpt lat="-18.347738021984696" lon="32.82380003482103">
        <ele>1818.2590948170982</ele>
      </trkpt>
      <trkpt lat="-18.347670966759324" lon="32.82446396537125">
        <ele>1820.1107113794424</ele>
      </trkpt>
      <trkpt lat="-18.34759402088821" lon="32.825114987790585">
        <ele>1821.798778653751</ele>
      </trkpt>
      <trkpt lat="-18.34746401757002" lon="32.82553198747337">
        <ele>1822.072999320575</ele>
      </trkpt>
      <trkpt lat="-18.347429987043142" lon="32.82583398744464">
        <ele>1823.0189873633208</ele>
      </trkpt>
      <trkpt lat="-18.34737902507186" lon="32.826573019847274">
        <ele>1824.7070517376997</ele>
      </trkpt>
      <trkpt lat="-18.347411965951324" lon="32.82725899480283">
        <ele>1826.0103095179657</ele>
      </trkpt>
      <trkpt lat="-18.3475149795413" lon="32.82772502861917">
        <ele>1826.4724437636323</ele>
      </trkpt>
      <trkpt lat="-18.347623022273183" lon="32.82828602939844">
        <ele>1827.5213002242212</ele>
      </trkpt>
      <trkpt lat="-18.347757970914245" lon="32.82871903851628">
        <ele>1827.8490187039342</ele>
      </trkpt>
      <trkpt lat="-18.347823014482856" lon="32.82906596548855">
        <ele>1826.7777800015174</ele>
      </trkpt>
      <trkpt lat="-18.347755037248135" lon="32.82936402596533">
        <ele>1825.7436768956113</ele>
      </trkpt>
      <trkpt lat="-18.347645988687873" lon="32.82970500178635">
        <ele>1826.6580813406351</ele>
      </trkpt>
      <trkpt lat="-18.34727701731026" lon="32.83039097674191">
        <ele>1834.5928306478495</ele>
      </trkpt>
      <trkpt lat="-18.346768990159035" lon="32.83099899999797">
        <ele>1842.43115234375</ele>
      </trkpt>
      <trkpt lat="-18.346214024350047" lon="32.830379996448755">
        <ele>1836.9759323550388</ele>
      </trkpt>
      <trkpt lat="-18.3460680115968" lon="32.83015896566212">
        <ele>1835.372401528482</ele>
      </trkpt>
      <trkpt lat="-18.34521196782589" lon="32.82906596548855">
        <ele>1831.0180038021247</ele>
      </trkpt>
      <trkpt lat="-18.344965958967805" lon="32.82880201935768">
        <ele>1829.6328125</ele>
      </trkpt>
      <trkpt lat="-18.344638980925083" lon="32.828425001353025">
        <ele>1828.9094546889523</ele>
      </trkpt>
      <trkpt lat="-18.34424695931375" lon="32.82903503626585">
        <ele>1829.9105398477986</ele>
      </trkpt>
      <trkpt lat="-18.344123996794224" lon="32.829457987099886">
        <ele>1830.5783644716619</ele>
      </trkpt>
      <trkpt lat="-18.343981001526117" lon="32.82996601425111">
        <ele>1832.8550203187765</ele>
      </trkpt>
      <trkpt lat="-18.343628039583564" lon="32.83054302446544">
        <ele>1832.247036114442</ele>
      </trkpt>
      <trkpt lat="-18.343378007411957" lon="32.83084795810282">
        <ele>1826.4738544143343</ele>
      </trkpt>
      <trkpt lat="-18.34286503493786" lon="32.83101500943303">
        <ele>1821.222669476615</ele>
      </trkpt>
      <trkpt lat="-18.342538978904486" lon="32.83136000856757">
        <ele>1812.8145292106362</ele>
      </trkpt>
      <trkpt lat="-18.342062970623374" lon="32.83181296661496">
        <ele>1804.5949417670492</ele>
      </trkpt>
      <trkpt lat="-18.341485038399696" lon="32.83256700262427">
        <ele>1789.7003939743981</ele>
      </trkpt>
      <trkpt lat="-18.34089201875031" lon="32.83322397619486">
        <ele>1769.0501188812852</ele>
      </trkpt>
      <trkpt lat="-18.34052598103881" lon="32.83355598337948">
        <ele>1764.284335728212</ele>
      </trkpt>
      <trkpt lat="-18.34018098190427" lon="32.83375999890268">
        <ele>1766.8245134177132</ele>
      </trkpt>
      <trkpt lat="-18.33971100859344" lon="32.833644999191165">
        <ele>1774.2325078584254</ele>
      </trkpt>
      <trkpt lat="-18.33934103138745" lon="32.833729991689324">
        <ele>1781.0470572125355</ele>
      </trkpt>
      <trkpt lat="-18.339081024751067" lon="32.83376703970134">
        <ele>1784.624845262527</ele>
      </trkpt>
      <trkpt lat="-18.338780030608177" lon="32.83383401110768">
        <ele>1787.180188568797</ele>
      </trkpt>
      <trkpt lat="-18.338152980431914" lon="32.83414598554373">
        <ele>1790.2899207836972</ele>
      </trkpt>
      <trkpt lat="-18.337781997397542" lon="32.8344289585948">
        <ele>1794.6689086978467</ele>
      </trkpt>
      <trkpt lat="-18.33734999410808" lon="32.834784016013145">
        <ele>1803.68056731875</ele>
      </trkpt>
      <trkpt lat="-18.337189983576536" lon="32.83500999212265">
        <ele>1809.387606854205</ele>
      </trkpt>
      <trkpt lat="-18.3369380235672" lon="32.83552899956703">
        <ele>1825.688928163574</ele>
      </trkpt>
      <trkpt lat="-18.336687991395593" lon="32.83580099232495">
        <ele>1832.2038816900526</ele>
      </trkpt>
      <trkpt lat="-18.336478024721146" lon="32.83618303947151">
        <ele>1835.2073044496587</ele>
      </trkpt>
      <trkpt lat="-18.336026994511485" lon="32.83654002472758">
        <ele>1842.7376640590132</ele>
      </trkpt>
      <trkpt lat="-18.33580596372485" lon="32.83667002804577">
        <ele>1847.5850625909252</ele>
      </trkpt>
      <trkpt lat="-18.335700016468763" lon="32.83700999803841">
        <ele>1849.028695008035</ele>
      </trkpt>
      <trkpt lat="-18.335471022874117" lon="32.83718199469149">
        <ele>1851.9350538621834</ele>
      </trkpt>
      <trkpt lat="-18.335163993760943" lon="32.83767401240766">
        <ele>1854.7813148855478</ele>
      </trkpt>
      <trkpt lat="-18.33500599488616" lon="32.838223027065396">
        <ele>1853.644616501381</ele>
      </trkpt>
      <trkpt lat="-18.334916979074478" lon="32.838437017053366">
        <ele>1854.13463926115</ele>
      </trkpt>
      <trkpt lat="-18.334756968542933" lon="32.83862099982798">
        <ele>1854.9981402061485</ele>
      </trkpt>
      <trkpt lat="-18.33472897298634" lon="32.839060965925455">
        <ele>1858.5926176251141</ele>
      </trkpt>
      <trkpt lat="-18.334743976593018" lon="32.83934402279556">
        <ele>1863.3899077970964</ele>
      </trkpt>
      <trkpt lat="-18.334779012948275" lon="32.83990200608969">
        <ele>1867.5177655816183</ele>
      </trkpt>
      <trkpt lat="-18.334741964936256" lon="32.840242981910706">
        <ele>1871.2249314847431</ele>
      </trkpt>
      <trkpt lat="-18.33496500737965" lon="32.840454038232565">
        <ele>1867.9875231425976</ele>
      </trkpt>
      <trkpt lat="-18.33520104177296" lon="32.84067800268531">
        <ele>1865.5872882618257</ele>
      </trkpt>
      <trkpt lat="-18.335345964878798" lon="32.8408130351454">
        <ele>1867.49511715088</ele>
      </trkpt>
      <trkpt lat="-18.33556800149381" lon="32.84131100401282">
        <ele>1882.3249687535774</ele>
      </trkpt>
      <trkpt lat="-18.335882993414998" lon="32.841619960963726">
        <ele>1893.0941404056034</ele>
      </trkpt>
      <trkpt lat="-18.33603504113853" lon="32.84181500785053">
        <ele>1900.116397384672</ele>
      </trkpt>
      <trkpt lat="-18.33633896894753" lon="32.84201701171696">
        <ele>1910.993340279325</ele>
      </trkpt>
      <trkpt lat="-18.33659696392715" lon="32.84202799201012">
        <ele>1920.0100413847813</ele>
      </trkpt>
      <trkpt lat="-18.33689804188907" lon="32.84184996038675">
        <ele>1927.6292355112682</ele>
      </trkpt>
      <trkpt lat="-18.337187971919775" lon="32.84217903390527">
        <ele>1943.290107700123</ele>
      </trkpt>
      <trkpt lat="-18.33745501935482" lon="32.84262000583112">
        <ele>1958.0022835227342</ele>
      </trkpt>
      <trkpt lat="-18.337579993531108" lon="32.84275998361409">
        <ele>1961.8852192593497</ele>
      </trkpt>
      <trkpt lat="-18.33752299658954" lon="32.84350396133959">
        <ele>1966.8368706672222</ele>
      </trkpt>
      <trkpt lat="-18.337056040763855" lon="32.84437299706042">
        <ele>1972.3521042635653</ele>
      </trkpt>
      <trkpt lat="-18.3367289789021" lon="32.844863003119826">
        <ele>1982.5751863793703</ele>
      </trkpt>
      <trkpt lat="-18.336278032511473" lon="32.84527799114585">
        <ele>1993.2742586178965</ele>
      </trkpt>
      <trkpt lat="-18.336020037531853" lon="32.845507990568876">
        <ele>1998.9832250099466</ele>
      </trkpt>
      <trkpt lat="-18.3356290217489" lon="32.845933958888054">
        <ele>2006.4888730624225</ele>
      </trkpt>
      <trkpt lat="-18.335399022325873" lon="32.846323968842626">
        <ele>2004.450629300788</ele>
      </trkpt>
      <trkpt lat="-18.334989985451102" lon="32.84646403044462">
        <ele>2007.770340447314</ele>
      </trkpt>
      <trkpt lat="-18.334333011880517" lon="32.84669302403927">
        <ele>2015.8245595287408</ele>
      </trkpt>
      <trkpt lat="-18.334222035482526" lon="32.846814980730414">
        <ele>2017.2175828660838</ele>
      </trkpt>
      <trkpt lat="-18.333624992519617" lon="32.847242038697004">
        <ele>2021.3750277284573</ele>
      </trkpt>
      <trkpt lat="-18.33313900977373" lon="32.847567005082965">
        <ele>2023.9162672888683</ele>
      </trkpt>
      <trkpt lat="-18.332698037847877" lon="32.847889037802815">
        <ele>2027.9228870440274</ele>
      </trkpt>
      <trkpt lat="-18.33242897875607" lon="32.84803496673703">
        <ele>2031.0616841316223</ele>
      </trkpt>
      <trkpt lat="-18.332285983487964" lon="32.84815700724721">
        <ele>2033.1722428300418</ele>
      </trkpt>
      <trkpt lat="-18.331822967156768" lon="32.848470993340015">
        <ele>2038.7226681741886</ele>
      </trkpt>
      <trkpt lat="-18.33115803077817" lon="32.84888003021479">
        <ele>2048.2288178862073</ele>
      </trkpt>
      <trkpt lat="-18.33055998198688" lon="32.849007016047835">
        <ele>2054.178583861031</ele>
      </trkpt>
      <trkpt lat="-18.330336017534137" lon="32.849166020751">
        <ele>2057.7351190935615</ele>
      </trkpt>
      <trkpt lat="-18.3299389667809" lon="32.84947397187352">
        <ele>2064.9177139342037</ele>
      </trkpt>
      <trkpt lat="-18.32968097180128" lon="32.849672958254814">
        <ele>2069.5323001760007</ele>
      </trkpt>
      <trkpt lat="-18.32942398265004" lon="32.849931959062815">
        <ele>2075.5473954541962</ele>
      </trkpt>
      <trkpt lat="-18.329194989055395" lon="32.85013496875763">
        <ele>2080.7306248834357</ele>
      </trkpt>
      <trkpt lat="-18.328940011560917" lon="32.850426994264126">
        <ele>2086.647792314691</ele>
      </trkpt>
      <trkpt lat="-18.328738007694483" lon="32.85069001838565">
        <ele>2089.52689556079</ele>
      </trkpt>
      <trkpt lat="-18.328529968857765" lon="32.85092798061669">
        <ele>2091.547255427926</ele>
      </trkpt>
      <trkpt lat="-18.328221011906862" lon="32.85084801726043">
        <ele>2094.859140415969</ele>
      </trkpt>
      <trkpt lat="-18.32791800610721" lon="32.85071801394224">
        <ele>2098.484540092237</ele>
      </trkpt>
      <trkpt lat="-18.32765900529921" lon="32.8507149964571">
        <ele>2102.0863138042414</ele>
      </trkpt>
      <trkpt lat="-18.327328003942966" lon="32.85065598785877">
        <ele>2105.8349672959107</ele>
      </trkpt>
      <trkpt lat="-18.326995996758342" lon="32.850596979260445">
        <ele>2109.1316984590376</ele>
      </trkpt>
      <trkpt lat="-18.32660296931863" lon="32.850553980097175">
        <ele>2114.3037970119785</ele>
      </trkpt>
      <trkpt lat="-18.32632795907557" lon="32.85039396956563">
        <ele>2118.8671713906806</ele>
      </trkpt>
      <trkpt lat="-18.326055966317654" lon="32.850319035351276">
        <ele>2123.6485333330747</ele>
      </trkpt>
      <trkpt lat="-18.325824961066246" lon="32.85025097429752">
        <ele>2126.8619196861982</ele>
      </trkpt>
      <trkpt lat="-18.325543999671936" lon="32.850273018702865">
        <ele>2130.006605813047</ele>
      </trkpt>
      <trkpt lat="-18.32514602690935" lon="32.850320963189006">
        <ele>2132.636207140047</ele>
      </trkpt>
      <trkpt lat="-18.324857018887997" lon="32.850403022021055">
        <ele>2135.5018454382653</ele>
      </trkpt>
      <trkpt lat="-18.324446976184845" lon="32.850273018702865">
        <ele>2135.8137719240126</ele>
      </trkpt>
      <trkpt lat="-18.324356032535434" lon="32.850202023983">
        <ele>2135.342180042644</ele>
      </trkpt>
      <trkpt lat="-18.324184035882354" lon="32.850041007623076">
        <ele>2134.6061912721498</ele>
      </trkpt>
      <trkpt lat="-18.323824033141136" lon="32.8496599663049">
        <ele>2133.656751393354</ele>
      </trkpt>
      <trkpt lat="-18.32364298403263" lon="32.84978896379471">
        <ele>2136.576081816107</ele>
      </trkpt>
      <trkpt lat="-18.323348024860024" lon="32.84992701373994">
        <ele>2143.3479216508185</ele>
      </trkpt>
      <trkpt lat="-18.32299103960395" lon="32.84994897432625">
        <ele>2149.8932082377696</ele>
      </trkpt>
      <trkpt lat="-18.322751987725496" lon="32.850014017894864">
        <ele>2155.507276425542</ele>
      </trkpt>
      <trkpt lat="-18.322600023820996" lon="32.85013102926314">
        <ele>2161.5548249010462</ele>
      </trkpt>
      <trkpt lat="-18.322532968595624" lon="32.85020302981138">
        <ele>2165.6178654022215</ele>
      </trkpt>
      <trkpt lat="-18.322451999410987" lon="32.85031199455261">
        <ele>2172.168937644412</ele>
      </trkpt>
      <trkpt lat="-18.321970039978623" lon="32.850190959870815">
        <ele>2176.2021083129803</ele>
      </trkpt>
      <trkpt lat="-18.321624035015702" lon="32.850128011778">
        <ele>2183.89313412571</ele>
      </trkpt>
      <trkpt lat="-18.321395963430405" lon="32.85024301148951">
        <ele>2195.6534505558666</ele>
      </trkpt>
      <trkpt lat="-18.321358999237418" lon="32.85035599954426">
        <ele>2202.934675057052</ele>
      </trkpt>
      <trkpt lat="-18.321527978405356" lon="32.850469993427396">
        <ele>2208.313542864158</ele>
      </trkpt>
      <trkpt lat="-18.321438040584326" lon="32.850617012009025">
        <ele>2219.903465219781</ele>
      </trkpt>
      <trkpt lat="-18.32123503088951" lon="32.85074198618531">
        <ele>2227.230926324645</ele>
      </trkpt>
      <trkpt lat="-18.32110402174294" lon="32.85078096203506">
        <ele>2228.7672579022083</ele>
      </trkpt>
      <trkpt lat="-18.320990027859807" lon="32.850833013653755">
        <ele>2231.770849514269</ele>
      </trkpt>
      <trkpt lat="-18.32080797292292" lon="32.85076101310551">
        <ele>2231.157429714412</ele>
      </trkpt>
      <trkpt lat="-18.320554001256824" lon="32.85074198618531">
        <ele>2237.5819615005457</ele>
      </trkpt>
      <trkpt lat="-18.320192992687225" lon="32.850852040573955">
        <ele>2253.5470620337437</ele>
      </trkpt>
      <trkpt lat="-18.31998503766954" lon="32.85076201893389">
        <ele>2254.695788810961</ele>
      </trkpt>
      <trkpt lat="-18.319315994158387" lon="32.8507149964571">
        <ele>2261.8366501833652</ele>
      </trkpt>
      <trkpt lat="-18.319055987522006" lon="32.85078196786344">
        <ele>2269.451969883272</ele>
      </trkpt>
      <trkpt lat="-18.318884996697307" lon="32.850724970921874">
        <ele>2270.194269786753</ele>
      </trkpt>
      <trkpt lat="-18.318750970065594" lon="32.850788002833724">
        <ele>2277.2871160323266</ele>
      </trkpt>
      <trkpt lat="-18.31858802586794" lon="32.85072103142738">
        <ele>2279.2451790429186</ele>
      </trkpt>
      <trkpt lat="-18.318389961495996" lon="32.85073100589216">
        <ele>2286.186036484389</ele>
      </trkpt>
      <trkpt lat="-18.318321984261274" lon="32.85074098035693">
        <ele>2288.6967894551553</ele>
      </trkpt>
      <trkpt lat="-18.318338999524713" lon="32.85100199282169">
        <ele>2301.9628050113097</ele>
      </trkpt>
      <trkpt lat="-18.31807597540319" lon="32.85100903362036">
        <ele>2309.5943410963446</ele>
      </trkpt>
      <trkpt lat="-18.317941026762128" lon="32.85099000670016">
        <ele>2311.9489701535467</ele>
      </trkpt>
      <trkpt lat="-18.317911019548774" lon="32.85112503916025">
        <ele>2320.1172856169674</ele>
      </trkpt>
      <trkpt lat="-18.318103970959783" lon="32.851436007767916">
        <ele>2332.762733542745</ele>
      </trkpt>
      <trkpt lat="-18.318090979009867" lon="32.85155603662133">
        <ele>2340.6697850671535</ele>
      </trkpt>
      <trkpt lat="-18.318002969026566" lon="32.85161403939128">
        <ele>2345.3877204456276</ele>
      </trkpt>
      <trkpt lat="-18.317766012623906" lon="32.851604986935854">
        <ele>2350.1659342832863</ele>
      </trkpt>
      <trkpt lat="-18.317744974046946" lon="32.8516629897058">
        <ele>2354.1903422842734</ele>
      </trkpt>
      <trkpt lat="-18.317570965737104" lon="32.85172501578927">
        <ele>2363.6890750607504</ele>
      </trkpt>
      <trkpt lat="-18.31744900904596" lon="32.85178896971047">
        <ele>2371.797379015482</ele>
      </trkpt>
      <trkpt lat="-18.31730098463595" lon="32.85181797109544">
        <ele>2378.4714791931956</ele>
      </trkpt>
      <trkpt lat="-18.317251028493047" lon="32.8518720343709">
        <ele>2383.5612867267337</ele>
      </trkpt>
      <trkpt lat="-18.317270977422595" lon="32.852125000208616">
        <ele>2399.8959964308888</ele>
      </trkpt>
      <trkpt lat="-18.31710903905332" lon="32.8521809913218">
        <ele>2408.412222627761</ele>
      </trkpt>
      <trkpt lat="-18.31711197271943" lon="32.85230898298323">
        <ele>2416.7352337394395</ele>
      </trkpt>
      <trkpt lat="-18.31687099300325" lon="32.852359022945166">
        <ele>2425.985556029618</ele>
      </trkpt>
      <trkpt lat="-18.3168320171535" lon="32.85228903405368">
        <ele>2424.479207059013</ele>
      </trkpt>
      <trkpt lat="-18.31680896691978" lon="32.852319963276386">
        <ele>2427.0646232996423</ele>
      </trkpt>
      <trkpt lat="-18.316776026040316" lon="32.85235298797488">
        <ele>2430.1610911361104</ele>
      </trkpt>
      <trkpt lat="-18.31661702133715" lon="32.8522829990834">
        <ele>2435.818881105516</ele>
      </trkpt>
      <trkpt lat="-18.316563041880727" lon="32.852253997698426">
        <ele>2437.890031898886</ele>
      </trkpt>
      <trkpt lat="-18.316577039659023" lon="32.85247997380793">
        <ele>2444.6519477621387</ele>
      </trkpt>
      <trkpt lat="-18.316534040495753" lon="32.85258198156953">
        <ele>2449.097807128825</ele>
      </trkpt>
      <trkpt lat="-18.316373024135828" lon="32.85270997323096">
        <ele>2457.1520192758235</ele>
      </trkpt>
      <trkpt lat="-18.316179988905787" lon="32.85273897461593">
        <ele>2463.5301722244985</ele>
      </trkpt>
      <trkpt lat="-18.316070018336177" lon="32.85275096073747">
        <ele>2466.7131260032766</ele>
      </trkpt>
      <trkpt lat="-18.316002041101456" lon="32.852898985147476">
        <ele>2466.844432241496</ele>
      </trkpt>
      <trkpt lat="-18.315901961177588" lon="32.852936033159494">
        <ele>2468.498026580374</ele>
      </trkpt>
      <trkpt lat="-18.315530978143215" lon="32.853024965152144">
        <ele>2474.971466684845</ele>
      </trkpt>
      <trkpt lat="-18.3152830414474" lon="32.853216994553804">
        <ele>2477.0895830397717</ele>
      </trkpt>
      <trkpt lat="-18.315098974853754" lon="32.85318497568369">
        <ele>2481.686956749725</ele>
      </trkpt>
      <trkpt lat="-18.314888002350926" lon="32.853004010394216">
        <ele>2485.5779799306765</ele>
      </trkpt>
      <trkpt lat="-18.314544009044766" lon="32.852919017896056">
        <ele>2488.393907657596</ele>
      </trkpt>
      <trkpt lat="-18.314460022374988" lon="32.85290502011776">
        <ele>2488.8516398946654</ele>
      </trkpt>
      <trkpt lat="-18.314285008236766" lon="32.85279102623463">
        <ele>2490.7193012785865</ele>
      </trkpt>
      <trkpt lat="-18.314157016575336" lon="32.85271600820124">
        <ele>2491.536617635138</ele>
      </trkpt>
      <trkpt lat="-18.313827021047473" lon="32.85247502848506">
        <ele>2490.4664137922227</ele>
      </trkpt>
      <trkpt lat="-18.31358101218939" lon="32.85235399380326">
        <ele>2489.006319045555</ele>
      </trkpt>
      <trkpt lat="-18.31328697502613" lon="32.85211997106671">
        <ele>2491.003521642182</ele>
      </trkpt>
      <trkpt lat="-18.3130900003016" lon="32.85191402770579">
        <ele>2495.5928248416167</ele>
      </trkpt>
      <trkpt lat="-18.312836028635502" lon="32.851648991927505">
        <ele>2503.809927408118</ele>
      </trkpt>
      <trkpt lat="-18.31280702725053" lon="32.851433996111155">
        <ele>2507.81591796875</ele>
      </trkpt>
      <trkpt lat="-18.312611980363727" lon="32.851282032206655">
        <ele>2509.6224313608072</ele>
      </trkpt>
      <trkpt lat="-18.312502009794116" lon="32.85109997726977">
        <ele>2510.390405492494</ele>
      </trkpt>
      <trkpt lat="-18.31238298676908" lon="32.85104197449982">
        <ele>2509.5236368117876</ele>
      </trkpt>
      <trkpt lat="-18.31199398264289" lon="32.85065297037363">
        <ele>2510.273169891506</ele>
      </trkpt>
      <trkpt lat="-18.311706986278296" lon="32.85037703812122">
        <ele>2510.8077927254685</ele>
      </trkpt>
      <trkpt lat="-18.311506994068623" lon="32.85030503757298">
        <ele>2507.15254844373</ele>
      </trkpt>
      <trkpt lat="-18.311324017122388" lon="32.850208980962634">
        <ele>2504.230610647239</ele>
      </trkpt>
      <trkpt lat="-18.31120197661221" lon="32.85003396682441">
        <ele>2502.970207510749</ele>
      </trkpt>
      <trkpt lat="-18.311016988009214" lon="32.849822994321585">
        <ele>2500.843855963639</ele>
      </trkpt>
      <trkpt lat="-18.310806015506387" lon="32.84972702153027">
        <ele>2498.6467807721056</ele>
      </trkpt>
      <trkpt lat="-18.31071096472442" lon="32.849520994350314">
        <ele>2501.872774692624</ele>
      </trkpt>
      <trkpt lat="-18.310484988614917" lon="32.84922896884382">
        <ele>2504.9632646063437</ele>
      </trkpt>
      <trkpt lat="-18.310327995568514" lon="32.84895303659141">
        <ele>2503.4121744076256</ele>
      </trkpt>
      <trkpt lat="-18.31001501530409" lon="32.8488879930228">
        <ele>2499.1154815033415</ele>
      </trkpt>
      <trkpt lat="-18.30976196564734" lon="32.848790008574724">
        <ele>2496.9374889119063</ele>
      </trkpt>
      <trkpt lat="-18.309578988701105" lon="32.84863603301346">
        <ele>2494.91294356226</ele>
      </trkpt>
      <trkpt lat="-18.309382013976574" lon="32.84828801639378">
        <ele>2490.4939823877066</ele>
      </trkpt>
      <trkpt lat="-18.30920096486807" lon="32.848145021125674">
        <ele>2489.138726700049</ele>
      </trkpt>
      <trkpt lat="-18.308805003762245" lon="32.84813404083252">
        <ele>2488.65738034909</ele>
      </trkpt>
      <trkpt lat="-18.30869000405073" lon="32.84809003584087">
        <ele>2489.011787717148</ele>
      </trkpt>
      <trkpt lat="-18.308519013226032" lon="32.847892977297306">
        <ele>2490.241979740793</ele>
      </trkpt>
      <trkpt lat="-18.308347016572952" lon="32.84769197925925">
        <ele>2489.9038229249113</ele>
      </trkpt>
      <trkpt lat="-18.307962035760283" lon="32.84736801870167">
        <ele>2488.3534042825922</ele>
      </trkpt>
      <trkpt lat="-18.307499019429088" lon="32.84711102955043">
        <ele>2487.20947265625</ele>
      </trkpt>
      <trkpt lat="-18.30720699392259" lon="32.84688203595579">
        <ele>2489.7496719134924</ele>
      </trkpt>
      <trkpt lat="-18.30688102170825" lon="32.84675898961723">
        <ele>2491.1135645073828</ele>
      </trkpt>
      <trkpt lat="-18.30667097121477" lon="32.84655002877116">
        <ele>2490.8215872114138</ele>
      </trkpt>
      <trkpt lat="-18.30655697733164" lon="32.846277030184865">
        <ele>2488.7645391045457</ele>
      </trkpt>
      <trkpt lat="-18.306425968185067" lon="32.84609296359122">
        <ele>2485.626612889397</ele>
      </trkpt>
      <trkpt lat="-18.306247014552355" lon="32.84607100300491">
        <ele>2482.6674629913173</ele>
      </trkpt>
      <trkpt lat="-18.30617400817573" lon="32.84596899524331">
        <ele>2480.284224094823</ele>
      </trkpt>
      <trkpt lat="-18.30602103844285" lon="32.845825999975204">
        <ele>2476.049883088771</ele>
      </trkpt>
      <trkpt lat="-18.305878965184093" lon="32.84571100026369">
        <ele>2472.927944600417</ele>
      </trkpt>
      <trkpt lat="-18.305752985179424" lon="32.84553900361061">
        <ele>2471.885548341017</ele>
      </trkpt>
      <trkpt lat="-18.30524696968496" lon="32.845334988087416">
        <ele>2471.9608144682134</ele>
      </trkpt>
      <trkpt lat="-18.304942036047578" lon="32.845246978104115">
        <ele>2471.9957951897522</ele>
      </trkpt>
      <trkpt lat="-18.30473500303924" lon="32.844816986471415">
        <ele>2474.189672771482</ele>
      </trkpt>
      <trkpt lat="-18.304421016946435" lon="32.844579024240375">
        <ele>2473.2403721771298</ele>
      </trkpt>
      <trkpt lat="-18.304243991151452" lon="32.844580030068755">
        <ele>2473.236880062381</ele>
      </trkpt>
      <trkpt lat="-18.304040981456637" lon="32.84464901313186">
        <ele>2473.4788644834493</ele>
      </trkpt>
      <trkpt lat="-18.303821040317416" lon="32.844707015901804">
        <ele>2474.7280150291863</ele>
      </trkpt>
      <trkpt lat="-18.30372699536383" lon="32.844514986500144">
        <ele>2478.450063526234</ele>
      </trkpt>
      <trkpt lat="-18.303582994267344" lon="32.84435397014022">
        <ele>2482.1401678879556</ele>
      </trkpt>
      <trkpt lat="-18.30335601232946" lon="32.844236958771944">
        <ele>2486.2076121884156</ele>
      </trkpt>
      <trkpt lat="-18.303149985149503" lon="32.84418499097228">
        <ele>2489.6906079163477</ele>
      </trkpt>
      <trkpt lat="-18.30299198627472" lon="32.84413503482938">
        <ele>2493.372148179671</ele>
      </trkpt>
      <trkpt lat="-18.302856031805277" lon="32.84398801624775">
        <ele>2498.940112805053</ele>
      </trkpt>
      <trkpt lat="-18.302830969914794" lon="32.84389799460769">
        <ele>2501.2094743649677</ele>
      </trkpt>
      <trkpt lat="-18.302614968270063" lon="32.843936970457435">
        <ele>2505.0408918337957</ele>
      </trkpt>
      <trkpt lat="-18.302445989102125" lon="32.84390897490084">
        <ele>2508.7117515813197</ele>
      </trkpt>
      <trkpt lat="-18.302395027130842" lon="32.84375097602606">
        <ele>2512.8267472093976</ele>
      </trkpt>
      <trkpt lat="-18.302335012704134" lon="32.8436850104481">
        <ele>2514.66243117967</ele>
      </trkpt>
      <trkpt lat="-18.3022019919008" lon="32.843507984653115">
        <ele>2518.9790715923136</ele>
      </trkpt>
      <trkpt lat="-18.30202798359096" lon="32.84342701546848">
        <ele>2521.2807863387143</ele>
      </trkpt>
      <trkpt lat="-18.30181097611785" lon="32.84325996413827">
        <ele>2526.28955078125</ele>
      </trkpt>
      <trkpt lat="-18.301477963104844" lon="32.84311302937567">
        <ele>2530.766640292272</ele>
      </trkpt>
      <trkpt lat="-18.301502019166946" lon="32.842926029115915">
        <ele>2537.033203125</ele>
      </trkpt>
      <trkpt lat="-18.301247963681817" lon="32.84287096001208">
        <ele>2539.907660505036</ele>
      </trkpt>
      <trkpt lat="-18.301155008375645" lon="32.842688988894224">
        <ele>2547.333231183118</ele>
      </trkpt>
      <trkpt lat="-18.300936995074153" lon="32.84271698445082">
        <ele>2548.2796921571717</ele>
      </trkpt>
      <trkpt lat="-18.300792993977666" lon="32.84319198690355">
        <ele>2532.6491991297307</ele>
      </trkpt>
      <trkpt lat="-18.300745971500874" lon="32.84356296993792">
        <ele>2523.354223821312</ele>
      </trkpt>
      <trkpt lat="-18.300470039248466" lon="32.84383202902973">
        <ele>2520.3889947838616</ele>
      </trkpt>
      <trkpt lat="-18.300205003470182" lon="32.843955997377634">
        <ele>2518.9411045633024</ele>
      </trkpt>
      <trkpt lat="-18.29994298517704" lon="32.844175016507506">
        <ele>2516.215431864811</ele>
      </trkpt>
      <trkpt lat="-18.299459014087915" lon="32.84454801119864">
        <ele>2508.8275645384115</ele>
      </trkpt>
      <trkpt lat="-18.299259021878242" lon="32.84492000006139">
        <ele>2498.3992176725296</ele>
      </trkpt>
      <trkpt lat="-18.299163971096277" lon="32.84529802389443">
        <ele>2486.47684446204</ele>
      </trkpt>
      <trkpt lat="-18.29899398609996" lon="32.845291988924146">
        <ele>2483.3474077806063</ele>
      </trkpt>
      <trkpt lat="-18.298537004739046" lon="32.84561603330076">
        <ele>2463.723777094071</ele>
      </trkpt>
      <trkpt lat="-18.298532981425524" lon="32.84586598165333">
        <ele>2456.083181424881</ele>
      </trkpt>
      <trkpt lat="-18.29854496754706" lon="32.84646302461624">
        <ele>2452.232745910529</ele>
      </trkpt>
      <trkpt lat="-18.298188988119364" lon="32.84731303341687">
        <ele>2455.859341342002</ele>
      </trkpt>
      <trkpt lat="-18.29796401783824" lon="32.847650991752744">
        <ele>2457.7891193919268</ele>
      </trkpt>
      <trkpt lat="-18.297824040055275" lon="32.84789398312569">
        <ele>2459.809443679638</ele>
      </trkpt>
      <trkpt lat="-18.297632010653615" lon="32.84820897504687">
        <ele>2462.4113152516074</ele>
      </trkpt>
      <trkpt lat="-18.29762295819819" lon="32.84869504161179">
        <ele>2458.8964837484527</ele>
      </trkpt>
      <trkpt lat="-18.297682972624898" lon="32.84920700825751">
        <ele>2449.5421482173256</ele>
      </trkpt>
      <trkpt lat="-18.297522040084004" lon="32.849285965785384">
        <ele>2447.658203125</ele>
      </trkpt>
      <trkpt lat="-18.297181986272335" lon="32.84929702989757">
        <ele>2445.505921241658</ele>
      </trkpt>
      <trkpt lat="-18.29661000519991" lon="32.849696008488536">
        <ele>2428.442323291843</ele>
      </trkpt>
      <trkpt lat="-18.296255031600595" lon="32.850014017894864">
        <ele>2420.9428629134154</ele>
      </trkpt>
      <trkpt lat="-18.29624899663031" lon="32.850213004276156">
        <ele>2416.0740373365115</ele>
      </trkpt>
      <trkpt lat="-18.296193005517125" lon="32.85063503310084">
        <ele>2403.8303370157955</ele>
      </trkpt>
      <trkpt lat="-18.29587801359594" lon="32.85117298364639">
        <ele>2396.4748114275644</ele>
      </trkpt>
      <trkpt lat="-18.2956709805876" lon="32.851690985262394">
        <ele>2396.6828818984795</ele>
      </trkpt>
      <trkpt lat="-18.29549898393452" lon="32.85207102075219">
        <ele>2396.038961977698</ele>
      </trkpt>
      <trkpt lat="-18.295253980904818" lon="32.85262699238956">
        <ele>2393.7304945754595</ele>
      </trkpt>
      <trkpt lat="-18.295031022280455" lon="32.85277904011309">
        <ele>2393.19091796875</ele>
      </trkpt>
      <trkpt lat="-18.294757017865777" lon="32.85324700176716">
        <ele>2391.986360943835</ele>
      </trkpt>
      <trkpt lat="-18.29313101246953" lon="32.85542001016438">
        <ele>2383.8715519001707</ele>
      </trkpt>
      <trkpt lat="-18.291170988231897" lon="32.857538033276796">
        <ele>2340.4803086269662</ele>
      </trkpt>
      <trkpt lat="-18.290215032175183" lon="32.85799803212285">
        <ele>2329.7738506268324</ele>
      </trkpt>
      <trkpt lat="-18.290131967514753" lon="32.85864695906639">
        <ele>2321.5185832279058</ele>
      </trkpt>
      <trkpt lat="-18.289898028597236" lon="32.85920301452279">
        <ele>2311.5043674273747</ele>
      </trkpt>
      <trkpt lat="-18.289612038061023" lon="32.85954298451543">
        <ele>2305.72021484375</ele>
      </trkpt>
      <trkpt lat="-18.289359994232655" lon="32.859683968126774">
        <ele>2303.5481345588346</ele>
      </trkpt>
      <trkpt lat="-18.28875297680497" lon="32.860395004972816">
        <ele>2287.179631051324</ele>
      </trkpt>
      <trkpt lat="-18.28901097178459" lon="32.86102901212871">
        <ele>2269.411471897736</ele>
      </trkpt>
      <trkpt lat="-18.289405005052686" lon="32.86167098209262">
        <ele>2253.787742009154</ele>
      </trkpt>
      <trkpt lat="-18.289742963388562" lon="32.86199301481247">
        <ele>2246.840409407625</ele>
      </trkpt>
      <trkpt lat="-18.290072958916426" lon="32.862221002578735">
        <ele>2240.6873145257196</ele>
      </trkpt>
      <trkpt lat="-18.290278986096382" lon="32.86225302144885">
        <ele>2235.881238790302</ele>
      </trkpt>
      <trkpt lat="-18.29044997692108" lon="32.862284034490585">
        <ele>2230.8009015952375</ele>
      </trkpt>
      <trkpt lat="-18.290762035176158" lon="32.862005000934005">
        <ele>2233.0321544420804</ele>
      </trkpt>
      <trkpt lat="-18.291420014575124" lon="32.86188296042383">
        <ele>2213.133030853229</ele>
      </trkpt>
      <trkpt lat="-18.29154197126627" lon="32.861982034519315">
        <ele>2203.8586352480343</ele>
      </trkpt>
      <trkpt lat="-18.291210969910026" lon="32.86232099868357">
        <ele>2199.75841030851</ele>
      </trkpt>
      <trkpt lat="-18.29113502986729" lon="32.86286297254264">
        <ele>2179.125000016603</ele>
      </trkpt>
      <trkpt lat="-18.291239971295" lon="32.86328097805381">
        <ele>2159.986784433245</ele>
      </trkpt>
      <trkpt lat="-18.29098499380052" lon="32.86387098021805">
        <ele>2151.019116184945</ele>
      </trkpt>
      <trkpt lat="-18.290632031857967" lon="32.86448998376727">
        <ele>2145.928298824234</ele>
      </trkpt>
      <trkpt lat="-18.290667990222573" lon="32.86523999646306">
        <ele>2140.616649145347</ele>
      </trkpt>
      <trkpt lat="-18.290807968005538" lon="32.865679040551186">
        <ele>2145.573721708172</ele>
      </trkpt>
      <trkpt lat="-18.291274001821876" lon="32.865891018882394">
        <ele>2143.2053065623622</ele>
      </trkpt>
      <trkpt lat="-18.29171497374773" lon="32.866153037175536">
        <ele>2135.541245376109</ele>
      </trkpt>
      <trkpt lat="-18.29201496206224" lon="32.86651203408837">
        <ele>2129.2352319639176</ele>
      </trkpt>
      <trkpt lat="-18.292435985058546" lon="32.866815039888024">
        <ele>2130.6646934364785</ele>
      </trkpt>
      <trkpt lat="-18.292344035580754" lon="32.86713598296046">
        <ele>2133.6432293375474</ele>
      </trkpt>
      <trkpt lat="-18.292394997552037" lon="32.86757896654308">
        <ele>2141.325120092214</ele>
      </trkpt>
      <trkpt lat="-18.292541010305285" lon="32.86772900260985">
        <ele>2145.888345346235</ele>
      </trkpt>
      <trkpt lat="-18.292822977527976" lon="32.8679630253464">
        <ele>2151.449151593476</ele>
      </trkpt>
      <trkpt lat="-18.293189015239477" lon="32.868170980364084">
        <ele>2158.307999338121</ele>
      </trkpt>
      <trkpt lat="-18.29293697141111" lon="32.86864195950329">
        <ele>2155.974526758888</ele>
      </trkpt>
      <trkpt lat="-18.29276204109192" lon="32.8689800016582">
        <ele>2155.4789085609536</ele>
      </trkpt>
      <trkpt lat="-18.292675036937" lon="32.869331035763025">
        <ele>2156.856623444124</ele>
      </trkpt>
      <trkpt lat="-18.292326014488935" lon="32.869635969400406">
        <ele>2153.355408110685</ele>
      </trkpt>
      <trkpt lat="-18.29156401567161" lon="32.870166040956974">
        <ele>2143.9501753874356</ele>
      </trkpt>
      <trkpt lat="-18.291208958253264" lon="32.870577005669475">
        <ele>2140.455020653084</ele>
      </trkpt>
      <trkpt lat="-18.290537986904383" lon="32.870989982038736">
        <ele>2135.1766714402474</ele>
      </trkpt>
      <trkpt lat="-18.290130039677024" lon="32.871246971189976">
        <ele>2134.0471254763606</ele>
      </trkpt>
      <trkpt lat="-18.289751010015607" lon="32.871698001399636">
        <ele>2133.672465039606</ele>
      </trkpt>
      <trkpt lat="-18.28964799642563" lon="32.87200796417892">
        <ele>2135.2453112441663</ele>
      </trkpt>
      <trkpt lat="-18.289469964802265" lon="32.872532000765204">
        <ele>2135.5334864250617</ele>
      </trkpt>
      <trkpt lat="-18.288798993453383" lon="32.87336097098887">
        <ele>2124.353035427775</ele>
      </trkpt>
      <trkpt lat="-18.288129027932882" lon="32.87418399006128">
        <ele>2119.27035358632</ele>
      </trkpt>
      <trkpt lat="-18.287660982459784" lon="32.87497800774872">
        <ele>2090.3554522368368</ele>
      </trkpt>
      <trkpt lat="-18.28709595836699" lon="32.87561897188425">
        <ele>2078.728286608264</ele>
      </trkpt>
      <trkpt lat="-18.28640998341143" lon="32.877069963142276">
        <ele>2078.045855020584</ele>
      </trkpt>
      <trkpt lat="-18.285946967080235" lon="32.877925001084805">
        <ele>2095.594202447566</ele>
      </trkpt>
      <trkpt lat="-18.285747980698943" lon="32.878464041277766">
        <ele>2106.5224819903274</ele>
      </trkpt>
      <trkpt lat="-18.28571503981948" lon="32.87894801236689">
        <ele>2117.9223179173687</ele>
      </trkpt>
      <trkpt lat="-18.285667011514306" lon="32.87927398458123">
        <ele>2123.007425392485</ele>
      </trkpt>
      <trkpt lat="-18.28554899431765" lon="32.87956802174449">
        <ele>2131.8246595589444</ele>
      </trkpt>
      <trkpt lat="-18.285487974062562" lon="32.879905980080366">
        <ele>2142.034355619926</ele>
      </trkpt>
      <trkpt lat="-18.285469030961394" lon="32.8802290186286">
        <ele>2150.5014631372965</ele>
      </trkpt>
      <trkpt lat="-18.28559199348092" lon="32.88036203943193">
        <ele>2154.4550872911796</ele>
      </trkpt>
      <trkpt lat="-18.28552301041782" lon="32.880592960864305">
        <ele>2161.1379767785547</ele>
      </trkpt>
      <trkpt lat="-18.28548001125455" lon="32.88090602494776">
        <ele>2169.8043030366466</ele>
      </trkpt>
      <trkpt lat="-18.28544002957642" lon="32.881214981898665">
        <ele>2174.330910929429</ele>
      </trkpt>
      <trkpt lat="-18.285209024325013" lon="32.881490997970104">
        <ele>2178.729446439698</ele>
      </trkpt>
      <trkpt lat="-18.285191003233194" lon="32.881858041509986">
        <ele>2188.664742450651</ele>
      </trkpt>
      <trkpt lat="-18.28526400960982" lon="32.882096003741026">
        <ele>2196.1781049894635</ele>
      </trkpt>
      <trkpt lat="-18.285167030990124" lon="32.88245500065386">
        <ele>2211.8682328486484</ele>
      </trkpt>
      <trkpt lat="-18.285283958539367" lon="32.882717018947005">
        <ele>2219.24245516723</ele>
      </trkpt>
      <trkpt lat="-18.285240037366748" lon="32.883060006424785">
        <ele>2222.870830791843</ele>
      </trkpt>
      <trkpt lat="-18.28509603627026" lon="32.883362006396055">
        <ele>2218.414025878526</ele>
      </trkpt>
      <trkpt lat="-18.284589014947414" lon="32.88354498334229">
        <ele>2210.794155547941</ele>
      </trkpt>
      <trkpt lat="-18.284487007185817" lon="32.88382804021239">
        <ele>2202.3496561162833</ele>
      </trkpt>
      <trkpt lat="-18.284938959404826" lon="32.884352998808026">
        <ele>2167.890573038295</ele>
      </trkpt>
      <trkpt lat="-18.285672962665558" lon="32.884330032393336">
        <ele>2158.955029568547</ele>
      </trkpt>
      <trkpt lat="-18.286135978996754" lon="32.88444695994258">
        <ele>2146.522015073345</ele>
      </trkpt>
      <trkpt lat="-18.286389028653502" lon="32.88444100879133">
        <ele>2142.3141683972935</ele>
      </trkpt>
      <trkpt lat="-18.2865549903363" lon="32.88451300933957">
        <ele>2139.2651847824454</ele>
      </trkpt>
      <trkpt lat="-18.286831006407738" lon="32.8850070387125">
        <ele>2127.362032404855</ele>
      </trkpt>
      <trkpt lat="-18.287065029144287" lon="32.88595402613282">
        <ele>2123.733652052835</ele>
      </trkpt>
      <trkpt lat="-18.28741396777332" lon="32.886476973071694">
        <ele>2122.577135541575</ele>
      </trkpt>
      <trkpt lat="-18.287841025739908" lon="32.887551030144095">
        <ele>2113.230925031523</ele>
      </trkpt>
      <trkpt lat="-18.287959964945912" lon="32.888171039521694">
        <ele>2096.3800517918826</ele>
      </trkpt>
      <trkpt lat="-18.288155011832714" lon="32.88867303170264">
        <ele>2083.0831858286306</ele>
      </trkpt>
      <trkpt lat="-18.28814403153956" lon="32.88923503831029">
        <ele>2070.941568794751</ele>
      </trkpt>
      <trkpt lat="-18.2883180398494" lon="32.889828979969025">
        <ele>2055.9453125</ele>
      </trkpt>
      <trkpt lat="-18.288283003494143" lon="32.89018998853862">
        <ele>2037.441650390625</ele>
      </trkpt>
      <trkpt lat="-18.288519037887454" lon="32.890601037070155">
        <ele>2007.275791025219</ele>
      </trkpt>
      <trkpt lat="-18.288889015093446" lon="32.89076096378267">
        <ele>1988.1409656427143</ele>
      </trkpt>
      <trkpt lat="-18.289353037253022" lon="32.890771022066474">
        <ele>1971.2023317572055</ele>
      </trkpt>
      <trkpt lat="-18.290049992501736" lon="32.890840005129576">
        <ele>1940.4238972363848</ele>
      </trkpt>
      <trkpt lat="-18.290566988289356" lon="32.892361991107464">
        <ele>1890.896107413313</ele>
      </trkpt>
      <trkpt lat="-18.290181001648307" lon="32.89482300169766">
        <ele>1849.6560086749005</ele>
      </trkpt>
      <trkpt lat="-18.290279991924763" lon="32.89529297500849">
        <ele>1846.058790190344</ele>
      </trkpt>
      <trkpt lat="-18.28982099890709" lon="32.89615203626454">
        <ele>1829.0249849128325</ele>
      </trkpt>
      <trkpt lat="-18.28975897282362" lon="32.89684597402811">
        <ele>1819.96484375</ele>
      </trkpt>
      <trkpt lat="-18.289554035291076" lon="32.89739700034261">
        <ele>1812.9970474890433</ele>
      </trkpt>
      <trkpt lat="-18.289743969216943" lon="32.89801097474992">
        <ele>1808.0270669343881</ele>
      </trkpt>
      <trkpt lat="-18.29008100554347" lon="32.89944897405803">
        <ele>1800.9609832766</ele>
      </trkpt>
      <trkpt lat="-18.290288960561156" lon="32.900356985628605">
        <ele>1787.7131611391342</ele>
      </trkpt>
      <trkpt lat="-18.291032016277313" lon="32.901108004152775">
        <ele>1774.9168158802204</ele>
      </trkpt>
      <trkpt lat="-18.291437029838562" lon="32.90202003903687">
        <ele>1768.896334965356</ele>
      </trkpt>
      <trkpt lat="-18.291895017027855" lon="32.90259595960379">
        <ele>1763.5616369972704</ele>
      </trkpt>
      <trkpt lat="-18.292324002832174" lon="32.90317699313164">
        <ele>1758.6015625</ele>
      </trkpt>
      <trkpt lat="-18.29271803610027" lon="32.904030019417405">
        <ele>1757.1430542186135</ele>
      </trkpt>
      <trkpt lat="-18.29291702248156" lon="32.90524103678763">
        <ele>1754.6956945885904</ele>
      </trkpt>
      <trkpt lat="-18.292646035552025" lon="32.90625398978591">
        <ele>1755.3808295064969</ele>
      </trkpt>
      <trkpt lat="-18.292242027819157" lon="32.90715303272009">
        <ele>1760.1460950321052</ele>
      </trkpt>
      <trkpt lat="-18.292433973401785" lon="32.90812097489834">
        <ele>1757.7180585731876</ele>
      </trkpt>
      <trkpt lat="-18.2923779822886" lon="32.908608969300985">
        <ele>1762.7702336045913</ele>
      </trkpt>
      <trkpt lat="-18.29231302253902" lon="32.90900400839746">
        <ele>1767.150420878199</ele>
      </trkpt>
      <trkpt lat="-18.29212099313736" lon="32.909445986151695">
        <ele>1769.504163494602</ele>
      </trkpt>
      <trkpt lat="-18.292026026174426" lon="32.90998896583915">
        <ele>1765.0993597539832</ele>
      </trkpt>
      <trkpt lat="-18.291726959869266" lon="32.912753988057375">
        <ele>1756.5829383657547</ele>
      </trkpt>
      <trkpt lat="-18.291579019278288" lon="32.91409802623093">
        <ele>1765.8831739940297</ele>
      </trkpt>
      <trkpt lat="-18.292583003640175" lon="32.9151719994843">
        <ele>1725.0445952729287</ele>
      </trkpt>
      <trkpt lat="-18.29441998153925" lon="32.915601991117">
        <ele>1683.2918800736418</ele>
      </trkpt>
      <trkpt lat="-18.295585988089442" lon="32.91611798107624">
        <ele>1657.3216768774437</ele>
      </trkpt>
      <trkpt lat="-18.296716958284378" lon="32.917437041178346">
        <ele>1616.9543049420463</ele>
      </trkpt>
      <trkpt lat="-18.299056012183428" lon="32.918529035523534">
        <ele>1552.4020377742406</ele>
      </trkpt>
      <trkpt lat="-18.301742998883128" lon="32.91941902600229">
        <ele>1505.1259015637916</ele>
      </trkpt>
      <trkpt lat="-18.305412009358406" lon="32.920597018674016">
        <ele>1493.0177639925087</ele>
      </trkpt>
      <trkpt lat="-18.306486988440156" lon="32.92123203165829">
        <ele>1504.3966284525504</ele>
      </trkpt>
      <trkpt lat="-18.30773798748851" lon="32.92215697467327">
        <ele>1521.1559373302266</ele>
      </trkpt>
      <trkpt lat="-18.30875102430582" lon="32.922980999574065">
        <ele>1512.1485100188602</ele>
      </trkpt>
      <trkpt lat="-18.309584017843008" lon="32.92352397926152">
        <ele>1487.330210536763</ele>
      </trkpt>
      <trkpt lat="-18.310197992250323" lon="32.923774011433125">
        <ele>1487.3842655838507</ele>
      </trkpt>
      <trkpt lat="-18.311212034896016" lon="32.92521703988314">
        <ele>1465.6170785048653</ele>
      </trkpt>
      <trkpt lat="-18.311775969341397" lon="32.925192983821034">
        <ele>1480.4489429417304</ele>
      </trkpt>
      <trkpt lat="-18.31154496408999" lon="32.92599898763001">
        <ele>1446.9395039536603</ele>
      </trkpt>
      <trkpt lat="-18.312674006447196" lon="32.92679199948907">
        <ele>1426.97216796875</ele>
      </trkpt>
      <trkpt lat="-18.3131589833647" lon="32.927792966365814">
        <ele>1393.168714589905</ele>
      </trkpt>
      <trkpt lat="-18.313902961090207" lon="32.92849696241319">
        <ele>1359.602787042475</ele>
      </trkpt>
      <trkpt lat="-18.313057981431484" lon="32.929874025285244">
        <ele>1318.4501953125</ele>
      </trkpt>
      <trkpt lat="-18.312570992857218" lon="32.930567963048816">
        <ele>1315.1700806732988</ele>
      </trkpt>
      <trkpt lat="-18.311528032645583" lon="32.93061800301075">
        <ele>1321.3641278388968</ele>
      </trkpt>
      <trkpt lat="-18.31130700185895" lon="32.93163003399968">
        <ele>1313.2708250476308</ele>
      </trkpt>
      <trkpt lat="-18.308997033163905" lon="32.932671988382936">
        <ele>1308.645799355531</ele>
      </trkpt>
      <trkpt lat="-18.307875031605363" lon="32.93242204003036">
        <ele>1294.02938190034</ele>
      </trkpt>
      <trkpt lat="-18.307382008060813" lon="32.93289796449244">
        <ele>1272.5041427607648</ele>
      </trkpt>
      <trkpt lat="-18.307143040001392" lon="32.93424602597952">
        <ele>1248.691041375173</ele>
      </trkpt>
      <trkpt lat="-18.306266963481903" lon="32.934131026268005">
        <ele>1234.709741341434</ele>
      </trkpt>
      <trkpt lat="-18.30497397109866" lon="32.933423006907105">
        <ele>1216.2301312744314</ele>
      </trkpt>
      <trkpt lat="-18.304488994181156" lon="32.93304800055921">
        <ele>1212.6564097669125</ele>
      </trkpt>
      <trkpt lat="-18.30380897037685" lon="32.93358997441828">
        <ele>1213.2997581636826</ele>
      </trkpt>
      <trkpt lat="-18.30338099040091" lon="32.93393497355282">
        <ele>1223.2258456392617</ele>
      </trkpt>
      <trkpt lat="-18.302789982408285" lon="32.93408299796283">
        <ele>1231.2657280721319</ele>
      </trkpt>
      <trkpt lat="-18.30243299715221" lon="32.93431199155748">
        <ele>1235.743016130617</ele>
      </trkpt>
      <trkpt lat="-18.30204902216792" lon="32.93459102511406">
        <ele>1240.2756795536989</ele>
      </trkpt>
      <trkpt lat="-18.30161701887846" lon="32.934760004282">
        <ele>1240.4319192726507</ele>
      </trkpt>
      <trkpt lat="-18.300623008981347" lon="32.93429296463728">
        <ele>1245.3746253817978</ele>
      </trkpt>
      <trkpt lat="-18.29975003376603" lon="32.93442699126899">
        <ele>1258.079490980885</ele>
      </trkpt>
      <trkpt lat="-18.29931702464819" lon="32.93487902730703">
        <ele>1266.816029239213</ele>
      </trkpt>
      <trkpt lat="-18.298539016395807" lon="32.936152992770076">
        <ele>1272.4265090746217</ele>
      </trkpt>
      <trkpt lat="-18.297852035611868" lon="32.93711196631193">
        <ele>1293.7734833008014</ele>
      </trkpt>
      <trkpt lat="-18.2975170109421" lon="32.937979996204376">
        <ele>1305.9609375</ele>
      </trkpt>
      <trkpt lat="-18.297420032322407" lon="32.939007030799985">
        <ele>1323.0875426247949</ele>
      </trkpt>
      <trkpt lat="-18.297997964546084" lon="32.940251994878054">
        <ele>1354.4454450718158</ele>
      </trkpt>
      <trkpt lat="-18.297854969277978" lon="32.94056799262762">
        <ele>1361.261865634001</ele>
      </trkpt>
      <trkpt lat="-18.29749597236514" lon="32.94084903784096">
        <ele>1374.7490141182716</ele>
      </trkpt>
      <trkpt lat="-18.297180980443954" lon="32.941026985645294">
        <ele>1385.1560854853215</ele>
      </trkpt>
      <trkpt lat="-18.296907981857657" lon="32.941286992281675">
        <ele>1393.9912045543101</ele>
      </trkpt>
      <trkpt lat="-18.296834975481033" lon="32.94172997586429">
        <ele>1406.8108617421535</ele>
      </trkpt>
      <trkpt lat="-18.296756017953157" lon="32.941910019144416">
        <ele>1415.148334707581</ele>
      </trkpt>
      <trkpt lat="-18.296686029061675" lon="32.94233296997845">
        <ele>1435.0114404596388</ele>
      </trkpt>
      <trkpt lat="-18.29650104045868" lon="32.94250697828829">
        <ele>1449.3100357383091</ele>
      </trkpt>
      <trkpt lat="-18.296732967719436" lon="32.942898999899626">
        <ele>1458.9706654069676</ele>
      </trkpt>
      <trkpt lat="-18.296604976058006" lon="32.94316403567791">
        <ele>1465.1460887082308</ele>
      </trkpt>
      <trkpt lat="-18.296123016625643" lon="32.94277402572334">
        <ele>1458.884798068759</ele>
      </trkpt>
      <trkpt lat="-18.29536898061633" lon="32.94286899268627">
        <ele>1457.5350999693442</ele>
      </trkpt>
      <trkpt lat="-18.295161025598645" lon="32.94307401403785">
        <ele>1449.985243976707</ele>
      </trkpt>
      <trkpt lat="-18.29480898566544" lon="32.942917020991445">
        <ele>1447.390585310105</ele>
      </trkpt>
      <trkpt lat="-18.294086968526244" lon="32.94303101487458">
        <ele>1436.064716582487</ele>
      </trkpt>
      <trkpt lat="-18.29380097799003" lon="32.94288801960647">
        <ele>1431.4867724248415</ele>
      </trkpt>
      <trkpt lat="-18.293867027387023" lon="32.94258199632168">
        <ele>1421.777949689771</ele>
      </trkpt>
      <trkpt lat="-18.29416198655963" lon="32.942361971363425">
        <ele>1415.4884588561617</ele>
      </trkpt>
      <trkpt lat="-18.293715985491872" lon="32.942082015797496">
        <ele>1392.3081293501891</ele>
      </trkpt>
      <trkpt lat="-18.293699976056814" lon="32.941693011671305">
        <ele>1370.871824837393</ele>
      </trkpt>
      <trkpt lat="-18.293048031628132" lon="32.94141096062958">
        <ele>1359.078045635155</ele>
      </trkpt>
      <trkpt lat="-18.292756006121635" lon="32.94092799536884">
        <ele>1350.4950387803838</ele>
      </trkpt>
      <trkpt lat="-18.291960982605815" lon="32.94062398374081">
        <ele>1341.1011149597389</ele>
      </trkpt>
      <trkpt lat="-18.291467959061265" lon="32.94056698679924">
        <ele>1336.8162035817331</ele>
      </trkpt>
      <trkpt lat="-18.291037967428565" lon="32.94058098457754">
        <ele>1333.7872353691066</ele>
      </trkpt>
      <trkpt lat="-18.290561959147453" lon="32.94033598154783">
        <ele>1339.127707623389</ele>
      </trkpt>
      <trkpt lat="-18.289967011660337" lon="32.940490040928125">
        <ele>1340.8966378869875</ele>
      </trkpt>
      <trkpt lat="-18.2893490139395" lon="32.94119001366198">
        <ele>1329.298676272278</ele>
      </trkpt>
      <trkpt lat="-18.288421975448728" lon="32.94158999808133">
        <ele>1313.176618956639</ele>
      </trkpt>
      <trkpt lat="-18.2879520021379" lon="32.94192602857947">
        <ele>1293.9213737468235</ele>
      </trkpt>
      <trkpt lat="-18.288073036819696" lon="32.94256104156375">
        <ele>1273.894762651892</ele>
      </trkpt>
      <trkpt lat="-18.288435973227024" lon="32.94361003674567">
        <ele>1240.994330092771</ele>
      </trkpt>
      <trkpt lat="-18.288373025134206" lon="32.94400398619473">
        <ele>1228.8280355643376</ele>
      </trkpt>
      <trkpt lat="-18.287811018526554" lon="32.94428997673094">
        <ele>1225.3629557556962</ele>
      </trkpt>
      <trkpt lat="-18.288371013477445" lon="32.94460496865213">
        <ele>1217.4635040482467</ele>
      </trkpt>
      <trkpt lat="-18.2888119854033" lon="32.94529496692121">
        <ele>1211.341066114649</ele>
      </trkpt>
      <trkpt lat="-18.289227979257703" lon="32.945926962420344">
        <ele>1202.906581110211</ele>
      </trkpt>
      <trkpt lat="-18.28875297680497" lon="32.94689700007439">
        <ele>1195.53946283404</ele>
      </trkpt>
      <trkpt lat="-18.288154006004333" lon="32.94707897119224">
        <ele>1194.5566636829587</ele>
      </trkpt>
      <trkpt lat="-18.287596022710204" lon="32.947324980050325">
        <ele>1178.183697844684</ele>
      </trkpt>
      <trkpt lat="-18.287469958886504" lon="32.948399959132075">
        <ele>1120.0777907941674</ele>
      </trkpt>
      <trkpt lat="-18.286608969792724" lon="32.949838964268565">
        <ele>1074.3405605397068</ele>
      </trkpt>
      <trkpt lat="-18.286678036674857" lon="32.951016034930944">
        <ele>1040.704349526329</ele>
      </trkpt>
      <trkpt lat="-18.286545015871525" lon="32.95176797546446">
        <ele>1030.2026646904424</ele>
      </trkpt>
      <trkpt lat="-18.286530012264848" lon="32.95262401923537">
        <ele>1017.8161376411874</ele>
      </trkpt>
      <trkpt lat="-18.286203034222126" lon="32.95290598645806">
        <ele>1004.703897702183</ele>
      </trkpt>
      <trkpt lat="-18.286722963675857" lon="32.95367402024567">
        <ele>971.647554992349</ele>
      </trkpt>
      <trkpt lat="-18.286650963127613" lon="32.954108035191894">
        <ele>956.0018188047688</ele>
      </trkpt>
      <trkpt lat="-18.287814036011696" lon="32.95516197569668">
        <ele>917.8979782003911</ele>
      </trkpt>
      <trkpt lat="-18.289125971496105" lon="32.95674900524318">
        <ele>899.031305764569</ele>
      </trkpt>
      <trkpt lat="-18.288720035925508" lon="32.95810201205313">
        <ele>885.254552637325</ele>
      </trkpt>
      <trkpt lat="-18.28892103396356" lon="32.95906802639365">
        <ele>877.8386171783786</ele>
      </trkpt>
      <trkpt lat="-18.289023963734508" lon="32.96037903986871">
        <ele>883.8760592476176</ele>
      </trkpt>
      <trkpt lat="-18.29035802744329" lon="32.960321959108114">
        <ele>871.6086411533179</ele>
      </trkpt>
      <trkpt lat="-18.292018985375762" lon="32.960815988481045">
        <ele>863.9643313612778</ele>
      </trkpt>
      <trkpt lat="-18.29194698482752" lon="32.96141202561557">
        <ele>870.6589463770446</ele>
      </trkpt>
      <trkpt lat="-18.29115296714008" lon="32.962536038830876">
        <ele>861.1955458191378</ele>
      </trkpt>
      <trkpt lat="-18.290819032117724" lon="32.963568018749356">
        <ele>863.9311473390553</ele>
      </trkpt>
      <trkpt lat="-18.29124198295176" lon="32.96424997039139">
        <ele>856.470776808681</ele>
      </trkpt>
      <trkpt lat="-18.29164800234139" lon="32.96467401087284">
        <ele>841.7808817944301</ele>
      </trkpt>
      <trkpt lat="-18.29192804172635" lon="32.96492898836732">
        <ele>841.541997246182</ele>
      </trkpt>
      <trkpt lat="-18.291983027011156" lon="32.964937034994364">
        <ele>843.2462407432477</ele>
      </trkpt>
      <trkpt lat="-18.292537992820144" lon="32.96542997471988">
        <ele>829.0460317990635</ele>
      </trkpt>
      <trkpt lat="-18.292887015268207" lon="32.96570297330618">
        <ele>826.5124984279869</ele>
      </trkpt>
      <trkpt lat="-18.293227991089225" lon="32.96628199517727">
        <ele>821.3997621407616</ele>
      </trkpt>
      <trkpt lat="-18.293193038553" lon="32.96648299321532">
        <ele>820.3248925804728</ele>
      </trkpt>
      <trkpt lat="-18.293555974960327" lon="32.96699001453817">
        <ele>817.2912984937429</ele>
      </trkpt>
      <trkpt lat="-18.29392796382308" lon="32.967283967882395">
        <ele>819.3564656281994</ele>
      </trkpt>
      <trkpt lat="-18.294275980442762" lon="32.9677879717201">
        <ele>824.4663303722627</ele>
      </trkpt>
      <trkpt lat="-18.29431001096964" lon="32.96800296753645">
        <ele>826.6485711841115</ele>
      </trkpt>
      <trkpt lat="-18.29450899735093" lon="32.96841602772474">
        <ele>833.670910234563</ele>
      </trkpt>
    </trkseg>
  </trk>
</gpx>
