{"type":"FeatureCollection","features":[{"type":"Feature","properties":{"kind":"chalet","name":"Udu Lodges","ele":""},"geometry":{"type":"Point","coordinates":[32.70097,-18.27678]}},{"type":"Feature","properties":{"kind":"hotel","name":"","ele":""},"geometry":{"type":"Point","coordinates":[32.67918,-18.36729]}},{"type":"Feature","properties":{"kind":"peak","name":"Mount Nyangani","ele":"2593"},"geometry":{"type":"Point","coordinates":[32.84191,-18.30137]}},{"type":"Feature","properties":{"kind":"waterfall","name":"Nyamiza Falls","ele":""},"geometry":{"type":"Point","coordinates":[32.79109,-18.25254]}},{"type":"Feature","properties":{"kind":"camp_site","name":"Mare Caravan Park","ele":""},"geometry":{"type":"Point","coordinates":[32.72204,-18.28767]}},{"type":"Feature","properties":{"kind":"viewpoint","name":"Nyangombe Falls","ele":""},"geometry":{"type":"Point","coordinates":[32.67905,-18.28489]}},{"type":"Feature","properties":{"kind":"viewpoint","name":"World's View Toposcope","ele":""},"geometry":{"type":"Point","coordinates":[32.77438,-18.16379]}},{"type":"Feature","properties":{"kind":"camp_site","name":"Chiwoza Homestead - Nyanga","ele":""},"geometry":{"type":"Point","coordinates":[32.72498,-18.08546]}},{"type":"Feature","properties":{"kind":"place","name":"Nyanga","ele":""},"geometry":{"type":"Point","coordinates":[32.73757,-18.2327]}},{"type":"Feature","properties":{"kind":"place","name":"Troutbeck","ele":""},"geometry":{"type":"Point","coordinates":[32.81083,-18.18445]}},{"type":"Feature","properties":{"kind":"peak","name":"Mount Ziwa","ele":""},"geometry":{"type":"Point","coordinates":[32.65383,-18.14298]}},{"type":"Feature","properties":{"kind":"peak","name":"","ele":""},"geometry":{"type":"Point","coordinates":[32.65661,-18.26282]}},{"type":"Feature","properties":{"kind":"chalet","name":"York Cottages","ele":""},"geometry":{"type":"Point","coordinates":[32.64451,-18.35069]}},{"type":"Feature","properties":{"kind":"peak","name":"","ele":""},"geometry":{"type":"Point","coordinates":[32.64288,-18.34977]}},{"type":"Feature","properties":{"kind":"peak","name":"Punch Rock","ele":""},"geometry":{"type":"Point","coordinates":[32.64416,-18.35469]}},{"type":"Feature","properties":{"kind":"peak","name":"Susurumba","ele":""},"geometry":{"type":"Point","coordinates":[32.63738,-18.37407]}},{"type":"Feature","properties":{"kind":"waterfall","name":"Nyangombe Falls","ele":""},"geometry":{"type":"Point","coordinates":[32.67883,-18.28504]}},{"type":"Feature","properties":{"kind":"viewpoint","name":"","ele":""},"geometry":{"type":"Point","coordinates":[32.6254,-18.3512]}},{"type":"Feature","properties":{"kind":"viewpoint","name":"World's View","ele":""},"geometry":{"type":"Point","coordinates":[32.77446,-18.1592]}},{"type":"Feature","properties":{"kind":"hotel","name":"Tamarind Hotel","ele":""},"geometry":{"type":"Point","coordinates":[32.68275,-18.36282]}},{"type":"Feature","properties":{"kind":"river","name":"Nyangombe"},"geometry":{"type":"LineString","coordinates":[[32.63292,-18.22756],[32.63289,-18.22707],[32.63343,-18.22604],[32.63347,-18.2256],[32.63393,-18.22464],[32.63434,-18.22406],[32.63395,-18.2233],[32.63361,-18.22316],[32.63322,-18.22251],[32.63317,-18.22186],[32.63357,-18.22112],[32.63355,-18.22054],[32.63405,-18.21959],[32.63387,-18.21928],[32.63329,-18.21882],[32.633,-18.2181],[32.6324,-18.21704],[32.63224,-18.21629],[32.63234,-18.21535],[32.63271,-18.21382],[32.63305,-18.21292],[32.63268,-18.2121],[32.6326,-18.21148],[32.63207,-18.21012],[32.63185,-18.20974],[32.63184,-18.20922],[32.63212,-18.20807],[32.63246,-18.20739],[32.63284,-18.20727],[32.63481,-18.20745],[32.63601,-18.20733],[32.63647,-18.20718],[32.63673,-18.20717],[32.63694,-18.20693],[32.63723,-18.20672],[32.63754,-18.20602],[32.63771,-18.20462],[32.63747,-18.20404],[32.63752,-18.20322],[32.63771,-18.20274],[32.63784,-18.20223],[32.63776,-18.20187],[32.63709,-18.19985],[32.63695,-18.19954],[32.63685,-18.19946],[32.63676,-18.19844],[32.63683,-18.197],[32.63638,-18.19432],[32.63446,-18.19356],[32.63346,-18.19286],[32.63382,-18.19211],[32.6346,-18.19121],[32.63481,-18.1899],[32.63375,-18.18814],[32.63395,-18.18669],[32.63457,-18.18522],[32.63482,-18.18456],[32.63428,-18.18393],[32.63328,-18.18342],[32.63262,-18.18312],[32.6323,-18.18275],[32.63164,-18.18254],[32.63135,-18.18223],[32.63117,-18.18166],[32.63107,-18.18112],[32.63063,-18.18083],[32.63024,-18.18088],[32.63008,-18.18094],[32.62992,-18.18078],[32.62953,-18.18083],[32.62922,-18.17951],[32.62945,-18.17879],[32.62987,-18.17835],[32.63048,-18.178],[32.63141,-18.17635],[32.63174,-18.17609],[32.63172,-18.1758],[32.6318,-18.17541],[32.63165,-18.1749],[32.63151,-18.17427],[32.63143,-18.17416],[32.63111,-18.17374],[32.6306,-18.17364],[32.62986,-18.17349],[32.62936,-18.17355],[32.62603,-18.17327],[32.62438,-18.17297],[32.62086,-18.17321],[32.61837,-18.17381],[32.61466,-18.17409],[32.61164,-18.17468],[32.61014,-18.17446],[32.60991,-18.17414],[32.60967,-18.17396],[32.60947,-18.17354],[32.60986,-18.17209],[32.61086,-18.17077],[32.61024,-18.16987],[32.61005,-18.16869],[32.61014,-18.16834],[32.61118,-18.16709],[32.61177,-18.16529],[32.61526,-18.161],[32.61605,-18.15706],[32.61686,-18.15642],[32.61736,-18.15558],[32.6178,-18.15444],[32.61801,-18.15368],[32.61821,-18.15303],[32.61814,-18.15266],[32.61777,-18.15161],[32.61557,-18.14979],[32.61442,-18.14919],[32.61358,-18.14823],[32.61325,-18.14644],[32.60946,-18.14216],[32.60936,-18.14176],[32.60904,-18.14155],[32.60857,-18.14147],[32.60794,-18.14046],[32.60644,-18.13964],[32.60498,-18.13976],[32.60413,-18.13962],[32.60325,-18.13797],[32.60202,-18.13725],[32.60091,-18.13749],[32.59993,-18.13785],[32.59924,-18.13774],[32.59901,-18.13755],[32.59875,-18.13733],[32.59877,-18.13679],[32.59922,-18.13645],[32.59955,-18.13652],[32.60016,-18.13596],[32.60038,-18.13525],[32.60035,-18.13496],[32.59983,-18.13468],[32.60011,-18.13405],[32.60071,-18.13362],[32.60065,-18.13289],[32.60027,-18.13231],[32.59998,-18.1324],[32.59948,-18.13289],[32.59915,-18.13294],[32.59895,-18.13307],[32.59827,-18.13279],[32.59727,-18.13257],[32.59699,-18.13252],[32.59673,-18.1331],[32.59644,-18.13352],[32.59628,-18.13383],[32.59592,-18.13412],[32.59557,-18.13409],[32.59474,-18.13228],[32.5936,-18.13227],[32.59336,-18.13235],[32.59109,-18.13134],[32.58978,-18.13014],[32.58879,-18.12871],[32.58826,-18.12667],[32.58764,-18.12592],[32.58679,-18.12448],[32.58669,-18.12278],[32.58719,-18.12113],[32.5875,-18.11989],[32.5873,-18.11894],[32.58649,-18.11808],[32.58608,-18.11737],[32.58565,-18.11627],[32.58563,-18.11543],[32.58667,-18.11255],[32.58678,-18.11151],[32.58706,-18.1109],[32.58692,-18.11057],[32.58573,-18.11058],[32.58505,-18.11038],[32.58443,-18.11052],[32.58319,-18.1109],[32.58213,-18.11127],[32.58118,-18.11122],[32.58078,-18.10999],[32.58098,-18.10948],[32.58133,-18.10914],[32.58142,-18.10871],[32.58258,-18.10772],[32.58259,-18.10653],[32.58333,-18.10535],[32.58428,-18.1045],[32.58447,-18.10408],[32.58495,-18.10399],[32.5849,-18.1035],[32.58454,-18.10315],[32.58273,-18.10279],[32.58243,-18.10235],[32.58204,-18.1022],[32.58173,-18.1016],[32.58217,-18.1011],[32.58347,-18.10091],[32.58375,-18.10055],[32.58405,-18.1003],[32.58508,-18.09954],[32.58535,-18.09883],[32.58623,-18.0978],[32.58615,-18.09737],[32.58594,-18.09717],[32.5858,-18.09684],[32.58499,-18.09694],[32.58465,-18.09647],[32.58438,-18.09571],[32.58447,-18.09468],[32.58407,-18.09284],[32.58344,-18.09151],[32.58289,-18.08916],[32.58295,-18.08779],[32.58317,-18.08715],[32.58352,-18.08692],[32.58385,-18.08707],[32.58406,-18.08665],[32.5843,-18.08585],[32.58419,-18.08545],[32.58426,-18.08489],[32.58413,-18.08473],[32.58337,-18.08467],[32.58301,-18.08411],[32.58266,-18.0834],[32.58149,-18.08254],[32.58129,-18.08202],[32.57983,-18.08022],[32.57901,-18.08],[32.57644,-18.07796],[32.57602,-18.07683],[32.57676,-18.07622],[32.57717,-18.07538],[32.57717,-18.07507],[32.57673,-18.07488],[32.57675,-18.07465],[32.57713,-18.07465],[32.57738,-18.07451],[32.57723,-18.0742],[32.57742,-18.07393],[32.57741,-18.07374],[32.57709,-18.07374],[32.57613,-18.07338],[32.57449,-18.07333],[32.57346,-18.07343],[32.57243,-18.0724],[32.56962,-18.07012],[32.56897,-18.06693],[32.56746,-18.0614],[32.5679,-18.05958],[32.56899,-18.05755],[32.56893,-18.05699],[32.56827,-18.05628],[32.56553,-18.05412],[32.56497,-18.05378],[32.56457,-18.05311],[32.56409,-18.05228],[32.56386,-18.05165],[32.56379,-18.0511],[32.56329,-18.05019],[32.56309,-18.04891],[32.56325,-18.04718]]}},{"type":"Feature","properties":{"kind":"road","name":""},"geometry":{"type":"LineString","coordinates":[[32.71866,-18.27646],[32.71833,-18.27651],[32.71814,-18.27657],[32.71806,-18.27665],[32.71803,-18.27676],[32.71802,-18.27713],[32.71801,-18.27738],[32.71796,-18.27765],[32.71786,-18.27795],[32.71778,-18.27815],[32.71765,-18.27833],[32.71745,-18.27862],[32.71724,-18.27888],[32.71702,-18.27914],[32.71687,-18.27925],[32.71667,-18.27931],[32.71629,-18.27934],[32.71602,-18.27939],[32.71571,-18.27956],[32.71545,-18.27975],[32.71529,-18.27989],[32.71514,-18.28007],[32.7149,-18.28044],[32.71468,-18.28076],[32.7145,-18.28096],[32.7143,-18.28112],[32.71415,-18.28119],[32.71399,-18.28125],[32.71377,-18.28127],[32.71337,-18.28128],[32.71289,-18.2813],[32.71252,-18.28129],[32.71236,-18.28127],[32.71215,-18.28123],[32.71188,-18.28115],[32.71161,-18.2811],[32.71144,-18.28108],[32.71126,-18.28105],[32.7111,-18.28099],[32.71092,-18.2809],[32.71069,-18.28078],[32.7105,-18.28069],[32.71024,-18.2806],[32.70995,-18.28055],[32.70973,-18.28053],[32.70942,-18.28051],[32.70913,-18.28048],[32.70877,-18.28041],[32.70851,-18.28035],[32.70827,-18.28028],[32.70802,-18.28019],[32.7078,-18.28011],[32.70762,-18.28007],[32.70746,-18.28005],[32.70727,-18.28008],[32.70699,-18.28014],[32.70676,-18.28016],[32.70647,-18.28019],[32.70617,-18.28021],[32.7059,-18.28025],[32.70528,-18.28035],[32.70475,-18.28043],[32.7044,-18.2805],[32.70418,-18.28053],[32.70402,-18.28055],[32.70389,-18.28053],[32.70381,-18.28047],[32.70372,-18.28039],[32.70352,-18.28016],[32.70326,-18.27988],[32.70307,-18.27969],[32.70295,-18.27956],[32.70287,-18.27938],[32.70272,-18.27911],[32.70263,-18.27892],[32.70257,-18.27876],[32.70251,-18.27864],[32.70244,-18.27854],[32.70234,-18.27844],[32.70224,-18.27832],[32.70206,-18.27808],[32.70193,-18.2779],[32.70185,-18.27782],[32.7018,-18.2778],[32.70175,-18.27782],[32.70165,-18.27792],[32.70154,-18.27808],[32.70139,-18.27826],[32.70129,-18.27841],[32.70128,-18.27848],[32.70132,-18.27859],[32.70137,-18.27875],[32.70137,-18.27888],[32.7013,-18.27905],[32.70114,-18.27933],[32.70103,-18.27953],[32.70086,-18.27973],[32.70069,-18.27986],[32.70048,-18.28],[32.70031,-18.28007],[32.70012,-18.28006],[32.69985,-18.28001],[32.69921,-18.27982]]}},{"type":"Feature","properties":{"kind":"track","name":""},"geometry":{"type":"LineString","coordinates":[[32.72297,-18.28136],[32.72305,-18.28129],[32.72311,-18.28119],[32.7231,-18.28115],[32.72305,-18.28113],[32.723,-18.28116],[32.72295,-18.28129],[32.72297,-18.28136]]}},{"type":"Feature","properties":{"kind":"road","name":""},"geometry":{"type":"LineString","coordinates":[[32.77052,-18.24385],[32.77053,-18.24417],[32.77055,-18.24434],[32.77063,-18.24451],[32.77071,-18.24468],[32.77074,-18.24488],[32.77071,-18.24505],[32.77064,-18.2452],[32.77048,-18.24527],[32.77024,-18.2453],[32.76997,-18.24532],[32.76977,-18.24534],[32.76958,-18.24541],[32.76924,-18.24561],[32.76896,-18.24576],[32.76853,-18.24605],[32.7682,-18.24625],[32.7678,-18.24648],[32.76714,-18.24677],[32.76647,-18.24704],[32.76581,-18.24728],[32.76535,-18.24766],[32.765,-18.24801],[32.76475,-18.2484],[32.76462,-18.24878],[32.76451,-18.24909],[32.76444,-18.24938],[32.76436,-18.24952],[32.76427,-18.24963],[32.76416,-18.2497],[32.764,-18.24984],[32.76391,-18.25],[32.76375,-18.25018],[32.7636,-18.2503],[32.76346,-18.25037],[32.76325,-18.25047],[32.76307,-18.25059],[32.76295,-18.25077],[32.76285,-18.25096],[32.76272,-18.25115],[32.76264,-18.2513],[32.76245,-18.25162],[32.76221,-18.25208],[32.76212,-18.25225],[32.76202,-18.2524],[32.76183,-18.25259],[32.76153,-18.25283],[32.76062,-18.25344],[32.75971,-18.2541],[32.7589,-18.25462],[32.75861,-18.25492],[32.75835,-18.25526],[32.75784,-18.25579],[32.75738,-18.25623],[32.75664,-18.25688],[32.75496,-18.25846],[32.75432,-18.25904],[32.75365,-18.25969],[32.75274,-18.26049],[32.75253,-18.26076],[32.75215,-18.26133],[32.75194,-18.26168],[32.75167,-18.26197],[32.75124,-18.26245],[32.75105,-18.26268],[32.75086,-18.263],[32.75053,-18.26327],[32.74981,-18.26368],[32.74932,-18.26397],[32.74905,-18.26405],[32.74861,-18.26417],[32.74807,-18.26425],[32.74754,-18.26436],[32.74719,-18.26445],[32.74684,-18.26457],[32.74641,-18.26477],[32.74614,-18.26491],[32.74591,-18.26511],[32.74574,-18.26526],[32.74542,-18.2655],[32.74509,-18.26568],[32.74449,-18.26595],[32.74423,-18.26605],[32.74402,-18.26611],[32.74379,-18.26611],[32.74359,-18.26607],[32.74316,-18.2659],[32.74222,-18.26553],[32.74175,-18.26539],[32.74127,-18.26532],[32.74092,-18.26525],[32.74052,-18.2652],[32.74016,-18.26522],[32.73989,-18.26528],[32.73953,-18.2654],[32.73911,-18.26558],[32.73864,-18.26586],[32.73827,-18.26613],[32.73799,-18.26635],[32.73774,-18.26656],[32.7375,-18.26673],[32.73723,-18.2669],[32.73692,-18.267],[32.73654,-18.26711],[32.73595,-18.26723],[32.73525,-18.26735],[32.73456,-18.26744],[32.73388,-18.26751],[32.73324,-18.26755],[32.73279,-18.26769],[32.73251,-18.26783],[32.73224,-18.26802],[32.73199,-18.26836],[32.73174,-18.26869],[32.73122,-18.26943],[32.73096,-18.26974],[32.73058,-18.27027],[32.73016,-18.27084],[32.72996,-18.27115],[32.72978,-18.27151],[32.72969,-18.27176],[32.72947,-18.27225],[32.7293,-18.27256],[32.72911,-18.27291],[32.7289,-18.27325],[32.72872,-18.27352],[32.72856,-18.2738],[32.72837,-18.27409],[32.72807,-18.27467],[32.72775,-18.27529],[32.72758,-18.27564],[32.72736,-18.27601],[32.72723,-18.27622],[32.72709,-18.27638],[32.72689,-18.27653],[32.72664,-18.27671],[32.72641,-18.27689],[32.72613,-18.27711],[32.72573,-18.27734],[32.72534,-18.27756],[32.72507,-18.27776],[32.72492,-18.27796],[32.72475,-18.2782],[32.72458,-18.27847],[32.72448,-18.27874],[32.72443,-18.27892],[32.72437,-18.27917]]}},{"type":"Feature","properties":{"kind":"road","name":"World's View Drive"},"geometry":{"type":"LineString","coordinates":[[32.77499,-18.16368],[32.77479,-18.16397],[32.77468,-18.16417],[32.77439,-18.16464],[32.77435,-18.16484],[32.77432,-18.16519],[32.77418,-18.16692],[32.77411,-18.16742],[32.77377,-18.16836],[32.77373,-18.16868],[32.77374,-18.16897],[32.77373,-18.16919],[32.77371,-18.16933],[32.77371,-18.16941],[32.77375,-18.16949],[32.77387,-18.1697],[32.77404,-18.17028],[32.77417,-18.17096],[32.77436,-18.17141],[32.7751,-18.17244],[32.77522,-18.17255],[32.77532,-18.1726],[32.77553,-18.17261],[32.77572,-18.1726],[32.77628,-18.17255],[32.77676,-18.17247],[32.77821,-18.17199],[32.77835,-18.17196],[32.77842,-18.17198],[32.77974,-18.17224],[32.77993,-18.17219],[32.78003,-18.17212],[32.78011,-18.17188],[32.78013,-18.17129],[32.78024,-18.17089],[32.78208,-18.1675],[32.78319,-18.1651],[32.78329,-18.16491],[32.78336,-18.16483],[32.78344,-18.1648],[32.78352,-18.16479],[32.78408,-18.16486],[32.78568,-18.16504],[32.78623,-18.16511],[32.78663,-18.16524],[32.78684,-18.16536],[32.78695,-18.16557],[32.78707,-18.16577],[32.78719,-18.16593],[32.78749,-18.1661],[32.78856,-18.16636],[32.78935,-18.16671],[32.78958,-18.16691],[32.78988,-18.16727],[32.79,-18.16743],[32.7905,-18.16784],[32.79197,-18.16926],[32.79228,-18.16941],[32.79264,-18.1695],[32.79433,-18.16986],[32.79466,-18.16998],[32.79491,-18.17013],[32.795,-18.17019],[32.79533,-18.17045],[32.79647,-18.1716],[32.79661,-18.17174],[32.79689,-18.17249],[32.79692,-18.17262],[32.797,-18.17306],[32.79707,-18.17324],[32.7973,-18.17343],[32.79761,-18.1736],[32.79795,-18.17388],[32.79857,-18.17456],[32.79866,-18.17475],[32.7987,-18.17547],[32.79876,-18.17567],[32.79897,-18.17588],[32.79903,-18.17598],[32.79901,-18.1761],[32.7989,-18.17617],[32.79876,-18.17627],[32.79868,-18.17637],[32.79868,-18.17642],[32.79872,-18.17647],[32.79882,-18.17654],[32.79905,-18.17664],[32.79949,-18.17688],[32.79986,-18.17702],[32.80017,-18.17703],[32.80024,-18.17706],[32.80029,-18.1771],[32.80056,-18.17744],[32.8007,-18.17763],[32.80196,-18.17892],[32.80209,-18.17901],[32.8023,-18.17902],[32.80244,-18.17901],[32.80259,-18.17904],[32.8027,-18.17915],[32.80275,-18.17928],[32.80244,-18.18012],[32.80244,-18.18017],[32.80245,-18.18022],[32.80251,-18.18029],[32.80258,-18.18031],[32.80266,-18.18031],[32.80279,-18.1803],[32.80301,-18.18032],[32.80309,-18.18038],[32.80311,-18.18051],[32.80295,-18.18094],[32.80293,-18.18116],[32.80294,-18.18122],[32.80299,-18.18126],[32.80316,-18.18133],[32.80373,-18.18142],[32.80406,-18.18141],[32.80436,-18.18133],[32.80497,-18.18112],[32.80519,-18.18112],[32.80545,-18.18115],[32.80563,-18.18124],[32.80571,-18.18133],[32.80572,-18.18144],[32.80544,-18.18323],[32.8054,-18.18342],[32.80534,-18.18357],[32.8052,-18.18373],[32.80497,-18.18389],[32.80474,-18.18401],[32.80449,-18.18403],[32.80441,-18.18404],[32.80433,-18.18404],[32.80429,-18.18407],[32.80426,-18.18413],[32.80427,-18.18425],[32.80414,-18.18441],[32.80356,-18.18468],[32.80327,-18.18495],[32.80319,-18.18513],[32.80317,-18.18556],[32.80314,-18.18573],[32.80295,-18.18597],[32.8028,-18.1863],[32.80268,-18.18648],[32.8025,-18.18661],[32.80245,-18.18675],[32.80252,-18.18686],[32.80266,-18.18689],[32.80287,-18.18691],[32.80318,-18.18687],[32.80395,-18.18667],[32.80413,-18.18668],[32.80437,-18.1868],[32.80454,-18.18695],[32.80459,-18.18718],[32.80437,-18.1885],[32.80422,-18.18889],[32.80393,-18.18961]]}},{"type":"Feature","properties":{"kind":"road","name":""},"geometry":{"type":"LineString","coordinates":[[32.80882,-18.18634],[32.8088,-18.18611],[32.80891,-18.18547],[32.80876,-18.18517],[32.8084,-18.18479],[32.80833,-18.1847],[32.8083,-18.18457],[32.80837,-18.18441],[32.80846,-18.18427],[32.80851,-18.18414],[32.80849,-18.18397],[32.80839,-18.18344],[32.80838,-18.1833],[32.8085,-18.18321],[32.80903,-18.18286],[32.80915,-18.1828],[32.80921,-18.18278]]}},{"type":"Feature","properties":{"kind":"road","name":""},"geometry":{"type":"LineString","coordinates":[[32.68193,-18.28445],[32.6827,-18.28428],[32.68321,-18.28417],[32.68349,-18.28412],[32.68377,-18.28402],[32.68421,-18.28373],[32.6845,-18.28355],[32.68485,-18.28343],[32.6851,-18.28345],[32.68535,-18.28353],[32.68557,-18.28377],[32.68579,-18.28394],[32.68601,-18.28401],[32.68646,-18.28404],[32.68724,-18.28409],[32.68798,-18.28412],[32.68827,-18.28409],[32.6886,-18.28398],[32.68944,-18.28359],[32.69001,-18.28332],[32.69058,-18.28306],[32.69081,-18.28301],[32.69115,-18.28303],[32.69139,-18.28301],[32.69185,-18.28283],[32.69225,-18.28264],[32.69252,-18.28262],[32.69272,-18.28268],[32.69373,-18.28301],[32.69401,-18.28315],[32.69494,-18.28331],[32.69591,-18.28362],[32.69715,-18.28413],[32.69768,-18.2842],[32.69812,-18.28414],[32.6986,-18.28392],[32.69949,-18.28338],[32.7004,-18.28291],[32.70068,-18.28278],[32.70089,-18.28272],[32.70111,-18.28263],[32.70126,-18.28248],[32.70139,-18.28232],[32.70151,-18.28213],[32.70159,-18.28189],[32.70165,-18.28151],[32.70171,-18.28121],[32.70181,-18.28105],[32.702,-18.28075],[32.70222,-18.28046],[32.70243,-18.28015],[32.70266,-18.27987],[32.70295,-18.27956]]}},{"type":"Feature","properties":{"kind":"road","name":""},"geometry":{"type":"LineString","coordinates":[[32.81171,-18.18099],[32.81221,-18.18063],[32.81239,-18.18046],[32.81252,-18.18028],[32.81264,-18.18006],[32.81271,-18.17988],[32.81276,-18.1797],[32.81283,-18.17937],[32.81292,-18.17873],[32.81304,-18.17804],[32.81308,-18.17786],[32.81313,-18.17767],[32.81352,-18.17646],[32.81363,-18.17612],[32.81391,-18.17548],[32.81409,-18.17519],[32.81425,-18.17496],[32.81448,-18.17468],[32.81502,-18.17416],[32.81566,-18.17357],[32.81583,-18.1734],[32.81604,-18.17316],[32.81632,-18.17275],[32.81647,-18.17245],[32.81667,-18.17206],[32.81701,-18.17142],[32.81723,-18.17092],[32.81743,-18.17018],[32.81748,-18.16992],[32.8175,-18.16949],[32.81751,-18.16911],[32.81747,-18.16862],[32.81741,-18.16797],[32.81726,-18.16674],[32.81712,-18.16568],[32.81698,-18.16482],[32.81681,-18.16331],[32.81673,-18.16286],[32.8167,-18.16257],[32.8167,-18.16232],[32.8167,-18.16216],[32.81672,-18.16203],[32.81678,-18.16173],[32.81692,-18.16127],[32.81731,-18.16031],[32.8182,-18.15822],[32.81873,-18.1572],[32.8196,-18.1558],[32.82,-18.15521],[32.82017,-18.15496],[32.82034,-18.15479],[32.82047,-18.15468],[32.82074,-18.15454],[32.82097,-18.1544],[32.82116,-18.15425],[32.8213,-18.1541],[32.82142,-18.15387],[32.82158,-18.15342],[32.82166,-18.15311],[32.82172,-18.1528],[32.82171,-18.15261],[32.82163,-18.15238],[32.82142,-18.152],[32.82133,-18.1518],[32.8213,-18.15166],[32.82131,-18.15147],[32.82138,-18.15122],[32.82148,-18.15093],[32.8217,-18.15043],[32.82183,-18.15025],[32.82196,-18.15014],[32.82244,-18.14982],[32.82262,-18.14962],[32.82282,-18.14926],[32.82297,-18.14892],[32.8231,-18.14868],[32.82315,-18.14852],[32.82321,-18.14831],[32.82321,-18.14814],[32.82317,-18.14795],[32.82307,-18.14782],[32.82289,-18.14769],[32.8222,-18.14746],[32.82186,-18.14735],[32.82157,-18.14723],[32.82136,-18.14711],[32.82114,-18.14694],[32.82101,-18.14685],[32.82079,-18.14659],[32.8206,-18.14629],[32.82052,-18.14618],[32.82043,-18.1459],[32.82036,-18.14563],[32.8203,-18.14536],[32.82015,-18.14443],[32.8199,-18.14306],[32.81982,-18.14276],[32.81949,-18.1418],[32.81933,-18.14131],[32.81928,-18.14111],[32.81927,-18.14088],[32.81927,-18.1405],[32.81935,-18.14012],[32.81954,-18.13925],[32.8199,-18.13763],[32.82013,-18.13658],[32.82017,-18.13613],[32.82019,-18.13572],[32.82018,-18.13537],[32.82011,-18.13466],[32.81991,-18.13333],[32.81986,-18.13294],[32.81973,-18.1317],[32.8197,-18.13121],[32.81971,-18.13087],[32.81975,-18.13037],[32.81979,-18.13006],[32.81989,-18.12975],[32.81996,-18.12945],[32.82069,-18.12662],[32.82119,-18.12493],[32.82132,-18.12441],[32.82143,-18.12396],[32.82154,-18.12363],[32.82165,-18.12335],[32.82179,-18.12308],[32.82194,-18.12282],[32.8221,-18.12256],[32.82227,-18.12235],[32.82244,-18.12215],[32.82302,-18.12163],[32.82326,-18.12146],[32.82363,-18.1212],[32.82561,-18.12002],[32.82695,-18.11927],[32.82757,-18.11892],[32.83078,-18.11732],[32.83139,-18.11704],[32.83181,-18.11687],[32.83239,-18.11666],[32.83327,-18.11634],[32.83469,-18.1159],[32.83644,-18.11533],[32.83746,-18.11497],[32.83856,-18.11463],[32.83884,-18.11454],[32.8392,-18.11439],[32.83955,-18.11422],[32.83992,-18.11402],[32.84027,-18.11381],[32.84059,-18.11357],[32.84128,-18.11295],[32.84162,-18.11259],[32.84187,-18.11226],[32.84202,-18.11207],[32.8422,-18.1118],[32.84261,-18.11101],[32.84309,-18.11003],[32.8433,-18.10954],[32.84375,-18.10856],[32.84401,-18.10781],[32.84412,-18.10745],[32.84422,-18.10703],[32.84442,-18.10615],[32.84474,-18.10442],[32.84496,-18.10376],[32.84515,-18.10226],[32.84517,-18.10185],[32.84524,-18.10069],[32.84531,-18.09964],[32.84522,-18.09886],[32.84519,-18.09849],[32.84514,-18.09819],[32.84504,-18.09765],[32.84483,-18.09688],[32.84447,-18.09536],[32.84418,-18.09411],[32.84412,-18.09385],[32.84412,-18.09358],[32.84415,-18.09337],[32.84421,-18.09313],[32.8443,-18.09289],[32.8444,-18.09272],[32.84467,-18.0924],[32.84493,-18.09217],[32.84637,-18.09107],[32.8469,-18.09064],[32.84926,-18.0888],[32.85051,-18.08784],[32.85087,-18.08759],[32.85118,-18.0874],[32.85147,-18.08725],[32.85188,-18.08708],[32.85229,-18.08695],[32.85267,-18.08685],[32.85323,-18.08675],[32.85398,-18.08667],[32.85495,-18.08654],[32.85531,-18.08645],[32.85551,-18.08639],[32.85581,-18.08628],[32.85603,-18.08617],[32.85641,-18.08594],[32.85666,-18.08573],[32.8574,-18.08515],[32.8591,-18.08371],[32.86038,-18.08268],[32.86106,-18.08214],[32.86127,-18.08193],[32.86146,-18.08173],[32.86154,-18.08159],[32.86161,-18.08143],[32.86163,-18.0812],[32.8616,-18.08099],[32.86155,-18.08075],[32.86143,-18.08052],[32.86127,-18.08029],[32.86101,-18.07996],[32.86072,-18.07952],[32.86048,-18.07905],[32.86033,-18.07865],[32.85964,-18.07664],[32.85955,-18.07647],[32.85943,-18.0763],[32.85925,-18.07616],[32.85904,-18.07606],[32.85883,-18.076],[32.85857,-18.07592],[32.85842,-18.07584],[32.85832,-18.07576],[32.85821,-18.07562],[32.85816,-18.07544],[32.85813,-18.07524],[32.85811,-18.07502],[32.85811,-18.07483],[32.85813,-18.0746],[32.85815,-18.07437],[32.85819,-18.07418],[32.85827,-18.07396],[32.85839,-18.07374],[32.85857,-18.07354],[32.85874,-18.0734],[32.85896,-18.07328],[32.85954,-18.07299],[32.85978,-18.07285],[32.8599,-18.07271],[32.86001,-18.07253],[32.86009,-18.07232],[32.86014,-18.07214],[32.86015,-18.07191],[32.86013,-18.07173],[32.86008,-18.07156],[32.86001,-18.07136],[32.8598,-18.07086],[32.85971,-18.07063],[32.85968,-18.07043],[32.85967,-18.07026],[32.85972,-18.07003],[32.8598,-18.06981],[32.85995,-18.06954],[32.86013,-18.06932],[32.86031,-18.06912],[32.86049,-18.06895],[32.8609,-18.06865],[32.86111,-18.06847],[32.86127,-18.06826],[32.86141,-18.06804],[32.86151,-18.06774],[32.8616,-18.06734],[32.86164,-18.06718],[32.86163,-18.06696],[32.86162,-18.0668],[32.86154,-18.06661],[32.86148,-18.06644],[32.86148,-18.06622],[32.86153,-18.06608],[32.86164,-18.06589],[32.8618,-18.06572],[32.862,-18.06563],[32.86221,-18.06557],[32.86239,-18.06555],[32.86282,-18.06557],[32.86299,-18.06553],[32.86315,-18.06545],[32.86339,-18.06519],[32.86439,-18.064],[32.86456,-18.06377],[32.86466,-18.0636],[32.86478,-18.0633],[32.86485,-18.06305],[32.86485,-18.06277],[32.86478,-18.06236],[32.86475,-18.06212],[32.86477,-18.0617],[32.86485,-18.06137],[32.86493,-18.06111],[32.86492,-18.06094],[32.86488,-18.06071],[32.86479,-18.06049],[32.86435,-18.0597],[32.86396,-18.05883],[32.86385,-18.05867],[32.86371,-18.05852],[32.86321,-18.05812],[32.86311,-18.05794],[32.86308,-18.05783],[32.8631,-18.05771],[32.86316,-18.05757],[32.86328,-18.05744],[32.86358,-18.05719],[32.86394,-18.05691],[32.86413,-18.05673],[32.86422,-18.05662],[32.86429,-18.05647],[32.86435,-18.05631],[32.86444,-18.05599],[32.86454,-18.05575],[32.86463,-18.05562],[32.86473,-18.05553],[32.86488,-18.05543],[32.86505,-18.05538],[32.86538,-18.05535],[32.86571,-18.05534],[32.86598,-18.05533],[32.86612,-18.05531],[32.86632,-18.05527],[32.86665,-18.05515],[32.86693,-18.05502],[32.86724,-18.05488],[32.86746,-18.05482],[32.86767,-18.0548],[32.86786,-18.05484],[32.86806,-18.05494],[32.86833,-18.05509],[32.86887,-18.05546],[32.86912,-18.05555],[32.8693,-18.05557],[32.86948,-18.05553],[32.86966,-18.05543],[32.86981,-18.05529],[32.86998,-18.05512],[32.87036,-18.05472],[32.87107,-18.0541],[32.87204,-18.0533],[32.87277,-18.05267],[32.873,-18.05246],[32.87323,-18.05223],[32.87404,-18.05124],[32.8742,-18.05104],[32.87434,-18.05088],[32.87455,-18.05068],[32.87477,-18.05047],[32.87501,-18.05028],[32.8752,-18.05016],[32.87548,-18.04996],[32.87567,-18.04981],[32.87577,-18.04969],[32.87586,-18.04954],[32.87632,-18.04879],[32.87665,-18.04831],[32.877,-18.04791],[32.87715,-18.0477],[32.87727,-18.04751],[32.87747,-18.04719],[32.87755,-18.04708],[32.87765,-18.04697],[32.87779,-18.04687],[32.87799,-18.04679],[32.87824,-18.04671],[32.8787,-18.04662],[32.87901,-18.04658],[32.87921,-18.04657],[32.87941,-18.04659],[32.87973,-18.04662],[32.88001,-18.04659],[32.88023,-18.04655],[32.88041,-18.04647],[32.88058,-18.04638],[32.88076,-18.04625],[32.88128,-18.04569],[32.88188,-18.0451],[32.88197,-18.04499],[32.88214,-18.04482],[32.8823,-18.04467],[32.88244,-18.04456],[32.8826,-18.04444],[32.88278,-18.04434],[32.88336,-18.04408],[32.88358,-18.044],[32.88516,-18.04363],[32.88543,-18.04357],[32.88583,-18.04352],[32.88659,-18.04348],[32.88706,-18.04346],[32.88731,-18.04344],[32.88756,-18.0434],[32.88782,-18.04331],[32.88804,-18.04322],[32.88832,-18.04305],[32.88906,-18.04256],[32.89024,-18.04172],[32.89048,-18.04151],[32.89066,-18.04136],[32.89081,-18.04119],[32.89103,-18.04088],[32.89139,-18.04028],[32.89191,-18.03903],[32.89222,-18.03808],[32.8923,-18.03782],[32.89237,-18.03752],[32.89245,-18.03711],[32.89248,-18.03686],[32.8925,-18.03663],[32.8925,-18.03638],[32.89249,-18.03592],[32.89239,-18.03483],[32.89197,-18.02968],[32.89192,-18.02939],[32.89187,-18.02916],[32.89176,-18.02895],[32.89163,-18.0287],[32.89138,-18.02844],[32.89123,-18.02832],[32.89102,-18.02819],[32.89077,-18.02808],[32.89042,-18.028],[32.89005,-18.02797],[32.88976,-18.028],[32.88848,-18.02827],[32.8882,-18.02832],[32.88796,-18.0283],[32.88776,-18.02827],[32.88759,-18.02818],[32.8875,-18.02808],[32.88741,-18.02795],[32.88735,-18.02778],[32.88732,-18.02757],[32.88732,-18.02727],[32.88733,-18.02694],[32.88731,-18.02666],[32.88722,-18.02644],[32.88715,-18.0263],[32.88702,-18.02616],[32.88687,-18.02608],[32.88669,-18.026],[32.88651,-18.0259],[32.8864,-18.02576],[32.8863,-18.02558],[32.88627,-18.02539],[32.88627,-18.02521],[32.88635,-18.02478],[32.88652,-18.02391],[32.88679,-18.02264],[32.88678,-18.02245],[32.88674,-18.02224],[32.88666,-18.02206],[32.88657,-18.02193],[32.88635,-18.02174],[32.88614,-18.0216],[32.88585,-18.02147],[32.88552,-18.02135],[32.8852,-18.02122],[32.885,-18.02107],[32.88489,-18.02089],[32.88485,-18.02072],[32.88485,-18.0205],[32.88495,-18.01977],[32.88508,-18.01911],[32.88522,-18.01837],[32.88525,-18.01818],[32.88525,-18.01801],[32.88521,-18.01784],[32.88511,-18.0177],[32.885,-18.01759],[32.88483,-18.01742],[32.8847,-18.01723],[32.88451,-18.01694],[32.88442,-18.01666],[32.88432,-18.01628],[32.88423,-18.01548],[32.88423,-18.01518],[32.88427,-18.01495],[32.88432,-18.01471],[32.88442,-18.01445],[32.88456,-18.01412],[32.88471,-18.01386],[32.88531,-18.01296],[32.88556,-18.01266],[32.88575,-18.01242],[32.88602,-18.01216],[32.8875,-18.0108],[32.88773,-18.01053],[32.88799,-18.0102],[32.88843,-18.00956],[32.88926,-18.00839],[32.88973,-18.00775],[32.89044,-18.00691],[32.89064,-18.00664],[32.89082,-18.00637],[32.89099,-18.00605],[32.89132,-18.00521],[32.89139,-18.00492],[32.8915,-18.00447],[32.8916,-18.00406],[32.89171,-18.00374],[32.89184,-18.00342],[32.89202,-18.00307],[32.89225,-18.00271],[32.89269,-18.00195],[32.89281,-18.00171],[32.89295,-18.00142],[32.89314,-18.00092],[32.89322,-18.00059],[32.89327,-18.00023],[32.89328,-17.99965],[32.8933,-17.99918],[32.89333,-17.99854]]}},{"type":"Feature","properties":{"kind":"road","name":""},"geometry":{"type":"LineString","coordinates":[[32.71538,-18.2878],[32.71553,-18.28753],[32.71561,-18.2874],[32.71576,-18.28723],[32.71595,-18.28703],[32.71614,-18.28686],[32.71631,-18.28673],[32.71663,-18.28651],[32.71695,-18.28631],[32.71833,-18.2855],[32.71858,-18.2853],[32.71884,-18.28505],[32.71908,-18.28474],[32.71925,-18.28445],[32.71933,-18.28425],[32.71941,-18.284],[32.71949,-18.2836],[32.71949,-18.28322],[32.71945,-18.28289],[32.71939,-18.2826],[32.71928,-18.28226],[32.71908,-18.28189],[32.71867,-18.28124],[32.71849,-18.28091],[32.71837,-18.28066],[32.71827,-18.28028],[32.71823,-18.27996],[32.71823,-18.2797],[32.71827,-18.27934],[32.71833,-18.27901],[32.71842,-18.2787],[32.71856,-18.27829],[32.71866,-18.27784],[32.7187,-18.27756],[32.71867,-18.27655],[32.71866,-18.27646],[32.71851,-18.27465],[32.71846,-18.27345],[32.71839,-18.27253],[32.71835,-18.2721],[32.71834,-18.2714],[32.71838,-18.27086],[32.71845,-18.27033],[32.7186,-18.26968],[32.71897,-18.26812],[32.71921,-18.26696],[32.71975,-18.26454],[32.71995,-18.26365],[32.72007,-18.2631],[32.72016,-18.26271],[32.72026,-18.26236],[32.72039,-18.26204],[32.72055,-18.26174],[32.72076,-18.2614],[32.72104,-18.26105],[32.72131,-18.26072],[32.72158,-18.26049],[32.72181,-18.26028],[32.72214,-18.26006],[32.72241,-18.2599],[32.72303,-18.2596],[32.72393,-18.25917],[32.72429,-18.25898],[32.72456,-18.25881],[32.7249,-18.25857],[32.72523,-18.25828],[32.72552,-18.25798],[32.72588,-18.25753],[32.72606,-18.25733],[32.72662,-18.25662]]}},{"type":"Feature","properties":{"kind":"road","name":""},"geometry":{"type":"LineString","coordinates":[[32.67567,-18.38043],[32.67536,-18.38033],[32.67515,-18.38029],[32.67496,-18.3803],[32.67476,-18.38032]]}},{"type":"Feature","properties":{"kind":"road","name":""},"geometry":{"type":"LineString","coordinates":[[32.67567,-18.38043],[32.67562,-18.38007],[32.67563,-18.37994],[32.67567,-18.37981],[32.67578,-18.37955]]}},{"type":"Feature","properties":{"kind":"road","name":""},"geometry":{"type":"LineString","coordinates":[[32.59635,-18.45581],[32.59651,-18.45575],[32.59659,-18.45568],[32.5967,-18.45553],[32.59682,-18.45526],[32.59691,-18.45504],[32.59718,-18.4545],[32.59758,-18.45389],[32.59786,-18.45314],[32.59795,-18.45255],[32.59803,-18.45202],[32.59829,-18.45099],[32.5983,-18.45097],[32.5985,-18.45054],[32.59868,-18.45029],[32.5988,-18.45018],[32.59893,-18.45009],[32.59928,-18.44991],[32.59971,-18.44971],[32.6001,-18.44956],[32.60028,-18.44948],[32.60049,-18.44938],[32.60073,-18.44927],[32.60088,-18.44923],[32.60111,-18.44921],[32.60163,-18.44921],[32.60193,-18.44922],[32.60218,-18.44921],[32.6025,-18.44918],[32.60309,-18.44913],[32.60353,-18.44898],[32.60385,-18.44887],[32.60408,-18.44875],[32.6043,-18.44862],[32.60453,-18.44844],[32.60473,-18.44827],[32.60489,-18.44809],[32.60496,-18.44797],[32.60497,-18.44784],[32.60491,-18.4477],[32.60476,-18.44748],[32.60446,-18.44696],[32.60438,-18.44676],[32.60436,-18.4466],[32.60438,-18.44641],[32.6044,-18.44618],[32.60443,-18.44595],[32.60443,-18.44566],[32.6044,-18.44541],[32.60432,-18.44507],[32.60424,-18.44465],[32.60423,-18.44439],[32.60425,-18.44417],[32.60432,-18.44383],[32.60436,-18.44364],[32.60437,-18.4435],[32.60434,-18.44331],[32.60435,-18.44312],[32.60436,-18.44296],[32.60445,-18.44274],[32.60459,-18.44247],[32.60516,-18.44171],[32.60558,-18.44123],[32.60598,-18.44084],[32.60634,-18.44052],[32.60661,-18.44031],[32.60677,-18.44018],[32.60698,-18.44006],[32.60714,-18.43999],[32.60736,-18.43992],[32.60764,-18.43987],[32.60802,-18.43977],[32.60834,-18.43969],[32.60876,-18.43955],[32.60925,-18.43936],[32.61057,-18.43883],[32.61184,-18.43831],[32.6127,-18.43792],[32.61285,-18.43789],[32.61307,-18.43788],[32.61327,-18.43792],[32.61348,-18.43803],[32.61379,-18.43818],[32.61395,-18.43824],[32.61422,-18.43831],[32.61447,-18.43836],[32.61467,-18.4384],[32.61498,-18.43843],[32.61522,-18.43841],[32.61559,-18.43836],[32.61587,-18.43833],[32.61616,-18.43827],[32.61639,-18.43817],[32.61657,-18.4381],[32.61666,-18.43806],[32.61675,-18.43806],[32.61684,-18.4381],[32.61692,-18.43819],[32.61712,-18.43857],[32.61719,-18.43868],[32.61729,-18.43873],[32.61739,-18.43872],[32.61753,-18.43868],[32.61765,-18.43859],[32.61781,-18.43843],[32.61793,-18.43824],[32.618,-18.43804],[32.61806,-18.43778],[32.61814,-18.43758],[32.61833,-18.43725],[32.61863,-18.43684],[32.61908,-18.43622],[32.61931,-18.43592],[32.61953,-18.43571],[32.61978,-18.43547],[32.62076,-18.43471],[32.62187,-18.43387],[32.62277,-18.43313],[32.62388,-18.4322],[32.62407,-18.43207],[32.62432,-18.43193],[32.62446,-18.43187],[32.62468,-18.4318],[32.62488,-18.43177],[32.62505,-18.43176],[32.62518,-18.43177],[32.62533,-18.43183],[32.62551,-18.43192],[32.62596,-18.43221],[32.62655,-18.43257],[32.62669,-18.43266],[32.62686,-18.43273],[32.62703,-18.43275],[32.62722,-18.43272],[32.62744,-18.43266],[32.62765,-18.43256],[32.62834,-18.43209],[32.62918,-18.43163],[32.62938,-18.4315],[32.62952,-18.43139],[32.62983,-18.43106],[32.63052,-18.43031],[32.63107,-18.4297],[32.63132,-18.42938],[32.63143,-18.42919],[32.63152,-18.42901],[32.6316,-18.42877],[32.63165,-18.42855],[32.63175,-18.42833],[32.63187,-18.42807],[32.63227,-18.42743],[32.63247,-18.42712],[32.6327,-18.42683],[32.63294,-18.42654],[32.63348,-18.42597],[32.6338,-18.42563],[32.63406,-18.42534],[32.63419,-18.42519],[32.63429,-18.42508],[32.6344,-18.42491],[32.63446,-18.42474],[32.63453,-18.42456],[32.6346,-18.42428],[32.63463,-18.42415],[32.63461,-18.42394],[32.63454,-18.4238],[32.63447,-18.42363],[32.63444,-18.42353],[32.63447,-18.42344],[32.63457,-18.42337],[32.63473,-18.42341],[32.63485,-18.42347],[32.63543,-18.42391],[32.63554,-18.42399],[32.63566,-18.42404],[32.63577,-18.42407],[32.63589,-18.42407],[32.63602,-18.42401],[32.63624,-18.42383],[32.6371,-18.42319],[32.63788,-18.42264],[32.63843,-18.42228],[32.64133,-18.42036],[32.64179,-18.42005],[32.64197,-18.41996],[32.64221,-18.41988],[32.64275,-18.41983],[32.64337,-18.41982],[32.64377,-18.41982],[32.64409,-18.4198],[32.64441,-18.41976],[32.64468,-18.41969],[32.64488,-18.41965],[32.64505,-18.41954],[32.64522,-18.4194],[32.64532,-18.4193],[32.64546,-18.41906],[32.64557,-18.41885],[32.64563,-18.41859],[32.64568,-18.41837],[32.64566,-18.41815],[32.64563,-18.41797],[32.64553,-18.41774],[32.64511,-18.417],[32.645,-18.41681],[32.64493,-18.41661],[32.64481,-18.41623],[32.64473,-18.4159],[32.64469,-18.4156],[32.64464,-18.41532],[32.64461,-18.41502],[32.6445,-18.41436],[32.64429,-18.41347],[32.64387,-18.41226],[32.64379,-18.41187],[32.64376,-18.41153],[32.64377,-18.4113],[32.64382,-18.4111],[32.64395,-18.41098],[32.64416,-18.41096],[32.64435,-18.41097],[32.64452,-18.41094],[32.64469,-18.41078],[32.64485,-18.41047],[32.64495,-18.40984],[32.64502,-18.40953],[32.64513,-18.40921],[32.64549,-18.40876],[32.64582,-18.40828],[32.64619,-18.40772],[32.64651,-18.40704],[32.64672,-18.40659],[32.64686,-18.40613],[32.64696,-18.40566],[32.64698,-18.40556],[32.64702,-18.40547],[32.64712,-18.40539],[32.64727,-18.40538],[32.64738,-18.40542],[32.64751,-18.40548],[32.64765,-18.40559],[32.64782,-18.4057],[32.64794,-18.40577],[32.64812,-18.40584],[32.64833,-18.4059],[32.64861,-18.40601],[32.6488,-18.40608],[32.64897,-18.40616],[32.64909,-18.40619],[32.64922,-18.40619],[32.64934,-18.40613],[32.64944,-18.40607],[32.64953,-18.40597],[32.64958,-18.40587],[32.64961,-18.40575],[32.64951,-18.40562],[32.64938,-18.40557],[32.64924,-18.40554],[32.64904,-18.4055],[32.64888,-18.40541],[32.64876,-18.40525],[32.64862,-18.40493],[32.64854,-18.40465],[32.64851,-18.40427],[32.64855,-18.404],[32.64867,-18.4037],[32.64894,-18.4032],[32.64925,-18.4026],[32.64981,-18.40152],[32.65015,-18.40085],[32.65031,-18.40048],[32.65056,-18.39992],[32.65094,-18.39908],[32.65119,-18.3987],[32.65156,-18.39823],[32.65175,-18.39804],[32.65206,-18.39776],[32.65265,-18.39733],[32.65277,-18.39718],[32.65281,-18.39705],[32.65286,-18.39693],[32.65294,-18.39576],[32.65298,-18.39564],[32.65305,-18.39553],[32.65309,-18.39549],[32.65315,-18.39545],[32.65335,-18.39535],[32.6535,-18.39528],[32.65355,-18.39522],[32.65358,-18.39514],[32.6536,-18.39508],[32.6536,-18.39495],[32.6536,-18.3945],[32.65363,-18.39436],[32.65373,-18.39416],[32.65397,-18.39385],[32.65402,-18.39378],[32.65412,-18.39369],[32.65471,-18.39333],[32.65487,-18.39319],[32.65506,-18.39295],[32.6553,-18.39264],[32.65547,-18.39245],[32.65569,-18.39226],[32.65597,-18.39207],[32.65662,-18.39163],[32.65712,-18.39127],[32.65746,-18.39112],[32.65753,-18.39103],[32.65756,-18.39096],[32.65762,-18.39087],[32.65783,-18.39066],[32.65786,-18.39059],[32.65804,-18.38982],[32.65805,-18.38978],[32.65809,-18.38976],[32.65814,-18.38976],[32.65855,-18.38983],[32.65935,-18.38996],[32.65945,-18.38995],[32.65955,-18.38992],[32.65963,-18.38985],[32.6597,-18.38975],[32.6598,-18.38964],[32.65993,-18.38956],[32.66014,-18.38945],[32.66077,-18.38918],[32.66264,-18.38879],[32.6636,-18.38858],[32.66442,-18.38842],[32.66503,-18.38828],[32.66516,-18.38818],[32.66529,-18.38804],[32.66544,-18.3878],[32.66554,-18.3876],[32.66583,-18.38671],[32.6663,-18.38535],[32.6665,-18.38468],[32.66654,-18.3845],[32.66653,-18.3843],[32.66652,-18.38417],[32.66646,-18.38371],[32.66642,-18.38315],[32.66643,-18.38295],[32.66646,-18.38281],[32.66652,-18.38269],[32.66732,-18.38143],[32.66761,-18.38097],[32.66764,-18.3809],[32.66766,-18.38082],[32.66767,-18.38075],[32.66758,-18.38057],[32.66727,-18.38],[32.66715,-18.37966],[32.667,-18.37915],[32.66689,-18.37893],[32.66684,-18.37887],[32.66672,-18.3788],[32.66656,-18.37872],[32.66629,-18.3784],[32.66601,-18.37801],[32.66597,-18.37791],[32.66597,-18.37786],[32.66598,-18.37781],[32.66611,-18.37768]]}},{"type":"Feature","properties":{"kind":"road","name":""},"geometry":{"type":"LineString","coordinates":[[32.94687,-18.39837],[32.94687,-18.3984],[32.94687,-18.39843],[32.94685,-18.39848],[32.94681,-18.39853],[32.94671,-18.39864],[32.94661,-18.39877],[32.94659,-18.39882],[32.94658,-18.39888],[32.94658,-18.39893],[32.94659,-18.39899],[32.94661,-18.39904],[32.94667,-18.3991],[32.94671,-18.39913],[32.94677,-18.39916],[32.94684,-18.39918],[32.94694,-18.39919],[32.94703,-18.39919],[32.94716,-18.39918],[32.94748,-18.39914],[32.94868,-18.39897],[32.94884,-18.39897],[32.94912,-18.39895],[32.94923,-18.39895],[32.94932,-18.39897],[32.9494,-18.399],[32.94948,-18.39905],[32.94956,-18.39912],[32.94962,-18.39923],[32.94973,-18.39949],[32.94986,-18.39982],[32.94991,-18.39988],[32.94998,-18.39995],[32.95003,-18.4],[32.95011,-18.40003],[32.95019,-18.40004],[32.95027,-18.40002],[32.95036,-18.4],[32.95039,-18.39997],[32.95043,-18.39992],[32.95044,-18.39987],[32.95044,-18.3998],[32.95039,-18.39964],[32.95036,-18.3995],[32.95036,-18.39942],[32.95037,-18.39934],[32.95041,-18.39921],[32.95048,-18.3991],[32.95057,-18.39903],[32.95067,-18.39899],[32.95075,-18.39898],[32.95082,-18.399],[32.95089,-18.39904],[32.95094,-18.3991],[32.95097,-18.39917],[32.951,-18.39927],[32.95106,-18.39958],[32.95115,-18.3999],[32.95124,-18.40011],[32.95152,-18.40079],[32.95155,-18.40091],[32.95158,-18.40108],[32.95159,-18.40115],[32.95158,-18.40127],[32.95157,-18.40138],[32.95153,-18.40144],[32.95143,-18.40157],[32.95131,-18.40175],[32.95127,-18.40183],[32.95125,-18.40192],[32.95126,-18.40198],[32.95127,-18.40203],[32.9513,-18.40209],[32.95133,-18.40214],[32.9515,-18.40225],[32.95171,-18.40238],[32.95184,-18.40248],[32.95192,-18.40257],[32.95231,-18.40301],[32.95238,-18.4031],[32.95242,-18.40319],[32.95247,-18.40331],[32.95251,-18.40344],[32.95254,-18.40359],[32.95273,-18.4046],[32.95276,-18.40518],[32.95277,-18.40569],[32.95276,-18.40604],[32.9528,-18.40625],[32.95285,-18.40638],[32.95294,-18.40652],[32.95311,-18.40665],[32.9533,-18.40674],[32.95358,-18.40685],[32.95393,-18.40695],[32.95434,-18.40701],[32.95467,-18.40703],[32.95522,-18.40706],[32.95622,-18.40719],[32.95733,-18.40741],[32.95792,-18.40753],[32.95838,-18.40759],[32.95863,-18.4076],[32.95879,-18.40759],[32.95889,-18.40756],[32.959,-18.40751],[32.95921,-18.40737],[32.95956,-18.40705],[32.95985,-18.40681],[32.95998,-18.40672],[32.96013,-18.40664],[32.96038,-18.40657],[32.96078,-18.40644],[32.96092,-18.40638],[32.96101,-18.40634],[32.96108,-18.40626],[32.96115,-18.4062],[32.96124,-18.40603],[32.96128,-18.40596],[32.96146,-18.40554],[32.9615,-18.40547],[32.96157,-18.40535],[32.96167,-18.40523],[32.96174,-18.40515],[32.96181,-18.40509],[32.96192,-18.405],[32.96206,-18.40491],[32.96283,-18.40443],[32.96354,-18.40397],[32.9639,-18.40372],[32.96404,-18.4036],[32.96415,-18.4035],[32.96428,-18.40337],[32.96437,-18.40327],[32.96448,-18.40311],[32.96457,-18.40296],[32.96466,-18.40285],[32.96475,-18.40278],[32.96483,-18.4027],[32.9649,-18.40265],[32.96506,-18.40253],[32.96518,-18.40245],[32.96593,-18.40197],[32.96616,-18.40182],[32.96629,-18.40173],[32.96641,-18.40162],[32.96658,-18.40144],[32.96676,-18.4012],[32.96695,-18.40087],[32.96727,-18.40037],[32.96754,-18.40007],[32.96782,-18.39977],[32.96839,-18.39923],[32.96861,-18.39903],[32.96879,-18.39885],[32.96889,-18.39874],[32.96897,-18.39863],[32.96911,-18.39839],[32.96945,-18.39776],[32.96963,-18.39752],[32.96981,-18.3973],[32.96993,-18.39719],[32.97008,-18.39708],[32.97057,-18.39677],[32.97068,-18.39667],[32.97076,-18.39658],[32.97081,-18.39649],[32.97083,-18.39642],[32.97086,-18.39622],[32.97085,-18.39609],[32.97082,-18.39583],[32.9708,-18.39566]]}},{"type":"Feature","properties":{"kind":"road","name":""},"geometry":{"type":"LineString","coordinates":[[32.93381,-18.18833],[32.93417,-18.18807],[32.93455,-18.18766],[32.93516,-18.18684],[32.93527,-18.18638],[32.93526,-18.18582],[32.93572,-18.18317],[32.93569,-18.18183],[32.93575,-18.18127],[32.93593,-18.18045],[32.93604,-18.17965],[32.93639,-18.1782],[32.93671,-18.17779],[32.93689,-18.17755],[32.93736,-18.17728],[32.93808,-18.17715],[32.93878,-18.17712],[32.93959,-18.17698],[32.94006,-18.17675],[32.94068,-18.1763],[32.94097,-18.17565],[32.94136,-18.17512],[32.94179,-18.17474],[32.94229,-18.17424],[32.94285,-18.17305],[32.94322,-18.1718],[32.94323,-18.17142],[32.94329,-18.17118],[32.94334,-18.17106],[32.94367,-18.17071],[32.94406,-18.17037],[32.94423,-18.17017],[32.94426,-18.16989],[32.94444,-18.16969],[32.94468,-18.16958],[32.94531,-18.16929],[32.94572,-18.16915],[32.94616,-18.16887],[32.94738,-18.16702],[32.94839,-18.16608],[32.94888,-18.16567],[32.94949,-18.16533],[32.95036,-18.16507],[32.95071,-18.16496],[32.95077,-18.16486],[32.95081,-18.16479],[32.95087,-18.16477],[32.951,-18.16481],[32.95118,-18.16476],[32.95138,-18.16462],[32.95161,-18.16436],[32.9519,-18.16399],[32.95254,-18.16338],[32.95304,-18.16293],[32.95351,-18.16262],[32.95376,-18.16249],[32.95398,-18.1624],[32.95412,-18.16228],[32.95423,-18.16215],[32.95447,-18.16193],[32.95453,-18.16184],[32.95463,-18.16172],[32.95483,-18.16151],[32.95498,-18.16124],[32.95506,-18.16098],[32.95514,-18.16077],[32.95521,-18.16069],[32.95536,-18.16059],[32.95553,-18.16051],[32.95562,-18.16045],[32.95569,-18.16035],[32.9558,-18.16016],[32.95586,-18.16005],[32.95591,-18.15997],[32.95591,-18.15988],[32.95583,-18.15978],[32.95577,-18.1597],[32.95573,-18.15962],[32.95576,-18.15945],[32.95591,-18.15929],[32.95611,-18.1591],[32.95631,-18.1589],[32.95641,-18.15878],[32.9565,-18.15864],[32.9566,-18.15855],[32.95668,-18.15844],[32.95677,-18.15832],[32.95683,-18.15821],[32.9569,-18.15811],[32.95696,-18.15801],[32.95699,-18.15794],[32.95701,-18.15784],[32.957,-18.15775],[32.95694,-18.15768],[32.95676,-18.15761],[32.95662,-18.15753],[32.95647,-18.15742],[32.95638,-18.15733],[32.95629,-18.15721],[32.95626,-18.15711],[32.95626,-18.15702],[32.95629,-18.1569],[32.95625,-18.15677],[32.95619,-18.15666],[32.95608,-18.15646],[32.95594,-18.1563],[32.9558,-18.1562],[32.95562,-18.15619],[32.95542,-18.15617],[32.95532,-18.1561],[32.95531,-18.15598],[32.9553,-18.15574],[32.9553,-18.15534],[32.95533,-18.15512],[32.95532,-18.15489],[32.95521,-18.15472],[32.95505,-18.15449],[32.95496,-18.15428],[32.95481,-18.15408],[32.95469,-18.15397],[32.95431,-18.15379],[32.95374,-18.15363],[32.95331,-18.15356],[32.95316,-18.15345],[32.95298,-18.15326],[32.95289,-18.15303],[32.95285,-18.15285],[32.95278,-18.15272],[32.95268,-18.15264],[32.95264,-18.15254],[32.95262,-18.15246],[32.95265,-18.1523],[32.95275,-18.15214],[32.95282,-18.15197],[32.95286,-18.15178],[32.95281,-18.15152],[32.95279,-18.15134],[32.95281,-18.15109],[32.95284,-18.15092],[32.95286,-18.15078],[32.95285,-18.15069],[32.95281,-18.15043],[32.95276,-18.15018],[32.95267,-18.15002],[32.9526,-18.14992],[32.95248,-18.14984],[32.95234,-18.14979],[32.95209,-18.14974],[32.95194,-18.14972],[32.95185,-18.14967],[32.95178,-18.14958],[32.95178,-18.14947],[32.95184,-18.1494],[32.95195,-18.14932],[32.95198,-18.14925],[32.95199,-18.14912],[32.95205,-18.14898],[32.95213,-18.14889],[32.95229,-18.14876],[32.95247,-18.14862],[32.95256,-18.14851],[32.95262,-18.14836],[32.95262,-18.14827],[32.95259,-18.14819],[32.95251,-18.14809],[32.95242,-18.14802],[32.95235,-18.1479],[32.95234,-18.14778],[32.95234,-18.1476],[32.95237,-18.14742],[32.95245,-18.14725],[32.95254,-18.14709],[32.95264,-18.14695],[32.9527,-18.14684],[32.95273,-18.14669]]}},{"type":"Feature","properties":{"kind":"road","name":"Binya Road"},"geometry":{"type":"LineString","coordinates":[[32.73721,-18.14727],[32.73711,-18.147],[32.73703,-18.14673],[32.73678,-18.14552],[32.73665,-18.14489],[32.73654,-18.1443],[32.73632,-18.1434],[32.73626,-18.14317],[32.73619,-18.1429],[32.73612,-18.14269],[32.73602,-18.14246],[32.73593,-18.1423],[32.73584,-18.14212],[32.73538,-18.14142],[32.73528,-18.14124],[32.73519,-18.14105],[32.73512,-18.14089],[32.73506,-18.14067],[32.73502,-18.14051],[32.735,-18.14028],[32.73498,-18.13998],[32.73496,-18.13942],[32.73486,-18.13847],[32.73475,-18.13706],[32.73475,-18.13699],[32.73473,-18.1368],[32.73472,-18.13669],[32.73454,-18.13502],[32.73451,-18.13487],[32.73447,-18.13463],[32.73441,-18.13443],[32.73434,-18.13422],[32.73425,-18.134],[32.73414,-18.13383],[32.73405,-18.13373],[32.73394,-18.13363],[32.73379,-18.13352],[32.73313,-18.13315],[32.73263,-18.13289],[32.73204,-18.13256],[32.73161,-18.1323],[32.73093,-18.13185],[32.73034,-18.13146],[32.72959,-18.13097],[32.72909,-18.13065],[32.72876,-18.13043],[32.72858,-18.13029],[32.72836,-18.13007],[32.72821,-18.1299],[32.72807,-18.12972],[32.72757,-18.12891],[32.72743,-18.12865],[32.72729,-18.12837],[32.7271,-18.12791],[32.72699,-18.12757],[32.72674,-18.12664],[32.72619,-18.12461],[32.7259,-18.12364],[32.72583,-18.12342],[32.72575,-18.12321],[32.72555,-18.12268],[32.72529,-18.12212],[32.7252,-18.12192],[32.72505,-18.12164],[32.72467,-18.12084],[32.72412,-18.1198],[32.72393,-18.11936],[32.72387,-18.1192],[32.72382,-18.11903],[32.7237,-18.11859],[32.72366,-18.11843],[32.72363,-18.11826],[32.7236,-18.11806]]}},{"type":"Feature","properties":{"kind":"road","name":""},"geometry":{"type":"LineString","coordinates":[[32.94973,-18.07137],[32.9499,-18.07166],[32.95012,-18.07201],[32.95081,-18.07274],[32.95113,-18.0731],[32.95127,-18.07328],[32.95141,-18.07355],[32.95167,-18.07409],[32.95191,-18.07464],[32.95219,-18.07542],[32.95236,-18.07613],[32.9525,-18.07651],[32.95252,-18.07668],[32.95251,-18.07683],[32.95244,-18.07701],[32.95223,-18.07743],[32.9521,-18.07763],[32.95201,-18.07774],[32.95184,-18.07785],[32.95168,-18.078],[32.9516,-18.07809],[32.95147,-18.07839],[32.95132,-18.07868],[32.95115,-18.07883],[32.95102,-18.0789],[32.9507,-18.07897],[32.95028,-18.07901],[32.95004,-18.07907],[32.9498,-18.07917],[32.94933,-18.07947],[32.94914,-18.07963],[32.94902,-18.07976],[32.94881,-18.08009],[32.9487,-18.08027],[32.94865,-18.08042],[32.94859,-18.08064],[32.94849,-18.08156],[32.94846,-18.08183],[32.94843,-18.082],[32.94837,-18.08212],[32.94816,-18.08247],[32.94789,-18.08288],[32.94731,-18.08365],[32.94702,-18.08397],[32.9463,-18.08474],[32.94576,-18.08541],[32.9456,-18.08559],[32.94487,-18.08618],[32.94445,-18.08657],[32.94431,-18.08673],[32.94423,-18.08691],[32.94418,-18.08714],[32.94387,-18.08894],[32.94385,-18.08915],[32.94387,-18.08957],[32.94392,-18.08986],[32.94399,-18.09008],[32.94401,-18.09025],[32.944,-18.09041],[32.94397,-18.09055],[32.94396,-18.09065],[32.94388,-18.09074],[32.9438,-18.09082],[32.94353,-18.09105],[32.94245,-18.09192],[32.942,-18.09223],[32.94177,-18.09238],[32.94155,-18.09247],[32.93907,-18.09317],[32.93826,-18.09337],[32.93801,-18.09344],[32.93787,-18.0935],[32.93779,-18.09357],[32.9377,-18.09374],[32.93763,-18.09415],[32.93749,-18.09497],[32.93745,-18.09514],[32.93736,-18.09529],[32.93726,-18.0954],[32.93716,-18.09547],[32.93704,-18.09556],[32.93698,-18.09564],[32.93697,-18.09574],[32.937,-18.09583],[32.93708,-18.09599],[32.93729,-18.09629],[32.93734,-18.09642],[32.93734,-18.09661],[32.93726,-18.09675],[32.93717,-18.09683],[32.9369,-18.09695],[32.93649,-18.09712],[32.93575,-18.09731],[32.93558,-18.09737],[32.93552,-18.09742],[32.93547,-18.09748],[32.93547,-18.0976],[32.9355,-18.0977],[32.93577,-18.09838],[32.93603,-18.09875],[32.93618,-18.09899],[32.93624,-18.09914],[32.93626,-18.09932],[32.93625,-18.09951],[32.93622,-18.09987],[32.93618,-18.10004],[32.93614,-18.10025],[32.93608,-18.10049],[32.93605,-18.10064],[32.93603,-18.10096],[32.93602,-18.10126],[32.93598,-18.10158],[32.93597,-18.10189],[32.93605,-18.10229],[32.93625,-18.10255],[32.93646,-18.10271],[32.93673,-18.10291],[32.93695,-18.103],[32.93728,-18.10308],[32.93758,-18.10308],[32.93805,-18.10303],[32.93828,-18.10296],[32.93841,-18.10289],[32.9385,-18.10277],[32.93855,-18.10252],[32.93857,-18.10236],[32.93864,-18.10214],[32.93923,-18.10089],[32.9394,-18.1006],[32.93953,-18.10046],[32.93974,-18.10033],[32.94001,-18.10022],[32.94023,-18.10017],[32.94072,-18.1001],[32.94097,-18.10006],[32.94129,-18.10005],[32.94156,-18.10008],[32.94228,-18.10033],[32.94255,-18.1004],[32.94273,-18.10043],[32.94291,-18.1004],[32.94346,-18.10024],[32.94377,-18.10019],[32.94404,-18.10019],[32.94476,-18.1003],[32.94498,-18.10032],[32.94515,-18.10032],[32.94541,-18.10027],[32.94605,-18.10009],[32.94679,-18.09989],[32.94705,-18.09986],[32.94728,-18.09987],[32.94732,-18.09988],[32.94748,-18.09994],[32.94784,-18.10014],[32.94806,-18.10024],[32.94834,-18.10033],[32.94861,-18.10036],[32.94886,-18.10033],[32.94905,-18.1003],[32.94941,-18.10018],[32.94979,-18.10006],[32.95002,-18.10003],[32.9503,-18.10004],[32.95054,-18.1001],[32.95088,-18.10024],[32.9517,-18.10064],[32.95292,-18.1012],[32.95318,-18.10133],[32.95334,-18.10148],[32.95356,-18.10189],[32.95373,-18.10228],[32.95377,-18.10244],[32.95379,-18.10266],[32.95378,-18.10299],[32.9537,-18.10346],[32.95361,-18.10383],[32.95356,-18.10403],[32.95346,-18.10428],[32.95338,-18.10447]]}},{"type":"Feature","properties":{"kind":"river","name":""},"geometry":{"type":"LineString","coordinates":[[32.96718,-18.09456],[32.96755,-18.09455],[32.96779,-18.09445],[32.96811,-18.09427],[32.9686,-18.09433],[32.96929,-18.09434],[32.96983,-18.09398],[32.97013,-18.09384],[32.97037,-18.09352],[32.97058,-18.093],[32.97035,-18.09165],[32.97008,-18.09015],[32.9699,-18.08977],[32.96909,-18.08937],[32.96832,-18.08905],[32.96781,-18.08882],[32.96752,-18.08877],[32.96698,-18.08873],[32.96649,-18.08888],[32.96628,-18.08918],[32.96605,-18.08957],[32.96564,-18.08968],[32.96507,-18.08948],[32.9641,-18.08891],[32.96375,-18.0887],[32.96363,-18.08842],[32.96368,-18.08821],[32.96398,-18.08787],[32.96428,-18.0872],[32.96428,-18.08698],[32.96397,-18.08667],[32.96374,-18.08654],[32.96351,-18.08656],[32.96319,-18.08688],[32.96298,-18.08686],[32.96209,-18.08693],[32.96121,-18.08665],[32.96027,-18.08596],[32.95925,-18.08532],[32.95813,-18.0845],[32.95783,-18.08407],[32.95792,-18.08378],[32.95835,-18.08353],[32.95836,-18.08315],[32.95862,-18.08301],[32.95894,-18.08296],[32.9595,-18.08302],[32.95995,-18.0828],[32.96075,-18.08262],[32.96113,-18.08277],[32.96225,-18.08288],[32.96291,-18.08292],[32.96343,-18.0826],[32.96433,-18.08151],[32.96447,-18.08126],[32.96448,-18.08091],[32.96427,-18.08039],[32.96389,-18.07999],[32.96356,-18.07994],[32.96306,-18.07935],[32.96266,-18.07849],[32.96253,-18.07791],[32.96233,-18.07721],[32.96157,-18.07639],[32.96085,-18.07574],[32.96056,-18.07516],[32.96048,-18.07493],[32.96076,-18.07449],[32.9609,-18.07358],[32.96085,-18.07294],[32.96074,-18.07237],[32.96056,-18.07185],[32.96024,-18.07133],[32.95989,-18.07064],[32.95972,-18.06991],[32.95953,-18.06965],[32.95915,-18.06952],[32.95877,-18.06956],[32.95864,-18.06996],[32.95837,-18.07016],[32.95819,-18.07056],[32.95765,-18.071],[32.95714,-18.07118],[32.95668,-18.07118],[32.95643,-18.07094],[32.95584,-18.07046],[32.95528,-18.06976],[32.9551,-18.06942],[32.95498,-18.06878],[32.9551,-18.06821],[32.95528,-18.06779],[32.95519,-18.06684],[32.95523,-18.06655],[32.95557,-18.06643],[32.95568,-18.06626],[32.95595,-18.06588],[32.95674,-18.06534],[32.95718,-18.06501],[32.95733,-18.06472],[32.95713,-18.06449],[32.95704,-18.06412],[32.95691,-18.06353],[32.95645,-18.06283],[32.95636,-18.06241],[32.95623,-18.06202],[32.95594,-18.06192],[32.95543,-18.06234],[32.95353,-18.06177],[32.95333,-18.06108],[32.95315,-18.06025],[32.95263,-18.05962],[32.95219,-18.05934],[32.95111,-18.05795],[32.95086,-18.05671],[32.9505,-18.05615],[32.94997,-18.05544],[32.94781,-18.05374],[32.94747,-18.05318],[32.94757,-18.05198],[32.94776,-18.05161],[32.94815,-18.05149],[32.94899,-18.05165],[32.9501,-18.05193],[32.95209,-18.05134],[32.95277,-18.0512],[32.95363,-18.05205],[32.95367,-18.05287],[32.95352,-18.05319],[32.95272,-18.05368],[32.95225,-18.0543],[32.95212,-18.055],[32.95277,-18.05616],[32.95325,-18.05641],[32.95372,-18.05583],[32.95404,-18.05493],[32.95502,-18.05396],[32.95703,-18.0533],[32.95886,-18.05298],[32.9592,-18.05282],[32.9595,-18.0522],[32.95848,-18.05053],[32.95716,-18.04877],[32.95684,-18.04879],[32.95643,-18.04872],[32.95523,-18.04833],[32.95449,-18.04777],[32.95401,-18.04691],[32.95295,-18.04501],[32.95253,-18.04435],[32.95186,-18.04305],[32.95188,-18.04214],[32.95188,-18.04152],[32.95126,-18.04131],[32.94839,-18.04074],[32.94738,-18.04022],[32.94681,-18.0393],[32.94687,-18.03851],[32.94755,-18.03763],[32.94797,-18.03596],[32.94858,-18.03403],[32.94907,-18.03282],[32.94932,-18.03169],[32.94981,-18.0312],[32.95065,-18.03029],[32.95091,-18.02943],[32.9504,-18.02886],[32.94925,-18.02782],[32.9485,-18.02768],[32.94447,-18.02811],[32.94398,-18.02833],[32.94376,-18.02864],[32.94353,-18.02935],[32.94334,-18.02986],[32.94276,-18.03039],[32.94238,-18.03072],[32.94231,-18.03109],[32.94185,-18.03185],[32.94147,-18.03238],[32.94085,-18.03292],[32.94022,-18.03312],[32.93931,-18.03292],[32.93834,-18.03263],[32.93758,-18.03284],[32.93686,-18.03315],[32.93631,-18.03307],[32.93604,-18.03288],[32.93601,-18.03262],[32.93614,-18.03195],[32.93652,-18.03149],[32.93691,-18.03116],[32.93748,-18.0308],[32.93761,-18.03023],[32.93721,-18.02936],[32.93676,-18.0285],[32.93662,-18.02754],[32.93646,-18.02633],[32.93634,-18.02557],[32.93613,-18.025],[32.93623,-18.02469],[32.93644,-18.02449],[32.93702,-18.02448],[32.93765,-18.0244],[32.93807,-18.02454],[32.93865,-18.02479],[32.93919,-18.02495],[32.93957,-18.02453],[32.93957,-18.02446],[32.93961,-18.02389],[32.93969,-18.02336],[32.93999,-18.02306],[32.9405,-18.02283],[32.94099,-18.02238],[32.94148,-18.02193],[32.9418,-18.02154],[32.94161,-18.02103],[32.94118,-18.0203],[32.94064,-18.0198],[32.93966,-18.01901],[32.93821,-18.01853],[32.93762,-18.01825],[32.9373,-18.01771],[32.93723,-18.01721],[32.93751,-18.01671],[32.93754,-18.01633],[32.93751,-18.01573],[32.93755,-18.01535],[32.93776,-18.01497],[32.93842,-18.01452],[32.93943,-18.01313],[32.94033,-18.01212],[32.94106,-18.011],[32.94207,-18.01039],[32.94295,-18.00974],[32.9434,-18.00977],[32.9438,-18.00997],[32.94425,-18.01002],[32.94485,-18.00966],[32.94483,-18.00905],[32.94497,-18.00861],[32.94513,-18.00804],[32.9457,-18.00756],[32.94618,-18.00689],[32.94653,-18.00654],[32.94653,-18.00604],[32.94702,-18.00569],[32.94771,-18.006],[32.9481,-18.00589],[32.94838,-18.00565],[32.94876,-18.00541],[32.94929,-18.00547],[32.95052,-18.00485],[32.95106,-18.00464],[32.95192,-18.00443],[32.95239,-18.00417],[32.95281,-18.0036],[32.95411,-18.0031],[32.95487,-18.00278],[32.95494,-18.00234],[32.95445,-18.00198],[32.95443,-18.00172],[32.95495,-18.00137],[32.95531,-18.00082],[32.9557,-18.00001],[32.95566,-17.99953],[32.95496,-17.99833],[32.95417,-17.9975],[32.95393,-17.9973],[32.95356,-17.9959],[32.95302,-17.99524],[32.95261,-17.9938],[32.95248,-17.99305],[32.95167,-17.99243],[32.95023,-17.99153],[32.94919,-17.99136],[32.94854,-17.99141],[32.94772,-17.99213],[32.94698,-17.99231],[32.94554,-17.9931],[32.94489,-17.99327],[32.94465,-17.99266],[32.94402,-17.99166],[32.94306,-17.99078],[32.94282,-17.99014],[32.94274,-17.98911],[32.94266,-17.98863],[32.94185,-17.98811],[32.94158,-17.98847],[32.94116,-17.98826],[32.93976,-17.988],[32.93924,-17.98767],[32.9381,-17.98706],[32.93737,-17.98671],[32.9372,-17.98606],[32.9376,-17.98494],[32.93783,-17.98481],[32.93891,-17.98481],[32.93938,-17.98448],[32.93928,-17.98404],[32.93924,-17.98303],[32.9394,-17.98263],[32.94014,-17.98244],[32.94085,-17.98227],[32.9418,-17.98226],[32.9423,-17.98153],[32.94262,-17.98082],[32.94311,-17.98029],[32.9445,-17.98043],[32.94518,-17.98024],[32.94572,-17.97981],[32.94554,-17.97914],[32.94523,-17.9785],[32.94577,-17.9779],[32.94579,-17.97715],[32.94604,-17.97574],[32.94589,-17.97428],[32.94612,-17.97323],[32.9458,-17.97212],[32.94518,-17.9709],[32.94507,-17.97058],[32.94511,-17.97051],[32.94555,-17.96975],[32.94605,-17.96922],[32.94616,-17.96864],[32.94659,-17.96788],[32.94723,-17.96755],[32.94769,-17.96689],[32.94822,-17.9659],[32.9498,-17.96397],[32.95139,-17.96192],[32.952,-17.96142],[32.95254,-17.96105],[32.95395,-17.96087],[32.95597,-17.96144],[32.95778,-17.96168],[32.95887,-17.96231],[32.96006,-17.96344],[32.96204,-17.96378],[32.96369,-17.96482],[32.96418,-17.96506],[32.9656,-17.96472],[32.96628,-17.96397],[32.9678,-17.96279],[32.96828,-17.96242],[32.96843,-17.96159],[32.96866,-17.96073],[32.96865,-17.95988],[32.96858,-17.95915],[32.96778,-17.9576],[32.96766,-17.95608],[32.96773,-17.95478],[32.96816,-17.95412],[32.96853,-17.95384],[32.96931,-17.95355],[32.96954,-17.95295],[32.96986,-17.95229],[32.97089,-17.95135],[32.9717,-17.9505],[32.97192,-17.94933],[32.97182,-17.94873],[32.97158,-17.94767],[32.97177,-17.94665],[32.97231,-17.94581],[32.97256,-17.94525],[32.97236,-17.94492],[32.97177,-17.94412],[32.97146,-17.94335],[32.97165,-17.94201],[32.97196,-17.94068],[32.97248,-17.93993],[32.97289,-17.93985],[32.97341,-17.94005],[32.97407,-17.94039],[32.97475,-17.94044],[32.97499,-17.94015],[32.97487,-17.93975],[32.97413,-17.93931],[32.9734,-17.93864],[32.97321,-17.93731],[32.97205,-17.93574],[32.97182,-17.93528],[32.972,-17.93474],[32.97252,-17.93461],[32.97321,-17.93443],[32.97401,-17.93408],[32.9747,-17.93339],[32.97466,-17.93283],[32.97379,-17.93198],[32.9729,-17.93077],[32.9729,-17.92995],[32.97236,-17.92882],[32.97184,-17.92737],[32.97163,-17.92624],[32.9719,-17.9254],[32.97296,-17.92415],[32.97332,-17.92295],[32.97321,-17.92133],[32.97298,-17.91966],[32.97336,-17.91863],[32.9739,-17.91808],[32.97421,-17.918],[32.97517,-17.91822],[32.97614,-17.91862],[32.97807,-17.91935],[32.97914,-17.91969],[32.98037,-17.91995],[32.98142,-17.91972],[32.98195,-17.91927],[32.98306,-17.91853],[32.98342,-17.918],[32.98313,-17.91727],[32.98257,-17.91702],[32.9816,-17.91675],[32.98089,-17.91627],[32.98066,-17.91557],[32.97914,-17.91204],[32.97649,-17.91039],[32.97601,-17.91014],[32.97538,-17.91018],[32.97481,-17.91117],[32.97353,-17.91192],[32.9722,-17.9131],[32.97133,-17.91327],[32.97023,-17.9136],[32.96952,-17.91412],[32.96891,-17.91411],[32.96793,-17.91416],[32.96737,-17.91404],[32.96519,-17.91417],[32.96387,-17.9139],[32.96335,-17.91339],[32.96305,-17.91324],[32.96167,-17.91353],[32.96038,-17.91337],[32.95966,-17.91359],[32.95906,-17.9137],[32.95802,-17.91375],[32.95746,-17.91407],[32.95649,-17.91412],[32.95416,-17.91423],[32.9535,-17.91398],[32.953,-17.91318],[32.95291,-17.91265],[32.95325,-17.91246],[32.95376,-17.91257],[32.95417,-17.91277],[32.95476,-17.91275],[32.95535,-17.91237],[32.95545,-17.912],[32.95542,-17.9117],[32.95485,-17.9116],[32.95447,-17.91102],[32.95437,-17.91038],[32.95467,-17.90998],[32.95483,-17.90954],[32.95474,-17.90922],[32.95465,-17.9089],[32.95464,-17.90807],[32.95484,-17.9074],[32.95506,-17.90682],[32.95504,-17.90556],[32.95531,-17.90469],[32.95532,-17.90414],[32.95496,-17.9034],[32.95446,-17.90286],[32.95439,-17.90233],[32.95451,-17.90131],[32.95431,-17.90023],[32.9542,-17.89965],[32.95391,-17.89951],[32.95382,-17.89921],[32.95335,-17.89865],[32.95318,-17.89809],[32.95293,-17.89714],[32.95318,-17.89692],[32.95406,-17.8969],[32.95468,-17.89656],[32.95473,-17.89616],[32.9544,-17.89587],[32.95394,-17.89596],[32.95356,-17.89583],[32.95347,-17.89515],[32.95319,-17.8947],[32.95284,-17.89417],[32.95268,-17.89349],[32.95264,-17.89293],[32.95226,-17.89246],[32.95223,-17.89225],[32.95144,-17.89158],[32.95094,-17.8909],[32.9504,-17.89032],[32.95031,-17.89008],[32.95028,-17.88987],[32.95057,-17.88959],[32.95119,-17.88917],[32.95155,-17.88895],[32.95245,-17.88841],[32.95285,-17.888],[32.9526,-17.88679],[32.95225,-17.88626],[32.95188,-17.88543],[32.95223,-17.88442],[32.95235,-17.88384],[32.95208,-17.88328],[32.95121,-17.88192],[32.95112,-17.88159],[32.95131,-17.88114],[32.95192,-17.88042],[32.95245,-17.87942],[32.95247,-17.87876],[32.95282,-17.87815],[32.95327,-17.87764],[32.95379,-17.87726],[32.95423,-17.87731],[32.95478,-17.87766],[32.95526,-17.87759],[32.95582,-17.87725],[32.95601,-17.87701],[32.95588,-17.87663],[32.95597,-17.87629],[32.95628,-17.87608],[32.95677,-17.87582],[32.95709,-17.87538],[32.95771,-17.87487],[32.95803,-17.874],[32.95828,-17.87363],[32.95868,-17.87334],[32.95954,-17.8732],[32.96018,-17.87288],[32.96047,-17.87261],[32.96079,-17.87216],[32.96105,-17.87155],[32.96107,-17.87075],[32.96133,-17.87056],[32.96168,-17.87021],[32.96141,-17.86981],[32.96172,-17.86963],[32.96179,-17.86906],[32.96161,-17.8685],[32.96119,-17.8676],[32.96128,-17.86691],[32.96132,-17.86631],[32.96124,-17.86535],[32.96051,-17.86408],[32.96064,-17.86328],[32.96074,-17.8632],[32.96119,-17.86281],[32.96168,-17.86242],[32.96191,-17.86166],[32.96214,-17.86114],[32.96246,-17.86048],[32.96318,-17.85989],[32.96395,-17.85952],[32.96419,-17.85888],[32.9642,-17.85819],[32.96407,-17.85712],[32.96415,-17.85629],[32.96481,-17.85478],[32.96486,-17.85311],[32.96504,-17.8524],[32.96537,-17.85188],[32.96522,-17.85123],[32.96504,-17.85103],[32.96435,-17.85093],[32.96337,-17.8509],[32.96248,-17.85058],[32.96222,-17.84992],[32.96234,-17.84899],[32.96259,-17.84872],[32.96325,-17.84859],[32.96349,-17.84832],[32.96464,-17.84764],[32.96605,-17.84639],[32.96721,-17.84599],[32.96776,-17.84546],[32.96815,-17.84497],[32.96784,-17.84464],[32.96758,-17.84406],[32.96716,-17.84194],[32.96687,-17.83761],[32.96692,-17.83717],[32.96722,-17.83661],[32.96722,-17.83619],[32.96727,-17.8357],[32.96703,-17.83521],[32.96644,-17.83477],[32.96531,-17.83319],[32.96512,-17.83262],[32.96511,-17.83168],[32.96468,-17.83089],[32.96395,-17.82962],[32.96376,-17.82873],[32.96368,-17.82818],[32.96347,-17.82781],[32.96302,-17.82709],[32.96248,-17.82575],[32.9619,-17.82491],[32.96096,-17.824],[32.96052,-17.82332],[32.96038,-17.8226],[32.96075,-17.82237],[32.96156,-17.82241],[32.96226,-17.82224],[32.96278,-17.82173],[32.96308,-17.82091],[32.96295,-17.82035],[32.96237,-17.81944],[32.96219,-17.81888],[32.96237,-17.81828],[32.96209,-17.81758],[32.96179,-17.81713],[32.96118,-17.8167],[32.96062,-17.81646],[32.96034,-17.81624],[32.96036,-17.81568],[32.96056,-17.81494],[32.96085,-17.81395],[32.96149,-17.81329],[32.96196,-17.81307],[32.96457,-17.81183],[32.96522,-17.81153],[32.96531,-17.81074],[32.96527,-17.81035],[32.96669,-17.80811],[32.96693,-17.8075],[32.96707,-17.80706],[32.96742,-17.80666],[32.9685,-17.80642],[32.96936,-17.80637],[32.97012,-17.80598],[32.97036,-17.80533],[32.97055,-17.80435],[32.97123,-17.80359],[32.97214,-17.80222],[32.9724,-17.80109],[32.97266,-17.80049],[32.97327,-17.80002],[32.97373,-17.79909],[32.97456,-17.79839],[32.97547,-17.79823],[32.97612,-17.79843],[32.97636,-17.79907],[32.97611,-17.79949],[32.97564,-17.79977],[32.97536,-17.80039],[32.97541,-17.80125],[32.97565,-17.80187],[32.976,-17.80209],[32.97653,-17.80207],[32.97701,-17.80162],[32.97715,-17.80125],[32.97747,-17.80086],[32.97849,-17.80099],[32.97902,-17.80162],[32.97977,-17.80179],[32.98071,-17.8016],[32.9814,-17.80133],[32.98204,-17.80026],[32.98281,-17.7992],[32.98395,-17.79788],[32.98487,-17.79714],[32.98535,-17.79714],[32.98588,-17.79691],[32.98636,-17.7966],[32.9868,-17.79673],[32.98734,-17.79752],[32.98797,-17.79834],[32.98904,-17.7989],[32.99025,-17.80006],[32.99125,-17.79987],[32.99195,-17.7995],[32.99267,-17.79978],[32.99371,-17.79971],[32.994,-17.79995],[32.99406,-17.80052],[32.99463,-17.80133],[32.99498,-17.80283],[32.99577,-17.80376],[32.99619,-17.8039],[32.99672,-17.80369],[32.9976,-17.80358],[32.99835,-17.80345],[32.9994,-17.80371],[32.99979,-17.80374],[33.00043,-17.80347],[33.00092,-17.80346],[33.00178,-17.8036],[33.00291,-17.80373],[33.00362,-17.80358],[33.0043,-17.80329],[33.00486,-17.80282],[33.00532,-17.80221],[33.00552,-17.8012],[33.0055,-17.80053],[33.00473,-17.7991],[33.00479,-17.79851],[33.00509,-17.79821],[33.00544,-17.79832],[33.00606,-17.79832],[33.00669,-17.79824],[33.00694,-17.79846],[33.00732,-17.79897],[33.00775,-17.79916],[33.00843,-17.79948],[33.00892,-17.80042],[33.00975,-17.80108],[33.01036,-17.80169],[33.01018,-17.80225],[33.01025,-17.80295],[33.0109,-17.80306],[33.01166,-17.80411],[33.01241,-17.80578],[33.01267,-17.80635],[33.01368,-17.80682],[33.01434,-17.80683],[33.01497,-17.80647],[33.01547,-17.80603],[33.01592,-17.80575],[33.01629,-17.80515],[33.01653,-17.80414],[33.01671,-17.80382],[33.01713,-17.80356],[33.01768,-17.80338],[33.01832,-17.80279],[33.01859,-17.80194],[33.01842,-17.80132],[33.01831,-17.80113],[33.01797,-17.80104],[33.01752,-17.80107],[33.01663,-17.80061],[33.01542,-17.7997],[33.01458,-17.7991],[33.01339,-17.79757],[33.01313,-17.797],[33.01321,-17.79619],[33.0136,-17.79528],[33.01376,-17.79433],[33.01356,-17.79394],[33.01333,-17.79307],[33.0135,-17.7916],[33.01364,-17.79109],[33.01428,-17.7908],[33.01477,-17.79047],[33.01481,-17.79002],[33.0137,-17.78821],[33.0133,-17.78773],[33.01268,-17.78748],[33.01235,-17.78779],[33.01164,-17.78794],[33.01145,-17.78755],[33.0116,-17.78706],[33.0115,-17.78631],[33.01151,-17.78537],[33.01164,-17.7851],[33.01216,-17.78496],[33.01261,-17.78471],[33.01307,-17.78452],[33.01353,-17.78472],[33.01423,-17.78512],[33.01515,-17.78561],[33.01685,-17.7862],[33.01772,-17.78631],[33.01861,-17.78611],[33.019,-17.78572],[33.01955,-17.78496],[33.02006,-17.78461],[33.02041,-17.78448],[33.02163,-17.78324],[33.0224,-17.78252],[33.02265,-17.78202],[33.02261,-17.78135],[33.02246,-17.78044],[33.02252,-17.7798],[33.02266,-17.77874],[33.02242,-17.77835],[33.02188,-17.77821],[33.02057,-17.77858],[33.01986,-17.77901],[33.01911,-17.77919],[33.01869,-17.77891],[33.01875,-17.7779],[33.01877,-17.77751],[33.01929,-17.77701],[33.01945,-17.77607],[33.01945,-17.77551],[33.01912,-17.77456],[33.01927,-17.77397],[33.01934,-17.77323],[33.01929,-17.7723],[33.01912,-17.77115],[33.01834,-17.7702],[33.01733,-17.76956],[33.01696,-17.76879],[33.01679,-17.76793],[33.01667,-17.76684],[33.01719,-17.76566],[33.01738,-17.765],[33.01874,-17.76337],[33.01988,-17.76196],[33.02038,-17.76153],[33.02141,-17.76118],[33.02226,-17.76128],[33.02318,-17.76139],[33.02384,-17.76098],[33.02425,-17.76107],[33.02491,-17.76144],[33.0262,-17.76147],[33.02706,-17.76147],[33.02831,-17.76152],[33.02917,-17.76121],[33.02984,-17.76068],[33.02997,-17.75977],[33.02991,-17.75885],[33.02941,-17.75737],[33.02886,-17.75677],[33.02864,-17.75627],[33.0285,-17.7555],[33.02861,-17.75495],[33.02867,-17.75403],[33.02888,-17.75293],[33.02942,-17.75194],[33.02973,-17.74988],[33.0296,-17.74826],[33.02936,-17.74775],[33.02907,-17.74721],[33.02837,-17.74669],[33.0276,-17.74635],[33.02691,-17.74609],[33.02644,-17.74613],[33.02599,-17.74619],[33.02572,-17.74644],[33.02567,-17.74678],[33.02584,-17.7475],[33.02594,-17.74838],[33.02602,-17.74954],[33.02588,-17.75],[33.0256,-17.75017],[33.02548,-17.75034],[33.02439,-17.75102],[33.02288,-17.75144],[33.02207,-17.75169],[33.02112,-17.75157],[33.0203,-17.75149],[33.01967,-17.75167],[33.01898,-17.7524],[33.01775,-17.75307],[33.01631,-17.75347],[33.01581,-17.75307],[33.01589,-17.75238],[33.01599,-17.75158],[33.01642,-17.7513],[33.01687,-17.75112],[33.01768,-17.75078],[33.018,-17.75036],[33.01763,-17.74924],[33.01691,-17.74538],[33.01657,-17.74508],[33.01588,-17.74525],[33.01467,-17.74593],[33.01348,-17.74654],[33.01304,-17.74669],[33.0128,-17.74674],[33.01252,-17.74706],[33.01186,-17.74724],[33.01044,-17.74643],[33.0083,-17.74543],[33.00783,-17.74498],[33.00747,-17.7444],[33.00681,-17.74353],[33.00606,-17.7426],[33.00631,-17.74188],[33.00671,-17.7408],[33.0068,-17.7401],[33.00714,-17.73982],[33.00755,-17.73935],[33.00857,-17.73909],[33.00926,-17.73837],[33.00974,-17.73721],[33.01045,-17.73647],[33.01077,-17.73566],[33.01073,-17.73536],[33.01007,-17.73522],[33.00949,-17.73475],[33.00857,-17.73437],[33.00741,-17.73415],[33.0072,-17.73366],[33.00726,-17.7329],[33.00728,-17.73155],[33.00749,-17.73117],[33.0079,-17.73092],[33.00889,-17.73062],[33.01008,-17.73036],[33.01095,-17.72959],[33.01111,-17.72827],[33.0107,-17.72619],[33.0108,-17.72475],[33.01116,-17.72378],[33.0113,-17.72223],[33.01099,-17.72119],[33.01065,-17.72001],[33.01081,-17.71953],[33.01136,-17.7192],[33.01221,-17.7192],[33.01334,-17.71947],[33.0141,-17.71999],[33.01583,-17.72081],[33.0173,-17.72189],[33.01939,-17.72382],[33.02077,-17.725],[33.02173,-17.72513],[33.02306,-17.72482],[33.02498,-17.72394],[33.02648,-17.72392],[33.02754,-17.72374],[33.02863,-17.72319],[33.02907,-17.72222],[33.02884,-17.72143],[33.02837,-17.71978],[33.02819,-17.71894],[33.02749,-17.71832],[33.02673,-17.71826],[33.02627,-17.71752],[33.02546,-17.71662],[33.02516,-17.71512],[33.02384,-17.7136],[33.02285,-17.71285],[33.02267,-17.71239],[33.02301,-17.71211],[33.02309,-17.71144],[33.02265,-17.71092],[33.02221,-17.7109],[33.02149,-17.7107],[33.0187,-17.71066],[33.01718,-17.71062],[33.01642,-17.71047],[33.01587,-17.70999],[33.01583,-17.70889],[33.01619,-17.7082],[33.01692,-17.70736],[33.01783,-17.70597],[33.0186,-17.70427],[33.01878,-17.70342],[33.0184,-17.7027],[33.01765,-17.70186],[33.01674,-17.70153],[33.01658,-17.70142],[33.01679,-17.70057],[33.0169,-17.69954],[33.01729,-17.69848],[33.01763,-17.69751],[33.01765,-17.69671],[33.01798,-17.69571],[33.0179,-17.69486],[33.01746,-17.69404],[33.01743,-17.69278],[33.01756,-17.69209],[33.0166,-17.69096],[33.01569,-17.68931],[33.01574,-17.68863],[33.01616,-17.68809],[33.01666,-17.6877],[33.01743,-17.68692],[33.0181,-17.68632],[33.01886,-17.68653],[33.02039,-17.68685],[33.02221,-17.68657],[33.02346,-17.68678],[33.02417,-17.68649],[33.02409,-17.68565],[33.02358,-17.68495],[33.0231,-17.6841],[33.02221,-17.68326],[33.02215,-17.68196],[33.02204,-17.6813],[33.02155,-17.68082],[33.02038,-17.68067],[33.01969,-17.68033],[33.01873,-17.68005],[33.01842,-17.67912],[33.01842,-17.67826],[33.01937,-17.67688],[33.02047,-17.67589],[33.0214,-17.67593],[33.02296,-17.6764],[33.02363,-17.67618],[33.02417,-17.67542],[33.02429,-17.67431],[33.02394,-17.67233],[33.02368,-17.67152],[33.02204,-17.66973],[33.02141,-17.66941],[33.02083,-17.66898],[33.02061,-17.66826],[33.02069,-17.66697],[33.02085,-17.66566],[33.02151,-17.66481],[33.02239,-17.66354],[33.0233,-17.66278],[33.02376,-17.66279],[33.02422,-17.66313],[33.0247,-17.6634],[33.02539,-17.66348],[33.02561,-17.66321],[33.02619,-17.66284],[33.02657,-17.66265],[33.02707,-17.66253],[33.02746,-17.6625],[33.02748,-17.6622],[33.02776,-17.66189],[33.0284,-17.6613],[33.0287,-17.6607],[33.02928,-17.66013],[33.03014,-17.6598],[33.03131,-17.65943],[33.03195,-17.65898],[33.0323,-17.65842],[33.03246,-17.65786],[33.03233,-17.65758],[33.03191,-17.65725],[33.03172,-17.65688],[33.03151,-17.65637],[33.03139,-17.65572],[33.03152,-17.65516],[33.03195,-17.65462],[33.0323,-17.65424],[33.03254,-17.65362],[33.03241,-17.65316],[33.03218,-17.65272],[33.03182,-17.65252],[33.03164,-17.65213],[33.03135,-17.65169],[33.03117,-17.65134],[33.03071,-17.65055],[33.03079,-17.65012],[33.03087,-17.64936],[33.03103,-17.64903],[33.03121,-17.64888],[33.0315,-17.64857],[33.03187,-17.6484],[33.03221,-17.64835],[33.03252,-17.64847],[33.03384,-17.64818],[33.03445,-17.64821],[33.03499,-17.64786],[33.03622,-17.64741],[33.03646,-17.64716],[33.03633,-17.64599],[33.03632,-17.64565],[33.03663,-17.64517],[33.03659,-17.64489],[33.03682,-17.6444],[33.03698,-17.64372],[33.03811,-17.64025],[33.03863,-17.63968],[33.03895,-17.63945],[33.0395,-17.63937],[33.04055,-17.63912],[33.04104,-17.63922],[33.04138,-17.63925],[33.04188,-17.63882],[33.04239,-17.63836],[33.04305,-17.63792],[33.04355,-17.63728],[33.04418,-17.63698],[33.04473,-17.6369],[33.04546,-17.63719],[33.0458,-17.63721],[33.0461,-17.63699],[33.04637,-17.63645],[33.04664,-17.636],[33.04734,-17.63555],[33.04772,-17.63507],[33.04788,-17.63424],[33.04787,-17.63364],[33.04742,-17.6331],[33.04722,-17.63295],[33.0468,-17.63295],[33.04592,-17.63266],[33.04553,-17.63232],[33.04523,-17.63165],[33.04498,-17.63099],[33.04478,-17.63026],[33.04484,-17.62968],[33.04474,-17.62931],[33.04435,-17.62868],[33.04422,-17.62798],[33.04436,-17.62765],[33.04491,-17.62677],[33.04509,-17.62618],[33.04499,-17.62594],[33.0449,-17.62522],[33.04485,-17.62437],[33.04513,-17.62335],[33.04532,-17.62316],[33.04576,-17.62288],[33.04624,-17.62191],[33.04655,-17.62076],[33.04681,-17.62015],[33.04684,-17.61928],[33.04675,-17.61843],[33.04664,-17.61816],[33.04648,-17.61737],[33.04659,-17.61632],[33.04661,-17.61554],[33.04677,-17.61508],[33.04732,-17.61466],[33.04776,-17.61424],[33.04786,-17.61374],[33.04731,-17.61305],[33.04707,-17.61207],[33.04636,-17.61073],[33.04624,-17.60986],[33.04624,-17.60834],[33.04657,-17.60704],[33.04681,-17.60677],[33.0474,-17.6066],[33.04947,-17.60631],[33.05056,-17.60624],[33.05209,-17.60598],[33.05262,-17.6059],[33.05343,-17.60557],[33.05405,-17.60514],[33.0541,-17.60478],[33.05385,-17.60432],[33.05364,-17.6037],[33.05346,-17.60332],[33.05286,-17.6031],[33.05276,-17.60282],[33.05155,-17.60195],[33.05051,-17.60145],[33.04902,-17.60102],[33.04759,-17.60004],[33.04708,-17.59935],[33.04697,-17.59892],[33.04684,-17.59835],[33.04641,-17.59791],[33.04604,-17.59798],[33.04547,-17.59831],[33.04448,-17.59786],[33.04372,-17.59745],[33.04341,-17.59688],[33.04325,-17.59482],[33.04327,-17.59334],[33.04254,-17.59163],[33.0422,-17.59124],[33.04148,-17.59081],[33.04145,-17.59031],[33.0419,-17.58955],[33.04219,-17.58898],[33.04226,-17.58831],[33.0421,-17.58766],[33.04083,-17.58678],[33.03995,-17.5862],[33.03945,-17.58607],[33.03881,-17.58616],[33.03788,-17.58607],[33.03675,-17.58512],[33.03637,-17.5842],[33.03634,-17.58369],[33.03609,-17.58298],[33.03573,-17.58215],[33.03528,-17.5817],[33.03464,-17.58103],[33.03332,-17.58122],[33.03211,-17.5808],[33.03116,-17.58052],[33.03071,-17.58001],[33.03025,-17.57882],[33.02993,-17.57637],[33.02972,-17.57604],[33.02929,-17.57581],[33.02896,-17.57596],[33.02864,-17.57637],[33.02834,-17.57664],[33.02773,-17.57679],[33.02713,-17.57657],[33.02615,-17.57614],[33.02484,-17.57524],[33.024,-17.57438],[33.02226,-17.57223],[33.022,-17.57207],[33.0216,-17.57213],[33.02118,-17.57236],[33.02093,-17.57234],[33.02058,-17.57207],[33.01997,-17.57107],[33.01962,-17.57081],[33.01944,-17.5704],[33.01955,-17.56991],[33.01932,-17.56952],[33.01907,-17.56927],[33.0188,-17.56931],[33.01825,-17.5696],[33.01779,-17.56963],[33.01725,-17.56944],[33.01653,-17.56955],[33.01589,-17.56947],[33.01475,-17.56914],[33.01358,-17.56911],[33.01156,-17.56888],[33.01102,-17.56911],[33.0104,-17.56932],[33.00998,-17.56914],[33.00962,-17.56854],[33.00942,-17.56791],[33.00895,-17.56702],[33.00705,-17.56551],[33.0066,-17.56547],[33.00517,-17.56587],[33.00368,-17.56652],[33.00289,-17.56732],[33.00146,-17.56763],[32.99992,-17.56733],[32.99931,-17.56744],[32.9985,-17.56817],[32.99798,-17.56833],[32.99733,-17.56828],[32.99608,-17.56797],[32.99499,-17.56772],[32.9939,-17.56692],[32.99343,-17.56616],[32.99321,-17.56517],[32.99286,-17.56465],[32.99197,-17.56357],[32.99049,-17.56175],[32.98879,-17.5607],[32.98801,-17.56051],[32.9871,-17.56073],[32.9862,-17.56067],[32.98573,-17.56056],[32.98458,-17.55989],[32.98356,-17.55945],[32.9835,-17.55902],[32.98363,-17.5584],[32.9835,-17.55806],[32.98306,-17.55751],[32.98246,-17.55706],[32.9824,-17.55631],[32.98236,-17.55579],[32.98258,-17.55556],[32.98249,-17.55484],[32.98263,-17.55415],[32.98316,-17.55362],[32.98338,-17.55315],[32.98336,-17.55253],[32.98338,-17.55204],[32.98275,-17.55055],[32.98243,-17.54937],[32.98295,-17.54744],[32.98274,-17.54691],[32.98266,-17.54633],[32.98289,-17.54519],[32.98296,-17.54471],[32.98251,-17.54449],[32.98182,-17.54421],[32.98059,-17.54297],[32.98051,-17.54254],[32.98032,-17.54213],[32.9795,-17.54134],[32.97907,-17.54077],[32.97859,-17.53982],[32.97778,-17.53834],[32.97694,-17.53764],[32.97626,-17.5365],[32.97583,-17.53492],[32.97542,-17.5339],[32.97489,-17.53294],[32.97487,-17.5325],[32.97502,-17.53179],[32.9748,-17.53108],[32.97378,-17.52999],[32.97357,-17.52965],[32.97299,-17.52938],[32.9726,-17.52934],[32.9723,-17.52915],[32.97199,-17.52875],[32.97162,-17.52861],[32.97124,-17.52844],[32.97113,-17.52796],[32.97109,-17.52744],[32.97094,-17.52689],[32.97006,-17.52469],[32.96979,-17.52401],[32.96965,-17.52318],[32.96941,-17.52247],[32.96863,-17.52159],[32.96782,-17.52007],[32.96764,-17.51875],[32.96798,-17.51773],[32.96799,-17.51715],[32.96763,-17.51673],[32.96758,-17.51595],[32.96767,-17.5151],[32.96769,-17.51441],[32.96761,-17.51308],[32.96701,-17.51156],[32.96678,-17.50973],[32.96679,-17.50784],[32.96627,-17.50579],[32.96515,-17.5019],[32.9651,-17.50078],[32.96492,-17.49982],[32.96383,-17.49703],[32.96368,-17.49599],[32.96336,-17.49453],[32.96381,-17.49184],[32.96389,-17.49064],[32.96385,-17.49012],[32.96406,-17.48824],[32.96446,-17.4866],[32.96457,-17.48559],[32.96471,-17.48468],[32.96523,-17.48336],[32.9653,-17.482],[32.96543,-17.47993],[32.96591,-17.47968],[32.96627,-17.47929],[32.9666,-17.47911],[32.9671,-17.47885],[32.96749,-17.47809],[32.96787,-17.47741],[32.96845,-17.47742],[32.96903,-17.47787],[32.96974,-17.47856],[32.97074,-17.47886],[32.97143,-17.47881],[32.97274,-17.47879],[32.97484,-17.47807],[32.97634,-17.47681],[32.97701,-17.47612],[32.97748,-17.47535],[32.97792,-17.47419],[32.97896,-17.47273],[32.98115,-17.4701],[32.98133,-17.46935],[32.9819,-17.46877],[32.98244,-17.46808],[32.98326,-17.46672],[32.98367,-17.46481],[32.98451,-17.46257],[32.98505,-17.46149],[32.98668,-17.46008],[32.98759,-17.45859],[32.98826,-17.45816],[32.98971,-17.45775],[32.99111,-17.45733],[32.992,-17.45618],[32.99237,-17.45472],[32.99271,-17.45348],[32.99372,-17.45235],[32.9941,-17.452],[32.99508,-17.4521],[32.9964,-17.45263],[32.99884,-17.45398],[32.99966,-17.45426],[33.0001,-17.4537],[33.00034,-17.4531],[33.00083,-17.45194],[33.00087,-17.45131],[33.00074,-17.45067],[32.99928,-17.4488],[32.99853,-17.44775],[32.99863,-17.44727],[32.99907,-17.44652],[32.99885,-17.44603],[32.99842,-17.44563],[32.99764,-17.44517],[32.99757,-17.44461],[32.99808,-17.44414],[32.99853,-17.44338],[32.99954,-17.44211],[32.99975,-17.44136],[33.00029,-17.44089],[33.0006,-17.44005],[33.00081,-17.43919],[33.00111,-17.43885],[33.00161,-17.43837],[33.00201,-17.43832],[33.00262,-17.43849],[33.00309,-17.43823],[33.00481,-17.43678],[33.00637,-17.43526],[33.00738,-17.43338],[33.00813,-17.43116],[33.00904,-17.42935],[33.00976,-17.42821],[33.00954,-17.42691],[33.00956,-17.42496],[33.00922,-17.42445],[33.00835,-17.42285],[33.00784,-17.42189],[33.00794,-17.42163],[33.01057,-17.42025],[33.01103,-17.4198],[33.01085,-17.4194],[33.01008,-17.41876],[33.00995,-17.41805],[33.00981,-17.41698],[33.00945,-17.41599],[33.00869,-17.41359],[33.00849,-17.41282],[33.00841,-17.41118],[33.00788,-17.40829],[33.00711,-17.40635],[33.00678,-17.40455],[33.00671,-17.40306],[33.00642,-17.40188],[33.00498,-17.40111],[33.00464,-17.40067],[33.00461,-17.39989],[33.0044,-17.3987],[33.00474,-17.39822],[33.00537,-17.39791],[33.00617,-17.39793],[33.00687,-17.39782],[33.00725,-17.39741],[33.00784,-17.39691],[33.0082,-17.39646],[33.00908,-17.39654],[33.01031,-17.39686],[33.01158,-17.39684],[33.01281,-17.39585],[33.01287,-17.3952],[33.01328,-17.39482],[33.01401,-17.3947],[33.01474,-17.39458],[33.01554,-17.39421],[33.0163,-17.3933],[33.0166,-17.39224],[33.01592,-17.38902],[33.01628,-17.38801],[33.01762,-17.38672],[33.02081,-17.38415],[33.02105,-17.38181],[33.02118,-17.37924],[33.02216,-17.37818],[33.02289,-17.37655],[33.02611,-17.37397],[33.0269,-17.37333],[33.02755,-17.37288],[33.02789,-17.37216],[33.02788,-17.37047],[33.02792,-17.36923],[33.0283,-17.36727],[33.02887,-17.3659],[33.02908,-17.3655],[33.02951,-17.36522],[33.03001,-17.36487],[33.03051,-17.36388],[33.03072,-17.36295],[33.0311,-17.36228],[33.03157,-17.36184],[33.03233,-17.36156],[33.03293,-17.36147],[33.03342,-17.36085],[33.03554,-17.35821],[33.0395,-17.35498],[33.04207,-17.35355],[33.04278,-17.35334],[33.04412,-17.35344],[33.04543,-17.35323],[33.04627,-17.35278],[33.04632,-17.35232],[33.04633,-17.35163],[33.04673,-17.35125],[33.04831,-17.35056],[33.04916,-17.35024],[33.05039,-17.34877],[33.05166,-17.34745],[33.05247,-17.34597],[33.05266,-17.34432],[33.05265,-17.34427],[33.05239,-17.34227],[33.05069,-17.33928],[33.04975,-17.33765],[33.04942,-17.33571],[33.04945,-17.33553]]}},{"type":"Feature","properties":{"kind":"river","name":"Gaerezi"},"geometry":{"type":"LineString","coordinates":[[32.86248,-18.28384],[32.86282,-18.28381],[32.86326,-18.2839],[32.86362,-18.28419],[32.86389,-18.2844],[32.86421,-18.28453],[32.86453,-18.28455],[32.86481,-18.28472],[32.86529,-18.28469],[32.86541,-18.28437],[32.86579,-18.2843],[32.86652,-18.28471],[32.86721,-18.28462],[32.86772,-18.28512],[32.86808,-18.28515],[32.8683,-18.28528],[32.86869,-18.28555],[32.86896,-18.28545],[32.86927,-18.28555],[32.86934,-18.28537],[32.87018,-18.28445],[32.87039,-18.28391],[32.87105,-18.2836],[32.87147,-18.28296],[32.8718,-18.28254],[32.87245,-18.28226],[32.87248,-18.28189],[32.87298,-18.28111],[32.87306,-18.2807],[32.87354,-18.28003],[32.87394,-18.27965],[32.87343,-18.27901],[32.8733,-18.27826],[32.87383,-18.27584],[32.87436,-18.27543],[32.87521,-18.27523],[32.87552,-18.27507],[32.87539,-18.27416],[32.87541,-18.27325],[32.87536,-18.27207],[32.87549,-18.27146],[32.87616,-18.2712],[32.87652,-18.27091],[32.87674,-18.26981],[32.87726,-18.26848],[32.87761,-18.26717],[32.87777,-18.26637],[32.87751,-18.26535],[32.87751,-18.26327],[32.87713,-18.26254],[32.87599,-18.26135],[32.8752,-18.26048],[32.87488,-18.26046],[32.87431,-18.26054],[32.87389,-18.26002],[32.87399,-18.25947],[32.87401,-18.25881],[32.87391,-18.25828],[32.87359,-18.25753],[32.87336,-18.25704],[32.87357,-18.25649],[32.8741,-18.25568],[32.87531,-18.25522],[32.87611,-18.25488],[32.87679,-18.25404],[32.87702,-18.25313],[32.87697,-18.25268],[32.87671,-18.25194],[32.87662,-18.25124],[32.87691,-18.25054],[32.87695,-18.25033],[32.87747,-18.24903],[32.87868,-18.24716],[32.87984,-18.24602],[32.88106,-18.2453],[32.88169,-18.24524],[32.8828,-18.24602],[32.88359,-18.24638],[32.88557,-18.24628],[32.88708,-18.24513],[32.8879,-18.24461],[32.88874,-18.24438],[32.88986,-18.24434],[32.89059,-18.24483],[32.89141,-18.2448],[32.89221,-18.24409],[32.89326,-18.24402],[32.89417,-18.24403],[32.89569,-18.24399],[32.89694,-18.24328],[32.89811,-18.24321],[32.89897,-18.24267],[32.89972,-18.24227],[32.90083,-18.24217],[32.90145,-18.24145],[32.90227,-18.2404],[32.9031,-18.23934],[32.90455,-18.23786],[32.90577,-18.23644],[32.9069,-18.23482],[32.90756,-18.23331],[32.90753,-18.23166],[32.90722,-18.2312],[32.9069,-18.23111],[32.90669,-18.23141],[32.90617,-18.2319],[32.90526,-18.23207],[32.90423,-18.23179],[32.90363,-18.23104],[32.90325,-18.23037],[32.90238,-18.2297],[32.90103,-18.22869],[32.89987,-18.22773],[32.89964,-18.22707],[32.89935,-18.22562],[32.89964,-18.22556],[32.90017,-18.22533],[32.90083,-18.22528],[32.90138,-18.22505],[32.90198,-18.22446],[32.90193,-18.22415],[32.90135,-18.22354],[32.90046,-18.22325],[32.89932,-18.22226],[32.89897,-18.22181],[32.89903,-18.22136],[32.89966,-18.22091],[32.90034,-18.22007],[32.90128,-18.21935],[32.90228,-18.21876],[32.90264,-18.21841],[32.90249,-18.21812],[32.9018,-18.21767],[32.90115,-18.21676],[32.90095,-18.21648],[32.90059,-18.21585],[32.9009,-18.21518],[32.90138,-18.21471],[32.90225,-18.21404],[32.90278,-18.21255],[32.90383,-18.21092],[32.90395,-18.21029],[32.90328,-18.20962],[32.90254,-18.20927],[32.90169,-18.20973],[32.90096,-18.21057],[32.89998,-18.21077],[32.89914,-18.21112],[32.8972,-18.2115],[32.89654,-18.21095],[32.89631,-18.21034],[32.89638,-18.20818],[32.89596,-18.20681],[32.89532,-18.20624],[32.89472,-18.20528],[32.89387,-18.20467],[32.89351,-18.20387],[32.89327,-18.20316],[32.89279,-18.20228],[32.89274,-18.20117],[32.89295,-18.19998],[32.89276,-18.19866],[32.89297,-18.19698],[32.89348,-18.19536],[32.89404,-18.19449],[32.89536,-18.19399],[32.89684,-18.19316],[32.89869,-18.19237],[32.89871,-18.1916],[32.89842,-18.19117],[32.89776,-18.1911],[32.89692,-18.19127],[32.89636,-18.19081],[32.89549,-18.19004],[32.89472,-18.18906],[32.89356,-18.18828],[32.89189,-18.18746],[32.89092,-18.18654],[32.89071,-18.18607],[32.89096,-18.18545],[32.89155,-18.18499],[32.89232,-18.18481],[32.89334,-18.18484],[32.89475,-18.18555],[32.89561,-18.18539],[32.89646,-18.18474],[32.89668,-18.18436],[32.89659,-18.1838],[32.8968,-18.18279],[32.89693,-18.18225],[32.89753,-18.18119],[32.89803,-18.18039],[32.89819,-18.17985],[32.89801,-18.17926],[32.89802,-18.1787],[32.89824,-18.17836],[32.89889,-18.17822],[32.89998,-18.17781],[32.9007,-18.17708],[32.90164,-18.1762],[32.90221,-18.17537],[32.9028,-18.17489],[32.90325,-18.17453],[32.90397,-18.17416],[32.90477,-18.17307],[32.90501,-18.17284],[32.90539,-18.17291],[32.90568,-18.17305],[32.90622,-18.17294],[32.90679,-18.1726],[32.9076,-18.17234],[32.90898,-18.17174],[32.91036,-18.17014],[32.91121,-18.16863],[32.91146,-18.1677],[32.91185,-18.16726],[32.91249,-18.16681],[32.91266,-18.1664],[32.91257,-18.16613],[32.91201,-18.16594],[32.91143,-18.16571],[32.91081,-18.16574],[32.91016,-18.16544],[32.9099,-18.16493],[32.90973,-18.16438],[32.90985,-18.16331],[32.91011,-18.16276],[32.91008,-18.1625],[32.90911,-18.16139],[32.90876,-18.1606],[32.90901,-18.16021],[32.90952,-18.15997],[32.90966,-18.15961],[32.90939,-18.15904],[32.90929,-18.15807],[32.90954,-18.15777],[32.9098,-18.15695],[32.90975,-18.15641],[32.90949,-18.15588],[32.90937,-18.15536],[32.90941,-18.15449],[32.90986,-18.15414],[32.91032,-18.15394],[32.91083,-18.15367],[32.91089,-18.15316],[32.91122,-18.15244],[32.91113,-18.15192],[32.9113,-18.15122],[32.91143,-18.15046],[32.91168,-18.15014],[32.91237,-18.14979],[32.91256,-18.14929],[32.9127,-18.14845],[32.91311,-18.14778],[32.91415,-18.14677],[32.91509,-18.14624],[32.91597,-18.14573],[32.91682,-18.1457],[32.91791,-18.14553],[32.91875,-18.14501],[32.91958,-18.14452],[32.92083,-18.14428],[32.92182,-18.14433],[32.92291,-18.14405],[32.9233,-18.14381],[32.92385,-18.14385],[32.92427,-18.14411],[32.92513,-18.14482],[32.92563,-18.1449],[32.92653,-18.1442],[32.92705,-18.14346],[32.92751,-18.1426],[32.92791,-18.14215],[32.92821,-18.14208],[32.9285,-18.14226],[32.92875,-18.14241],[32.92912,-18.14226],[32.92971,-18.14237],[32.93028,-18.14225],[32.93072,-18.14221],[32.93101,-18.14255],[32.9313,-18.14279],[32.93165,-18.14284],[32.93223,-18.14273],[32.93265,-18.14255],[32.93335,-18.14256],[32.93423,-18.14225],[32.93442,-18.14195],[32.93472,-18.14144],[32.93509,-18.14115],[32.93553,-18.14093],[32.93605,-18.14071],[32.93628,-18.14086],[32.93656,-18.14095],[32.93756,-18.14071],[32.93876,-18.14005],[32.93955,-18.1393],[32.93945,-18.13882],[32.93914,-18.13827],[32.93918,-18.13776],[32.93931,-18.1373],[32.93985,-18.13667],[32.94079,-18.13602],[32.94194,-18.13554],[32.9424,-18.13548],[32.94338,-18.13559],[32.94409,-18.13549],[32.94458,-18.13519],[32.94488,-18.13448],[32.94482,-18.1333],[32.94495,-18.13249],[32.94513,-18.13154],[32.94544,-18.13054],[32.94616,-18.12975],[32.94783,-18.12858],[32.94894,-18.12796],[32.94971,-18.12764],[32.94984,-18.12728],[32.9498,-18.12677],[32.94928,-18.12604],[32.94854,-18.12541],[32.94737,-18.12484],[32.94655,-18.12467],[32.94567,-18.12422],[32.94513,-18.12359],[32.94401,-18.12338],[32.9426,-18.12282],[32.94206,-18.12227],[32.94193,-18.12171],[32.94195,-18.12129],[32.94198,-18.12121],[32.94221,-18.12054],[32.94291,-18.11908],[32.943,-18.11832],[32.94343,-18.11793],[32.94408,-18.11776],[32.94461,-18.11736],[32.9453,-18.11702],[32.9461,-18.11694],[32.94696,-18.11652],[32.94763,-18.11631],[32.94787,-18.11656],[32.94828,-18.11746],[32.94852,-18.1186],[32.94889,-18.11933],[32.94944,-18.11941],[32.94982,-18.11914],[32.95122,-18.11872],[32.95153,-18.1185],[32.95423,-18.11798],[32.95453,-18.11757],[32.95432,-18.11714],[32.95399,-18.1159],[32.95363,-18.11452],[32.95366,-18.11418],[32.95395,-18.11397],[32.9549,-18.11399],[32.95585,-18.11347],[32.95628,-18.11302],[32.95618,-18.11249],[32.95535,-18.11161],[32.95432,-18.11097],[32.95238,-18.11029],[32.95176,-18.10982],[32.94819,-18.10766],[32.9474,-18.10758],[32.94728,-18.10683],[32.94701,-18.10568],[32.94709,-18.10473],[32.9472,-18.10376],[32.9473,-18.10306],[32.94773,-18.1024],[32.94832,-18.10209],[32.94899,-18.10207],[32.94927,-18.10248],[32.94943,-18.10269],[32.94959,-18.10329],[32.95341,-18.10475],[32.95535,-18.10512],[32.95605,-18.10472],[32.95661,-18.10425],[32.95674,-18.1035],[32.95706,-18.1029],[32.95757,-18.10213],[32.95753,-18.10155],[32.95733,-18.10112],[32.95698,-18.10077],[32.95671,-18.10025],[32.95647,-18.09977],[32.95648,-18.09956],[32.95649,-18.09905],[32.95667,-18.09882],[32.95716,-18.09855],[32.95782,-18.09811],[32.95856,-18.09778],[32.95967,-18.09743],[32.95994,-18.09744],[32.96111,-18.09787],[32.96256,-18.09815],[32.96283,-18.09779],[32.96246,-18.09691],[32.96202,-18.0958],[32.96148,-18.09538],[32.96054,-18.09509],[32.9605,-18.09472],[32.96004,-18.09412],[32.96014,-18.09378],[32.9602,-18.09286],[32.96032,-18.09246],[32.96066,-18.09239],[32.96072,-18.09251],[32.96206,-18.09306],[32.96445,-18.09392],[32.96522,-18.09417],[32.96579,-18.09419],[32.96632,-18.0942],[32.96718,-18.09456]]}},{"type":"Feature","properties":{"kind":"road","name":""},"geometry":{"type":"LineString","coordinates":[[32.97071,-18.39499],[32.97069,-18.39482],[32.97071,-18.3947],[32.97077,-18.39455],[32.97092,-18.39436],[32.9712,-18.39406],[32.97138,-18.39381],[32.97155,-18.39352],[32.97165,-18.3933],[32.97193,-18.39255],[32.97213,-18.39197],[32.97232,-18.39152],[32.97242,-18.39133],[32.97249,-18.39124],[32.97258,-18.39116],[32.97264,-18.39112],[32.97272,-18.39109],[32.97281,-18.39108],[32.9729,-18.39109],[32.97296,-18.39112],[32.97304,-18.39118],[32.97314,-18.39132],[32.97326,-18.39147],[32.97342,-18.39167],[32.97347,-18.39171],[32.97354,-18.39176],[32.97364,-18.39181],[32.97386,-18.39189],[32.97396,-18.39193],[32.97403,-18.39196],[32.9741,-18.39201],[32.97418,-18.39207],[32.97423,-18.39213],[32.97433,-18.39227],[32.97446,-18.39249],[32.97451,-18.3926],[32.97457,-18.3927],[32.97462,-18.39277],[32.9747,-18.39286],[32.97477,-18.39293],[32.97491,-18.39305],[32.97501,-18.39311],[32.97511,-18.39316],[32.97522,-18.3932],[32.97534,-18.39323],[32.97543,-18.39327],[32.97548,-18.39329],[32.97553,-18.39333],[32.97557,-18.39338],[32.9756,-18.39345],[32.97561,-18.39352],[32.97561,-18.3936],[32.97562,-18.39387],[32.97561,-18.39396],[32.97557,-18.39426],[32.97554,-18.39442],[32.97554,-18.39449],[32.97555,-18.3946],[32.97559,-18.39472],[32.97564,-18.39483],[32.97573,-18.39494],[32.97581,-18.39504],[32.976,-18.39527],[32.97604,-18.39533],[32.9761,-18.39544],[32.97626,-18.39574],[32.97634,-18.3959],[32.97639,-18.39597],[32.97643,-18.39601],[32.9765,-18.39606],[32.9766,-18.39612],[32.97668,-18.39616],[32.97692,-18.39625],[32.97739,-18.39639],[32.97751,-18.39643],[32.97762,-18.39648],[32.97773,-18.39653],[32.97783,-18.3966],[32.9779,-18.39666],[32.97795,-18.39674],[32.97799,-18.39684],[32.97803,-18.39695],[32.97805,-18.39707],[32.97805,-18.39734],[32.97806,-18.39755],[32.97807,-18.39761],[32.97809,-18.39766],[32.97812,-18.39773],[32.97816,-18.39779],[32.97821,-18.39783],[32.97827,-18.39787],[32.97836,-18.3979],[32.97845,-18.39791],[32.97857,-18.39791],[32.97868,-18.39789],[32.9794,-18.39774],[32.97954,-18.39773],[32.97983,-18.39772],[32.98006,-18.39772],[32.98021,-18.39772],[32.98036,-18.3977],[32.98057,-18.39765],[32.98067,-18.39763],[32.98072,-18.39762],[32.98079,-18.39763],[32.98085,-18.39766],[32.98091,-18.3977],[32.98094,-18.39775],[32.98098,-18.39784],[32.98101,-18.39798],[32.98104,-18.39817],[32.98106,-18.39828],[32.9811,-18.39835],[32.98114,-18.39841],[32.98123,-18.39847],[32.98132,-18.39851],[32.9814,-18.39853],[32.9815,-18.39853],[32.98157,-18.3985],[32.98164,-18.39847],[32.98169,-18.39841],[32.98173,-18.39835],[32.98175,-18.39827],[32.98176,-18.3982],[32.98175,-18.39793],[32.98175,-18.39784],[32.98177,-18.39773],[32.98185,-18.39751],[32.98199,-18.39725],[32.98205,-18.39719],[32.98211,-18.39714],[32.98219,-18.39711],[32.98226,-18.39709],[32.98236,-18.39709],[32.98246,-18.39709],[32.98253,-18.3971],[32.9826,-18.39713],[32.98269,-18.39718],[32.98275,-18.39723],[32.98281,-18.39731],[32.98285,-18.39741],[32.98327,-18.3985],[32.98334,-18.39861],[32.98342,-18.39874],[32.9835,-18.39885],[32.98378,-18.39915],[32.98389,-18.39927],[32.98397,-18.39937],[32.9841,-18.39954],[32.98429,-18.39976],[32.98447,-18.39999],[32.9845,-18.40004],[32.98457,-18.40017],[32.98463,-18.40034],[32.9847,-18.4006],[32.98481,-18.40084],[32.9849,-18.40104],[32.985,-18.40119],[32.98508,-18.40129],[32.98521,-18.40141],[32.9856,-18.40171],[32.9859,-18.40193],[32.98601,-18.402],[32.98611,-18.40206],[32.98622,-18.4021],[32.98635,-18.40214],[32.98656,-18.40218],[32.98673,-18.40219],[32.98689,-18.40219],[32.98704,-18.40217],[32.98733,-18.40212],[32.98777,-18.40204],[32.98798,-18.40201],[32.98818,-18.402],[32.98829,-18.402],[32.98838,-18.40202],[32.98849,-18.40205],[32.98859,-18.40212],[32.98877,-18.40229],[32.98923,-18.40283],[32.98954,-18.40315],[32.98967,-18.40325],[32.9898,-18.40334],[32.98993,-18.4034],[32.99014,-18.4035],[32.99031,-18.40355],[32.99044,-18.40358],[32.99069,-18.4036],[32.99094,-18.40362],[32.99167,-18.40362],[32.99224,-18.40362],[32.99234,-18.40363],[32.99247,-18.40364],[32.99258,-18.40367],[32.99271,-18.40371],[32.99285,-18.40376],[32.99299,-18.40383],[32.99338,-18.40406],[32.99372,-18.40428],[32.99405,-18.40447],[32.99411,-18.4045],[32.99423,-18.40456],[32.99433,-18.4046],[32.99462,-18.40468],[32.99545,-18.40486],[32.99598,-18.40494],[32.99617,-18.40496],[32.99632,-18.40497],[32.99653,-18.40496],[32.99666,-18.40494],[32.99678,-18.40491],[32.9969,-18.40487],[32.99698,-18.40483],[32.99714,-18.40475],[32.99731,-18.40464],[32.99756,-18.40445],[32.99784,-18.40422],[32.9979,-18.40418],[32.99798,-18.40413],[32.9981,-18.40408],[32.99818,-18.40405],[32.99828,-18.40403],[32.99841,-18.40401],[32.99848,-18.40401],[32.99856,-18.40401],[32.99863,-18.40403],[32.9987,-18.40407],[32.99893,-18.40424],[32.99918,-18.40444],[32.99934,-18.40456],[32.99941,-18.4046],[32.99948,-18.40463],[32.99956,-18.40466],[32.99965,-18.40467],[32.99976,-18.40469],[32.99987,-18.40468],[32.99995,-18.40467],[33.00003,-18.40465],[33.00027,-18.40455],[33.00043,-18.40448],[33.00048,-18.40446],[33.00055,-18.40445],[33.00063,-18.40444],[33.00085,-18.40444],[33.00119,-18.40445],[33.00127,-18.40445],[33.00143,-18.40445],[33.00149,-18.40444],[33.00161,-18.40441],[33.0017,-18.40436],[33.00179,-18.40432],[33.00188,-18.40426],[33.00207,-18.4041],[33.00215,-18.40401],[33.00218,-18.40397],[33.0022,-18.40393],[33.00225,-18.40381],[33.00228,-18.40371],[33.00232,-18.40355],[33.00233,-18.40345],[33.00242,-18.40246],[33.00243,-18.40239],[33.00244,-18.40233],[33.00247,-18.40228],[33.00251,-18.40224],[33.00258,-18.40219],[33.00265,-18.40215],[33.00276,-18.40209],[33.00283,-18.40205],[33.00289,-18.40201],[33.00293,-18.40196],[33.00297,-18.40189],[33.00299,-18.40183],[33.00299,-18.40175],[33.00297,-18.40153],[33.00289,-18.40109],[33.00288,-18.40086],[33.00291,-18.40065],[33.00308,-18.4001],[33.00311,-18.39997],[33.00312,-18.39987],[33.00311,-18.39975],[33.0031,-18.39967],[33.00306,-18.39953],[33.00304,-18.39945],[33.00299,-18.39935],[33.00292,-18.39926],[33.00287,-18.39922],[33.00277,-18.39912],[33.00273,-18.39907],[33.00267,-18.39899],[33.00256,-18.39884],[33.00241,-18.39861],[33.00238,-18.39856],[33.00236,-18.39852],[33.00235,-18.39848],[33.00234,-18.39844],[33.00233,-18.39839],[33.00234,-18.39825],[33.00237,-18.39811],[33.00244,-18.39783],[33.00262,-18.39718],[33.0027,-18.39686],[33.00273,-18.39642],[33.00274,-18.39627],[33.00274,-18.39622],[33.00276,-18.39615],[33.0028,-18.39597],[33.00282,-18.39589],[33.00284,-18.39581],[33.00284,-18.39571],[33.00284,-18.39556],[33.00283,-18.39548],[33.00281,-18.39532],[33.00277,-18.39512],[33.00264,-18.39468],[33.00261,-18.39459],[33.00259,-18.3945],[33.00256,-18.39447],[33.00254,-18.39444]]}},{"type":"Feature","properties":{"kind":"road","name":""},"geometry":{"type":"LineString","coordinates":[[32.73786,-18.35907],[32.73824,-18.35948],[32.7391,-18.36055],[32.73918,-18.36067],[32.73926,-18.36084],[32.73928,-18.36101],[32.73931,-18.3613],[32.73935,-18.36158],[32.7394,-18.36177],[32.73946,-18.36193],[32.73961,-18.36212],[32.7398,-18.36228],[32.74024,-18.36251],[32.74081,-18.36283],[32.74094,-18.36293],[32.74107,-18.36308],[32.7414,-18.36371],[32.74186,-18.36447],[32.74244,-18.36554],[32.74299,-18.3666],[32.7434,-18.36749],[32.74381,-18.3685],[32.74393,-18.36898],[32.74425,-18.37026],[32.74451,-18.3709],[32.74467,-18.37164],[32.74488,-18.37245],[32.74512,-18.37334],[32.74518,-18.37358],[32.74526,-18.37389],[32.74528,-18.37407],[32.74531,-18.37436],[32.7453,-18.3746],[32.74528,-18.37479],[32.74521,-18.37499],[32.74487,-18.37571],[32.74443,-18.37674],[32.74384,-18.37813],[32.74328,-18.37957],[32.74321,-18.37979],[32.74317,-18.38],[32.74316,-18.38024],[32.74321,-18.38076],[32.74329,-18.381],[32.74349,-18.38133],[32.74376,-18.38168],[32.74388,-18.38182],[32.74405,-18.38198],[32.74424,-18.38211],[32.74466,-18.38232],[32.74614,-18.38284],[32.74734,-18.38329],[32.74935,-18.384],[32.74968,-18.38409],[32.74992,-18.38418],[32.75016,-18.38433],[32.7503,-18.38446],[32.75053,-18.38477],[32.7507,-18.38498],[32.75095,-18.38552],[32.75133,-18.38665],[32.75158,-18.38739],[32.75181,-18.38817],[32.75203,-18.38937],[32.75218,-18.38987],[32.75257,-18.391],[32.75284,-18.39195],[32.75294,-18.39214],[32.75303,-18.39231],[32.75318,-18.39244],[32.75338,-18.39253],[32.75382,-18.39263],[32.7542,-18.39274],[32.7545,-18.39287],[32.75478,-18.39306],[32.7554,-18.39348],[32.7558,-18.39377],[32.75601,-18.39392],[32.75647,-18.39432],[32.75663,-18.39441],[32.75674,-18.39447],[32.75691,-18.39451],[32.75728,-18.39456],[32.75807,-18.3947],[32.75827,-18.39468],[32.75845,-18.39464],[32.75864,-18.39454],[32.75874,-18.39438],[32.75882,-18.39424],[32.7589,-18.39416],[32.7593,-18.39401],[32.75994,-18.3938],[32.76036,-18.39372],[32.76079,-18.39365],[32.76094,-18.39361],[32.76105,-18.39354],[32.76121,-18.39339],[32.76152,-18.39306],[32.76181,-18.39278],[32.76194,-18.39271],[32.76208,-18.39268],[32.76215,-18.3927],[32.76223,-18.39278],[32.76224,-18.39287],[32.76222,-18.39301],[32.76224,-18.39315],[32.7623,-18.3933],[32.76236,-18.39351],[32.76245,-18.39377],[32.76257,-18.39401],[32.76267,-18.3941],[32.76292,-18.39423],[32.76311,-18.39433],[32.76329,-18.39446],[32.7634,-18.39458],[32.76346,-18.39468],[32.76347,-18.3948],[32.76343,-18.39488],[32.76335,-18.39501],[32.76322,-18.39516],[32.76318,-18.3953],[32.76314,-18.39545],[32.76319,-18.39563],[32.76331,-18.39579],[32.76346,-18.3959],[32.76375,-18.39608],[32.76386,-18.39615],[32.76394,-18.39623],[32.76396,-18.39631],[32.76395,-18.39642],[32.76392,-18.39659],[32.7639,-18.39671],[32.76391,-18.39684],[32.76395,-18.39694],[32.76405,-18.39703],[32.76415,-18.39709],[32.76433,-18.39709],[32.76447,-18.39706],[32.76464,-18.397],[32.76499,-18.39679],[32.76575,-18.39633],[32.76629,-18.39599],[32.76646,-18.39591],[32.76664,-18.39585],[32.76767,-18.3956],[32.76785,-18.39556],[32.768,-18.39555],[32.76819,-18.3956],[32.76827,-18.39567],[32.76834,-18.3958],[32.76837,-18.39592],[32.76835,-18.39601],[32.76829,-18.39616],[32.76802,-18.39667],[32.76762,-18.3972],[32.76713,-18.39786],[32.76704,-18.39801],[32.76694,-18.39821],[32.76681,-18.39858],[32.76677,-18.39877],[32.76677,-18.39891],[32.7668,-18.39911],[32.7669,-18.39934],[32.76712,-18.39994],[32.76724,-18.40028],[32.76731,-18.40049],[32.76743,-18.40081],[32.76751,-18.40104],[32.76756,-18.4012],[32.76759,-18.40135],[32.7676,-18.40146],[32.76759,-18.4016],[32.76759,-18.40172],[32.76756,-18.40187],[32.76749,-18.40198],[32.76741,-18.4021],[32.76736,-18.40215],[32.76729,-18.40222],[32.76715,-18.4023],[32.767,-18.40236],[32.76694,-18.40238],[32.76683,-18.40239],[32.76674,-18.40238],[32.76661,-18.40235],[32.76639,-18.40234],[32.76619,-18.40235],[32.76601,-18.40236],[32.76564,-18.40238],[32.7653,-18.40242],[32.76509,-18.4024],[32.7649,-18.40241],[32.76482,-18.40245],[32.76475,-18.40252],[32.76471,-18.40257],[32.76469,-18.40263],[32.7647,-18.40269],[32.76472,-18.40275],[32.76486,-18.40293],[32.76495,-18.4031],[32.76512,-18.40358],[32.76522,-18.40375],[32.76531,-18.40384],[32.76541,-18.40388],[32.76552,-18.40389],[32.76563,-18.40388],[32.76574,-18.40387],[32.76593,-18.40389],[32.7661,-18.40393],[32.76629,-18.40402],[32.76652,-18.40411],[32.76666,-18.40417],[32.76686,-18.40426],[32.76704,-18.40434],[32.76721,-18.40439],[32.7674,-18.40441],[32.76757,-18.4044],[32.76771,-18.40437],[32.76785,-18.40431],[32.76797,-18.40426],[32.76808,-18.40422],[32.76815,-18.40419],[32.76826,-18.40417],[32.76834,-18.40418],[32.76843,-18.4042],[32.76853,-18.40425],[32.76862,-18.4043],[32.76874,-18.40439],[32.76888,-18.40457],[32.76904,-18.40487],[32.76917,-18.40512],[32.76927,-18.40535],[32.76929,-18.40542],[32.7693,-18.40549],[32.76929,-18.40561],[32.76928,-18.40571],[32.76925,-18.40582],[32.7692,-18.40598],[32.76912,-18.40617],[32.76899,-18.40635],[32.76881,-18.40669],[32.76872,-18.40686],[32.76848,-18.40721],[32.76837,-18.40734],[32.7674,-18.40818],[32.76717,-18.40839],[32.76711,-18.40845],[32.76706,-18.40852],[32.76705,-18.40855],[32.76706,-18.40859],[32.76708,-18.40864],[32.76715,-18.40869],[32.76722,-18.40868],[32.76735,-18.40865],[32.7677,-18.40848],[32.76815,-18.40827],[32.76865,-18.40805],[32.76926,-18.40779],[32.7694,-18.40775],[32.76956,-18.40773],[32.7697,-18.40774],[32.76977,-18.40777],[32.76988,-18.40785],[32.76995,-18.40794],[32.76999,-18.40802]]}},{"type":"Feature","properties":{"kind":"road","name":""},"geometry":{"type":"LineString","coordinates":[[32.99124,-18.30654],[32.99083,-18.3065],[32.99054,-18.30649],[32.99029,-18.30649],[32.98987,-18.30659],[32.98924,-18.30682],[32.98905,-18.30685],[32.98886,-18.30682],[32.9887,-18.30676],[32.98846,-18.30676],[32.98835,-18.30683],[32.98814,-18.30716],[32.988,-18.30745],[32.98788,-18.30769],[32.98781,-18.30782],[32.98771,-18.30788],[32.98736,-18.3079],[32.98712,-18.30785],[32.9866,-18.30765],[32.98639,-18.30757],[32.9863,-18.30746],[32.98623,-18.30726],[32.98611,-18.30681],[32.986,-18.30669],[32.98556,-18.30643],[32.98548,-18.30629],[32.98539,-18.30607],[32.98532,-18.30585],[32.98524,-18.3058],[32.98503,-18.30579],[32.98454,-18.30545],[32.98442,-18.30536],[32.98423,-18.30532],[32.98409,-18.30545],[32.98407,-18.30568],[32.98414,-18.30607],[32.9841,-18.30631],[32.98403,-18.30655],[32.98395,-18.30683],[32.98383,-18.30711],[32.98372,-18.30731],[32.98367,-18.30737],[32.98353,-18.30738],[32.98334,-18.30725],[32.98316,-18.30723],[32.98299,-18.30728],[32.98262,-18.30746],[32.98243,-18.30747],[32.98228,-18.30739],[32.98219,-18.30724],[32.98216,-18.30681],[32.98216,-18.30643],[32.98212,-18.30627],[32.982,-18.30613],[32.98175,-18.30613],[32.98128,-18.30628],[32.98107,-18.30647],[32.98079,-18.30667],[32.98065,-18.3067],[32.98034,-18.30661],[32.9802,-18.30662],[32.97996,-18.3067],[32.97965,-18.30671],[32.97929,-18.30666],[32.97899,-18.30655],[32.97874,-18.30639],[32.97857,-18.30636],[32.97838,-18.30642],[32.97828,-18.30652],[32.97817,-18.30658],[32.97806,-18.3066],[32.97795,-18.30658],[32.97787,-18.30653],[32.97772,-18.30648],[32.97766,-18.3065],[32.97763,-18.30657],[32.97764,-18.30663],[32.9777,-18.3067],[32.97783,-18.30678],[32.97798,-18.30683],[32.97812,-18.30683],[32.9783,-18.30679],[32.97843,-18.30672],[32.97853,-18.3067],[32.97865,-18.30671],[32.9788,-18.30678],[32.97892,-18.30691],[32.97901,-18.30709],[32.97901,-18.3072],[32.97894,-18.30751],[32.9788,-18.30801],[32.97872,-18.30815],[32.97865,-18.3082],[32.97858,-18.30822],[32.97852,-18.30819],[32.97838,-18.30801],[32.97823,-18.30791],[32.97812,-18.30782],[32.97802,-18.30774],[32.97792,-18.30771],[32.97778,-18.30773],[32.97768,-18.30777],[32.97759,-18.30786],[32.97747,-18.30807],[32.97743,-18.30834],[32.97743,-18.3085],[32.97752,-18.30911],[32.97758,-18.30938],[32.97775,-18.30951],[32.97793,-18.30961],[32.978,-18.30972],[32.97806,-18.30994],[32.97814,-18.31022],[32.97815,-18.31041],[32.97816,-18.31056],[32.97812,-18.31071],[32.97806,-18.3107],[32.97788,-18.31068],[32.97764,-18.31065],[32.97714,-18.31054],[32.9767,-18.31051],[32.97639,-18.31054],[32.9761,-18.31063],[32.97585,-18.3106],[32.97495,-18.31038],[32.97484,-18.31036],[32.97475,-18.31041],[32.97476,-18.31052],[32.97479,-18.3106],[32.9749,-18.3107],[32.9751,-18.31082],[32.97527,-18.31093],[32.97541,-18.3111],[32.97552,-18.31127],[32.97565,-18.31142],[32.97578,-18.31147],[32.97597,-18.31149],[32.97605,-18.31158],[32.97607,-18.3117],[32.97601,-18.31184],[32.97582,-18.31224],[32.97577,-18.31237],[32.97577,-18.31261],[32.97577,-18.31281],[32.97558,-18.31321],[32.97525,-18.31357],[32.97489,-18.31387],[32.9748,-18.31393],[32.97475,-18.31402],[32.97466,-18.31423],[32.97447,-18.31439],[32.97415,-18.3145],[32.97403,-18.31461],[32.97398,-18.31474],[32.97398,-18.31482],[32.97404,-18.31489],[32.97422,-18.31492],[32.9743,-18.31497],[32.97436,-18.31511],[32.97432,-18.31534],[32.97421,-18.31563],[32.97403,-18.31588],[32.97365,-18.31612],[32.97352,-18.31626],[32.97339,-18.3165],[32.97298,-18.31709],[32.97288,-18.31728],[32.97278,-18.31756],[32.97269,-18.31777],[32.97257,-18.31794],[32.97243,-18.31802],[32.97234,-18.31801],[32.97229,-18.31795],[32.97228,-18.31785],[32.97231,-18.31764],[32.97234,-18.31706],[32.97236,-18.31645],[32.97229,-18.31624],[32.97226,-18.31609],[32.97226,-18.31596],[32.97227,-18.31575],[32.97222,-18.31546]]}},{"type":"Feature","properties":{"kind":"road","name":""},"geometry":{"type":"LineString","coordinates":[[32.94687,-18.39837],[32.94711,-18.39818],[32.94749,-18.39782],[32.94798,-18.39722],[32.94807,-18.39706],[32.94814,-18.3967],[32.94819,-18.39529],[32.94829,-18.39499],[32.9484,-18.39484],[32.94881,-18.39441],[32.94913,-18.39413],[32.94952,-18.39378],[32.95002,-18.39332],[32.95074,-18.39267],[32.95097,-18.39239],[32.95114,-18.39206],[32.95169,-18.39123],[32.95209,-18.39051],[32.95233,-18.39004],[32.95236,-18.38984],[32.9523,-18.38961],[32.95218,-18.3894],[32.9521,-18.3893],[32.95184,-18.38906],[32.95139,-18.3887],[32.95094,-18.38838],[32.95082,-18.38827],[32.95065,-18.38809],[32.95052,-18.38789],[32.95043,-18.38764]]}},{"type":"Feature","properties":{"kind":"road","name":""},"geometry":{"type":"LineString","coordinates":[[32.9708,-18.39566],[32.97071,-18.39499]]}},{"type":"Feature","properties":{"kind":"road","name":""},"geometry":{"type":"LineString","coordinates":[[32.93515,-18.3697],[32.93534,-18.36932]]}},{"type":"Feature","properties":{"kind":"road","name":""},"geometry":{"type":"LineString","coordinates":[[32.95043,-18.38764],[32.94986,-18.38672]]}},{"type":"Feature","properties":{"kind":"road","name":"Gaerezi Bridge"},"geometry":{"type":"LineString","coordinates":[[32.95338,-18.10447],[32.95309,-18.10498]]}},{"type":"Feature","properties":{"kind":"road","name":""},"geometry":{"type":"LineString","coordinates":[[32.97193,-18.39255],[32.9716,-18.39261],[32.97102,-18.3927],[32.97084,-18.39272],[32.97057,-18.39274],[32.9704,-18.39271],[32.9703,-18.39265],[32.9702,-18.39254],[32.97019,-18.39246],[32.97021,-18.39239],[32.97029,-18.39233],[32.97057,-18.39215],[32.97065,-18.392],[32.97071,-18.39182],[32.97068,-18.39146],[32.97073,-18.3908],[32.97127,-18.38794],[32.97134,-18.38722],[32.97142,-18.38686],[32.9715,-18.38665],[32.97161,-18.38643],[32.97165,-18.38626],[32.97166,-18.38614],[32.9716,-18.38566],[32.97131,-18.38496],[32.97114,-18.38447],[32.97056,-18.38372],[32.97012,-18.3835],[32.96982,-18.38326],[32.96934,-18.3825],[32.9696,-18.38187],[32.96979,-18.38151],[32.97008,-18.38121],[32.97053,-18.3809],[32.97143,-18.38053],[32.97192,-18.38032],[32.9723,-18.38026],[32.97255,-18.38027],[32.97266,-18.38023],[32.97266,-18.38013],[32.97263,-18.38004],[32.97243,-18.37984],[32.97237,-18.37964],[32.97239,-18.37944],[32.97252,-18.37885],[32.97259,-18.37868],[32.97256,-18.37856],[32.97243,-18.37852],[32.97227,-18.37852],[32.97198,-18.37851],[32.97138,-18.37838],[32.97072,-18.37828],[32.97052,-18.37817],[32.97044,-18.37807],[32.9704,-18.37786],[32.97054,-18.37702],[32.97078,-18.37648],[32.9708,-18.37637],[32.9708,-18.37631],[32.97075,-18.37622],[32.97056,-18.37609],[32.97041,-18.37589],[32.97035,-18.3756],[32.97044,-18.37509],[32.97056,-18.37486],[32.97068,-18.37466],[32.97073,-18.37453],[32.97067,-18.37436],[32.97057,-18.37426],[32.97034,-18.37415],[32.97017,-18.37406],[32.97002,-18.3739],[32.96994,-18.37361],[32.96988,-18.37277],[32.96988,-18.37255],[32.96998,-18.37241],[32.97016,-18.37226],[32.9703,-18.37213],[32.97043,-18.37195],[32.97056,-18.37156],[32.97069,-18.37125],[32.9707,-18.37077],[32.97065,-18.3703],[32.9706,-18.37014],[32.97054,-18.36997],[32.97044,-18.36986],[32.97027,-18.3697],[32.97014,-18.36951],[32.97005,-18.36934],[32.96995,-18.36914],[32.96995,-18.36898],[32.96997,-18.36886],[32.97005,-18.36881],[32.97014,-18.36876],[32.97036,-18.36868],[32.97053,-18.36864],[32.97072,-18.36863],[32.97086,-18.36865],[32.97106,-18.36871],[32.97132,-18.36884],[32.97151,-18.3689],[32.97172,-18.36886],[32.97186,-18.36876],[32.97201,-18.36859],[32.97219,-18.36843],[32.97238,-18.36833],[32.97261,-18.36827],[32.97284,-18.36823],[32.97309,-18.36824],[32.9733,-18.36831],[32.97381,-18.36857],[32.97414,-18.36874],[32.97428,-18.36875],[32.97446,-18.36863],[32.97457,-18.36855],[32.97475,-18.36848],[32.97488,-18.36842],[32.97501,-18.36834],[32.97518,-18.36815],[32.97539,-18.36796],[32.97546,-18.36784],[32.97545,-18.36769],[32.97538,-18.36747],[32.97539,-18.36721],[32.97544,-18.36701],[32.97556,-18.36688],[32.97575,-18.3668],[32.97604,-18.36678],[32.9765,-18.3669],[32.97661,-18.36692],[32.97667,-18.36687],[32.97669,-18.36678],[32.97661,-18.36658],[32.9765,-18.36634],[32.97643,-18.3661],[32.97653,-18.36597],[32.9767,-18.36589],[32.97701,-18.3659],[32.97716,-18.36585],[32.97722,-18.36577],[32.97726,-18.36566],[32.97736,-18.36538],[32.97754,-18.36506],[32.97767,-18.36479],[32.97773,-18.3645],[32.97766,-18.36424],[32.97749,-18.36403],[32.97741,-18.3638],[32.97742,-18.36319],[32.97751,-18.36278],[32.97789,-18.36262],[32.97814,-18.36245],[32.97823,-18.36224],[32.97828,-18.3619],[32.97837,-18.36178],[32.97848,-18.36173],[32.97873,-18.36178],[32.97917,-18.36185],[32.97949,-18.36188],[32.97962,-18.36188],[32.97972,-18.36182],[32.97976,-18.36166],[32.97972,-18.3614],[32.97962,-18.36115],[32.97956,-18.36104],[32.97955,-18.36085],[32.97965,-18.36032],[32.97996,-18.35985],[32.98016,-18.35954],[32.98032,-18.35904],[32.98037,-18.35863],[32.98038,-18.35753],[32.98034,-18.35717],[32.98038,-18.35698],[32.98057,-18.3569],[32.98091,-18.35681],[32.98116,-18.35683],[32.9822,-18.35695],[32.98241,-18.35696],[32.98252,-18.35693],[32.98261,-18.35685],[32.98303,-18.35578],[32.98311,-18.3556],[32.98323,-18.35551],[32.98338,-18.35546],[32.98367,-18.3555],[32.9839,-18.35559],[32.98407,-18.35575],[32.98428,-18.35595],[32.98442,-18.356],[32.98458,-18.35601],[32.98474,-18.35596],[32.98483,-18.35578],[32.98481,-18.35552],[32.98462,-18.35475],[32.98459,-18.35455],[32.9846,-18.3544],[32.98475,-18.35427],[32.98499,-18.35421],[32.98525,-18.35416],[32.98564,-18.3542],[32.98577,-18.35421],[32.98587,-18.35415],[32.98594,-18.35408],[32.98593,-18.35338],[32.98599,-18.35323],[32.98614,-18.35304],[32.98646,-18.35286],[32.98734,-18.35274],[32.98773,-18.35269],[32.98792,-18.35265],[32.98814,-18.35253],[32.9884,-18.35226],[32.9886,-18.35189],[32.98866,-18.35164],[32.98868,-18.35107],[32.98873,-18.34999],[32.98866,-18.34968],[32.98852,-18.34931],[32.98835,-18.34893],[32.98821,-18.34847],[32.98821,-18.34796],[32.98826,-18.34755],[32.98854,-18.34673],[32.98853,-18.34605],[32.98858,-18.34544],[32.98877,-18.3448],[32.98898,-18.34362],[32.98899,-18.34324],[32.98896,-18.34301],[32.98891,-18.34254],[32.98893,-18.34203],[32.98911,-18.3415],[32.99011,-18.33996],[32.99047,-18.33943],[32.99065,-18.33925],[32.99088,-18.33914],[32.99163,-18.33876],[32.99209,-18.33843],[32.99233,-18.33819],[32.99273,-18.33788],[32.99315,-18.33762],[32.99353,-18.33729],[32.99368,-18.33719],[32.99383,-18.33715],[32.99405,-18.33713],[32.99426,-18.33708],[32.99459,-18.33684],[32.99503,-18.33636],[32.99533,-18.33617],[32.99563,-18.33602],[32.99617,-18.33582],[32.9964,-18.33569],[32.99651,-18.33547],[32.99653,-18.33521],[32.99641,-18.33485],[32.99648,-18.33455],[32.99667,-18.33408],[32.99714,-18.33337],[32.99781,-18.33277],[32.99794,-18.3326],[32.99804,-18.33243],[32.99801,-18.33234],[32.99793,-18.33225],[32.99772,-18.33221],[32.99755,-18.3322],[32.99734,-18.33217],[32.9971,-18.33201],[32.99665,-18.33166],[32.99642,-18.33145],[32.99628,-18.33139],[32.99619,-18.33139],[32.99608,-18.33148],[32.99592,-18.33186],[32.99575,-18.3323],[32.99544,-18.33256],[32.99494,-18.33269],[32.99468,-18.33279],[32.99451,-18.33283],[32.99443,-18.33278],[32.99438,-18.33271],[32.99442,-18.33261],[32.99455,-18.33248],[32.99488,-18.33225],[32.99499,-18.33215],[32.99505,-18.33205],[32.99505,-18.33187],[32.99497,-18.33151],[32.99481,-18.33118],[32.99452,-18.33087],[32.99417,-18.3304],[32.99407,-18.33019],[32.99408,-18.32983],[32.99413,-18.32966],[32.99431,-18.3295],[32.9946,-18.32939],[32.9948,-18.32939],[32.99517,-18.32952],[32.99527,-18.32957],[32.99537,-18.32954],[32.99552,-18.32935],[32.99573,-18.32911],[32.99581,-18.329],[32.99582,-18.3289],[32.9956,-18.32854],[32.99547,-18.32833],[32.99547,-18.32812],[32.99553,-18.32798],[32.99572,-18.32787],[32.99612,-18.3278],[32.99687,-18.32779],[32.99711,-18.32787],[32.99733,-18.32801],[32.99743,-18.32819],[32.99748,-18.32875],[32.99744,-18.32904],[32.99738,-18.32921],[32.99737,-18.32937],[32.99744,-18.32944],[32.99752,-18.32945],[32.99776,-18.32936],[32.99801,-18.32914],[32.99829,-18.32878],[32.99867,-18.32832],[32.99896,-18.32809],[32.99953,-18.32752],[32.99981,-18.32738],[33.00044,-18.32714],[33.00078,-18.32693],[33.00103,-18.32671],[33.00156,-18.32614],[33.00173,-18.32593],[33.00184,-18.3257],[33.00204,-18.32512],[33.00235,-18.32459],[33.00267,-18.32422],[33.00288,-18.32406]]}},{"type":"Feature","properties":{"kind":"road","name":""},"geometry":{"type":"LineString","coordinates":[[32.96521,-18.3227],[32.9653,-18.32283],[32.96539,-18.32302],[32.96542,-18.3231],[32.96543,-18.32321],[32.96544,-18.32328],[32.96541,-18.3238],[32.96534,-18.32482],[32.96532,-18.32503],[32.96527,-18.32528],[32.96523,-18.32543],[32.96519,-18.32551],[32.96511,-18.32564],[32.96478,-18.32617],[32.96466,-18.32636],[32.96457,-18.32652],[32.96454,-18.32661],[32.96455,-18.32671],[32.9646,-18.32684],[32.96468,-18.32698],[32.96478,-18.32721],[32.96482,-18.32732],[32.96483,-18.32736],[32.96483,-18.32759],[32.96482,-18.3277],[32.96478,-18.32781],[32.96463,-18.32811],[32.96444,-18.32833],[32.96411,-18.32854],[32.96378,-18.32867],[32.96346,-18.32879],[32.96314,-18.32899],[32.96295,-18.32921],[32.96289,-18.32957],[32.96278,-18.32974],[32.96249,-18.32984],[32.96227,-18.32994],[32.96214,-18.33053],[32.96216,-18.33083],[32.96214,-18.33124],[32.96217,-18.33143],[32.9624,-18.33174],[32.96253,-18.33211],[32.96252,-18.33252],[32.96242,-18.3328],[32.96225,-18.33301],[32.96199,-18.33315],[32.96162,-18.33321],[32.96146,-18.33333],[32.96151,-18.33351],[32.96157,-18.33376],[32.96151,-18.33398],[32.96135,-18.33419],[32.96133,-18.33422],[32.96122,-18.33435],[32.96101,-18.33452],[32.96077,-18.33464],[32.9607,-18.33472],[32.96067,-18.33483],[32.96066,-18.33498],[32.96063,-18.33519],[32.96058,-18.33531],[32.96036,-18.33559],[32.96023,-18.33571],[32.96008,-18.33578],[32.95998,-18.33575],[32.95985,-18.33568],[32.95975,-18.33553],[32.95965,-18.33547],[32.95958,-18.33548],[32.95951,-18.33553],[32.95946,-18.33564],[32.95934,-18.33596],[32.95919,-18.33631],[32.95916,-18.3364],[32.95913,-18.33662],[32.95917,-18.3368],[32.95922,-18.3369],[32.95921,-18.33705],[32.95907,-18.33725],[32.95901,-18.33739],[32.95898,-18.33752],[32.95899,-18.33764],[32.95891,-18.33781],[32.95874,-18.33796],[32.95856,-18.33809],[32.95834,-18.33821],[32.95818,-18.33834],[32.95805,-18.33854],[32.95798,-18.33876],[32.9579,-18.33895],[32.95776,-18.33906],[32.95754,-18.33908],[32.95739,-18.33898],[32.95734,-18.33879],[32.95733,-18.33851],[32.95734,-18.33827],[32.95731,-18.3381],[32.95725,-18.33791],[32.95713,-18.33783],[32.95699,-18.33782],[32.95686,-18.33786],[32.95667,-18.33783],[32.95652,-18.33779],[32.95641,-18.33771],[32.95615,-18.33737],[32.95596,-18.33723],[32.95568,-18.33708],[32.95557,-18.33696],[32.95552,-18.33665],[32.95548,-18.33643],[32.95533,-18.33606],[32.9552,-18.33594],[32.95513,-18.33587],[32.95501,-18.33585],[32.95486,-18.33595],[32.95468,-18.3362],[32.95445,-18.33652],[32.95434,-18.33672],[32.95424,-18.3369],[32.95423,-18.33707],[32.95427,-18.33723],[32.95435,-18.3374],[32.95455,-18.33763],[32.95473,-18.33777],[32.95495,-18.33788],[32.95506,-18.33801],[32.95513,-18.3382],[32.95518,-18.33852],[32.95518,-18.33865],[32.95515,-18.3388],[32.95505,-18.33894],[32.9548,-18.33913],[32.95434,-18.33931],[32.95382,-18.33948],[32.95361,-18.33965],[32.95349,-18.33993],[32.95317,-18.34042],[32.95287,-18.34055],[32.95259,-18.34057],[32.95227,-18.34065],[32.952,-18.34082],[32.95179,-18.34098],[32.95158,-18.34118],[32.95148,-18.34134],[32.95149,-18.34151],[32.95164,-18.34169],[32.9518,-18.34183],[32.95212,-18.34204],[32.95247,-18.34221],[32.9527,-18.34235],[32.95303,-18.34265],[32.95321,-18.34278],[32.9534,-18.34284],[32.9538,-18.34289],[32.95436,-18.34287],[32.95468,-18.34282],[32.95494,-18.34275],[32.95514,-18.34268],[32.95525,-18.34265],[32.95543,-18.34267],[32.95556,-18.34273],[32.95572,-18.34287],[32.9558,-18.34308],[32.95588,-18.34343],[32.95602,-18.34389],[32.95624,-18.34431],[32.95632,-18.34466],[32.95633,-18.34507],[32.95637,-18.34604],[32.95639,-18.34643],[32.95632,-18.34669],[32.95623,-18.34679],[32.95612,-18.34686],[32.95582,-18.3469],[32.95568,-18.34693],[32.95555,-18.34706],[32.95535,-18.34741],[32.95525,-18.34759],[32.95523,-18.34772],[32.95533,-18.34799],[32.95545,-18.34835],[32.95558,-18.3486],[32.9557,-18.34876],[32.9557,-18.34891],[32.95548,-18.34912],[32.95525,-18.34933],[32.95504,-18.3496],[32.95484,-18.35019],[32.95473,-18.35069],[32.95457,-18.35098],[32.95451,-18.35117],[32.95448,-18.35135],[32.95456,-18.35169],[32.95465,-18.35207],[32.95464,-18.35243],[32.95447,-18.35256],[32.95413,-18.35274],[32.95394,-18.35289],[32.95383,-18.35303],[32.95378,-18.35321],[32.95376,-18.3535],[32.9538,-18.35368],[32.95402,-18.35391],[32.95439,-18.35421],[32.95471,-18.35441],[32.95475,-18.35457],[32.95474,-18.35477],[32.95466,-18.35517],[32.95461,-18.35543],[32.95467,-18.35568],[32.95479,-18.35595],[32.95488,-18.3561],[32.95499,-18.35625],[32.9551,-18.3564],[32.95508,-18.35649],[32.95498,-18.3565],[32.95489,-18.35644],[32.95481,-18.35634],[32.95465,-18.35606],[32.95442,-18.3558],[32.95429,-18.35562],[32.95419,-18.35541],[32.95408,-18.35508],[32.95399,-18.35481],[32.95386,-18.35462],[32.95368,-18.35455],[32.95351,-18.35457],[32.95339,-18.3546],[32.9532,-18.35473],[32.95294,-18.35496],[32.95279,-18.3551],[32.95261,-18.35514],[32.95249,-18.35513],[32.95236,-18.35507],[32.95228,-18.35491],[32.95232,-18.35469],[32.95242,-18.35438],[32.95239,-18.35415],[32.95227,-18.35397],[32.95207,-18.35378],[32.95188,-18.35364],[32.9518,-18.35349],[32.95174,-18.35336],[32.95162,-18.35313],[32.95152,-18.35299],[32.95145,-18.35278],[32.95148,-18.3526],[32.95153,-18.35229],[32.95157,-18.35195],[32.95157,-18.3517],[32.95144,-18.35154],[32.95131,-18.35146],[32.95119,-18.35143],[32.95107,-18.35142],[32.95099,-18.35148],[32.951,-18.3516],[32.95104,-18.35177],[32.95107,-18.35193],[32.95098,-18.35213],[32.95078,-18.35238],[32.95063,-18.35259],[32.9505,-18.35291],[32.95045,-18.35309],[32.95044,-18.35334],[32.95045,-18.35361],[32.95042,-18.35381],[32.95027,-18.35432],[32.95013,-18.35491],[32.95008,-18.35523],[32.95002,-18.35562],[32.94985,-18.35603],[32.94971,-18.35627],[32.94956,-18.35636],[32.94932,-18.3565],[32.94911,-18.35685],[32.94891,-18.35726],[32.94881,-18.35761],[32.94864,-18.35789],[32.94855,-18.35808],[32.94855,-18.35824],[32.94863,-18.35837],[32.94868,-18.35852],[32.94868,-18.35864],[32.94857,-18.35884],[32.94801,-18.35943],[32.94785,-18.35972],[32.94756,-18.36002],[32.94733,-18.36016],[32.94677,-18.36027],[32.94659,-18.36035],[32.94648,-18.36047],[32.9461,-18.36115],[32.94603,-18.36143],[32.94605,-18.36166],[32.94615,-18.36206],[32.94618,-18.36213],[32.94628,-18.36223],[32.94658,-18.36235],[32.94666,-18.36239],[32.94675,-18.36247],[32.94678,-18.36259],[32.94674,-18.3631],[32.94679,-18.36352],[32.94681,-18.36379],[32.94685,-18.36402],[32.94695,-18.36417],[32.94705,-18.3644],[32.94707,-18.36465],[32.94698,-18.36502],[32.94685,-18.36534],[32.94629,-18.36618],[32.94618,-18.36632],[32.94605,-18.36645],[32.94581,-18.36657],[32.94543,-18.36665],[32.94525,-18.36678],[32.94521,-18.36691],[32.94518,-18.36714],[32.9448,-18.36821],[32.94471,-18.36833],[32.94461,-18.36838],[32.94449,-18.36835],[32.94438,-18.36823],[32.94438,-18.3681],[32.94456,-18.36777],[32.94462,-18.36761],[32.94459,-18.3675],[32.94453,-18.36745],[32.94421,-18.3674],[32.94336,-18.36744],[32.94318,-18.36738],[32.94295,-18.36724],[32.94278,-18.36699],[32.94248,-18.36614],[32.94234,-18.36579],[32.94222,-18.36562],[32.94188,-18.36537],[32.94156,-18.36505],[32.94145,-18.36501],[32.94132,-18.36499],[32.94111,-18.36512],[32.94056,-18.36547],[32.94037,-18.36566],[32.94028,-18.36595],[32.94021,-18.36625],[32.94016,-18.36646],[32.94,-18.3667],[32.9398,-18.36697],[32.93965,-18.36725],[32.93943,-18.36775],[32.93937,-18.36794],[32.93936,-18.36825],[32.93937,-18.36844],[32.93933,-18.36855],[32.93925,-18.36863],[32.93913,-18.36864],[32.93893,-18.36864],[32.93846,-18.36851],[32.93763,-18.36821],[32.93637,-18.36788],[32.93604,-18.36795],[32.93576,-18.36816],[32.93541,-18.36912],[32.93534,-18.36932]]}},{"type":"Feature","properties":{"kind":"road","name":""},"geometry":{"type":"LineString","coordinates":[[32.94986,-18.38672],[32.94922,-18.38576],[32.94887,-18.38527],[32.94863,-18.38498],[32.94844,-18.38483],[32.94801,-18.3845],[32.94731,-18.3841],[32.94682,-18.38381],[32.94549,-18.38307],[32.94375,-18.38208],[32.94275,-18.38152],[32.9413,-18.3807],[32.94092,-18.38046],[32.94059,-18.38016],[32.94036,-18.3799],[32.94016,-18.37959],[32.94005,-18.37931],[32.9397,-18.37826],[32.93947,-18.37747],[32.93869,-18.37493],[32.93853,-18.37451],[32.9379,-18.37317],[32.93766,-18.37276],[32.93742,-18.37251],[32.93725,-18.37238],[32.93675,-18.37209],[32.93655,-18.37192],[32.93638,-18.37174],[32.93605,-18.37117],[32.93585,-18.37081],[32.93568,-18.37056],[32.93546,-18.37039],[32.93525,-18.37035],[32.93503,-18.37038],[32.93483,-18.37045],[32.93468,-18.3705],[32.93444,-18.37052],[32.93431,-18.37045],[32.93423,-18.37034],[32.93419,-18.37019],[32.93421,-18.37001],[32.93429,-18.3699],[32.93439,-18.36986],[32.93458,-18.36996],[32.93475,-18.37003],[32.93489,-18.37],[32.93505,-18.36987],[32.93515,-18.3697]]}},{"type":"Feature","properties":{"kind":"road","name":""},"geometry":{"type":"LineString","coordinates":[[32.97222,-18.31546],[32.97211,-18.31537],[32.97204,-18.31527],[32.97194,-18.31521],[32.97173,-18.31514],[32.97129,-18.31512],[32.97101,-18.31508],[32.9708,-18.315],[32.97061,-18.31486],[32.97045,-18.31467],[32.97023,-18.31421],[32.97002,-18.31357],[32.96995,-18.31328],[32.9697,-18.31292],[32.96949,-18.3126],[32.96924,-18.31244],[32.96872,-18.31215],[32.96839,-18.31208],[32.96812,-18.31212],[32.96789,-18.31225],[32.96766,-18.31254],[32.96759,-18.31288],[32.96734,-18.31385],[32.9673,-18.31423],[32.96725,-18.31495],[32.96724,-18.31532],[32.96712,-18.31575],[32.9668,-18.3161],[32.96657,-18.31625],[32.96632,-18.31643],[32.96609,-18.31653],[32.96588,-18.31677],[32.96569,-18.31712],[32.96563,-18.31741],[32.96558,-18.31763],[32.96552,-18.31813],[32.9654,-18.31857],[32.96533,-18.31889],[32.9653,-18.31968],[32.96533,-18.32014],[32.96535,-18.32037],[32.96534,-18.32064],[32.96529,-18.32085],[32.9652,-18.32102],[32.96512,-18.32114],[32.96495,-18.32143],[32.9649,-18.32158],[32.96488,-18.32186],[32.96492,-18.32209]]}},{"type":"Feature","properties":{"kind":"road","name":""},"geometry":{"type":"LineString","coordinates":[[32.96934,-18.3825],[32.96891,-18.38265],[32.96859,-18.38275],[32.96841,-18.38272],[32.9682,-18.38263],[32.96789,-18.38247],[32.96754,-18.38226],[32.96723,-18.38214],[32.96669,-18.38199],[32.96627,-18.38181],[32.96603,-18.38167],[32.96581,-18.3815],[32.96555,-18.3813],[32.96524,-18.38115],[32.96496,-18.38105],[32.96423,-18.38088],[32.96384,-18.38083],[32.96345,-18.38081],[32.96316,-18.38079],[32.96261,-18.38068],[32.96229,-18.38068],[32.96211,-18.38069],[32.96118,-18.38086],[32.96063,-18.38099],[32.96032,-18.38104],[32.96016,-18.38105],[32.95931,-18.381],[32.95874,-18.38094],[32.95846,-18.38086],[32.95822,-18.38076],[32.95804,-18.38065],[32.95762,-18.38032],[32.95745,-18.38018],[32.95709,-18.37977],[32.95689,-18.37961],[32.95676,-18.37954],[32.95641,-18.3794],[32.95621,-18.37934],[32.95606,-18.37932],[32.95578,-18.37932],[32.95564,-18.37932],[32.95523,-18.37936],[32.95508,-18.37936],[32.95481,-18.37932],[32.95443,-18.37926],[32.95433,-18.37927],[32.95427,-18.37927],[32.95389,-18.37939],[32.95352,-18.37948],[32.95316,-18.37949],[32.95276,-18.37946],[32.95208,-18.37936],[32.95172,-18.37928],[32.95152,-18.37919],[32.95136,-18.37907],[32.95115,-18.37887],[32.95094,-18.3786],[32.95074,-18.37821],[32.95053,-18.3778],[32.95037,-18.3776],[32.95024,-18.37737],[32.95006,-18.37697],[32.94965,-18.37614],[32.94943,-18.37562],[32.94933,-18.3755],[32.94921,-18.37541],[32.94875,-18.3751],[32.94856,-18.37498],[32.94842,-18.37485],[32.94828,-18.37472],[32.94782,-18.37433],[32.94768,-18.37424],[32.94758,-18.37421],[32.94706,-18.3741],[32.9467,-18.374],[32.94651,-18.37392],[32.94628,-18.37372],[32.94609,-18.3736],[32.94583,-18.37347],[32.94545,-18.37334],[32.94518,-18.37323],[32.94496,-18.3731],[32.94479,-18.37293],[32.94463,-18.37272],[32.94458,-18.37255],[32.94456,-18.37236],[32.94451,-18.37205],[32.94439,-18.37149],[32.94418,-18.37074],[32.94417,-18.37051],[32.9442,-18.37028],[32.94434,-18.36995],[32.94447,-18.36966],[32.94458,-18.36939],[32.94461,-18.36922],[32.94459,-18.3691],[32.94455,-18.36896],[32.94455,-18.36882],[32.94461,-18.36838]]}},{"type":"Feature","properties":{"kind":"road","name":""},"geometry":{"type":"LineString","coordinates":[[32.96964,-18.30426],[32.96952,-18.30432],[32.9693,-18.30432],[32.96903,-18.3044],[32.96879,-18.30454],[32.96854,-18.30467],[32.96825,-18.30471],[32.968,-18.30467],[32.96777,-18.30462],[32.96756,-18.30453],[32.96734,-18.30445],[32.96702,-18.30439],[32.96692,-18.30441],[32.96674,-18.3045],[32.96665,-18.30461],[32.96651,-18.30486],[32.96646,-18.30507],[32.96643,-18.30542],[32.96647,-18.30562],[32.96656,-18.30579],[32.96676,-18.30608],[32.967,-18.30642],[32.96708,-18.30658],[32.96712,-18.30673],[32.96714,-18.30726],[32.96721,-18.30763],[32.96734,-18.30791],[32.96769,-18.30834],[32.96783,-18.30869],[32.9679,-18.30895],[32.96802,-18.3091],[32.96817,-18.30914],[32.96828,-18.30913],[32.96839,-18.30902],[32.96845,-18.30882],[32.9685,-18.30866],[32.96862,-18.30857],[32.96882,-18.30851],[32.96904,-18.30853],[32.96941,-18.30863],[32.96964,-18.30873],[32.97009,-18.30913],[32.97042,-18.30949],[32.97057,-18.30983],[32.97062,-18.30999],[32.97069,-18.31024],[32.97079,-18.31053],[32.97089,-18.31069],[32.97117,-18.3111],[32.97127,-18.31128],[32.97135,-18.31154],[32.97163,-18.31267],[32.97165,-18.31286],[32.97164,-18.31299],[32.97153,-18.31334],[32.97148,-18.31363],[32.9715,-18.31405],[32.97151,-18.31418],[32.97158,-18.31432],[32.97185,-18.31467],[32.9721,-18.31504],[32.97228,-18.31529],[32.97229,-18.3154],[32.97226,-18.31544],[32.97222,-18.31546]]}},{"type":"Feature","properties":{"kind":"road","name":""},"geometry":{"type":"LineString","coordinates":[[32.95309,-18.10498],[32.95304,-18.10507],[32.95299,-18.10513],[32.95287,-18.10519],[32.9528,-18.10522],[32.95266,-18.10521],[32.95233,-18.10513],[32.95176,-18.10502],[32.951,-18.1049],[32.95059,-18.10482],[32.95035,-18.1048],[32.95003,-18.10483],[32.94985,-18.10487],[32.94972,-18.10493],[32.94964,-18.10505],[32.94963,-18.10516],[32.94967,-18.1053],[32.94978,-18.10546],[32.95024,-18.10579],[32.95076,-18.10614],[32.95184,-18.10693],[32.95246,-18.10736],[32.95302,-18.10769],[32.95354,-18.10789],[32.95394,-18.10797],[32.95429,-18.10802],[32.95462,-18.10801],[32.95566,-18.10797],[32.95591,-18.108],[32.95611,-18.10808],[32.95627,-18.10819],[32.95644,-18.10839],[32.95685,-18.10878],[32.9572,-18.10904],[32.95765,-18.10927],[32.95805,-18.10949],[32.95839,-18.10962],[32.95872,-18.10968],[32.95911,-18.10978],[32.95944,-18.10991],[32.95968,-18.11007],[32.95981,-18.1102],[32.9599,-18.11033],[32.95995,-18.11045],[32.95999,-18.11062],[32.96,-18.11083],[32.95987,-18.11219],[32.95981,-18.11269],[32.95977,-18.11306],[32.95975,-18.11349],[32.95974,-18.11385],[32.95974,-18.11432],[32.95977,-18.11471],[32.95985,-18.11553],[32.95987,-18.11612],[32.95984,-18.11677],[32.95983,-18.11707],[32.95986,-18.11734],[32.9599,-18.1175],[32.96001,-18.11769],[32.96013,-18.11782],[32.96029,-18.11801],[32.96044,-18.11826],[32.96053,-18.11843],[32.9606,-18.11862],[32.9608,-18.11916],[32.96086,-18.11939],[32.96092,-18.11962],[32.96092,-18.11987],[32.96089,-18.12015],[32.96085,-18.12075],[32.96088,-18.12132],[32.96088,-18.12159],[32.96085,-18.12179],[32.96073,-18.12219],[32.96066,-18.1224],[32.96048,-18.12277],[32.9602,-18.12349],[32.96016,-18.12371],[32.96015,-18.12386],[32.96018,-18.12406],[32.96026,-18.1243],[32.96042,-18.12467],[32.96058,-18.12505],[32.9608,-18.12542],[32.96095,-18.12564],[32.96108,-18.1258],[32.96158,-18.12629],[32.96179,-18.1265],[32.9619,-18.12667],[32.96194,-18.12684],[32.96192,-18.12699],[32.96181,-18.12739],[32.96177,-18.12756],[32.96167,-18.12827],[32.9616,-18.12898],[32.96155,-18.12936],[32.96147,-18.12956],[32.96139,-18.12984],[32.96126,-18.13059],[32.96116,-18.13088],[32.96111,-18.13102],[32.96104,-18.13114],[32.96069,-18.1315],[32.96055,-18.13165],[32.96051,-18.13177],[32.96051,-18.13195],[32.96053,-18.13208],[32.96058,-18.13226],[32.96066,-18.13265],[32.96072,-18.13284],[32.96097,-18.1333],[32.96107,-18.13354],[32.96109,-18.13379],[32.96109,-18.13404],[32.96111,-18.13458],[32.96115,-18.13524],[32.96129,-18.13645],[32.96138,-18.13709],[32.96144,-18.13737],[32.96145,-18.13761],[32.96144,-18.13781],[32.9614,-18.13798],[32.96133,-18.13814],[32.96119,-18.13833],[32.96094,-18.13858],[32.96075,-18.13876],[32.96006,-18.13929],[32.95984,-18.13951],[32.95972,-18.13967],[32.95961,-18.13987],[32.95942,-18.14038],[32.95933,-18.14068],[32.95917,-18.14101],[32.95864,-18.14184],[32.95847,-18.14207],[32.95827,-18.14234],[32.95777,-18.14281],[32.95721,-18.1433],[32.95683,-18.14359],[32.95657,-18.14376],[32.95597,-18.14403],[32.95571,-18.14416],[32.95555,-18.14425],[32.95521,-18.14454],[32.95447,-18.1452],[32.95364,-18.14586],[32.95307,-18.14637],[32.95273,-18.14669],[32.95251,-18.14691],[32.95224,-18.14712],[32.95198,-18.14726],[32.95124,-18.14746],[32.95093,-18.14754],[32.95083,-18.14759],[32.95075,-18.1477],[32.95071,-18.14786],[32.95071,-18.14803],[32.95076,-18.14835],[32.95075,-18.14864],[32.95067,-18.14895],[32.95055,-18.14923],[32.95018,-18.14971],[32.95002,-18.14996],[32.94981,-18.15053],[32.94962,-18.15126],[32.94945,-18.15225],[32.94939,-18.15254],[32.94923,-18.1529],[32.94905,-18.15317],[32.94886,-18.15338],[32.94856,-18.15356],[32.94827,-18.15365],[32.94732,-18.15393],[32.94693,-18.154],[32.94638,-18.15407],[32.94573,-18.15411],[32.945,-18.15416],[32.9448,-18.1542],[32.94469,-18.15427],[32.9446,-18.15439],[32.9444,-18.15481],[32.94435,-18.15498],[32.94435,-18.15511],[32.94438,-18.15521],[32.94446,-18.15535],[32.9445,-18.15547],[32.94449,-18.15559],[32.94442,-18.15569],[32.94424,-18.15579],[32.94396,-18.1559],[32.94387,-18.15595],[32.9438,-18.15605],[32.94377,-18.1562],[32.94376,-18.15641],[32.94373,-18.1566],[32.94368,-18.1567],[32.94352,-18.15684],[32.9433,-18.15696],[32.94305,-18.15705],[32.94288,-18.15709],[32.94269,-18.1571],[32.94252,-18.15709],[32.94231,-18.15712],[32.94218,-18.15721],[32.94203,-18.15735],[32.94193,-18.15759],[32.94189,-18.15778],[32.9419,-18.1581],[32.94189,-18.15823],[32.94183,-18.15833],[32.94169,-18.1584],[32.94155,-18.15841],[32.9414,-18.15841],[32.94116,-18.1584],[32.94097,-18.15842],[32.94086,-18.15848],[32.94073,-18.15855],[32.94037,-18.15891],[32.94029,-18.15902],[32.94025,-18.15913],[32.94024,-18.15934],[32.94027,-18.15958],[32.94023,-18.15976],[32.94014,-18.15987],[32.93999,-18.16008],[32.93977,-18.16041],[32.93963,-18.16083],[32.93958,-18.16108],[32.93946,-18.16126],[32.93929,-18.16133],[32.93907,-18.16139],[32.93891,-18.1614],[32.93863,-18.16134],[32.93835,-18.16129],[32.93815,-18.16128],[32.93799,-18.1613],[32.93767,-18.16137],[32.9375,-18.16145],[32.93743,-18.16151],[32.9373,-18.16165],[32.93722,-18.1618],[32.93708,-18.1619],[32.93689,-18.16194],[32.93672,-18.16194],[32.93653,-18.16192],[32.93631,-18.1619],[32.9362,-18.16193],[32.93615,-18.16201],[32.93609,-18.16214],[32.93601,-18.16231],[32.9359,-18.1625],[32.93568,-18.16271],[32.93542,-18.16285],[32.93511,-18.16294],[32.93488,-18.16302],[32.93465,-18.16312],[32.93449,-18.16325],[32.93432,-18.16341],[32.93411,-18.16359],[32.93402,-18.16372],[32.93398,-18.16389],[32.93398,-18.16406],[32.93402,-18.16426],[32.93407,-18.16446],[32.9342,-18.16483],[32.93427,-18.16506],[32.93437,-18.16525],[32.93446,-18.16544],[32.93451,-18.16563],[32.93453,-18.1658],[32.93448,-18.16603],[32.93431,-18.16649],[32.93419,-18.16681],[32.93405,-18.16722],[32.93395,-18.16763],[32.93384,-18.16791],[32.93372,-18.16812],[32.93359,-18.16841],[32.93352,-18.16857],[32.93336,-18.16877],[32.93317,-18.16895],[32.9328,-18.16925],[32.93237,-18.16949],[32.93226,-18.16959],[32.93217,-18.16972],[32.93211,-18.16992],[32.93208,-18.17019],[32.93211,-18.17047],[32.93218,-18.17065],[32.93235,-18.17091],[32.93252,-18.17113],[32.93273,-18.17135],[32.93311,-18.17189],[32.93324,-18.17212],[32.93329,-18.17227],[32.9333,-18.1724],[32.93328,-18.17252],[32.93319,-18.17274],[32.933,-18.17302],[32.93265,-18.17351],[32.93227,-18.17395],[32.93212,-18.17412],[32.93199,-18.17415],[32.93175,-18.17411],[32.93153,-18.17395],[32.93134,-18.17378],[32.93067,-18.17323],[32.93045,-18.17313],[32.93019,-18.17314],[32.92988,-18.17326],[32.92972,-18.17339],[32.92951,-18.17365],[32.92928,-18.17406],[32.92913,-18.1743],[32.92898,-18.17444],[32.92875,-18.17454],[32.92839,-18.1747],[32.92749,-18.17499],[32.92693,-18.1752],[32.92664,-18.17536],[32.92626,-18.17569],[32.92592,-18.17603],[32.92576,-18.17633],[32.92567,-18.17659],[32.92551,-18.17706],[32.9252,-18.17753],[32.9248,-18.17796],[32.92441,-18.17834],[32.92426,-18.17857],[32.92415,-18.17885],[32.92416,-18.17903],[32.92426,-18.17927],[32.9245,-18.1795],[32.92483,-18.17977],[32.92525,-18.18019],[32.92545,-18.18047],[32.92557,-18.18089],[32.92577,-18.18134],[32.92606,-18.18181],[32.92627,-18.18201],[32.92646,-18.18214],[32.92676,-18.18227],[32.92713,-18.18231],[32.92755,-18.18228],[32.9279,-18.18233],[32.92818,-18.1825],[32.92839,-18.18272],[32.92864,-18.18319],[32.92876,-18.18349],[32.92878,-18.18388],[32.92875,-18.18423],[32.92877,-18.18458],[32.92881,-18.18494],[32.92891,-18.18536],[32.92904,-18.1858],[32.92913,-18.18605],[32.92929,-18.18641],[32.92939,-18.18668],[32.92957,-18.18693],[32.92983,-18.18728],[32.93003,-18.18747],[32.93018,-18.1876],[32.93033,-18.18772],[32.93071,-18.18789],[32.93121,-18.18808],[32.93134,-18.18812],[32.93168,-18.18821],[32.93229,-18.1884],[32.93248,-18.18846],[32.93272,-18.18849],[32.9329,-18.18849],[32.93322,-18.18848],[32.93359,-18.18837],[32.93381,-18.18833],[32.93396,-18.18835],[32.93412,-18.18841],[32.93428,-18.18849],[32.93444,-18.18862],[32.93454,-18.18877],[32.93464,-18.18894],[32.9347,-18.18915],[32.93473,-18.18958],[32.93481,-18.1898],[32.93496,-18.19001],[32.93508,-18.19012],[32.93529,-18.19022],[32.9355,-18.19025],[32.93576,-18.19028],[32.93598,-18.1903],[32.93617,-18.19034],[32.93639,-18.19039],[32.93662,-18.19039],[32.93724,-18.19035],[32.93746,-18.19036],[32.9376,-18.19037],[32.93776,-18.19043],[32.9383,-18.19077],[32.93862,-18.19093],[32.93873,-18.19103],[32.93875,-18.19111],[32.93872,-18.19125],[32.93866,-18.19132],[32.93854,-18.19139],[32.93812,-18.19146],[32.93796,-18.19151],[32.93784,-18.19159],[32.93775,-18.19167],[32.93765,-18.1918],[32.93761,-18.19199],[32.93761,-18.19223],[32.93763,-18.19247],[32.9377,-18.19273],[32.93781,-18.1929],[32.93794,-18.19303],[32.9381,-18.1931],[32.93825,-18.19311],[32.93849,-18.19309],[32.93873,-18.19303],[32.93894,-18.19301],[32.93907,-18.19305],[32.93918,-18.19315],[32.93922,-18.19327],[32.93921,-18.19339],[32.93914,-18.19352],[32.93906,-18.19365],[32.93907,-18.19384],[32.93916,-18.19402],[32.93929,-18.19426],[32.93937,-18.19438],[32.93948,-18.19449],[32.93959,-18.19453],[32.93974,-18.19454],[32.94006,-18.19446],[32.94058,-18.19429],[32.94072,-18.19425],[32.94092,-18.19422],[32.94122,-18.1942],[32.94157,-18.19412],[32.94174,-18.19403],[32.94184,-18.19394],[32.9419,-18.19381],[32.94193,-18.1935],[32.94197,-18.19338],[32.94204,-18.19325],[32.94216,-18.19314],[32.94233,-18.19309],[32.94247,-18.19311],[32.9426,-18.19324],[32.94274,-18.19352],[32.94285,-18.19371],[32.94298,-18.19402],[32.94311,-18.19421],[32.94322,-18.19429],[32.94337,-18.19428],[32.94352,-18.19422],[32.94364,-18.19411],[32.94369,-18.19395],[32.94371,-18.19364],[32.9437,-18.19322],[32.94373,-18.19284],[32.94379,-18.19248],[32.94385,-18.19235],[32.94399,-18.1922],[32.94437,-18.19182],[32.94453,-18.19173],[32.94472,-18.19163],[32.94491,-18.19158],[32.94514,-18.19158],[32.94535,-18.19162],[32.94564,-18.19167],[32.94593,-18.19168],[32.94629,-18.19163],[32.94681,-18.19157],[32.94692,-18.19155],[32.94708,-18.19155],[32.9473,-18.19158],[32.94748,-18.19165],[32.94785,-18.19186],[32.94811,-18.19201],[32.94835,-18.19215],[32.94852,-18.19223],[32.94862,-18.19233],[32.94866,-18.1924],[32.94866,-18.1925],[32.94862,-18.19259],[32.94855,-18.19272],[32.94841,-18.19287],[32.94821,-18.19308],[32.94815,-18.1932],[32.94811,-18.1934],[32.94806,-18.19364],[32.94795,-18.19418],[32.94792,-18.19431],[32.94784,-18.19451],[32.94772,-18.19485],[32.9477,-18.195],[32.94767,-18.19528],[32.94773,-18.19553],[32.94781,-18.19583],[32.9479,-18.19599],[32.94803,-18.1961],[32.94822,-18.19623],[32.94837,-18.19637],[32.94853,-18.19644],[32.9487,-18.19648],[32.94894,-18.1965],[32.94914,-18.19657],[32.94929,-18.19666],[32.94937,-18.19676],[32.94945,-18.19689],[32.94953,-18.19712],[32.9496,-18.19739],[32.94975,-18.19802],[32.94985,-18.19841],[32.94994,-18.19864],[32.94997,-18.19875],[32.94999,-18.19886],[32.94995,-18.19922],[32.94994,-18.19938],[32.94996,-18.19947],[32.95001,-18.19955],[32.95009,-18.19958],[32.95019,-18.19957],[32.95029,-18.19954],[32.9508,-18.19943],[32.95093,-18.19939],[32.951,-18.19932],[32.95105,-18.19926],[32.95107,-18.19919],[32.9511,-18.19911],[32.95126,-18.19858],[32.95138,-18.19825],[32.95155,-18.19799],[32.95182,-18.19762],[32.95191,-18.19755],[32.95205,-18.19745],[32.95217,-18.19739],[32.95229,-18.19737],[32.95238,-18.1974],[32.95246,-18.19748],[32.95253,-18.19757],[32.95272,-18.19778],[32.95281,-18.19785],[32.95295,-18.19791],[32.95305,-18.19794],[32.95319,-18.19794],[32.95328,-18.19789],[32.95339,-18.19779],[32.95349,-18.19764],[32.95355,-18.19752],[32.95367,-18.19735],[32.95376,-18.1972],[32.95389,-18.19703],[32.95396,-18.1969],[32.95402,-18.19666],[32.95409,-18.19647],[32.95416,-18.19631],[32.9543,-18.19612],[32.95449,-18.19586],[32.95467,-18.19565],[32.95486,-18.1955],[32.95498,-18.19543],[32.95525,-18.19531],[32.95544,-18.19525],[32.9557,-18.19519],[32.95597,-18.19508],[32.95614,-18.19501],[32.95625,-18.1949],[32.95638,-18.19474],[32.9565,-18.1946],[32.95664,-18.19449],[32.95685,-18.19433],[32.95702,-18.19416],[32.95727,-18.19385],[32.95738,-18.19369],[32.95743,-18.19354],[32.95744,-18.19335],[32.95746,-18.19315],[32.95751,-18.19297],[32.95758,-18.19282],[32.95771,-18.1927],[32.9578,-18.19265],[32.95791,-18.19262],[32.95808,-18.19262],[32.9583,-18.19269],[32.9585,-18.19277],[32.9588,-18.19293],[32.95896,-18.19296],[32.95909,-18.19292],[32.95922,-18.19283],[32.95933,-18.1927],[32.95941,-18.19254],[32.95944,-18.19241],[32.95944,-18.19224],[32.95941,-18.19209],[32.9594,-18.19186],[32.95943,-18.19166],[32.9595,-18.19144],[32.9596,-18.19124],[32.95969,-18.19105],[32.95974,-18.19079],[32.95973,-18.19054],[32.95971,-18.19027],[32.95968,-18.18975],[32.95968,-18.18948],[32.95967,-18.18937],[32.9597,-18.18918],[32.95976,-18.18905],[32.95987,-18.18891],[32.96001,-18.18879],[32.96013,-18.18873],[32.96021,-18.18872],[32.96035,-18.18874],[32.96049,-18.18879],[32.96064,-18.18893],[32.96072,-18.18907],[32.96095,-18.18976],[32.9613,-18.19087],[32.96141,-18.19121],[32.96151,-18.19145],[32.96156,-18.19159],[32.96169,-18.19182],[32.96181,-18.19201],[32.9619,-18.19209],[32.96196,-18.19213],[32.96208,-18.19218],[32.96222,-18.19223],[32.9624,-18.19227],[32.96296,-18.19238],[32.96321,-18.19241],[32.96332,-18.19241],[32.96343,-18.19238],[32.96355,-18.19233],[32.96371,-18.19221],[32.96391,-18.19203],[32.96402,-18.19187],[32.96407,-18.19173],[32.96413,-18.19159],[32.96415,-18.1915],[32.96416,-18.19138],[32.96416,-18.19125],[32.96413,-18.19101],[32.96412,-18.19086],[32.96413,-18.1906],[32.96413,-18.19043],[32.96417,-18.19025],[32.96425,-18.19005],[32.96433,-18.18989],[32.96439,-18.18976],[32.96456,-18.18961],[32.96468,-18.18954],[32.96476,-18.1895],[32.96497,-18.18946],[32.96521,-18.18943],[32.96545,-18.18939],[32.96563,-18.18936],[32.96583,-18.18932],[32.96592,-18.18929],[32.96603,-18.18923],[32.9663,-18.1891],[32.96645,-18.18906],[32.96657,-18.18905],[32.9667,-18.18907],[32.96694,-18.1891],[32.9672,-18.18914],[32.96742,-18.18919],[32.96759,-18.18927],[32.96772,-18.18937],[32.96782,-18.1895],[32.96791,-18.18962],[32.96797,-18.18971],[32.96805,-18.18985],[32.9681,-18.18998],[32.96812,-18.19012],[32.96812,-18.19027],[32.96813,-18.19036],[32.96817,-18.19046],[32.96824,-18.19059],[32.96831,-18.19069],[32.96837,-18.19078],[32.9685,-18.1909],[32.96854,-18.19097],[32.9686,-18.19105],[32.96863,-18.19114],[32.96873,-18.19138],[32.96878,-18.19155],[32.96884,-18.19171],[32.96892,-18.19185],[32.96901,-18.19195],[32.96908,-18.19204],[32.96911,-18.19208],[32.96915,-18.19218],[32.96919,-18.19226],[32.96925,-18.1925],[32.96938,-18.19285],[32.96941,-18.19299],[32.96947,-18.1931],[32.96954,-18.19319],[32.96963,-18.19327],[32.96977,-18.19336],[32.96994,-18.19344],[32.97014,-18.19352],[32.97031,-18.19358],[32.97099,-18.19374],[32.97128,-18.1938],[32.97135,-18.19384],[32.97141,-18.19389],[32.97142,-18.19396],[32.97141,-18.19403],[32.97137,-18.1941],[32.97126,-18.19416],[32.97111,-18.19422],[32.97065,-18.19432],[32.97023,-18.19442],[32.97012,-18.19446],[32.97006,-18.19451],[32.97004,-18.19458],[32.97005,-18.19465],[32.97007,-18.1947],[32.97016,-18.19481],[32.97021,-18.19486],[32.97028,-18.19497],[32.97034,-18.19506],[32.97038,-18.19517],[32.97043,-18.19533],[32.97051,-18.19557],[32.97061,-18.19579],[32.97072,-18.19597],[32.97084,-18.19612],[32.97097,-18.19623],[32.97111,-18.19633],[32.97128,-18.19637],[32.97154,-18.19639],[32.97171,-18.19639],[32.9719,-18.19632],[32.97205,-18.19623],[32.97237,-18.19604],[32.97251,-18.19594],[32.97262,-18.1958],[32.97273,-18.19555],[32.97283,-18.19534],[32.97293,-18.19519],[32.97306,-18.19512],[32.97316,-18.19511],[32.97326,-18.19513],[32.97334,-18.1952],[32.97337,-18.1953],[32.97335,-18.19542],[32.97329,-18.19559],[32.97321,-18.19581],[32.9732,-18.19599],[32.97323,-18.19624],[32.97327,-18.1965],[32.97338,-18.19682],[32.97347,-18.19707],[32.97359,-18.19731],[32.97374,-18.19757],[32.97386,-18.19772],[32.97404,-18.19787],[32.97434,-18.19804],[32.97447,-18.19818],[32.97463,-18.19837],[32.97473,-18.19856],[32.97478,-18.19878],[32.9748,-18.19906],[32.9748,-18.19928],[32.97479,-18.19958],[32.97479,-18.19994],[32.97481,-18.20014],[32.97485,-18.20039],[32.97489,-18.20061],[32.97496,-18.20089],[32.97504,-18.20114],[32.9751,-18.20127],[32.97519,-18.2014],[32.97546,-18.20179],[32.97553,-18.20191],[32.97559,-18.20205],[32.97562,-18.20213],[32.97565,-18.20227],[32.97565,-18.20242],[32.97563,-18.2028],[32.97558,-18.20348],[32.97559,-18.20366],[32.97562,-18.20373],[32.97568,-18.20379],[32.97576,-18.20384],[32.97591,-18.20387],[32.97611,-18.20387],[32.97638,-18.20383],[32.97679,-18.20375],[32.97705,-18.20371],[32.97724,-18.2037],[32.97736,-18.20371],[32.9775,-18.20376],[32.97777,-18.20386],[32.97791,-18.2039],[32.97802,-18.20391],[32.97811,-18.20388],[32.97818,-18.20383],[32.97824,-18.20377]]}},{"type":"Feature","properties":{"kind":"road","name":""},"geometry":{"type":"LineString","coordinates":[[32.69236,-18.35096],[32.69274,-18.35102],[32.69328,-18.35111],[32.69361,-18.35119],[32.69396,-18.35136],[32.69419,-18.35152],[32.69446,-18.35186],[32.69503,-18.3531],[32.69592,-18.35487],[32.69654,-18.3563],[32.69687,-18.357],[32.69697,-18.35717],[32.69708,-18.35731],[32.69722,-18.35746],[32.69749,-18.35762],[32.69782,-18.35777],[32.69855,-18.35798],[32.69899,-18.35814],[32.69922,-18.35823],[32.69944,-18.35833],[32.7002,-18.35888],[32.7013,-18.35979],[32.70275,-18.36096],[32.70357,-18.3616],[32.70377,-18.36177],[32.70388,-18.3619],[32.70399,-18.36207],[32.70407,-18.36242],[32.70403,-18.36268],[32.70377,-18.36334],[32.70375,-18.36339],[32.70371,-18.36354],[32.70369,-18.36368],[32.70369,-18.36385],[32.70373,-18.36402],[32.70382,-18.36417],[32.70394,-18.36429],[32.70417,-18.36448],[32.70451,-18.36458],[32.70485,-18.36457],[32.70523,-18.36451],[32.70571,-18.36443],[32.70592,-18.36444],[32.70607,-18.36446],[32.70622,-18.36451],[32.7066,-18.36466],[32.70699,-18.36491],[32.70725,-18.36519],[32.70767,-18.36574],[32.70784,-18.36592],[32.708,-18.36604],[32.70819,-18.36611],[32.70876,-18.36614]]}},{"type":"Feature","properties":{"kind":"road","name":""},"geometry":{"type":"LineString","coordinates":[[32.95439,-18.35421],[32.95454,-18.35423],[32.9547,-18.35428],[32.95496,-18.3543],[32.95509,-18.35433],[32.95513,-18.35444],[32.9552,-18.35462],[32.95526,-18.35469],[32.95535,-18.35456],[32.95542,-18.35445],[32.95556,-18.35436],[32.95588,-18.35413],[32.95617,-18.35385],[32.95629,-18.35375],[32.95647,-18.35369],[32.95667,-18.3537],[32.95682,-18.35369],[32.95698,-18.35367],[32.95717,-18.35358],[32.95749,-18.35321],[32.95776,-18.35288],[32.95785,-18.35275],[32.95792,-18.35257],[32.95791,-18.35235],[32.95795,-18.3523],[32.95803,-18.35228],[32.95814,-18.35232],[32.95824,-18.35242],[32.95833,-18.35264],[32.95847,-18.35323],[32.9586,-18.35352],[32.95872,-18.35373],[32.9589,-18.35379],[32.95908,-18.35377],[32.95922,-18.35366],[32.95935,-18.35349],[32.95941,-18.35337],[32.95945,-18.35336],[32.95951,-18.35341],[32.95959,-18.35359],[32.95976,-18.35408],[32.9598,-18.35424],[32.95977,-18.35434],[32.95973,-18.35444],[32.95959,-18.35455],[32.9595,-18.35461],[32.95948,-18.35464],[32.95948,-18.35466],[32.9595,-18.35468],[32.95955,-18.35471],[32.9596,-18.35471],[32.95968,-18.35469],[32.95976,-18.35462],[32.95985,-18.3545],[32.95991,-18.35436],[32.96001,-18.35427],[32.9601,-18.35425],[32.96036,-18.35431],[32.96074,-18.35441],[32.96094,-18.35444],[32.96105,-18.35444],[32.9612,-18.35435],[32.96135,-18.35425],[32.96155,-18.35419],[32.96169,-18.35419],[32.96199,-18.35424],[32.96256,-18.35442],[32.96266,-18.35446],[32.96307,-18.35457],[32.96343,-18.35464],[32.9639,-18.35465],[32.96435,-18.35468],[32.96457,-18.35468],[32.9648,-18.35471],[32.96492,-18.35477],[32.96513,-18.35499],[32.96522,-18.35511],[32.96539,-18.35534],[32.96562,-18.35553],[32.96592,-18.35573],[32.96643,-18.35606],[32.96655,-18.3562],[32.96664,-18.35632],[32.96679,-18.35662],[32.96695,-18.35709],[32.967,-18.3574],[32.96703,-18.35764],[32.96706,-18.35787],[32.96708,-18.35796],[32.96712,-18.35801],[32.96719,-18.358],[32.96733,-18.35796],[32.96759,-18.35793],[32.96786,-18.35792],[32.9681,-18.35788],[32.96826,-18.35786],[32.96837,-18.35788],[32.96849,-18.35795],[32.9687,-18.35824],[32.96895,-18.35882],[32.96905,-18.35891],[32.96917,-18.35897],[32.96926,-18.359],[32.96948,-18.35902],[32.96971,-18.35901],[32.96996,-18.35903],[32.97034,-18.35915],[32.97128,-18.35956],[32.97163,-18.35975],[32.97183,-18.35981],[32.97197,-18.35981],[32.97223,-18.35977],[32.97258,-18.35961],[32.97302,-18.35939],[32.97335,-18.35927],[32.97348,-18.35926],[32.97359,-18.35929],[32.9737,-18.35937],[32.97389,-18.35969],[32.97405,-18.35999],[32.97434,-18.36032],[32.97456,-18.36064],[32.97474,-18.36099],[32.97488,-18.36125],[32.97499,-18.36136],[32.97512,-18.36146],[32.97536,-18.36155],[32.97562,-18.36165],[32.97574,-18.3617],[32.97582,-18.36179],[32.97591,-18.36199],[32.97591,-18.36248],[32.97592,-18.36264],[32.97597,-18.36281],[32.97602,-18.36291],[32.97613,-18.36298],[32.9763,-18.36302],[32.97657,-18.36297],[32.97687,-18.36292],[32.97715,-18.36283],[32.97729,-18.36278],[32.97751,-18.36278]]}},{"type":"Feature","properties":{"kind":"stream","name":""},"geometry":{"type":"LineString","coordinates":[[32.85312,-18.29995],[32.8545,-18.2985],[32.85531,-18.2982],[32.85594,-18.29803],[32.85618,-18.29705],[32.8574,-18.29722],[32.85828,-18.29659],[32.85912,-18.29637],[32.85954,-18.29597],[32.8601,-18.29633],[32.86084,-18.29546],[32.86079,-18.29478],[32.86236,-18.29317],[32.8633,-18.29267],[32.86429,-18.29136],[32.86504,-18.29094],[32.86575,-18.29134],[32.86525,-18.29218],[32.86565,-18.29247],[32.86625,-18.29239],[32.86641,-18.29271],[32.86792,-18.29149],[32.86939,-18.28942],[32.87001,-18.28801],[32.87019,-18.28767],[32.87022,-18.2866],[32.86966,-18.28567],[32.86927,-18.28555]]}},{"type":"Feature","properties":{"kind":"stream","name":""},"geometry":{"type":"LineString","coordinates":[[32.85191,-18.28328],[32.85233,-18.28363],[32.85295,-18.28381],[32.85324,-18.28399],[32.8535,-18.28379],[32.85344,-18.28332],[32.85355,-18.28311],[32.8539,-18.2828],[32.85394,-18.28253],[32.8538,-18.28223],[32.85394,-18.28183],[32.85398,-18.28147],[32.85425,-18.28144],[32.85464,-18.28218],[32.85513,-18.28264],[32.8559,-18.28274],[32.85641,-18.2835],[32.85686,-18.28371],[32.85776,-18.28372],[32.85823,-18.28398],[32.85876,-18.28376],[32.85917,-18.28393],[32.85937,-18.28436],[32.85979,-18.28453],[32.86008,-18.28444],[32.86063,-18.28448],[32.86112,-18.28413],[32.8616,-18.28408],[32.86199,-18.28414],[32.86236,-18.28396],[32.86248,-18.28384]]}},{"type":"Feature","properties":{"kind":"river","name":"Pungwe"},"geometry":{"type":"LineString","coordinates":[[32.83479,-18.38825],[32.83494,-18.38859],[32.83516,-18.38916],[32.83539,-18.38989],[32.83542,-18.39047],[32.83533,-18.39095],[32.83507,-18.39167],[32.83471,-18.39235],[32.83462,-18.39258],[32.83459,-18.39296],[32.83478,-18.39347],[32.83526,-18.39417],[32.83563,-18.39442],[32.83608,-18.39445],[32.83678,-18.39437],[32.83721,-18.39436],[32.83759,-18.39448],[32.83786,-18.39468],[32.83797,-18.39505],[32.83796,-18.39537],[32.8378,-18.39589],[32.83746,-18.3969],[32.83739,-18.39748],[32.83749,-18.39808],[32.8382,-18.39943],[32.83893,-18.40047],[32.8393,-18.40108],[32.83945,-18.40191],[32.83939,-18.40333],[32.83924,-18.40455],[32.83928,-18.40472],[32.83945,-18.405],[32.83989,-18.40528],[32.84045,-18.40561],[32.84151,-18.40685],[32.84156,-18.407],[32.84172,-18.40735],[32.84191,-18.40785],[32.84225,-18.40818],[32.84267,-18.40834],[32.84315,-18.40839],[32.84362,-18.40852],[32.84421,-18.40888],[32.84471,-18.40934],[32.84509,-18.40972],[32.8453,-18.40999],[32.84535,-18.41022],[32.84534,-18.41047],[32.84536,-18.41078],[32.84546,-18.41102],[32.84566,-18.41117],[32.84604,-18.41124],[32.84641,-18.41138],[32.84669,-18.41164],[32.84691,-18.41194],[32.84713,-18.41274],[32.84767,-18.41373],[32.84823,-18.41451],[32.84865,-18.41495],[32.84881,-18.41534],[32.84883,-18.4158],[32.84841,-18.41759],[32.84817,-18.41877],[32.84779,-18.42033],[32.84763,-18.42115],[32.8473,-18.42199],[32.84664,-18.42305],[32.84625,-18.42378],[32.84603,-18.42437],[32.84595,-18.42513],[32.8459,-18.42566],[32.8457,-18.42612],[32.84533,-18.42663],[32.84478,-18.4274],[32.84465,-18.42772],[32.84465,-18.42816],[32.84492,-18.42876],[32.8451,-18.42946],[32.84511,-18.42977],[32.8449,-18.43019],[32.84439,-18.43073],[32.84431,-18.43091],[32.8444,-18.43115],[32.845,-18.4317],[32.84561,-18.43238],[32.84599,-18.43303],[32.84638,-18.43453],[32.84656,-18.43613],[32.84641,-18.4369],[32.84598,-18.43775],[32.84587,-18.43798],[32.8455,-18.43864],[32.84541,-18.4391],[32.84553,-18.44004],[32.84573,-18.4408],[32.84574,-18.44144],[32.84562,-18.44223],[32.84565,-18.44271],[32.84583,-18.44327],[32.84644,-18.44445],[32.84686,-18.44509],[32.84746,-18.44608],[32.8479,-18.44685],[32.84838,-18.44796],[32.84876,-18.44895],[32.84889,-18.44949],[32.84898,-18.44972],[32.84925,-18.44994],[32.84951,-18.45],[32.84988,-18.44998],[32.85033,-18.44977],[32.85075,-18.44928],[32.85104,-18.44875],[32.85128,-18.44838],[32.85153,-18.4481],[32.8518,-18.44802],[32.8525,-18.44806],[32.85339,-18.44806],[32.85386,-18.44801],[32.85431,-18.44787],[32.85614,-18.44731],[32.85641,-18.44718],[32.8566,-18.447],[32.85678,-18.44674],[32.8571,-18.44621],[32.8573,-18.44602],[32.85749,-18.44588],[32.85795,-18.44557],[32.85842,-18.44541],[32.85885,-18.44534],[32.85955,-18.44529],[32.85989,-18.44522],[32.86012,-18.44525],[32.86042,-18.44515],[32.86068,-18.4449],[32.86081,-18.44451],[32.86092,-18.44413],[32.86106,-18.44379],[32.86136,-18.44346],[32.86196,-18.44311],[32.86222,-18.44297],[32.86262,-18.44287],[32.86285,-18.44283],[32.8632,-18.44285],[32.86349,-18.44293],[32.86383,-18.44309],[32.86406,-18.44334],[32.8643,-18.44347],[32.86447,-18.44355],[32.86482,-18.44372],[32.86521,-18.44392],[32.86561,-18.44417],[32.8659,-18.44452],[32.86609,-18.44499],[32.86614,-18.44521],[32.86622,-18.44541],[32.86637,-18.44561],[32.86668,-18.44595],[32.8669,-18.44612],[32.86735,-18.4462],[32.86751,-18.44633],[32.86772,-18.44633],[32.86806,-18.44615],[32.8683,-18.44598],[32.86863,-18.44589],[32.86893,-18.44578],[32.86918,-18.44553],[32.86932,-18.44526],[32.86964,-18.44508],[32.86985,-18.44486],[32.87029,-18.44467],[32.87051,-18.44446],[32.8713,-18.44383],[32.87215,-18.44337],[32.87289,-18.44307],[32.87375,-18.44294],[32.87492,-18.44287],[32.87618,-18.44304],[32.87779,-18.44365],[32.87863,-18.4444],[32.87969,-18.4459],[32.88007,-18.44638],[32.88038,-18.44667],[32.8808,-18.44689],[32.88297,-18.44776],[32.88346,-18.44785],[32.88395,-18.44789],[32.88465,-18.4478],[32.88494,-18.44774],[32.8851,-18.44766],[32.88525,-18.44757],[32.88539,-18.44745],[32.88552,-18.44716],[32.88558,-18.44697],[32.88569,-18.44664],[32.88571,-18.44639],[32.88568,-18.44612],[32.88559,-18.44583],[32.8856,-18.44573],[32.88565,-18.44561],[32.88583,-18.44545],[32.88656,-18.44484],[32.8869,-18.44457],[32.88704,-18.44445],[32.88713,-18.44436],[32.88716,-18.44429],[32.88723,-18.44415],[32.88726,-18.44412],[32.8873,-18.44408],[32.88737,-18.44404],[32.88744,-18.444],[32.8875,-18.44396],[32.88752,-18.44391],[32.88751,-18.44386],[32.88749,-18.44375],[32.88747,-18.4437],[32.88742,-18.44365],[32.88702,-18.4434],[32.88661,-18.44321],[32.88639,-18.44313],[32.8862,-18.44306],[32.88603,-18.44297],[32.8859,-18.44285],[32.88585,-18.44274],[32.88584,-18.44264],[32.88586,-18.44257],[32.88596,-18.44237],[32.8861,-18.44209],[32.88615,-18.44184],[32.88618,-18.44177],[32.88623,-18.44173],[32.88626,-18.4417],[32.88636,-18.44167],[32.88651,-18.44164],[32.88674,-18.44159],[32.88713,-18.44139],[32.88766,-18.44111],[32.88817,-18.4409],[32.88856,-18.44073],[32.88903,-18.44056],[32.88949,-18.44041],[32.88986,-18.44022],[32.89039,-18.43997],[32.89112,-18.4396],[32.89167,-18.43923],[32.89212,-18.43891],[32.89247,-18.43868],[32.89277,-18.43839],[32.89287,-18.43827],[32.89292,-18.43818],[32.89293,-18.43807],[32.89291,-18.43797],[32.89289,-18.43789],[32.89287,-18.43779],[32.89287,-18.43772],[32.89291,-18.43764],[32.89296,-18.43753],[32.89307,-18.43735],[32.89316,-18.4372],[32.89324,-18.43703],[32.89333,-18.4369],[32.89341,-18.43664],[32.89348,-18.43629],[32.89354,-18.43578],[32.89361,-18.43547],[32.89365,-18.43531],[32.89377,-18.43513],[32.894,-18.43486],[32.89422,-18.43459],[32.89444,-18.43438],[32.89469,-18.43423],[32.89488,-18.43411],[32.89513,-18.43399],[32.89541,-18.43386],[32.89569,-18.43375],[32.89606,-18.43357],[32.89641,-18.43339],[32.89679,-18.43317],[32.89727,-18.43288],[32.89786,-18.43246],[32.89837,-18.43202],[32.89899,-18.43148],[32.89942,-18.4312],[32.89973,-18.431],[32.89991,-18.43088],[32.89998,-18.43076],[32.90003,-18.43067],[32.90005,-18.43047],[32.90005,-18.43028],[32.89999,-18.42997],[32.89991,-18.42984],[32.8998,-18.42967],[32.89962,-18.42942],[32.89944,-18.42925],[32.89927,-18.42909],[32.89915,-18.42894],[32.89908,-18.42875],[32.89911,-18.42858],[32.89926,-18.42827],[32.89943,-18.42803],[32.89978,-18.42768],[32.90007,-18.42742],[32.90027,-18.42724],[32.90041,-18.42715],[32.90053,-18.42714],[32.90058,-18.42714],[32.90066,-18.42717],[32.90076,-18.42729],[32.90081,-18.42736],[32.9009,-18.42741],[32.90106,-18.42743],[32.90138,-18.42743],[32.90168,-18.42741],[32.90214,-18.42744],[32.90244,-18.42741],[32.90274,-18.4273],[32.90324,-18.4271],[32.90358,-18.42701],[32.90395,-18.42688],[32.90448,-18.42671],[32.9047,-18.42657],[32.90498,-18.42645],[32.90572,-18.42614],[32.90628,-18.4259],[32.90684,-18.42572],[32.90741,-18.42557],[32.90808,-18.42543],[32.90829,-18.42536],[32.90837,-18.42522],[32.90838,-18.42505],[32.90821,-18.42478],[32.90803,-18.4246],[32.908,-18.42448],[32.90802,-18.42437],[32.90805,-18.42431],[32.90809,-18.42422],[32.90818,-18.42408],[32.9083,-18.42391],[32.90877,-18.42318],[32.90911,-18.4226],[32.9095,-18.422],[32.90982,-18.42151],[32.91,-18.42127],[32.91023,-18.42107],[32.91033,-18.42099],[32.91054,-18.42091],[32.91077,-18.4209],[32.91092,-18.42087],[32.91109,-18.42075],[32.91124,-18.42062],[32.9114,-18.42051],[32.91164,-18.42041],[32.91193,-18.42032],[32.91214,-18.42026],[32.91258,-18.4201],[32.91346,-18.41966],[32.91381,-18.41944],[32.91404,-18.41917],[32.91416,-18.41892],[32.91422,-18.41873],[32.91421,-18.41865],[32.91417,-18.41859],[32.91407,-18.41851],[32.91395,-18.41843],[32.91372,-18.41829],[32.91365,-18.4182],[32.91361,-18.4181],[32.9136,-18.41795],[32.91363,-18.41773],[32.9137,-18.41754],[32.91389,-18.41727],[32.91431,-18.4168],[32.91441,-18.41667],[32.91447,-18.41652],[32.91455,-18.41629],[32.91467,-18.41608],[32.9152,-18.41528],[32.91563,-18.41461],[32.91598,-18.41398],[32.91626,-18.41329],[32.91638,-18.41307],[32.91653,-18.41293],[32.91669,-18.41284],[32.91686,-18.41282],[32.91708,-18.41284],[32.91727,-18.41285],[32.9175,-18.41284],[32.91776,-18.41284],[32.91828,-18.41288],[32.91864,-18.41287],[32.91934,-18.41279],[32.9199,-18.41273],[32.9211,-18.41262],[32.9215,-18.41255],[32.92204,-18.41242],[32.92234,-18.41232],[32.92267,-18.41217],[32.92355,-18.41172],[32.92369,-18.41161],[32.92375,-18.41153],[32.9238,-18.41142],[32.92383,-18.41126],[32.92395,-18.41026],[32.92408,-18.40917],[32.92415,-18.40859],[32.92416,-18.4084],[32.92414,-18.40821],[32.92411,-18.40808],[32.92402,-18.40791],[32.92385,-18.40773],[32.92375,-18.40759],[32.9237,-18.40746],[32.92369,-18.40725],[32.92372,-18.40686],[32.92379,-18.40638],[32.92379,-18.40587],[32.92374,-18.40549],[32.9237,-18.40527],[32.92365,-18.40506],[32.9237,-18.40491],[32.92378,-18.40482],[32.92389,-18.40475],[32.92413,-18.40464],[32.92486,-18.40446],[32.92517,-18.40442],[32.92545,-18.40439],[32.92574,-18.40433],[32.92637,-18.40412],[32.92665,-18.40403],[32.92686,-18.40398],[32.92708,-18.40397],[32.9273,-18.40394],[32.92745,-18.4039],[32.92759,-18.40385],[32.92801,-18.40369],[32.92822,-18.40358],[32.9284,-18.40346],[32.92855,-18.40327],[32.92866,-18.40301],[32.92874,-18.40288],[32.9289,-18.40275],[32.92924,-18.4026],[32.92958,-18.40255],[32.93039,-18.40244],[32.93094,-18.40235],[32.93137,-18.40233],[32.93159,-18.40235],[32.93188,-18.40244],[32.932,-18.40248],[32.93214,-18.40249],[32.93254,-18.40243],[32.93279,-18.40235],[32.93307,-18.4022],[32.93343,-18.40202],[32.93352,-18.40197],[32.93359,-18.40191],[32.93364,-18.40188],[32.93369,-18.40185],[32.93375,-18.40181],[32.93393,-18.40168],[32.9341,-18.40158],[32.93422,-18.40148],[32.93431,-18.40139],[32.93457,-18.40106],[32.93476,-18.40078],[32.93479,-18.40064],[32.93477,-18.4005],[32.93452,-18.39978],[32.93449,-18.39961],[32.93451,-18.39934],[32.93461,-18.39915],[32.93482,-18.3989],[32.93529,-18.39854],[32.9357,-18.3983],[32.93601,-18.39813],[32.93633,-18.39788],[32.93715,-18.39715],[32.93756,-18.3968],[32.93777,-18.39668],[32.93793,-18.39663],[32.93822,-18.39664],[32.93853,-18.39665],[32.93885,-18.39662],[32.93902,-18.39663],[32.93918,-18.39666],[32.9393,-18.39672],[32.93935,-18.39682],[32.93935,-18.39696],[32.93921,-18.39751],[32.9391,-18.39791],[32.93904,-18.39812],[32.939,-18.39846],[32.93903,-18.3989],[32.9391,-18.39924],[32.93924,-18.39949],[32.93951,-18.39967],[32.93976,-18.39977],[32.93992,-18.3998],[32.94003,-18.39981],[32.94026,-18.39978],[32.94043,-18.39972],[32.94063,-18.3996],[32.9409,-18.39934],[32.94109,-18.3992],[32.94121,-18.39906],[32.94146,-18.39868],[32.94183,-18.39814],[32.94205,-18.39776],[32.94209,-18.39743],[32.94209,-18.39705],[32.94207,-18.39675],[32.94203,-18.39658],[32.94204,-18.39652],[32.94207,-18.39644],[32.94216,-18.39624],[32.94218,-18.39614],[32.94218,-18.39603],[32.94222,-18.3955],[32.94218,-18.39493],[32.94218,-18.39475],[32.94224,-18.39462],[32.94234,-18.39452],[32.94268,-18.3944],[32.94312,-18.39431],[32.94355,-18.39418],[32.94394,-18.394],[32.94462,-18.39367],[32.94492,-18.39354],[32.94508,-18.39349],[32.94529,-18.39343],[32.94543,-18.39339],[32.9456,-18.3933],[32.94579,-18.39314],[32.94588,-18.39305],[32.94639,-18.39251],[32.94681,-18.39208],[32.94739,-18.39155],[32.94785,-18.39118],[32.94821,-18.39089],[32.94838,-18.39073],[32.94848,-18.39056],[32.94857,-18.39025],[32.94867,-18.38958],[32.94889,-18.38909],[32.94922,-18.38855],[32.94944,-18.38819],[32.94966,-18.38794],[32.95002,-18.38766],[32.95024,-18.38754],[32.95041,-18.38742],[32.95051,-18.38734],[32.95069,-18.38718],[32.95083,-18.38707],[32.95091,-18.38702],[32.95101,-18.387],[32.95117,-18.38701],[32.95126,-18.38705],[32.95137,-18.38713],[32.95167,-18.3874],[32.95189,-18.38753],[32.95211,-18.38765],[32.95246,-18.38786],[32.95267,-18.38795],[32.95286,-18.38799],[32.953,-18.38798],[32.95308,-18.38794],[32.95315,-18.38783],[32.95322,-18.38774],[32.95329,-18.38769],[32.95342,-18.38763],[32.9536,-18.38758],[32.95368,-18.38754],[32.95377,-18.38748],[32.95379,-18.38743],[32.95384,-18.38733],[32.95386,-18.3872],[32.95395,-18.38697],[32.95404,-18.38684],[32.95415,-18.38671],[32.95446,-18.38629],[32.95472,-18.38594],[32.95512,-18.38547],[32.95524,-18.38524],[32.95531,-18.38506],[32.95539,-18.3849],[32.95554,-18.3847],[32.95563,-18.38459],[32.95609,-18.38398],[32.95659,-18.38343],[32.95668,-18.38333],[32.95674,-18.38325],[32.95682,-18.38312],[32.95693,-18.383],[32.95705,-18.3829],[32.95716,-18.38285],[32.9573,-18.38281],[32.95737,-18.3828],[32.95747,-18.3828],[32.95751,-18.3828],[32.95754,-18.38281],[32.95757,-18.38283],[32.9576,-18.38286],[32.95761,-18.3829],[32.95762,-18.38298],[32.95759,-18.38305],[32.95757,-18.38318],[32.95758,-18.38329],[32.95759,-18.38332],[32.95762,-18.38335],[32.95764,-18.38336],[32.95767,-18.38337],[32.9577,-18.38337],[32.95777,-18.38336],[32.95786,-18.38334],[32.95798,-18.38334],[32.95829,-18.38334],[32.95846,-18.38334],[32.95862,-18.38336],[32.95879,-18.38337],[32.959,-18.38341],[32.95921,-18.38347],[32.95945,-18.38358],[32.95969,-18.3837],[32.95989,-18.38379],[32.9601,-18.38386],[32.96027,-18.3839],[32.96034,-18.38391],[32.96041,-18.3839],[32.96046,-18.38388],[32.96051,-18.38384],[32.96054,-18.38378],[32.9606,-18.38367],[32.9607,-18.38345],[32.96077,-18.38337],[32.96082,-18.3833],[32.961,-18.38316],[32.96115,-18.38306],[32.96146,-18.38287],[32.96189,-18.38269],[32.96192,-18.38283],[32.96196,-18.38294],[32.96198,-18.38297],[32.96203,-18.38298],[32.96224,-18.38299],[32.96251,-18.38299],[32.96352,-18.38309],[32.96377,-18.3831],[32.96399,-18.38311],[32.96418,-18.3831],[32.9644,-18.3831],[32.96466,-18.38311],[32.96494,-18.38316],[32.96506,-18.38319],[32.96518,-18.38326],[32.96525,-18.38332],[32.96536,-18.38339],[32.96549,-18.38346],[32.96564,-18.38353],[32.96598,-18.38372],[32.96627,-18.38386],[32.96637,-18.3839],[32.96661,-18.38399],[32.96679,-18.38406],[32.9677,-18.38448],[32.96814,-18.38465],[32.96868,-18.38485],[32.96909,-18.38502],[32.96951,-18.38525],[32.96997,-18.38561],[32.97016,-18.3858],[32.97021,-18.3859],[32.97024,-18.38601],[32.97023,-18.38611],[32.97008,-18.3864],[32.97004,-18.38649],[32.97002,-18.3866],[32.97,-18.38673],[32.96998,-18.3868],[32.96991,-18.3869],[32.9696,-18.38728],[32.9695,-18.38746],[32.96946,-18.38765],[32.9695,-18.3881],[32.96972,-18.3901],[32.96969,-18.39022],[32.96961,-18.39032],[32.96952,-18.39037],[32.9694,-18.39038],[32.96923,-18.39035],[32.96894,-18.39024],[32.96887,-18.39022],[32.9688,-18.39023],[32.96875,-18.39027],[32.96871,-18.39033],[32.96863,-18.39045],[32.96853,-18.39054],[32.9684,-18.39064],[32.96826,-18.39074],[32.96799,-18.39089],[32.96787,-18.39096],[32.96781,-18.39104],[32.96781,-18.39114],[32.96785,-18.39125],[32.96806,-18.39148],[32.96812,-18.39162],[32.96819,-18.39183],[32.96828,-18.39249],[32.96837,-18.39334],[32.96839,-18.39378],[32.96833,-18.39487],[32.96832,-18.39533],[32.96838,-18.39587],[32.96848,-18.39632],[32.96861,-18.39648],[32.96884,-18.39662],[32.96911,-18.39666],[32.96929,-18.3966],[32.96941,-18.39654],[32.96984,-18.39601],[32.97017,-18.39563],[32.97044,-18.39538],[32.97087,-18.39512],[32.97113,-18.39497],[32.97145,-18.39485],[32.97177,-18.39478],[32.97196,-18.39481],[32.97209,-18.3949],[32.97223,-18.39516],[32.97232,-18.39549],[32.9723,-18.39572],[32.97215,-18.39595],[32.97183,-18.39627],[32.97164,-18.39653],[32.97159,-18.39669],[32.97161,-18.39683],[32.97172,-18.39705],[32.97186,-18.39729],[32.97195,-18.39755],[32.97201,-18.39787],[32.9721,-18.39849],[32.97218,-18.39895],[32.97228,-18.39941],[32.97234,-18.39959],[32.97241,-18.39977],[32.97256,-18.4001],[32.97297,-18.40079],[32.97326,-18.40111],[32.97353,-18.40127],[32.97384,-18.40136],[32.97418,-18.40136],[32.97447,-18.40133],[32.97461,-18.40132],[32.97479,-18.40128],[32.97507,-18.40121],[32.9754,-18.40109],[32.97566,-18.40104],[32.97597,-18.40101],[32.97604,-18.40098],[32.97609,-18.40092],[32.97611,-18.4007],[32.9762,-18.40054],[32.97638,-18.4004],[32.97678,-18.40011],[32.97689,-18.39994],[32.97696,-18.39978],[32.97706,-18.39969],[32.97743,-18.3995],[32.97806,-18.39925],[32.97862,-18.39916],[32.97921,-18.39923],[32.97942,-18.39925],[32.97967,-18.39924],[32.98017,-18.39918],[32.98048,-18.39916],[32.98093,-18.39917],[32.98213,-18.39926],[32.98257,-18.39938],[32.98295,-18.39958],[32.98319,-18.39979],[32.98344,-18.40013],[32.98352,-18.40034],[32.98355,-18.40054],[32.98356,-18.40081],[32.98358,-18.40138],[32.9836,-18.40161],[32.98359,-18.40174],[32.98356,-18.40188],[32.98349,-18.40207],[32.98338,-18.40236],[32.98327,-18.40263],[32.98315,-18.40285],[32.98308,-18.403],[32.98303,-18.40319],[32.98292,-18.40387],[32.98282,-18.40466],[32.98281,-18.40486],[32.98284,-18.40511],[32.98303,-18.40561],[32.9831,-18.40579],[32.98318,-18.40595],[32.98333,-18.40618],[32.98399,-18.40698],[32.98421,-18.40747],[32.98427,-18.40769],[32.98428,-18.4079],[32.98423,-18.40818],[32.98405,-18.40855],[32.98397,-18.40877],[32.98398,-18.40884],[32.98402,-18.40892],[32.98414,-18.40901],[32.98429,-18.40912],[32.98441,-18.40925],[32.98473,-18.40975],[32.98482,-18.40981],[32.98493,-18.40986],[32.98504,-18.40985],[32.98545,-18.40971],[32.98554,-18.40964],[32.98559,-18.40957],[32.98564,-18.40945],[32.98576,-18.40933],[32.98591,-18.40922],[32.98615,-18.40912],[32.9867,-18.40901],[32.98684,-18.409],[32.98695,-18.409],[32.98712,-18.40906],[32.98734,-18.40921],[32.98752,-18.40926],[32.98767,-18.40928],[32.98804,-18.4093],[32.98821,-18.40934],[32.98841,-18.40944],[32.98863,-18.40957],[32.98873,-18.40964],[32.98896,-18.40972],[32.99072,-18.41024],[32.99102,-18.41027],[32.99118,-18.41025],[32.99207,-18.40987],[32.99229,-18.40976],[32.99245,-18.40959],[32.99259,-18.40933],[32.99315,-18.40834],[32.99328,-18.40817],[32.99341,-18.40812],[32.99353,-18.40812],[32.9937,-18.40818],[32.99404,-18.40848],[32.99445,-18.4087],[32.9947,-18.40877],[32.995,-18.40878],[32.99562,-18.40874],[32.99631,-18.40858],[32.99678,-18.40842],[32.99896,-18.40748],[32.99968,-18.40728],[33.00338,-18.40699],[33.00694,-18.40646],[33.01005,-18.40584],[33.01033,-18.4057],[33.01048,-18.40554],[33.0109,-18.40465],[33.01105,-18.40418],[33.01109,-18.40404],[33.0112,-18.40389],[33.01161,-18.40347],[33.01181,-18.40333],[33.012,-18.40324],[33.0122,-18.40322],[33.01287,-18.40332],[33.01309,-18.40337],[33.01328,-18.40346],[33.01411,-18.40412],[33.01428,-18.40419],[33.01445,-18.4042],[33.01479,-18.40417],[33.015,-18.40417],[33.01544,-18.40422],[33.01682,-18.4044],[33.01859,-18.40464],[33.01919,-18.40461],[33.01961,-18.4045],[33.0199,-18.40429],[33.02015,-18.40401],[33.02021,-18.40381],[33.02021,-18.4036],[33.02018,-18.40354],[33.02011,-18.40347],[33.02007,-18.40342],[33.02006,-18.40334],[33.01986,-18.40212],[33.01977,-18.4015],[33.01978,-18.4013],[33.01981,-18.40119],[33.02004,-18.40077],[33.02006,-18.40066],[33.02003,-18.40051],[33.01981,-18.39978],[33.01977,-18.39956],[33.01981,-18.39937],[33.02001,-18.39901],[33.02049,-18.39821],[33.02119,-18.39709],[33.02137,-18.3969],[33.02201,-18.39641],[33.02218,-18.39616],[33.0224,-18.39581],[33.02242,-18.39575],[33.02243,-18.39564],[33.02241,-18.39506],[33.02235,-18.39452],[33.02237,-18.39409],[33.02249,-18.3937],[33.02268,-18.39334],[33.02284,-18.39298],[33.02303,-18.39208],[33.02321,-18.39141],[33.02334,-18.39083],[33.02363,-18.38999],[33.02379,-18.38909],[33.0239,-18.38851],[33.02403,-18.38828],[33.02411,-18.38818],[33.02426,-18.38811],[33.02469,-18.38802],[33.02495,-18.38801],[33.02508,-18.38803],[33.02521,-18.38809],[33.02583,-18.38882],[33.02614,-18.38925],[33.02667,-18.39017],[33.02692,-18.39062],[33.02696,-18.3908],[33.02692,-18.39098],[33.0258,-18.39227],[33.0249,-18.39333],[33.02486,-18.39346],[33.02487,-18.39366],[33.02494,-18.39387],[33.0251,-18.39428],[33.02526,-18.39465],[33.02529,-18.3948],[33.02524,-18.39507],[33.02497,-18.39581],[33.02493,-18.39606],[33.02495,-18.39624],[33.02508,-18.39703],[33.02529,-18.39769],[33.02543,-18.39789],[33.02566,-18.39808],[33.02674,-18.39852],[33.02768,-18.39889],[33.0281,-18.39901],[33.02846,-18.39903],[33.02909,-18.39907],[33.02964,-18.39903]]}},{"type":"Feature","properties":{"kind":"river","name":""},"geometry":{"type":"LineString","coordinates":[[32.96189,-18.38269],[32.962,-18.38265],[32.96242,-18.38247],[32.96326,-18.38218],[32.96361,-18.38208],[32.96383,-18.38206],[32.96399,-18.38207],[32.96411,-18.38211],[32.96423,-18.38216],[32.9643,-18.38221],[32.96436,-18.38229],[32.96449,-18.38243],[32.96458,-18.38253],[32.96465,-18.38259],[32.96473,-18.38263],[32.96482,-18.38265],[32.96491,-18.38267],[32.965,-18.3827],[32.96506,-18.38275],[32.96508,-18.38284],[32.9651,-18.38295],[32.96509,-18.38305],[32.96506,-18.38319]]}},{"type":"Feature","properties":{"kind":"river","name":""},"geometry":{"type":"LineString","coordinates":[[32.89302,-18.32008],[32.89332,-18.32028],[32.89413,-18.32052],[32.89482,-18.32091],[32.89507,-18.32157],[32.89527,-18.32211],[32.89526,-18.32272],[32.89571,-18.32308],[32.89622,-18.32336],[32.89631,-18.32374],[32.89634,-18.32445],[32.897,-18.3255],[32.89681,-18.32618],[32.89718,-18.32643],[32.89771,-18.32689],[32.89846,-18.32721],[32.89918,-18.3279],[32.90012,-18.32822],[32.90079,-18.32817],[32.90172,-18.32828],[32.90259,-18.32907],[32.9034,-18.32973],[32.9055,-18.33057],[32.90644,-18.33105],[32.90709,-18.33188],[32.90711,-18.33266],[32.9073,-18.33329],[32.90823,-18.33338],[32.90862,-18.3334],[32.91033,-18.33432],[32.91137,-18.335],[32.91207,-18.33553],[32.91269,-18.33623],[32.9142,-18.33706],[32.91525,-18.33772],[32.91592,-18.33836],[32.91598,-18.33944],[32.916,-18.3399],[32.91642,-18.34059],[32.9168,-18.34148],[32.91694,-18.34287],[32.91747,-18.34386],[32.91843,-18.34454],[32.91918,-18.34463],[32.91949,-18.34495],[32.92024,-18.34548],[32.92027,-18.34552],[32.92064,-18.34597],[32.92148,-18.34729],[32.92135,-18.34861],[32.92163,-18.35004],[32.92184,-18.35149],[32.92214,-18.35288],[32.92285,-18.35351],[32.92356,-18.35382],[32.92423,-18.35492],[32.9248,-18.35569],[32.92566,-18.35668],[32.92651,-18.35761],[32.92709,-18.35929],[32.92792,-18.36053],[32.92812,-18.3608],[32.92981,-18.36135],[32.93037,-18.36209],[32.93118,-18.363],[32.93134,-18.36346],[32.93184,-18.36509],[32.93246,-18.36643],[32.93333,-18.36743],[32.93418,-18.36814],[32.93522,-18.36946],[32.93569,-18.36978],[32.93709,-18.36995],[32.93907,-18.3708],[32.94009,-18.37096],[32.94085,-18.3713],[32.94211,-18.37242],[32.94221,-18.3735],[32.94151,-18.37455],[32.94119,-18.37527],[32.9413,-18.37602],[32.9416,-18.3776],[32.94194,-18.37871],[32.94248,-18.37954],[32.94341,-18.3804],[32.94395,-18.38101],[32.94517,-18.38157],[32.9461,-18.38149],[32.947,-18.38138],[32.94815,-18.38188],[32.94933,-18.3832],[32.95039,-18.38447],[32.95096,-18.38525],[32.95212,-18.38603],[32.95262,-18.38661],[32.95368,-18.38743],[32.95372,-18.38746],[32.95374,-18.38747],[32.95377,-18.38748]]}},{"type":"Feature","properties":{"kind":"road","name":""},"geometry":{"type":"LineString","coordinates":[[32.96553,-18.43531],[32.96545,-18.43479],[32.96538,-18.43439],[32.96537,-18.43428],[32.96537,-18.4342],[32.9654,-18.43409],[32.96542,-18.43403],[32.96545,-18.43399],[32.9657,-18.43371],[32.96601,-18.43337],[32.96616,-18.43318],[32.9663,-18.433],[32.96634,-18.43292],[32.96635,-18.43286],[32.96635,-18.43279],[32.96634,-18.43275],[32.96633,-18.43271],[32.96631,-18.43268],[32.96628,-18.43265],[32.96622,-18.43262],[32.96618,-18.43261],[32.96604,-18.4326],[32.96584,-18.43258],[32.96573,-18.43254],[32.96563,-18.43248],[32.96559,-18.43241],[32.96557,-18.43234],[32.96557,-18.43228],[32.96558,-18.4322],[32.96619,-18.43083],[32.96624,-18.43073],[32.96628,-18.43063],[32.96631,-18.43052],[32.96632,-18.43043],[32.96636,-18.42999],[32.9664,-18.42981],[32.96644,-18.42967],[32.96667,-18.42915],[32.9671,-18.42829],[32.96713,-18.42823],[32.96715,-18.42816],[32.96717,-18.42806],[32.96716,-18.42802],[32.96714,-18.42793],[32.96711,-18.42787],[32.96705,-18.42779],[32.96694,-18.42769],[32.96672,-18.42751],[32.96494,-18.42619],[32.96478,-18.42609],[32.9647,-18.42606],[32.96446,-18.42601],[32.96428,-18.42595],[32.96422,-18.42592],[32.96417,-18.42586],[32.96414,-18.42577],[32.96412,-18.4257],[32.96411,-18.42562],[32.9641,-18.42525],[32.96414,-18.42482],[32.96414,-18.42472],[32.96412,-18.42461],[32.96408,-18.42453],[32.96405,-18.42449],[32.96399,-18.42445],[32.9639,-18.42441],[32.9638,-18.42437],[32.96374,-18.42433],[32.96373,-18.42429],[32.96372,-18.42425],[32.96375,-18.42404],[32.96382,-18.42326],[32.96382,-18.42299],[32.9638,-18.42281],[32.96375,-18.42266],[32.96369,-18.4223],[32.96365,-18.42207],[32.96361,-18.42195],[32.96357,-18.42185],[32.96331,-18.42135],[32.96328,-18.42121],[32.96295,-18.41982],[32.96288,-18.41943],[32.96287,-18.41921],[32.96288,-18.41907],[32.96292,-18.41896],[32.96296,-18.41885],[32.96301,-18.41877],[32.96347,-18.41795],[32.96352,-18.41784],[32.96356,-18.4177],[32.96358,-18.41757],[32.96359,-18.41747],[32.96358,-18.4165],[32.96359,-18.41628],[32.9636,-18.4162],[32.96361,-18.41616],[32.96383,-18.41526],[32.96462,-18.41219],[32.96463,-18.41209],[32.96463,-18.41201],[32.96457,-18.41148],[32.96455,-18.41142],[32.96451,-18.41136],[32.96443,-18.41131],[32.96434,-18.41126],[32.96414,-18.41117],[32.96377,-18.411],[32.96358,-18.4109],[32.96327,-18.41069],[32.96304,-18.41053],[32.96281,-18.41033],[32.96229,-18.40978],[32.96221,-18.40967],[32.96217,-18.40958],[32.96216,-18.40951],[32.96215,-18.40943],[32.96221,-18.40911],[32.96225,-18.40883],[32.96225,-18.40865],[32.9622,-18.40852],[32.96211,-18.4084],[32.96188,-18.40823],[32.96155,-18.40801],[32.96126,-18.40783],[32.96106,-18.40771],[32.96075,-18.40751],[32.96061,-18.40742],[32.96037,-18.40719],[32.9603,-18.40716],[32.96026,-18.40715],[32.96021,-18.40715],[32.96014,-18.40719],[32.96003,-18.40729],[32.95992,-18.40739],[32.95987,-18.4074],[32.9598,-18.40737],[32.95974,-18.40733],[32.95966,-18.40722],[32.95956,-18.40705]]}},{"type":"Feature","properties":{"kind":"road","name":""},"geometry":{"type":"LineString","coordinates":[[32.64778,-18.20193],[32.64758,-18.20155],[32.64696,-18.20029],[32.64526,-18.19686],[32.64468,-18.19579],[32.64422,-18.19485],[32.64391,-18.19421],[32.64371,-18.19373],[32.6436,-18.19338],[32.64346,-18.19277],[32.64333,-18.19219],[32.64323,-18.19175],[32.64307,-18.19111],[32.64292,-18.19045],[32.64274,-18.18974],[32.64254,-18.18888],[32.64233,-18.1879],[32.64226,-18.18762],[32.64214,-18.18736],[32.64193,-18.18709],[32.64155,-18.18668],[32.64101,-18.18609],[32.64066,-18.18575],[32.6402,-18.18535],[32.63966,-18.18485],[32.63947,-18.18468],[32.63926,-18.18453],[32.63905,-18.18448],[32.63887,-18.18444],[32.63868,-18.18435],[32.63857,-18.18424],[32.63851,-18.18404],[32.63844,-18.18379],[32.6384,-18.18347],[32.6383,-18.18308],[32.63819,-18.18274],[32.6381,-18.18252],[32.63801,-18.18235],[32.63789,-18.18225],[32.63768,-18.18206],[32.63749,-18.18187],[32.63726,-18.18154],[32.63712,-18.18135],[32.63704,-18.1812],[32.63698,-18.18099],[32.63694,-18.18081],[32.63693,-18.18058],[32.63695,-18.18019],[32.63699,-18.18004],[32.63705,-18.17989],[32.63711,-18.17969],[32.63713,-18.17945],[32.6371,-18.17928],[32.63705,-18.17898],[32.63696,-18.17866],[32.63687,-18.17844],[32.63677,-18.17833],[32.63658,-18.1782],[32.63632,-18.178],[32.63612,-18.17789],[32.63589,-18.17782],[32.63573,-18.17777],[32.6356,-18.1777],[32.6355,-18.17762],[32.63546,-18.17748],[32.63543,-18.17734],[32.63546,-18.17721],[32.63555,-18.17703],[32.63555,-18.17691],[32.63552,-18.17673],[32.63547,-18.17651],[32.63543,-18.17623],[32.63541,-18.17592],[32.63539,-18.17568],[32.63541,-18.17555],[32.63549,-18.17535],[32.6356,-18.17515],[32.63574,-18.17496]]}},{"type":"Feature","properties":{"kind":"road","name":""},"geometry":{"type":"LineString","coordinates":[[32.64771,-18.20204],[32.64773,-18.20198],[32.64778,-18.20193],[32.64784,-18.20192],[32.6479,-18.20193],[32.64794,-18.20197],[32.64795,-18.20206],[32.6479,-18.20213],[32.64782,-18.20214],[32.64774,-18.2021],[32.64771,-18.20204]]}},{"type":"Feature","properties":{"kind":"road","name":""},"geometry":{"type":"LineString","coordinates":[[32.65476,-18.21567],[32.65456,-18.21538],[32.65433,-18.21502],[32.65408,-18.21467],[32.65386,-18.21432],[32.65364,-18.21381],[32.65355,-18.21351],[32.65352,-18.21333],[32.65351,-18.2129],[32.65339,-18.21237],[32.65333,-18.21189],[32.6533,-18.21175],[32.65323,-18.21109],[32.65318,-18.21046],[32.65314,-18.21027],[32.65301,-18.21009],[32.65279,-18.2098],[32.65231,-18.20919],[32.6519,-18.20868],[32.65146,-18.20818],[32.65096,-18.20748],[32.65079,-18.20726],[32.65059,-18.20698],[32.65044,-18.2067],[32.6503,-18.20651],[32.64985,-18.20606],[32.64937,-18.20563],[32.64889,-18.20498],[32.64824,-18.20408],[32.64811,-18.20385],[32.64802,-18.20362],[32.64787,-18.20321],[32.64766,-18.20272],[32.64763,-18.20251],[32.64763,-18.20234],[32.64766,-18.20216]]}},{"type":"Feature","properties":{"kind":"road","name":""},"geometry":{"type":"LineString","coordinates":[[32.72662,-18.25662],[32.72743,-18.25557],[32.72785,-18.25506],[32.7283,-18.25446],[32.72849,-18.25415],[32.72874,-18.25373],[32.72888,-18.25341],[32.72905,-18.25303],[32.72919,-18.25266],[32.72932,-18.25227],[32.72942,-18.25192],[32.72951,-18.25154],[32.72956,-18.2513],[32.72962,-18.25077],[32.72964,-18.25031],[32.72965,-18.25006],[32.72964,-18.24981],[32.72955,-18.2489],[32.72946,-18.24802],[32.72924,-18.24567],[32.72898,-18.24341],[32.72889,-18.24263],[32.72875,-18.24118],[32.72873,-18.2409],[32.72873,-18.24038],[32.72875,-18.23987],[32.7288,-18.23945],[32.72888,-18.23908],[32.72898,-18.23867],[32.72915,-18.23821],[32.72936,-18.23771],[32.72959,-18.23727],[32.72973,-18.23706],[32.72992,-18.23679],[32.73052,-18.23597],[32.73109,-18.23524],[32.73254,-18.23338],[32.73295,-18.23275],[32.73348,-18.23185],[32.73378,-18.23128],[32.7346,-18.22957],[32.73488,-18.22909],[32.73517,-18.22868],[32.73565,-18.22824],[32.73615,-18.22789],[32.73691,-18.22751],[32.73784,-18.22722],[32.73837,-18.22707],[32.7389,-18.22683],[32.73937,-18.22655],[32.73973,-18.22623],[32.73997,-18.22588],[32.74016,-18.22557],[32.74026,-18.22532],[32.74034,-18.22507],[32.7404,-18.22482],[32.74043,-18.22453],[32.74046,-18.22364],[32.74046,-18.22273]]}},{"type":"Feature","properties":{"kind":"road","name":"Nyamakanga Rd"},"geometry":{"type":"LineString","coordinates":[[32.73109,-18.23524],[32.73098,-18.23516],[32.73082,-18.2351],[32.73062,-18.23507],[32.7304,-18.23505],[32.72999,-18.23501],[32.72957,-18.23499],[32.72915,-18.23497],[32.72903,-18.23499],[32.72879,-18.23503],[32.72857,-18.23511],[32.72809,-18.23525],[32.72796,-18.23528],[32.72776,-18.23532],[32.72759,-18.23533],[32.72745,-18.23529],[32.72734,-18.23524],[32.72726,-18.23514],[32.72723,-18.23498],[32.72726,-18.23476],[32.72731,-18.23456],[32.72739,-18.23428],[32.72746,-18.23406],[32.72748,-18.23392],[32.72747,-18.23376],[32.72742,-18.23359],[32.72739,-18.23341],[32.72738,-18.23325],[32.72735,-18.23304],[32.72725,-18.23283],[32.72717,-18.23263],[32.72707,-18.23241],[32.72698,-18.23226],[32.72683,-18.23215],[32.72667,-18.23208],[32.72646,-18.23197],[32.72609,-18.23173],[32.72594,-18.23162],[32.72583,-18.23149],[32.72576,-18.23137],[32.72566,-18.23122],[32.72555,-18.23112],[32.72544,-18.231],[32.72536,-18.23087],[32.72532,-18.2307],[32.72527,-18.23043],[32.72517,-18.23032],[32.725,-18.23025],[32.72477,-18.23019],[32.72449,-18.23015],[32.72435,-18.23015],[32.72421,-18.23018],[32.72401,-18.23024],[32.72386,-18.23028],[32.72369,-18.23028],[32.72356,-18.23022],[32.72349,-18.23013],[32.72344,-18.23002],[32.72337,-18.22979],[32.72338,-18.22959],[32.72341,-18.22935],[32.72344,-18.22914],[32.72343,-18.22889],[32.72339,-18.22873],[32.72331,-18.22861],[32.72314,-18.22852],[32.72299,-18.22844],[32.72281,-18.22838],[32.72264,-18.22836],[32.72244,-18.22836],[32.72227,-18.22836],[32.72209,-18.22832],[32.72193,-18.22826],[32.72176,-18.22824],[32.72158,-18.22827],[32.72142,-18.22833],[32.7213,-18.22835],[32.72121,-18.22831],[32.72111,-18.22819],[32.72094,-18.22774],[32.72069,-18.22719],[32.72051,-18.22679],[32.72043,-18.22665],[32.72029,-18.22653],[32.72014,-18.22643],[32.72006,-18.22632],[32.71999,-18.22619],[32.71995,-18.22604],[32.71987,-18.22593],[32.71972,-18.2258],[32.71951,-18.22565],[32.71926,-18.22552],[32.71899,-18.22539],[32.7188,-18.22523],[32.7186,-18.22502],[32.71851,-18.22486],[32.71844,-18.22469],[32.71836,-18.22429],[32.71834,-18.22404],[32.71835,-18.22384],[32.71838,-18.22364],[32.71843,-18.22335],[32.71845,-18.22303],[32.71843,-18.22282],[32.71834,-18.22259],[32.71823,-18.22248],[32.71808,-18.22241],[32.7179,-18.22236],[32.7177,-18.22236],[32.71738,-18.22239],[32.71708,-18.22236],[32.71686,-18.22228],[32.71668,-18.22219],[32.71648,-18.22203],[32.71632,-18.22187],[32.71603,-18.2216],[32.7159,-18.22143],[32.71582,-18.22119],[32.71578,-18.22087],[32.71578,-18.22049],[32.71584,-18.22017],[32.71591,-18.21986],[32.71602,-18.21932],[32.71604,-18.21914],[32.71605,-18.21892],[32.71605,-18.21867],[32.71601,-18.21823],[32.71594,-18.21794],[32.71571,-18.21703],[32.71558,-18.21637],[32.71554,-18.21612],[32.71551,-18.2159],[32.71544,-18.21541],[32.71538,-18.21504],[32.71523,-18.21443],[32.71501,-18.21345],[32.71482,-18.21263],[32.71465,-18.21222],[32.7144,-18.21182],[32.71408,-18.21145],[32.71379,-18.21127],[32.71302,-18.21082],[32.71261,-18.21058],[32.7124,-18.21041],[32.71226,-18.21022],[32.71207,-18.20992],[32.71181,-18.20946],[32.71159,-18.20915],[32.71144,-18.20904],[32.71119,-18.20893],[32.71094,-18.20886],[32.71069,-18.20876],[32.71036,-18.20862],[32.71006,-18.20853],[32.70972,-18.2085],[32.70951,-18.20849],[32.70919,-18.20838],[32.70897,-18.20824],[32.70873,-18.20799],[32.70843,-18.20762],[32.70815,-18.20729],[32.7079,-18.20711],[32.7078,-18.20708],[32.70754,-18.20702],[32.70706,-18.20693],[32.70628,-18.20673],[32.70527,-18.20647],[32.7046,-18.2063],[32.7041,-18.20613],[32.70358,-18.20594],[32.70335,-18.20583],[32.70307,-18.20559],[32.7029,-18.20542],[32.70274,-18.20519],[32.70255,-18.20474],[32.70244,-18.20434],[32.70229,-18.20408],[32.70203,-18.20392],[32.70152,-18.20369],[32.70043,-18.20319],[32.69971,-18.20289],[32.69746,-18.20201],[32.69434,-18.20114],[32.69397,-18.20091],[32.6936,-18.2005],[32.69318,-18.2002],[32.69278,-18.20002],[32.69221,-18.19983],[32.69177,-18.19971],[32.69142,-18.19962],[32.69122,-18.19955],[32.69094,-18.19947],[32.69048,-18.19933],[32.68965,-18.19901],[32.68909,-18.19877],[32.68876,-18.19863],[32.68842,-18.19847],[32.68657,-18.19768],[32.68609,-18.19747],[32.68563,-18.1973],[32.68533,-18.19721],[32.685,-18.1971],[32.68463,-18.197],[32.68415,-18.19685],[32.68385,-18.19674],[32.68366,-18.19664],[32.68348,-18.19654],[32.68301,-18.19627],[32.68285,-18.19619],[32.68266,-18.19613],[32.68227,-18.19606],[32.68156,-18.19594],[32.68106,-18.19581],[32.68069,-18.19571],[32.68035,-18.19563],[32.6798,-18.19552],[32.67945,-18.19548],[32.67889,-18.19546],[32.67766,-18.19546],[32.67715,-18.19546],[32.67676,-18.19546],[32.67645,-18.19548],[32.676,-18.19552],[32.67548,-18.1956],[32.67472,-18.1957],[32.67331,-18.1959],[32.67145,-18.19616],[32.67042,-18.19629],[32.66972,-18.19637],[32.66885,-18.19645],[32.66819,-18.19649],[32.66688,-18.19656],[32.66578,-18.19658],[32.66409,-18.19654],[32.66316,-18.19647],[32.66222,-18.19636],[32.66189,-18.19631],[32.66159,-18.19621],[32.66117,-18.19603],[32.66091,-18.1959],[32.66055,-18.19569],[32.65964,-18.19521],[32.65927,-18.19509],[32.65894,-18.19509],[32.65867,-18.19518],[32.65847,-18.19534],[32.65822,-18.19558],[32.65803,-18.19587],[32.65793,-18.19611],[32.65786,-18.19637],[32.65783,-18.19659],[32.65781,-18.19694],[32.65782,-18.19741],[32.65779,-18.19792],[32.65775,-18.19835],[32.65773,-18.19881],[32.65767,-18.19899],[32.65754,-18.19909],[32.65738,-18.1991],[32.65722,-18.19907],[32.65705,-18.19899],[32.65672,-18.19886],[32.6554,-18.19836],[32.65488,-18.1982],[32.65458,-18.19815],[32.65426,-18.19814],[32.65398,-18.19814],[32.6537,-18.19818],[32.65347,-18.19826],[32.65317,-18.19842],[32.65237,-18.19896],[32.64977,-18.20072],[32.64885,-18.20133],[32.64829,-18.20169],[32.64808,-18.20184],[32.64794,-18.20197]]}},{"type":"Feature","properties":{"kind":"road","name":""},"geometry":{"type":"LineString","coordinates":[[32.68338,-18.36409],[32.68371,-18.36383],[32.68385,-18.36367],[32.68397,-18.3635],[32.68397,-18.36337],[32.68397,-18.36322],[32.68389,-18.36299],[32.68375,-18.36274],[32.68359,-18.36256],[32.68347,-18.36243],[32.6833,-18.36231],[32.68309,-18.36221],[32.68297,-18.36213],[32.68269,-18.36166],[32.68245,-18.36132],[32.68215,-18.36106],[32.68164,-18.3607],[32.68127,-18.36036],[32.68098,-18.36017],[32.68082,-18.35998],[32.68073,-18.35981],[32.6806,-18.35961],[32.68036,-18.35944],[32.68017,-18.3593],[32.67999,-18.35919],[32.67996,-18.35929],[32.67987,-18.3594],[32.67982,-18.35944],[32.67974,-18.35946],[32.67967,-18.35947],[32.67958,-18.35943],[32.67945,-18.3593],[32.67931,-18.35909],[32.67921,-18.35901],[32.67908,-18.35898],[32.67896,-18.35896],[32.67887,-18.35897],[32.67878,-18.35901],[32.67872,-18.35907],[32.67867,-18.35924],[32.67863,-18.35932],[32.6786,-18.35939],[32.67859,-18.35949],[32.67861,-18.35963],[32.67859,-18.35985],[32.6783,-18.36032],[32.67812,-18.36066],[32.67808,-18.36069],[32.67803,-18.36071],[32.67784,-18.36074],[32.67763,-18.36073],[32.67754,-18.36071],[32.67749,-18.36069],[32.67739,-18.36051],[32.67731,-18.36047],[32.67718,-18.36049],[32.67709,-18.36052],[32.67687,-18.36057],[32.67651,-18.36062],[32.67598,-18.36066],[32.67575,-18.36068],[32.67524,-18.36078],[32.6748,-18.36087],[32.67454,-18.36095]]}},{"type":"Feature","properties":{"kind":"road","name":"Tintagel Road"},"geometry":{"type":"LineString","coordinates":[[32.68355,-18.36441],[32.68338,-18.36409],[32.68325,-18.36412],[32.68279,-18.36419],[32.68242,-18.36422],[32.68204,-18.36414],[32.68154,-18.36399],[32.68138,-18.36391],[32.68118,-18.36387],[32.68092,-18.36389],[32.6805,-18.36396],[32.68017,-18.36398],[32.67967,-18.3639],[32.67955,-18.36391],[32.67938,-18.36397],[32.67911,-18.36403],[32.67821,-18.36409],[32.67758,-18.36415],[32.67741,-18.36414],[32.6773,-18.3641],[32.6761,-18.36358],[32.67524,-18.36311],[32.6748,-18.3629],[32.67474,-18.36282],[32.67472,-18.36275],[32.67465,-18.36198],[32.67454,-18.36095],[32.67444,-18.36013],[32.67429,-18.35909],[32.67404,-18.35766],[32.67386,-18.35623]]}},{"type":"Feature","properties":{"kind":"road","name":""},"geometry":{"type":"LineString","coordinates":[[32.73378,-18.23128],[32.73519,-18.23198],[32.7356,-18.23231],[32.73585,-18.23261],[32.73609,-18.23317],[32.73618,-18.23331],[32.73628,-18.23343],[32.7365,-18.23365],[32.73676,-18.23382],[32.73728,-18.23411],[32.73851,-18.23478],[32.73908,-18.23508],[32.73931,-18.23523],[32.73944,-18.2353],[32.73955,-18.23543],[32.73959,-18.23561],[32.7396,-18.23594],[32.73955,-18.23619],[32.7395,-18.2363],[32.73944,-18.23645],[32.73933,-18.23676],[32.73926,-18.237],[32.73922,-18.2372],[32.73922,-18.23755],[32.73927,-18.23796]]}},{"type":"Feature","properties":{"kind":"road","name":""},"geometry":{"type":"LineString","coordinates":[[32.73728,-18.23411],[32.73743,-18.23397],[32.73752,-18.23383],[32.73758,-18.23373],[32.73768,-18.2336],[32.73788,-18.23339],[32.73832,-18.23311],[32.73894,-18.23284]]}},{"type":"Feature","properties":{"kind":"road","name":""},"geometry":{"type":"LineString","coordinates":[[32.73743,-18.23397],[32.73759,-18.23406],[32.73789,-18.23423],[32.73814,-18.23436],[32.73842,-18.23444],[32.73858,-18.23447],[32.73871,-18.2345],[32.73898,-18.23453],[32.73934,-18.23452]]}},{"type":"Feature","properties":{"kind":"road","name":""},"geometry":{"type":"LineString","coordinates":[[32.73908,-18.23508],[32.73934,-18.23452],[32.73943,-18.23419],[32.73945,-18.23406],[32.73942,-18.23393],[32.73923,-18.23347],[32.73894,-18.23284],[32.73867,-18.23204],[32.73862,-18.23179],[32.73861,-18.23161],[32.73857,-18.23095],[32.73844,-18.22949],[32.73842,-18.22847],[32.73846,-18.2279],[32.73848,-18.22752],[32.73837,-18.22707]]}},{"type":"Feature","properties":{"kind":"road","name":""},"geometry":{"type":"LineString","coordinates":[[32.73585,-18.23261],[32.73612,-18.23249],[32.73651,-18.23252],[32.73664,-18.23254],[32.73673,-18.23254],[32.73681,-18.23249],[32.73694,-18.23237],[32.73715,-18.23214],[32.73732,-18.23195],[32.73747,-18.2318],[32.73767,-18.23169],[32.73797,-18.23161],[32.73836,-18.23159],[32.73861,-18.23161]]}},{"type":"Feature","properties":{"kind":"road","name":""},"geometry":{"type":"LineString","coordinates":[[32.73612,-18.23249],[32.73612,-18.23237],[32.73609,-18.23228],[32.73604,-18.23218],[32.73591,-18.23204],[32.73579,-18.23192],[32.73567,-18.23178],[32.73563,-18.23165],[32.7356,-18.2315],[32.7356,-18.23123],[32.7356,-18.2311],[32.73562,-18.23098],[32.73567,-18.2309],[32.73575,-18.2308],[32.73608,-18.23046],[32.73628,-18.23026]]}},{"type":"Feature","properties":{"kind":"road","name":""},"geometry":{"type":"LineString","coordinates":[[32.73784,-18.22722],[32.73784,-18.22709],[32.73785,-18.22697],[32.73791,-18.22685],[32.73798,-18.22679],[32.73808,-18.22675],[32.73824,-18.22671],[32.73845,-18.22664],[32.73864,-18.22655],[32.73875,-18.22646],[32.73874,-18.22631],[32.73866,-18.22612],[32.73852,-18.22584],[32.73842,-18.22559],[32.73832,-18.22535],[32.73817,-18.22499],[32.73811,-18.22484],[32.73802,-18.22455],[32.73792,-18.22396],[32.73779,-18.22315],[32.73773,-18.22288],[32.73768,-18.22273],[32.73758,-18.22255],[32.73735,-18.22212],[32.73701,-18.22154],[32.73678,-18.22111],[32.73669,-18.22089],[32.73669,-18.2208],[32.73672,-18.22065],[32.73679,-18.22053],[32.73688,-18.22036],[32.73695,-18.22021]]}},{"type":"Feature","properties":{"kind":"road","name":""},"geometry":{"type":"LineString","coordinates":[[32.74058,-18.21855],[32.7408,-18.21855],[32.7411,-18.21852],[32.7413,-18.21844],[32.74159,-18.2183],[32.742,-18.21796],[32.74235,-18.21762],[32.74258,-18.21732],[32.74284,-18.21696],[32.74302,-18.2168],[32.74324,-18.21665],[32.74338,-18.21663],[32.74349,-18.21662],[32.74366,-18.21663],[32.74501,-18.21701],[32.74512,-18.21704],[32.74569,-18.21718],[32.74634,-18.21731],[32.74654,-18.21735],[32.74671,-18.21738],[32.74686,-18.21739],[32.74699,-18.21739],[32.74709,-18.21737],[32.74733,-18.21727],[32.7475,-18.21715],[32.74763,-18.21704],[32.74773,-18.21685],[32.74784,-18.21651],[32.74794,-18.21599],[32.74811,-18.2153],[32.74821,-18.21481]]}},{"type":"Feature","properties":{"kind":"road","name":"Jerico Road"},"geometry":{"type":"LineString","coordinates":[[32.68019,-18.36727],[32.68036,-18.36748],[32.68042,-18.36758],[32.68057,-18.36833]]}},{"type":"Feature","properties":{"kind":"road","name":""},"geometry":{"type":"LineString","coordinates":[[32.67726,-18.37005],[32.67743,-18.36983],[32.67763,-18.36962],[32.67802,-18.36923],[32.6786,-18.36873],[32.67891,-18.36843],[32.67934,-18.36803],[32.67999,-18.36745],[32.68019,-18.36727],[32.68034,-18.36713],[32.68077,-18.36675],[32.68225,-18.36539],[32.68274,-18.36493],[32.68289,-18.36481],[32.6831,-18.36468]]}},{"type":"Feature","properties":{"kind":"road","name":""},"geometry":{"type":"LineString","coordinates":[[32.6831,-18.36468],[32.68336,-18.36452],[32.68355,-18.36441],[32.6849,-18.36362],[32.68676,-18.36253],[32.68781,-18.36193],[32.68866,-18.3614],[32.68883,-18.36127],[32.68901,-18.36113],[32.68964,-18.36057],[32.68984,-18.36035],[32.69006,-18.36012],[32.6903,-18.35981],[32.69051,-18.35949],[32.69071,-18.35919],[32.6909,-18.35881],[32.69109,-18.35843],[32.69128,-18.35796],[32.69141,-18.35737],[32.69156,-18.35638],[32.6923,-18.35147],[32.69236,-18.35096],[32.69273,-18.34848],[32.69314,-18.34569],[32.69317,-18.34539],[32.69317,-18.34511],[32.69315,-18.34487],[32.69308,-18.34452],[32.693,-18.34428],[32.69285,-18.344],[32.69267,-18.3437],[32.69245,-18.34345],[32.69213,-18.34317],[32.69184,-18.34298],[32.69153,-18.34285],[32.69137,-18.34281],[32.69107,-18.34276],[32.69068,-18.34272],[32.68993,-18.34273],[32.68963,-18.34272],[32.68926,-18.34269],[32.689,-18.34264],[32.68864,-18.34252],[32.68843,-18.3424],[32.68818,-18.34223],[32.68799,-18.34209],[32.68781,-18.34189],[32.68762,-18.34165],[32.68748,-18.34137],[32.68735,-18.34109],[32.68727,-18.34083],[32.68725,-18.34055],[32.68727,-18.34022],[32.6873,-18.33998],[32.6874,-18.3394],[32.68744,-18.33908],[32.68744,-18.33877],[32.68741,-18.33856],[32.68734,-18.33832],[32.68718,-18.33805],[32.68699,-18.33782],[32.68673,-18.3376],[32.68644,-18.33743],[32.68622,-18.33735],[32.6859,-18.33729],[32.68564,-18.33728],[32.68443,-18.33733],[32.68405,-18.33734],[32.68366,-18.33734],[32.68341,-18.33731],[32.68318,-18.33726],[32.68301,-18.33721],[32.68275,-18.33709],[32.68256,-18.33696],[32.68233,-18.33676],[32.6821,-18.33649],[32.68198,-18.33628],[32.68188,-18.33605],[32.68179,-18.33581],[32.68175,-18.33549],[32.68175,-18.33521],[32.68182,-18.33492],[32.68193,-18.33462],[32.68208,-18.33435],[32.68233,-18.33407],[32.68353,-18.33278],[32.68461,-18.33164],[32.68532,-18.33082],[32.68563,-18.33049],[32.68606,-18.33004],[32.6863,-18.3298],[32.68647,-18.32966],[32.68666,-18.32953],[32.68699,-18.32935],[32.68868,-18.32848],[32.68966,-18.32795],[32.69118,-18.32713],[32.69146,-18.32699],[32.69174,-18.32683],[32.69197,-18.3267],[32.69217,-18.32657],[32.69233,-18.32644],[32.69249,-18.32628],[32.69263,-18.32611],[32.69277,-18.32593],[32.69288,-18.32573],[32.69301,-18.32547],[32.69343,-18.32441],[32.69356,-18.32406],[32.69395,-18.32309],[32.69437,-18.32202],[32.69475,-18.32114],[32.69511,-18.32024],[32.69526,-18.31987],[32.69543,-18.31943],[32.69578,-18.31865],[32.69588,-18.31846],[32.69606,-18.31821],[32.69622,-18.318],[32.69641,-18.3178],[32.69759,-18.31668],[32.69798,-18.31631],[32.69815,-18.31611],[32.69829,-18.3159],[32.69838,-18.31574],[32.69846,-18.31554],[32.69858,-18.31522],[32.69878,-18.31459],[32.69905,-18.31378],[32.69924,-18.31324],[32.69935,-18.31301],[32.69949,-18.31282],[32.69962,-18.31267],[32.70015,-18.31226],[32.7006,-18.31194],[32.70075,-18.31181],[32.70086,-18.31168],[32.70099,-18.31151],[32.70108,-18.31133],[32.70117,-18.31111],[32.70124,-18.31084],[32.70131,-18.31041],[32.70143,-18.30947],[32.70147,-18.30909],[32.70144,-18.30881],[32.70141,-18.30855],[32.70133,-18.30828],[32.70116,-18.30796],[32.70094,-18.30757],[32.70082,-18.30729],[32.70075,-18.30704],[32.70072,-18.3068],[32.70075,-18.30652],[32.70083,-18.30628],[32.70093,-18.30608],[32.70099,-18.30597],[32.70114,-18.30579],[32.70132,-18.30565],[32.70166,-18.30544],[32.70218,-18.30508],[32.70368,-18.30409],[32.70608,-18.30248],[32.70628,-18.30236],[32.70651,-18.30225],[32.70676,-18.30214],[32.70704,-18.30206],[32.70778,-18.30185],[32.70796,-18.3018],[32.70811,-18.30173],[32.70831,-18.30163],[32.70849,-18.3015],[32.70867,-18.30134],[32.70885,-18.30115],[32.70898,-18.30096],[32.70917,-18.30067],[32.71075,-18.29805],[32.71118,-18.29732],[32.71167,-18.29655],[32.71209,-18.29616],[32.71243,-18.29591],[32.71282,-18.29572],[32.71352,-18.29551],[32.71408,-18.29535],[32.71477,-18.29502],[32.71511,-18.29473],[32.71545,-18.29435],[32.7157,-18.29393],[32.71585,-18.29355],[32.71595,-18.29303],[32.7159,-18.29248],[32.71577,-18.29192],[32.71544,-18.29089]]}},{"type":"Feature","properties":{"kind":"road","name":""},"geometry":{"type":"LineString","coordinates":[[32.68077,-18.36675],[32.68086,-18.36694],[32.68086,-18.36698],[32.68085,-18.36702],[32.6807,-18.3672],[32.68061,-18.36724],[32.68034,-18.36713]]}},{"type":"Feature","properties":{"kind":"road","name":""},"geometry":{"type":"LineString","coordinates":[[32.67891,-18.36843],[32.67922,-18.369],[32.67932,-18.36901],[32.6794,-18.36902],[32.67953,-18.36904]]}},{"type":"Feature","properties":{"kind":"road","name":""},"geometry":{"type":"LineString","coordinates":[[32.6786,-18.36873],[32.67842,-18.36858],[32.67827,-18.36852],[32.67813,-18.36849],[32.67787,-18.36842],[32.67783,-18.36841],[32.6778,-18.36841],[32.67753,-18.36854]]}},{"type":"Feature","properties":{"kind":"road","name":""},"geometry":{"type":"LineString","coordinates":[[32.68012,-18.36645],[32.67987,-18.36661],[32.67981,-18.3667],[32.67979,-18.36682],[32.67978,-18.36695],[32.67967,-18.36715],[32.67966,-18.36719],[32.67967,-18.36723],[32.67971,-18.36729],[32.67982,-18.36734],[32.67999,-18.36745]]}},{"type":"Feature","properties":{"kind":"road","name":""},"geometry":{"type":"LineString","coordinates":[[32.67922,-18.369],[32.67917,-18.36908],[32.679,-18.36929],[32.67889,-18.36941],[32.67889,-18.36946],[32.6789,-18.36949],[32.67897,-18.36953],[32.67905,-18.36955]]}},{"type":"Feature","properties":{"kind":"path","name":"Track to Mount Inyangani Summit"},"geometry":{"type":"LineString","coordinates":[[32.82728,-18.28392],[32.82729,-18.28395],[32.82739,-18.28398],[32.82784,-18.28409],[32.82816,-18.2842],[32.82867,-18.28439],[32.82929,-18.28439],[32.82947,-18.28431],[32.82963,-18.2842],[32.82973,-18.2841],[32.82987,-18.28396],[32.83006,-18.28377],[32.83021,-18.2837],[32.83045,-18.2837],[32.83062,-18.28384],[32.83073,-18.2839],[32.83082,-18.28393],[32.83091,-18.28394],[32.83103,-18.28394],[32.83127,-18.2839],[32.83141,-18.2839],[32.83149,-18.28392],[32.83165,-18.28397],[32.83175,-18.284],[32.83191,-18.28409],[32.83198,-18.28413],[32.83205,-18.28417],[32.83219,-18.28425],[32.83225,-18.2843],[32.83229,-18.28432],[32.83234,-18.28432],[32.83251,-18.28427],[32.83263,-18.28427],[32.83305,-18.28445],[32.83333,-18.28449],[32.83382,-18.28449],[32.83416,-18.28445],[32.83425,-18.28451],[32.83441,-18.2847],[32.8345,-18.28492],[32.83456,-18.28496],[32.83476,-18.28498],[32.83495,-18.2851],[32.83523,-18.28534],[32.83532,-18.28539],[32.83567,-18.28549],[32.83597,-18.28555],[32.83638,-18.28583],[32.83648,-18.28597],[32.83652,-18.28611],[32.83664,-18.28631],[32.83672,-18.28646],[32.83678,-18.28654],[32.83686,-18.28658],[32.83717,-18.28661],[32.83734,-18.28664],[32.83764,-18.28679],[32.83807,-18.28699],[32.83821,-18.28705],[32.83845,-18.28723],[32.83861,-18.28739],[32.83888,-18.28762],[32.83913,-18.28802],[32.83921,-18.28835],[32.83928,-18.28888],[32.83928,-18.28918],[32.83918,-18.28977],[32.83915,-18.28997],[32.83909,-18.2903],[32.83894,-18.29092],[32.83891,-18.2911],[32.83883,-18.29165],[32.83882,-18.29194],[32.83887,-18.29221],[32.8392,-18.29305],[32.83934,-18.29377],[32.83941,-18.29446],[32.83947,-18.29488],[32.83951,-18.29541],[32.83956,-18.29579],[32.83959,-18.29602],[32.83968,-18.29643],[32.83979,-18.29673],[32.83985,-18.29691],[32.83996,-18.29727],[32.84009,-18.29756],[32.84017,-18.29772],[32.84033,-18.29799],[32.84039,-18.29807],[32.84052,-18.29829],[32.84062,-18.29849],[32.84068,-18.29858],[32.84076,-18.29864],[32.84108,-18.29882],[32.84134,-18.29893],[32.8415,-18.29896],[32.84181,-18.29904],[32.84196,-18.2991],[32.84204,-18.29918],[32.84207,-18.29927],[32.84204,-18.29939],[32.84186,-18.29964],[32.84181,-18.29973],[32.84169,-18.30009],[32.84169,-18.30019],[32.84174,-18.30073],[32.84178,-18.30086],[32.84189,-18.30092],[32.84197,-18.30121],[32.84191,-18.30137]]}},{"type":"Feature","properties":{"kind":"road","name":""},"geometry":{"type":"LineString","coordinates":[[32.14558,-18.52934],[32.14668,-18.52927],[32.14736,-18.52922],[32.14817,-18.52917],[32.14851,-18.52915],[32.14895,-18.52915],[32.15,-18.52919],[32.15024,-18.52921],[32.15111,-18.5293],[32.15157,-18.52934],[32.15393,-18.52959],[32.15442,-18.52971],[32.15672,-18.53047],[32.16151,-18.53204],[32.16218,-18.5323],[32.16272,-18.53253],[32.16431,-18.53325],[32.16697,-18.53455],[32.17303,-18.53742],[32.17351,-18.5376],[32.17382,-18.53772],[32.17427,-18.53785],[32.17508,-18.53805],[32.17671,-18.53843],[32.1777,-18.53866],[32.17928,-18.53901],[32.18024,-18.53923],[32.18145,-18.53946],[32.18211,-18.53959],[32.18256,-18.53962],[32.18309,-18.53962],[32.18349,-18.53957],[32.18409,-18.53948],[32.18458,-18.53937],[32.18541,-18.53909],[32.1862,-18.53872],[32.18667,-18.53844],[32.18718,-18.53805],[32.18757,-18.5377],[32.18819,-18.537],[32.18891,-18.53609],[32.18952,-18.53538],[32.19004,-18.53471],[32.19043,-18.53423],[32.19096,-18.53361],[32.19126,-18.53332],[32.19166,-18.53299],[32.19225,-18.53259],[32.19244,-18.53248],[32.19273,-18.53232],[32.19316,-18.53214],[32.1937,-18.53192],[32.19423,-18.5318],[32.19501,-18.53164],[32.19563,-18.5315],[32.1962,-18.53137],[32.19664,-18.53132],[32.19717,-18.53129],[32.19747,-18.5313],[32.19793,-18.53133],[32.19871,-18.53144],[32.19911,-18.53154],[32.19963,-18.5317],[32.20072,-18.53221],[32.2018,-18.53284],[32.20358,-18.53386],[32.20571,-18.53503],[32.20668,-18.53553],[32.20826,-18.53637],[32.20946,-18.53702],[32.2098,-18.53724],[32.2103,-18.53759],[32.21065,-18.53787],[32.21107,-18.53825],[32.2119,-18.53908],[32.21256,-18.53976],[32.21268,-18.53988],[32.21319,-18.54039],[32.21338,-18.54057],[32.2136,-18.54073],[32.21392,-18.54095],[32.21429,-18.5412],[32.21456,-18.54134],[32.21479,-18.54146],[32.21514,-18.54161],[32.21553,-18.54176],[32.216,-18.5419],[32.21646,-18.54202],[32.21656,-18.54203],[32.21685,-18.54207],[32.21738,-18.5421],[32.21806,-18.5421],[32.21849,-18.54206],[32.21905,-18.54198],[32.22003,-18.5418],[32.22187,-18.54146],[32.22222,-18.54139],[32.22262,-18.54131],[32.22355,-18.54113],[32.22385,-18.54109],[32.22414,-18.54105],[32.22464,-18.54101],[32.22533,-18.54097],[32.22583,-18.541],[32.22765,-18.54108],[32.2308,-18.54128],[32.23116,-18.5413],[32.23149,-18.54132],[32.23342,-18.5414],[32.2356,-18.54152],[32.23634,-18.54156],[32.23725,-18.54161],[32.24242,-18.54189],[32.24287,-18.54191],[32.24451,-18.54201],[32.24493,-18.54205],[32.24542,-18.54209],[32.24592,-18.54218],[32.2463,-18.54226],[32.24664,-18.54233],[32.24781,-18.54266],[32.2486,-18.54291],[32.25061,-18.54359],[32.25116,-18.54382],[32.25163,-18.54404],[32.25235,-18.54444],[32.25376,-18.54525],[32.25548,-18.54624],[32.25588,-18.54643],[32.2564,-18.54663],[32.25681,-18.54675],[32.25723,-18.54685],[32.25761,-18.54692],[32.25801,-18.54696],[32.25855,-18.54698],[32.25883,-18.54697],[32.25924,-18.54697],[32.25969,-18.54695],[32.26008,-18.54696],[32.26045,-18.547],[32.26101,-18.54708],[32.26159,-18.54716],[32.26206,-18.54721],[32.2626,-18.54721],[32.26335,-18.54717],[32.26543,-18.54697],[32.26653,-18.5468],[32.26805,-18.5465],[32.26936,-18.54622],[32.26992,-18.54609],[32.27039,-18.54596],[32.27089,-18.5458],[32.27115,-18.54569],[32.27128,-18.54564],[32.27143,-18.54556],[32.27211,-18.54519],[32.27262,-18.5449],[32.27313,-18.54456],[32.27354,-18.54425],[32.27452,-18.54333],[32.27759,-18.53975],[32.2782,-18.539],[32.27846,-18.53869],[32.27877,-18.53833],[32.27881,-18.53829],[32.27898,-18.53807],[32.27941,-18.53756],[32.27958,-18.53736],[32.28153,-18.53512],[32.28586,-18.53009],[32.28695,-18.5288],[32.2873,-18.52837],[32.28751,-18.52807],[32.28774,-18.52764],[32.28797,-18.5272],[32.28819,-18.52669],[32.28835,-18.52613],[32.28848,-18.5255],[32.28854,-18.52489],[32.28853,-18.52433],[32.28852,-18.52335],[32.28845,-18.52095],[32.28854,-18.52004],[32.2886,-18.51904],[32.28884,-18.51671],[32.28904,-18.51476],[32.28919,-18.51324],[32.28936,-18.5119],[32.28944,-18.51148],[32.28955,-18.51094],[32.28979,-18.51011],[32.29009,-18.50934],[32.29039,-18.50868],[32.29073,-18.50809],[32.29088,-18.50787],[32.2911,-18.50755],[32.29149,-18.50704],[32.29221,-18.50607],[32.29316,-18.50483],[32.29428,-18.50335],[32.29474,-18.50268],[32.29502,-18.50221],[32.29512,-18.50202],[32.29545,-18.50142],[32.29637,-18.49952],[32.29677,-18.49869],[32.29806,-18.49607],[32.29892,-18.49432],[32.30008,-18.49188],[32.30037,-18.49117],[32.30064,-18.49038],[32.30117,-18.48882],[32.30141,-18.48825],[32.30163,-18.48781],[32.3023,-18.48667],[32.30265,-18.48615],[32.30299,-18.48565],[32.30355,-18.48486],[32.30438,-18.48383],[32.30481,-18.48337],[32.30578,-18.48232],[32.306,-18.48208],[32.30709,-18.48091],[32.30826,-18.47966],[32.30961,-18.47816],[32.31102,-18.4765],[32.31333,-18.47384],[32.31365,-18.47346],[32.31389,-18.47316],[32.31409,-18.47283],[32.31415,-18.47275],[32.31425,-18.47252],[32.31437,-18.47226],[32.31449,-18.47195],[32.31457,-18.47152],[32.31462,-18.47117],[32.31461,-18.47076],[32.31459,-18.47041],[32.31451,-18.46995],[32.31432,-18.46886],[32.31399,-18.46717],[32.31386,-18.46639],[32.31365,-18.46534],[32.31332,-18.46363],[32.31327,-18.46335],[32.31324,-18.46302],[32.31323,-18.46264],[32.31325,-18.4623],[32.31328,-18.46192],[32.3134,-18.46127],[32.31345,-18.46101],[32.31355,-18.46069],[32.31367,-18.46032],[32.31389,-18.45983],[32.31408,-18.45944],[32.31433,-18.45902],[32.31455,-18.45871],[32.31485,-18.45832],[32.31511,-18.45804],[32.31544,-18.45771],[32.31574,-18.45743],[32.31603,-18.45724],[32.31697,-18.45654],[32.31828,-18.45555],[32.31866,-18.45527],[32.319,-18.45505],[32.31917,-18.45491],[32.31941,-18.45475],[32.31964,-18.45462],[32.31981,-18.45453],[32.32006,-18.45443],[32.32119,-18.45392],[32.32202,-18.45355],[32.32329,-18.45301],[32.32362,-18.45286],[32.32414,-18.45262],[32.32435,-18.45253],[32.32462,-18.45241],[32.32487,-18.45231],[32.32519,-18.45221],[32.32543,-18.45215],[32.3257,-18.45211],[32.32732,-18.45191],[32.32884,-18.45171],[32.33009,-18.45154],[32.33032,-18.4515],[32.33065,-18.45143],[32.33099,-18.45136],[32.33118,-18.4513],[32.33152,-18.45118],[32.33186,-18.45104],[32.33213,-18.45092],[32.33231,-18.45084],[32.33248,-18.45074],[32.33272,-18.4506],[32.33304,-18.45039],[32.33355,-18.45002],[32.33407,-18.44956],[32.33435,-18.44928],[32.33514,-18.44848],[32.33588,-18.44767],[32.33697,-18.44653],[32.33741,-18.44604],[32.33833,-18.44509],[32.33917,-18.4442],[32.33994,-18.44337],[32.34038,-18.44288],[32.34057,-18.44269],[32.34093,-18.44231],[32.34114,-18.44209],[32.34137,-18.4419],[32.34162,-18.44169],[32.34178,-18.44155],[32.34199,-18.4414],[32.34236,-18.44115],[32.34258,-18.44102],[32.34281,-18.4409],[32.34299,-18.44081],[32.34326,-18.44069],[32.34362,-18.44055],[32.34387,-18.44047],[32.3442,-18.44036],[32.34441,-18.4403],[32.34477,-18.44021],[32.34507,-18.44015],[32.3453,-18.44013],[32.34563,-18.44009],[32.34593,-18.44008],[32.34643,-18.44005],[32.34827,-18.43998],[32.34959,-18.43992],[32.3514,-18.43983],[32.35332,-18.43975],[32.35354,-18.43974],[32.35517,-18.43968],[32.35609,-18.43963],[32.35716,-18.43958],[32.35819,-18.43949],[32.35853,-18.43944],[32.35903,-18.43935],[32.35964,-18.43922],[32.36081,-18.43886],[32.36197,-18.43848],[32.36266,-18.43824],[32.36355,-18.43795],[32.36561,-18.43728],[32.36722,-18.43674],[32.36963,-18.43595],[32.37016,-18.43578],[32.37053,-18.43564],[32.37092,-18.43547],[32.37126,-18.4353],[32.37158,-18.43512],[32.37194,-18.4349],[32.37229,-18.43465],[32.37261,-18.4344],[32.37298,-18.43405],[32.37324,-18.43379],[32.37349,-18.43351],[32.37377,-18.43317],[32.37402,-18.43278],[32.37423,-18.43242],[32.37462,-18.43163],[32.37563,-18.42948],[32.37618,-18.42832],[32.37629,-18.42813],[32.37643,-18.42795],[32.3767,-18.42761],[32.37695,-18.42734],[32.37719,-18.42712],[32.37758,-18.42683],[32.37776,-18.42673],[32.378,-18.4266],[32.37829,-18.42646],[32.37866,-18.42633],[32.37918,-18.42619],[32.3795,-18.42612],[32.37972,-18.42607],[32.38076,-18.42593],[32.38264,-18.42563],[32.38351,-18.42547],[32.38421,-18.42538],[32.38484,-18.42527],[32.38524,-18.4252],[32.38558,-18.42513],[32.38597,-18.42502],[32.38624,-18.42493],[32.38652,-18.42484],[32.38688,-18.42468],[32.38738,-18.42444],[32.39063,-18.4227],[32.39262,-18.42164],[32.39322,-18.42132],[32.39408,-18.42087],[32.39462,-18.42058],[32.39574,-18.41998],[32.39679,-18.41942],[32.39719,-18.41921],[32.39743,-18.41909],[32.39763,-18.41898],[32.39794,-18.41886],[32.39822,-18.41875],[32.39857,-18.41865],[32.399,-18.41853],[32.39942,-18.41843],[32.39977,-18.41837],[32.40058,-18.41827],[32.40229,-18.4181],[32.40292,-18.41802],[32.40427,-18.41788],[32.40537,-18.41776],[32.40921,-18.41732],[32.40946,-18.4173],[32.40973,-18.41727],[32.41006,-18.4172],[32.41045,-18.41709],[32.41084,-18.41698],[32.41116,-18.41686],[32.41147,-18.4167],[32.41184,-18.4165],[32.41258,-18.41595],[32.4128,-18.41573],[32.41309,-18.41546],[32.4134,-18.41507],[32.41379,-18.41455],[32.41441,-18.41379],[32.41507,-18.41287],[32.41537,-18.41244],[32.4155,-18.41225],[32.41566,-18.41197],[32.41582,-18.41157],[32.41594,-18.41123],[32.41606,-18.41084],[32.41615,-18.4104],[32.41634,-18.40956],[32.41672,-18.40768],[32.41715,-18.40556],[32.41756,-18.40352],[32.41768,-18.40301],[32.41773,-18.40277],[32.41783,-18.40244],[32.41798,-18.40208],[32.41826,-18.40155],[32.4184,-18.40133],[32.41854,-18.40114],[32.41875,-18.40087],[32.41932,-18.40029],[32.41947,-18.40016],[32.41978,-18.39991],[32.42006,-18.39972],[32.42017,-18.39965],[32.42038,-18.39953],[32.42205,-18.39863],[32.42261,-18.39835],[32.42274,-18.39829],[32.42302,-18.39815],[32.4234,-18.39797],[32.4238,-18.39779],[32.42412,-18.39768],[32.42439,-18.39761],[32.42476,-18.39752],[32.42532,-18.39747],[32.4256,-18.39745],[32.42607,-18.39745],[32.42655,-18.3975],[32.42688,-18.39755],[32.43057,-18.39828],[32.431,-18.39836],[32.43136,-18.39841],[32.4317,-18.39846],[32.43208,-18.39847],[32.43257,-18.3985],[32.43303,-18.39847],[32.43364,-18.39842],[32.43426,-18.39834],[32.43637,-18.39809],[32.43828,-18.39788],[32.43935,-18.39773],[32.44222,-18.39742],[32.44302,-18.39733],[32.44369,-18.39726],[32.44416,-18.39721],[32.44439,-18.3972],[32.44495,-18.39716],[32.44548,-18.39717],[32.44743,-18.39724],[32.44941,-18.39731],[32.44955,-18.39732],[32.45251,-18.39743],[32.45336,-18.39742],[32.45402,-18.39734],[32.45487,-18.39723],[32.45626,-18.39687],[32.45659,-18.39675],[32.45874,-18.39602],[32.46076,-18.39535],[32.46234,-18.39481],[32.46292,-18.39459],[32.46341,-18.39438],[32.46422,-18.39392],[32.46478,-18.39359],[32.46524,-18.39325],[32.46589,-18.39266],[32.46633,-18.39217],[32.46664,-18.39181],[32.46707,-18.39128],[32.46863,-18.38929],[32.47027,-18.38728],[32.47079,-18.3866],[32.47094,-18.38641],[32.47114,-18.38618],[32.47133,-18.386],[32.47162,-18.38572],[32.47192,-18.38549],[32.47224,-18.38526],[32.47259,-18.38505],[32.47292,-18.38488],[32.4734,-18.38468],[32.47383,-18.38454],[32.47426,-18.38444],[32.47472,-18.38436],[32.4752,-18.38433],[32.47567,-18.38432],[32.47608,-18.38435],[32.47652,-18.38442],[32.47709,-18.38454],[32.47821,-18.38488],[32.47962,-18.3853],[32.48071,-18.38562],[32.4818,-18.38594],[32.48274,-18.38622],[32.4843,-18.38666],[32.48507,-18.38688],[32.48539,-18.38697],[32.4858,-18.38705],[32.48623,-18.3871],[32.48663,-18.38713],[32.48695,-18.38712],[32.48737,-18.3871],[32.48774,-18.38706],[32.48816,-18.38697],[32.48852,-18.38687],[32.48881,-18.38676],[32.4892,-18.3866],[32.48955,-18.38644],[32.4899,-18.38624],[32.49024,-18.38601],[32.49044,-18.38584],[32.49072,-18.38561],[32.49128,-18.38506],[32.49269,-18.38362],[32.49437,-18.38192],[32.49501,-18.38129],[32.4957,-18.3806],[32.49647,-18.37983],[32.49701,-18.37928],[32.49722,-18.37907],[32.49745,-18.37884],[32.49775,-18.37859],[32.49812,-18.37834],[32.49847,-18.37813],[32.49885,-18.37793],[32.49928,-18.37776],[32.49976,-18.37761],[32.50015,-18.37753],[32.5002,-18.37752],[32.50062,-18.37746],[32.50109,-18.37742],[32.5016,-18.37741],[32.50219,-18.37742],[32.50252,-18.3774],[32.50305,-18.37732],[32.50352,-18.37723],[32.50393,-18.3771],[32.50438,-18.37691],[32.50489,-18.37666],[32.50534,-18.37638],[32.50567,-18.37614],[32.50608,-18.37578],[32.5064,-18.37545],[32.50684,-18.37489],[32.50733,-18.37422],[32.5077,-18.37371],[32.50808,-18.37322],[32.50828,-18.37301],[32.50855,-18.37278],[32.5089,-18.3725],[32.50922,-18.37227],[32.50956,-18.37206],[32.50989,-18.37189],[32.51063,-18.3716],[32.51349,-18.37053],[32.51492,-18.37],[32.51597,-18.36959],[32.51691,-18.36927],[32.51779,-18.36894],[32.51814,-18.3688],[32.51842,-18.36872],[32.51872,-18.36865],[32.51913,-18.36856],[32.52025,-18.36846],[32.52099,-18.3684],[32.52131,-18.36838],[32.52155,-18.36837],[32.52192,-18.36838],[32.52262,-18.36847],[32.52302,-18.36854],[32.52331,-18.36863],[32.52358,-18.36871],[32.52407,-18.36893],[32.52458,-18.36919],[32.5249,-18.36942],[32.52532,-18.36972],[32.52632,-18.37052],[32.52659,-18.37076],[32.52686,-18.37105],[32.52703,-18.37129],[32.52715,-18.37149],[32.52732,-18.37181],[32.52745,-18.37213],[32.52755,-18.37238],[32.5276,-18.37262],[32.52766,-18.37299],[32.52768,-18.37353],[32.5277,-18.37391],[32.52772,-18.37429],[32.52774,-18.37451],[32.52781,-18.37486],[32.52787,-18.37508],[32.52796,-18.37535],[32.52809,-18.37563],[32.52821,-18.37583],[32.52837,-18.37605],[32.52854,-18.37629],[32.52879,-18.37651],[32.52928,-18.37698],[32.52976,-18.37731],[32.53028,-18.37763],[32.53072,-18.37785],[32.53125,-18.37809],[32.53183,-18.3783],[32.53243,-18.37848],[32.53276,-18.37856],[32.53332,-18.37866],[32.53387,-18.37874],[32.53426,-18.37878],[32.53468,-18.3788],[32.5353,-18.37879],[32.53576,-18.37877],[32.53619,-18.37874],[32.5368,-18.37865],[32.53723,-18.37858],[32.53795,-18.37842],[32.53854,-18.37827],[32.53921,-18.37803],[32.53971,-18.37782],[32.54058,-18.3774],[32.5411,-18.3771],[32.54169,-18.37672],[32.54234,-18.37631],[32.54287,-18.37598],[32.54324,-18.37574],[32.54409,-18.3752],[32.54511,-18.37454],[32.54545,-18.37434],[32.54573,-18.37417],[32.546,-18.37403],[32.54629,-18.37389],[32.54672,-18.37372],[32.54727,-18.37356],[32.54766,-18.37346],[32.54814,-18.37339],[32.54848,-18.37337],[32.54887,-18.37337],[32.5492,-18.37339],[32.54955,-18.37344],[32.54987,-18.3735],[32.55011,-18.37355],[32.5507,-18.37372],[32.55099,-18.37383],[32.55121,-18.37393],[32.55148,-18.37408],[32.55204,-18.3744],[32.55408,-18.37566],[32.55667,-18.37731],[32.5573,-18.37771],[32.55754,-18.37782],[32.55778,-18.37793],[32.55804,-18.37804],[32.55841,-18.37816],[32.55877,-18.37827],[32.55913,-18.37834],[32.55949,-18.37841],[32.55994,-18.37844],[32.56027,-18.37844],[32.56071,-18.37842],[32.56115,-18.37838],[32.56157,-18.37829],[32.56197,-18.37817],[32.56236,-18.37803],[32.56275,-18.37787],[32.56332,-18.37755],[32.5643,-18.37701],[32.56479,-18.37672],[32.56563,-18.37623],[32.5661,-18.37599],[32.56644,-18.37583],[32.56676,-18.37569],[32.56707,-18.37558],[32.56742,-18.37549],[32.568,-18.37538],[32.56856,-18.3753],[32.56908,-18.3752],[32.56963,-18.37511],[32.5701,-18.37501],[32.57034,-18.37494],[32.57076,-18.3748],[32.57105,-18.37468],[32.57128,-18.37457],[32.57162,-18.37438],[32.57193,-18.37417],[32.57285,-18.37357],[32.57469,-18.37234],[32.57697,-18.37083],[32.57707,-18.37076],[32.57928,-18.3693],[32.57958,-18.36911],[32.57985,-18.36895],[32.58005,-18.36886],[32.58036,-18.36872],[32.58062,-18.36863],[32.58117,-18.36848],[32.58157,-18.3684],[32.58186,-18.36836],[32.58223,-18.36833],[32.58335,-18.36826],[32.58387,-18.36823],[32.58452,-18.36821],[32.5851,-18.36817],[32.5857,-18.36819],[32.5862,-18.36826],[32.58644,-18.36829],[32.58669,-18.36835],[32.58729,-18.36848],[32.58812,-18.36866],[32.58931,-18.36891],[32.58957,-18.36895],[32.58977,-18.36897],[32.59007,-18.369],[32.59036,-18.36902],[32.59073,-18.36903],[32.5911,-18.36902],[32.59157,-18.36899],[32.59206,-18.36892],[32.59253,-18.36884],[32.59291,-18.36874],[32.59339,-18.36861],[32.59393,-18.36839],[32.59473,-18.36806],[32.59544,-18.36775],[32.59576,-18.3676],[32.59651,-18.3673],[32.59671,-18.3672],[32.59685,-18.36712],[32.59698,-18.36705],[32.5971,-18.36696],[32.59735,-18.36676],[32.59756,-18.36654],[32.59775,-18.36635],[32.59788,-18.36618],[32.59806,-18.36594],[32.59822,-18.36564],[32.59859,-18.36498],[32.59901,-18.36418],[32.59928,-18.36363],[32.59939,-18.36335],[32.59945,-18.36311],[32.59956,-18.36254],[32.59973,-18.36165],[32.60002,-18.36068],[32.60011,-18.36044],[32.60021,-18.36023],[32.60043,-18.35977],[32.60057,-18.35957],[32.60082,-18.3592],[32.60137,-18.3586],[32.60164,-18.35836],[32.60181,-18.35822],[32.60206,-18.35804],[32.60283,-18.35753],[32.60444,-18.35651],[32.60554,-18.35584],[32.60572,-18.35573],[32.60589,-18.35561],[32.60626,-18.35532],[32.60638,-18.35521],[32.60656,-18.35505],[32.60696,-18.35467],[32.6079,-18.35366],[32.60972,-18.35178],[32.60999,-18.35151],[32.61023,-18.35125],[32.61058,-18.35091],[32.61096,-18.3505],[32.61133,-18.3501],[32.6116,-18.34983],[32.61277,-18.34859],[32.61314,-18.34823],[32.61334,-18.34807],[32.61354,-18.34793],[32.61373,-18.34781],[32.61393,-18.34771],[32.61417,-18.34758],[32.61446,-18.34746],[32.61477,-18.34735],[32.61508,-18.34727],[32.61539,-18.34722],[32.6161,-18.3471],[32.61773,-18.34687],[32.61876,-18.34669],[32.61904,-18.34666],[32.61931,-18.34664],[32.61964,-18.34664],[32.61996,-18.34669],[32.62029,-18.34678],[32.62111,-18.34699],[32.62135,-18.34701],[32.6215,-18.34702],[32.62173,-18.34701],[32.62197,-18.34694],[32.62232,-18.34682],[32.62262,-18.34672],[32.62281,-18.34667],[32.623,-18.34664],[32.62318,-18.34664],[32.62334,-18.34666],[32.62356,-18.34672],[32.62422,-18.34703],[32.62512,-18.34744],[32.6253,-18.34756],[32.62546,-18.34769],[32.62561,-18.3479],[32.6257,-18.34813],[32.62571,-18.34826],[32.62571,-18.34849],[32.62566,-18.34867],[32.62555,-18.34889],[32.62538,-18.34908],[32.62503,-18.34943],[32.62441,-18.35001],[32.62423,-18.3502],[32.62411,-18.35036],[32.62406,-18.3505],[32.62403,-18.35067],[32.62404,-18.35084],[32.62408,-18.35099],[32.6242,-18.35117],[32.6243,-18.35127],[32.62441,-18.35136],[32.62455,-18.35141],[32.62469,-18.35144],[32.62484,-18.35145],[32.62497,-18.35141],[32.62512,-18.35135],[32.62523,-18.35127],[32.62532,-18.35118],[32.62563,-18.35078],[32.62577,-18.35062],[32.6259,-18.3505],[32.62603,-18.35043],[32.62619,-18.35037],[32.62643,-18.3503],[32.62676,-18.3502],[32.62731,-18.35],[32.62879,-18.34945],[32.62905,-18.34936],[32.62932,-18.3493],[32.62946,-18.34929],[32.62962,-18.34932],[32.62976,-18.34936],[32.62989,-18.34946],[32.62995,-18.34952],[32.63001,-18.3496],[32.63007,-18.34977],[32.63007,-18.34995],[32.63,-18.35042],[32.62982,-18.35148],[32.6298,-18.35176],[32.6298,-18.35192],[32.62982,-18.35204],[32.62988,-18.35228],[32.63002,-18.35254],[32.63016,-18.35275],[32.63027,-18.35288],[32.63047,-18.35302],[32.63074,-18.35314],[32.63127,-18.3533],[32.63193,-18.35345],[32.63238,-18.35352],[32.63258,-18.35351],[32.63278,-18.35349],[32.63292,-18.35345],[32.63311,-18.35338],[32.63331,-18.35326],[32.63345,-18.35315],[32.63361,-18.35298],[32.63396,-18.3525],[32.63476,-18.35128],[32.63508,-18.35074],[32.6352,-18.35051],[32.63546,-18.3499],[32.63575,-18.34911],[32.63584,-18.34888],[32.63597,-18.34863],[32.63611,-18.34845],[32.63626,-18.34833],[32.63647,-18.34818],[32.63667,-18.34809],[32.63687,-18.34803],[32.63708,-18.348],[32.63724,-18.34799],[32.63746,-18.34801],[32.63774,-18.34808],[32.63836,-18.34834],[32.63855,-18.34839],[32.63873,-18.34843],[32.6389,-18.34846],[32.63913,-18.34846],[32.63953,-18.34844],[32.63978,-18.34844],[32.64004,-18.34847],[32.64022,-18.34852],[32.64025,-18.34853],[32.64045,-18.34862],[32.64067,-18.34878],[32.64083,-18.34892],[32.64098,-18.34912],[32.64108,-18.34935],[32.64113,-18.34954],[32.64115,-18.34979],[32.64112,-18.35005],[32.64104,-18.35031],[32.64093,-18.35055],[32.64074,-18.35085],[32.64054,-18.35115],[32.64044,-18.35135],[32.64029,-18.35173],[32.64022,-18.35197],[32.64017,-18.35231],[32.6402,-18.35303],[32.64025,-18.35346],[32.64027,-18.35389],[32.64025,-18.35413],[32.6402,-18.35464],[32.63997,-18.35638],[32.63981,-18.35758],[32.63978,-18.35784],[32.63977,-18.35809],[32.63979,-18.35835],[32.63987,-18.35869],[32.64002,-18.35905],[32.6402,-18.35939],[32.64032,-18.35961],[32.64058,-18.36014],[32.64066,-18.36037],[32.6407,-18.36064],[32.6407,-18.36083],[32.64069,-18.36103],[32.64059,-18.36128],[32.64032,-18.36185],[32.64024,-18.36206],[32.64018,-18.3623],[32.64013,-18.3626],[32.64015,-18.36289],[32.6402,-18.36312],[32.64031,-18.36341],[32.6405,-18.36374],[32.64065,-18.36393],[32.64091,-18.36416],[32.64104,-18.36425],[32.64129,-18.36439],[32.6416,-18.3645],[32.64193,-18.36456],[32.64215,-18.36457],[32.64239,-18.36456],[32.64258,-18.36454],[32.64284,-18.36448],[32.64329,-18.36439],[32.64544,-18.364],[32.64785,-18.36359],[32.64924,-18.36333],[32.6495,-18.36328],[32.64976,-18.36324],[32.65004,-18.36322],[32.65027,-18.36322],[32.65048,-18.36323],[32.6507,-18.36328],[32.65093,-18.36333],[32.65264,-18.36389],[32.6537,-18.36423],[32.65393,-18.36433],[32.6541,-18.36441],[32.65434,-18.36456],[32.65501,-18.36514],[32.65775,-18.36747],[32.66032,-18.36972],[32.66095,-18.37025],[32.66124,-18.37046],[32.66159,-18.37071],[32.66204,-18.37098],[32.66251,-18.37127],[32.66282,-18.37145],[32.66295,-18.37152],[32.66311,-18.37164],[32.6632,-18.37173],[32.66334,-18.37197],[32.66342,-18.37217],[32.66357,-18.37272],[32.66382,-18.37387],[32.66404,-18.37487],[32.6641,-18.37509],[32.66417,-18.37533],[32.66427,-18.37552],[32.66446,-18.37576],[32.66536,-18.3768],[32.66611,-18.37768],[32.66682,-18.37849],[32.6671,-18.37883],[32.66722,-18.37901],[32.66734,-18.37921],[32.66752,-18.37962],[32.66816,-18.3814],[32.66827,-18.3817],[32.66837,-18.38192],[32.66846,-18.38212],[32.66868,-18.38248],[32.66893,-18.38279],[32.6692,-18.38313],[32.66937,-18.38328],[32.66958,-18.38342],[32.66976,-18.38352],[32.67001,-18.38359],[32.6702,-18.38361],[32.67044,-18.38358],[32.67065,-18.38351],[32.67087,-18.3834],[32.67117,-18.38316],[32.67155,-18.38287],[32.67369,-18.38118],[32.67476,-18.38032]]}},{"type":"Feature","properties":{"kind":"track","name":"Access Road to PWMA Fisheries Research"},"geometry":{"type":"LineString","coordinates":[[32.77022,-18.29647],[32.77026,-18.29682],[32.77034,-18.29715],[32.77036,-18.29732],[32.7703,-18.29756],[32.77004,-18.29805],[32.7698,-18.29847],[32.76939,-18.29907],[32.76901,-18.29954],[32.76877,-18.29974],[32.76851,-18.29991],[32.76827,-18.30001],[32.76801,-18.29994],[32.76783,-18.29985],[32.76761,-18.29987],[32.76746,-18.29995],[32.76739,-18.30015],[32.76732,-18.30042],[32.76761,-18.30067]]}},{"type":"Feature","properties":{"kind":"road","name":"Access Road to Mare Dam"},"geometry":{"type":"LineString","coordinates":[[32.72333,-18.28683],[32.72351,-18.28683],[32.72373,-18.28685],[32.72395,-18.28688],[32.72412,-18.28686],[32.72437,-18.28681],[32.72461,-18.28673],[32.72483,-18.28664],[32.72512,-18.28654],[32.7253,-18.28647],[32.72538,-18.28644],[32.72587,-18.28629],[32.72616,-18.28618],[32.72638,-18.28608],[32.72661,-18.28598],[32.72681,-18.28588],[32.72696,-18.28577],[32.72704,-18.28563],[32.72709,-18.28549],[32.72715,-18.28534],[32.72721,-18.28517],[32.72731,-18.28497],[32.72743,-18.28478],[32.72758,-18.28456],[32.72787,-18.28417],[32.728,-18.28402],[32.72818,-18.28389],[32.72836,-18.28378],[32.72866,-18.28367],[32.72895,-18.28358],[32.72931,-18.28347],[32.72957,-18.2834],[32.72985,-18.28333],[32.73012,-18.2833],[32.73044,-18.2833],[32.73072,-18.2833],[32.73103,-18.2833],[32.73117,-18.28331],[32.73144,-18.28334],[32.73176,-18.28337],[32.73198,-18.28333],[32.73224,-18.28326],[32.73261,-18.28316],[32.73288,-18.2831],[32.73321,-18.2831],[32.73346,-18.2831],[32.73373,-18.28315],[32.73394,-18.28324],[32.73414,-18.28335],[32.73462,-18.28368],[32.73483,-18.28381],[32.73506,-18.28394],[32.73522,-18.28401],[32.73538,-18.28405],[32.73554,-18.28405],[32.73568,-18.28402],[32.73584,-18.28394],[32.736,-18.28379],[32.73622,-18.28363],[32.73647,-18.28346],[32.73663,-18.28336],[32.73677,-18.28329],[32.73692,-18.28327],[32.73713,-18.28329],[32.73737,-18.28337],[32.73783,-18.28361],[32.73837,-18.28388],[32.73882,-18.28411],[32.73909,-18.28426],[32.73923,-18.2844],[32.73945,-18.28466],[32.73957,-18.28487],[32.73967,-18.28507],[32.73974,-18.28535],[32.73976,-18.28548],[32.7398,-18.28559],[32.73986,-18.2857],[32.73994,-18.2858],[32.74006,-18.28587],[32.74021,-18.28592],[32.74043,-18.28597],[32.74073,-18.28602],[32.74104,-18.28607],[32.74124,-18.2861],[32.74137,-18.28617],[32.74157,-18.28634],[32.74192,-18.28671],[32.74221,-18.28708],[32.74246,-18.28734],[32.74272,-18.28752],[32.74332,-18.28792],[32.74438,-18.28857],[32.74528,-18.28909],[32.74549,-18.28922],[32.74565,-18.28929],[32.7458,-18.28921],[32.74594,-18.28909],[32.74609,-18.2889],[32.74627,-18.28865],[32.74646,-18.28837],[32.74653,-18.28831],[32.74659,-18.28828],[32.74663,-18.28827],[32.7467,-18.28826],[32.74681,-18.2883],[32.74744,-18.28867],[32.74824,-18.2892],[32.74879,-18.28958],[32.74941,-18.28999],[32.74987,-18.29026],[32.75058,-18.29071],[32.75133,-18.29121],[32.75212,-18.29174],[32.75261,-18.29207],[32.75292,-18.2923],[32.75311,-18.29241],[32.75325,-18.29242],[32.75334,-18.29241],[32.75346,-18.29235],[32.75369,-18.29214],[32.75396,-18.29186],[32.75415,-18.29167],[32.75437,-18.29152],[32.75456,-18.2914],[32.75476,-18.29126],[32.75491,-18.29113],[32.75506,-18.29099],[32.7552,-18.29087],[32.75539,-18.2908],[32.7556,-18.29076],[32.75582,-18.29074],[32.75605,-18.29071],[32.75629,-18.29071],[32.75659,-18.29075],[32.75723,-18.29082],[32.75753,-18.29087],[32.75775,-18.29088],[32.75811,-18.29084],[32.75838,-18.2908],[32.75865,-18.29073],[32.75892,-18.29062],[32.7591,-18.29053],[32.7593,-18.29039],[32.75968,-18.29014],[32.75979,-18.29007],[32.76001,-18.29001],[32.76031,-18.28994],[32.7607,-18.28988],[32.76101,-18.28986],[32.76128,-18.28987],[32.76151,-18.28993],[32.76169,-18.28994],[32.76191,-18.28993],[32.76213,-18.28996],[32.76239,-18.29003],[32.76265,-18.29016],[32.76285,-18.29028],[32.76299,-18.29031],[32.7631,-18.29029],[32.76325,-18.29022],[32.76338,-18.29014],[32.76364,-18.28997],[32.76382,-18.28983],[32.76398,-18.28974],[32.76417,-18.28971],[32.76436,-18.28976],[32.76458,-18.28981],[32.76492,-18.28987],[32.76516,-18.28994],[32.76541,-18.29003],[32.7657,-18.29013],[32.76591,-18.29025],[32.7662,-18.29053],[32.76639,-18.29075],[32.76658,-18.29094],[32.76671,-18.2911],[32.76687,-18.29133],[32.7671,-18.29159],[32.76725,-18.29171],[32.76736,-18.29182],[32.76745,-18.29195],[32.7675,-18.29214],[32.76754,-18.29241],[32.76757,-18.29262],[32.76761,-18.29286],[32.76768,-18.2932],[32.76773,-18.29351],[32.76773,-18.29377],[32.76773,-18.29408],[32.7677,-18.29447],[32.76769,-18.29463],[32.76768,-18.29482],[32.76771,-18.295],[32.76774,-18.2952],[32.76782,-18.29541],[32.76792,-18.29559],[32.76806,-18.29574],[32.76818,-18.29597],[32.76825,-18.29613],[32.76834,-18.29635],[32.7684,-18.2965],[32.7685,-18.2967],[32.76859,-18.29698],[32.76863,-18.29708],[32.76869,-18.29719],[32.76875,-18.29729],[32.76883,-18.29736]]}},{"type":"Feature","properties":{"kind":"road","name":"Access road to Lake Gulliver"},"geometry":{"type":"LineString","coordinates":[[32.77022,-18.29647],[32.77031,-18.29632],[32.77041,-18.2962],[32.77055,-18.29606],[32.77078,-18.29584],[32.77115,-18.2955],[32.77137,-18.29531],[32.77168,-18.29507],[32.77185,-18.29493],[32.77199,-18.29485],[32.77211,-18.29478],[32.77225,-18.29477],[32.77246,-18.29484],[32.77275,-18.29498],[32.77336,-18.29523],[32.77366,-18.29535],[32.77403,-18.29552],[32.77439,-18.2957],[32.77464,-18.29583],[32.77485,-18.29591],[32.77507,-18.29597],[32.77535,-18.29603],[32.77554,-18.29605],[32.77574,-18.29606],[32.77596,-18.29603],[32.77607,-18.296],[32.77629,-18.29586],[32.7764,-18.2958],[32.77651,-18.29573],[32.7766,-18.29573],[32.7768,-18.29578],[32.77716,-18.29592],[32.77773,-18.29615],[32.77817,-18.29632],[32.77853,-18.29646],[32.77884,-18.29658],[32.77918,-18.29678]]}},{"type":"Feature","properties":{"kind":"track","name":"Access road to Mt Inyangani"},"geometry":{"type":"LineString","coordinates":[[32.82683,-18.28366],[32.82699,-18.28367],[32.82722,-18.2837],[32.82727,-18.28376],[32.82729,-18.28385],[32.82728,-18.28392],[32.82724,-18.28393],[32.82718,-18.28393],[32.82711,-18.28389],[32.82698,-18.28381],[32.82689,-18.2837],[32.82683,-18.28366],[32.82675,-18.28363],[32.82647,-18.28359],[32.82588,-18.28347],[32.8251,-18.28333],[32.82487,-18.2833],[32.82473,-18.28331]]}},{"type":"Feature","properties":{"kind":"track","name":"Access road to Fire Tower"},"geometry":{"type":"LineString","coordinates":[[32.7622,-18.29319],[32.76218,-18.29306],[32.76218,-18.29283],[32.76226,-18.29251]]}},{"type":"Feature","properties":{"kind":"track","name":"Access road to Nyangwe Fort"},"geometry":{"type":"LineString","coordinates":[[32.7671,-18.29159],[32.76704,-18.29162],[32.76676,-18.29259],[32.76647,-18.29489],[32.76639,-18.2951],[32.76622,-18.2952],[32.76603,-18.2952],[32.76592,-18.29506],[32.76522,-18.29268],[32.76511,-18.29243],[32.76504,-18.29235],[32.76496,-18.29231],[32.76486,-18.29234],[32.76479,-18.29241],[32.76451,-18.29297],[32.76423,-18.29333],[32.76375,-18.29358],[32.76341,-18.29364],[32.76304,-18.29366],[32.7628,-18.29361],[32.7622,-18.29319],[32.76186,-18.29306],[32.76115,-18.29299],[32.76082,-18.29304],[32.76058,-18.29318],[32.76035,-18.29343],[32.75995,-18.29346],[32.75969,-18.29362],[32.75943,-18.29378],[32.75939,-18.29386],[32.75942,-18.29394],[32.7595,-18.29397],[32.75964,-18.29382],[32.75969,-18.29362]]}},{"type":"Feature","properties":{"kind":"road","name":""},"geometry":{"type":"LineString","coordinates":[[32.81568,-18.28098],[32.81535,-18.2807],[32.8152,-18.28055],[32.81496,-18.28027],[32.81483,-18.2801],[32.81467,-18.27982],[32.81447,-18.2793],[32.81432,-18.2788],[32.81428,-18.27854],[32.81427,-18.27828],[32.81427,-18.2778],[32.81431,-18.27704],[32.81441,-18.27642],[32.8145,-18.276],[32.81462,-18.27565],[32.81465,-18.27549],[32.81466,-18.27537],[32.81463,-18.2752],[32.81456,-18.2749],[32.81449,-18.27471],[32.81429,-18.27441],[32.81419,-18.27429],[32.81392,-18.27395],[32.81377,-18.27381],[32.81334,-18.27347],[32.81301,-18.27327],[32.81241,-18.27297],[32.81178,-18.2727],[32.81113,-18.27244],[32.81034,-18.27213],[32.80942,-18.27189],[32.8085,-18.27163],[32.80817,-18.27154],[32.80787,-18.27148],[32.80759,-18.27144],[32.80694,-18.27142],[32.8063,-18.27138],[32.80617,-18.27136],[32.80575,-18.27125],[32.80556,-18.2712],[32.80489,-18.27091],[32.80442,-18.27077],[32.80409,-18.27069],[32.80394,-18.27063],[32.80361,-18.27048],[32.80344,-18.27037],[32.80287,-18.26994],[32.80224,-18.26949],[32.80164,-18.26906],[32.80147,-18.2689],[32.80127,-18.26866],[32.80105,-18.26828],[32.80099,-18.26802],[32.80102,-18.26774],[32.80108,-18.26747],[32.80114,-18.26701],[32.80114,-18.26685],[32.80112,-18.26673],[32.80106,-18.26655],[32.80098,-18.26643],[32.80091,-18.26636],[32.80041,-18.26591],[32.80005,-18.26567],[32.79994,-18.26562],[32.79969,-18.26553],[32.79935,-18.26546],[32.79902,-18.26539],[32.79857,-18.2653],[32.79827,-18.26525],[32.79801,-18.26521],[32.79783,-18.26517],[32.79768,-18.26517],[32.79747,-18.26519],[32.79718,-18.2652],[32.79698,-18.26519],[32.7968,-18.26517],[32.79657,-18.2651],[32.79635,-18.26502],[32.79616,-18.26496],[32.79592,-18.26491],[32.79564,-18.26491],[32.7954,-18.26493],[32.79519,-18.26496],[32.79486,-18.265],[32.79421,-18.26505],[32.79362,-18.26511],[32.7932,-18.26514],[32.79273,-18.26519],[32.79201,-18.26532],[32.79158,-18.26541],[32.79113,-18.26549],[32.79066,-18.26556],[32.79031,-18.26558],[32.79006,-18.26558],[32.78983,-18.26553],[32.78955,-18.26544],[32.78925,-18.26533],[32.789,-18.26521],[32.78843,-18.26486],[32.78797,-18.26457],[32.78775,-18.26443],[32.78761,-18.26437],[32.78746,-18.26434],[32.78731,-18.26434],[32.7871,-18.26438],[32.78677,-18.26446],[32.78643,-18.26451],[32.7857,-18.26461],[32.78524,-18.26467],[32.7848,-18.26473],[32.78435,-18.2648],[32.78396,-18.26489],[32.78353,-18.26501],[32.78299,-18.26521],[32.7826,-18.26534],[32.78226,-18.26544],[32.78134,-18.26569],[32.78091,-18.26579],[32.78026,-18.26596],[32.77991,-18.26605],[32.77954,-18.2661],[32.77923,-18.26615],[32.77899,-18.26623],[32.77871,-18.26636],[32.77843,-18.26648],[32.77814,-18.26663],[32.77783,-18.26677],[32.77761,-18.26685],[32.77739,-18.26698],[32.7772,-18.26712],[32.77708,-18.26726],[32.77688,-18.26746],[32.77679,-18.26769],[32.77668,-18.26794],[32.77656,-18.26817],[32.77642,-18.26842],[32.77623,-18.26862],[32.77604,-18.2688],[32.77579,-18.26898],[32.77555,-18.26919],[32.77525,-18.26949],[32.77508,-18.26966],[32.77502,-18.26981],[32.77502,-18.27004],[32.77506,-18.27041],[32.77512,-18.27084],[32.77514,-18.27134],[32.77512,-18.2716],[32.77508,-18.27185],[32.77497,-18.27206],[32.77485,-18.27222],[32.7747,-18.27233],[32.77456,-18.27241],[32.77423,-18.27257],[32.77396,-18.27272],[32.77378,-18.27284],[32.7735,-18.27302],[32.77321,-18.2732],[32.773,-18.27334],[32.77271,-18.27351],[32.77254,-18.27361],[32.77235,-18.27375],[32.77226,-18.27387],[32.77222,-18.27403],[32.77226,-18.27421],[32.77234,-18.27434],[32.77242,-18.27446],[32.77255,-18.27463],[32.77267,-18.27481],[32.7728,-18.27499],[32.77294,-18.27519],[32.77309,-18.27549],[32.77324,-18.2758],[32.77339,-18.2761],[32.7735,-18.27629],[32.77359,-18.27652],[32.77365,-18.27671],[32.77367,-18.27694],[32.77367,-18.27736],[32.77367,-18.27786],[32.77365,-18.27812],[32.77358,-18.27833],[32.77343,-18.27854],[32.77323,-18.2787],[32.77298,-18.27888],[32.77275,-18.27905],[32.77245,-18.27929],[32.77223,-18.27945],[32.77202,-18.27963],[32.77186,-18.27977],[32.77169,-18.27994],[32.77149,-18.28017],[32.77137,-18.28037],[32.77129,-18.28057],[32.77117,-18.28081],[32.77113,-18.28101],[32.77118,-18.28112],[32.77127,-18.28126],[32.77131,-18.28138],[32.77134,-18.28158],[32.77136,-18.28186],[32.77137,-18.28214],[32.77137,-18.28246],[32.77131,-18.28272],[32.77124,-18.28302],[32.77115,-18.28342],[32.77108,-18.28361],[32.77098,-18.28376],[32.77073,-18.284],[32.77056,-18.28413],[32.77047,-18.28427],[32.77041,-18.28444],[32.77035,-18.28464],[32.77025,-18.28501],[32.77015,-18.28526],[32.77002,-18.28555],[32.76985,-18.28602],[32.76982,-18.28626],[32.76988,-18.28646],[32.76994,-18.28667],[32.76998,-18.28696],[32.76994,-18.28714],[32.76984,-18.28726],[32.76967,-18.2874],[32.7695,-18.28749],[32.76925,-18.28757],[32.76896,-18.28764],[32.76872,-18.28771],[32.7685,-18.28778],[32.76827,-18.28791],[32.76807,-18.28805],[32.76781,-18.28823],[32.76754,-18.28848],[32.76735,-18.28865],[32.76712,-18.28888],[32.7668,-18.28915],[32.76659,-18.28928],[32.76631,-18.28942],[32.76603,-18.28951],[32.76579,-18.28953],[32.7655,-18.28955],[32.76523,-18.28954],[32.76493,-18.28957],[32.76461,-18.2896],[32.76436,-18.28964],[32.76417,-18.28971]]}},{"type":"Feature","properties":{"kind":"road","name":""},"geometry":{"type":"LineString","coordinates":[[32.73532,-18.29236],[32.73542,-18.29219],[32.73555,-18.29202],[32.73579,-18.29181],[32.736,-18.29159],[32.73649,-18.29125],[32.73677,-18.29106],[32.73698,-18.29094],[32.7373,-18.29082],[32.73759,-18.29072],[32.73794,-18.29067],[32.73824,-18.29061],[32.73856,-18.29053],[32.73893,-18.29038],[32.73966,-18.29005],[32.73996,-18.28992],[32.74017,-18.28982],[32.7404,-18.28975],[32.74068,-18.2897],[32.741,-18.28963],[32.74126,-18.28962],[32.7415,-18.28965],[32.74175,-18.28972],[32.74205,-18.28984],[32.74239,-18.29],[32.74266,-18.2901],[32.74284,-18.29015],[32.74305,-18.29018],[32.74321,-18.29017],[32.74337,-18.2901]]}},{"type":"Feature","properties":{"kind":"road","name":"Mount Inyangani to Pungwe Drift"},"geometry":{"type":"LineString","coordinates":[[32.82473,-18.28331],[32.8248,-18.28343],[32.82487,-18.28355],[32.82488,-18.28363],[32.82484,-18.28389],[32.82485,-18.28409],[32.82489,-18.28423],[32.82495,-18.28433],[32.82505,-18.28448],[32.82518,-18.28471],[32.82525,-18.28487],[32.82531,-18.28509],[32.82538,-18.28536],[32.82551,-18.28562],[32.82558,-18.28571],[32.82567,-18.28578],[32.82578,-18.28591],[32.82595,-18.28619],[32.82619,-18.28662],[32.82624,-18.28678],[32.82627,-18.28698],[32.82632,-18.28718],[32.82635,-18.28731],[32.82643,-18.28751],[32.82648,-18.28761],[32.82649,-18.28769],[32.82651,-18.28778],[32.82652,-18.28798],[32.82654,-18.28836],[32.82653,-18.28848],[32.82651,-18.28859],[32.82647,-18.28875],[32.82641,-18.28894],[32.82638,-18.28912],[32.82637,-18.28928],[32.82638,-18.28939],[32.82641,-18.28952],[32.82642,-18.28967],[32.82638,-18.28986],[32.82633,-18.29002],[32.82624,-18.29019],[32.82614,-18.29036],[32.82604,-18.29048],[32.82592,-18.29066],[32.82591,-18.29071],[32.82591,-18.29075],[32.82594,-18.29081],[32.82598,-18.29088],[32.82605,-18.29107],[32.82606,-18.2912],[32.82603,-18.2913],[32.82597,-18.2914],[32.82585,-18.29156],[32.82567,-18.29171],[32.82547,-18.29184],[32.82522,-18.29198],[32.82516,-18.29203],[32.82512,-18.29209],[32.82508,-18.29216],[32.8248,-18.29267],[32.82454,-18.29321],[32.8245,-18.2933],[32.82445,-18.29341],[32.8244,-18.29352],[32.82424,-18.29386],[32.82399,-18.29446],[32.82372,-18.29514],[32.82368,-18.29528],[32.82369,-18.29547],[32.82372,-18.29576],[32.82384,-18.29689],[32.82395,-18.29758],[32.82402,-18.29799],[32.82405,-18.29815],[32.82407,-18.29828],[32.82409,-18.29839],[32.82409,-18.2985],[32.82408,-18.29863],[32.8241,-18.29878],[32.82416,-18.29907],[32.82422,-18.29918],[32.82429,-18.29923],[32.82438,-18.29925],[32.82445,-18.29924],[32.82453,-18.29921],[32.8246,-18.29919],[32.82465,-18.29919],[32.82468,-18.2992],[32.82471,-18.29922],[32.82473,-18.29927],[32.82487,-18.29953],[32.82489,-18.2996],[32.82489,-18.29966],[32.82487,-18.2997],[32.82485,-18.29975],[32.82483,-18.29983],[32.82481,-18.29991],[32.82479,-18.3],[32.82478,-18.30016],[32.82478,-18.30042],[32.82485,-18.30134],[32.82484,-18.30159],[32.82485,-18.30177],[32.8249,-18.30189],[32.82496,-18.30196],[32.82505,-18.30205],[32.82517,-18.30212],[32.82528,-18.30221],[32.82535,-18.30229],[32.82552,-18.30244],[32.82574,-18.30277],[32.82609,-18.3032],[32.82655,-18.30361],[32.82682,-18.30388],[32.82695,-18.30398],[32.82702,-18.30405],[32.82704,-18.3041],[32.82706,-18.3042],[32.82704,-18.30431],[32.82697,-18.30441],[32.8268,-18.3046],[32.82667,-18.30475],[32.8265,-18.30495],[32.82643,-18.30511],[32.82641,-18.30531],[32.8264,-18.30563],[32.82641,-18.30598],[32.82647,-18.30628],[32.82653,-18.30646],[32.82677,-18.30693],[32.82691,-18.30717],[32.82703,-18.30733],[32.82715,-18.30744],[32.82727,-18.30753],[32.82745,-18.30764],[32.8277,-18.30782],[32.82817,-18.30815],[32.83003,-18.30924],[32.83096,-18.30983],[32.83119,-18.31003],[32.83135,-18.31023],[32.83152,-18.3105],[32.83162,-18.31065],[32.83214,-18.31109],[32.83248,-18.31144],[32.83339,-18.3123],[32.83396,-18.31289],[32.8341,-18.31308],[32.83415,-18.31321],[32.83416,-18.31333],[32.83412,-18.31355],[32.83405,-18.31375],[32.83407,-18.3139],[32.83411,-18.31402],[32.83437,-18.3145],[32.83458,-18.31481],[32.83475,-18.31502],[32.83502,-18.31524],[32.83532,-18.31546],[32.83585,-18.31589],[32.83617,-18.31622],[32.83679,-18.31692],[32.837,-18.31721],[32.83706,-18.31732],[32.83708,-18.31742],[32.83707,-18.31752],[32.83696,-18.31771],[32.83682,-18.31794],[32.83672,-18.31817],[32.83672,-18.31827],[32.83673,-18.31839],[32.83679,-18.31845],[32.83687,-18.31851],[32.83705,-18.31856],[32.83775,-18.31877],[32.83786,-18.31883],[32.83796,-18.3189],[32.83815,-18.3191],[32.8383,-18.31929],[32.83858,-18.31956],[32.83897,-18.31987],[32.83934,-18.32012],[32.83943,-18.32016],[32.83955,-18.32019],[32.83967,-18.32017],[32.83982,-18.32016],[32.84005,-18.32014],[32.84019,-18.32012],[32.8403,-18.32014],[32.84046,-18.32021],[32.84072,-18.32032],[32.84089,-18.32035],[32.84132,-18.32036],[32.84185,-18.32044],[32.84198,-18.32048],[32.84209,-18.32053],[32.84218,-18.32058],[32.84221,-18.32064],[32.84217,-18.32073],[32.84206,-18.32079],[32.8419,-18.32091],[32.84184,-18.32106],[32.84181,-18.32117],[32.84181,-18.32135],[32.84188,-18.3215],[32.84195,-18.32165],[32.84198,-18.32177],[32.84198,-18.32192],[32.84189,-18.32214],[32.84171,-18.32254],[32.84162,-18.32281],[32.84158,-18.32297],[32.84157,-18.32309],[32.84162,-18.32354],[32.84162,-18.32372],[32.84157,-18.32384],[32.84148,-18.32398],[32.84077,-18.32473],[32.83993,-18.32551],[32.83926,-18.32611],[32.83905,-18.32625],[32.83878,-18.32635],[32.83852,-18.32641],[32.83815,-18.32643],[32.83788,-18.32642],[32.83756,-18.3263],[32.83746,-18.32625],[32.83724,-18.32606],[32.83718,-18.32597],[32.83715,-18.32587],[32.83714,-18.32576],[32.83713,-18.3256],[32.83714,-18.32548],[32.8371,-18.32536],[32.83705,-18.32526],[32.83687,-18.32505],[32.83677,-18.325],[32.83663,-18.32496],[32.83651,-18.32497],[32.83646,-18.32499],[32.83636,-18.32505],[32.83628,-18.32513],[32.83622,-18.32523],[32.83607,-18.32563],[32.83595,-18.32586],[32.83593,-18.32591],[32.83589,-18.32595],[32.83581,-18.32597],[32.83571,-18.32597],[32.8356,-18.326],[32.8355,-18.32608],[32.83543,-18.32621],[32.83534,-18.32631],[32.83522,-18.32637],[32.83505,-18.32644],[32.83494,-18.32651],[32.83479,-18.32661],[32.83444,-18.3267],[32.83433,-18.32677],[32.83422,-18.32688],[32.83411,-18.32692],[32.83399,-18.32693],[32.83381,-18.32692],[32.83365,-18.32688],[32.8335,-18.3269],[32.83338,-18.32698],[32.8332,-18.32716],[32.83312,-18.32731],[32.83305,-18.32753],[32.83303,-18.32771],[32.83305,-18.32786],[32.83305,-18.32807],[32.83294,-18.32838],[32.83286,-18.32862],[32.8328,-18.32871],[32.8327,-18.3288],[32.83216,-18.32911],[32.83203,-18.32922],[32.83191,-18.32936],[32.83179,-18.32954],[32.83158,-18.32992],[32.83146,-18.3301],[32.83138,-18.33026],[32.83136,-18.33039],[32.83137,-18.33056],[32.8313,-18.33068],[32.83119,-18.33083],[32.83104,-18.33101],[32.83083,-18.33133],[32.83069,-18.3315],[32.83047,-18.33167],[32.83026,-18.33185],[32.82958,-18.33245],[32.829,-18.33297],[32.82837,-18.33353],[32.82772,-18.3341],[32.82716,-18.3346],[32.827,-18.33481],[32.82686,-18.33505],[32.82673,-18.3353],[32.82668,-18.33543],[32.82666,-18.33578],[32.82665,-18.33646],[32.82665,-18.33669],[32.82668,-18.33686],[32.82675,-18.33702],[32.82678,-18.33716],[32.82678,-18.33734],[32.8267,-18.33751],[32.82661,-18.33764],[32.82651,-18.3378],[32.82635,-18.33812],[32.82627,-18.33823],[32.82619,-18.33832],[32.82611,-18.33836],[32.826,-18.33839],[32.8259,-18.33837],[32.82538,-18.33832],[32.8252,-18.33832],[32.825,-18.33838],[32.82484,-18.33847],[32.82472,-18.33859],[32.8246,-18.33873],[32.82456,-18.33892],[32.82455,-18.33912],[32.82461,-18.33961],[32.82465,-18.3405],[32.82463,-18.34109],[32.82465,-18.34124],[32.82469,-18.34136],[32.82475,-18.34145],[32.82502,-18.34165],[32.82578,-18.3421],[32.82602,-18.34227],[32.82613,-18.3424],[32.8262,-18.34251],[32.82628,-18.34265],[32.82634,-18.34279],[32.8264,-18.34295],[32.82647,-18.34304],[32.82658,-18.34315],[32.82674,-18.3433],[32.8276,-18.344],[32.82836,-18.34466],[32.82911,-18.34532],[32.83015,-18.34619],[32.83127,-18.34709],[32.83176,-18.34751],[32.83183,-18.3476],[32.83187,-18.34773],[32.83186,-18.34785],[32.83179,-18.34832],[32.83175,-18.34878],[32.83175,-18.34905],[32.83179,-18.34947],[32.83175,-18.34967],[32.83167,-18.34994],[32.83159,-18.35025],[32.83154,-18.35071],[32.83153,-18.351],[32.8315,-18.35117],[32.83139,-18.35136],[32.8311,-18.3518],[32.83072,-18.35237],[32.83063,-18.35249],[32.83053,-18.35257],[32.83044,-18.3526],[32.83012,-18.3527],[32.82972,-18.35284],[32.82938,-18.353],[32.82907,-18.35322],[32.82891,-18.35341],[32.82848,-18.35403],[32.82807,-18.35472],[32.82792,-18.35491],[32.82774,-18.35501],[32.82754,-18.35505],[32.82706,-18.35513],[32.82672,-18.35519],[32.82648,-18.3553],[32.82605,-18.35551],[32.82571,-18.35575],[32.82421,-18.35687],[32.82345,-18.35741],[32.82288,-18.35784],[32.82258,-18.35809],[32.8219,-18.35862],[32.82175,-18.35871],[32.82162,-18.35877],[32.8215,-18.3588],[32.82136,-18.35881],[32.82122,-18.3588],[32.82095,-18.3588],[32.82046,-18.35886],[32.81989,-18.35898],[32.81946,-18.35907],[32.81899,-18.35911],[32.81882,-18.35914],[32.81868,-18.3592],[32.81855,-18.3593],[32.81842,-18.35946],[32.81834,-18.35961],[32.81828,-18.35977],[32.81825,-18.35997],[32.81826,-18.36009],[32.81829,-18.36023],[32.8184,-18.36049],[32.81851,-18.36072],[32.81856,-18.36093],[32.81857,-18.36111],[32.81856,-18.36124],[32.8185,-18.36136],[32.81844,-18.36148],[32.81836,-18.3616],[32.81823,-18.36183],[32.81805,-18.36228],[32.81801,-18.36246],[32.81799,-18.36277],[32.81799,-18.36305],[32.81801,-18.36352],[32.818,-18.36363],[32.81797,-18.36374],[32.81786,-18.36394],[32.81754,-18.36442],[32.81707,-18.36529],[32.81685,-18.36567],[32.81642,-18.36634],[32.81596,-18.36697],[32.81575,-18.36725],[32.81561,-18.3674],[32.81544,-18.36749],[32.81526,-18.36755],[32.81499,-18.36763],[32.81437,-18.3678],[32.81404,-18.36792],[32.8139,-18.36804],[32.81382,-18.36829],[32.81377,-18.36863],[32.81368,-18.36921],[32.81367,-18.36958],[32.81376,-18.37],[32.81381,-18.37029],[32.81383,-18.3706],[32.81374,-18.37106],[32.81363,-18.37158],[32.81343,-18.37236],[32.81334,-18.37265],[32.81323,-18.37284],[32.81309,-18.373],[32.81278,-18.37328],[32.81163,-18.37433],[32.81079,-18.37512],[32.81023,-18.37565],[32.8093,-18.37634],[32.80758,-18.37758],[32.80659,-18.37819],[32.80496,-18.3791],[32.80373,-18.37965],[32.80228,-18.38019],[32.80111,-18.38064],[32.79995,-18.38113],[32.79931,-18.38135],[32.79879,-18.3815],[32.79846,-18.38166],[32.79817,-18.38195],[32.79799,-18.38213],[32.79721,-18.38317],[32.79682,-18.38403],[32.79687,-18.3847],[32.79733,-18.38558],[32.7976,-18.38624],[32.7978,-18.38695],[32.79762,-18.38778],[32.79668,-18.3897],[32.79627,-18.39077],[32.79596,-18.39187],[32.79545,-18.39285],[32.79491,-18.39363],[32.79423,-18.39403],[32.79327,-18.39478],[32.79264,-18.39602],[32.79239,-18.3974],[32.79239,-18.39872],[32.79261,-18.39964],[32.79262,-18.40004],[32.7926,-18.40011],[32.79258,-18.40019],[32.79255,-18.40028],[32.7925,-18.40038],[32.79241,-18.40054],[32.79231,-18.40071],[32.79214,-18.401],[32.79199,-18.40129],[32.79181,-18.40158],[32.79171,-18.40175],[32.79158,-18.40191],[32.79137,-18.40211],[32.79119,-18.40228],[32.79097,-18.40251],[32.79078,-18.40267],[32.79058,-18.40285],[32.79034,-18.40307],[32.79016,-18.40325],[32.78995,-18.40346],[32.78981,-18.40362],[32.78942,-18.4041],[32.789,-18.40465],[32.78854,-18.40524],[32.78839,-18.40543],[32.78808,-18.4058],[32.78789,-18.40605],[32.78761,-18.40643],[32.78756,-18.40649],[32.7875,-18.40659],[32.7874,-18.40684],[32.78728,-18.40713],[32.78716,-18.40746],[32.7871,-18.40758],[32.78666,-18.40816],[32.78621,-18.40866],[32.78568,-18.40927],[32.78542,-18.40954],[32.78522,-18.4097],[32.78511,-18.40978],[32.78466,-18.40999],[32.78399,-18.41031],[32.78374,-18.41045],[32.78354,-18.41058],[32.78341,-18.41065],[32.78309,-18.41093],[32.78289,-18.41112],[32.7828,-18.41123],[32.78274,-18.41131],[32.78269,-18.41142],[32.78266,-18.41155],[32.78262,-18.41178],[32.78259,-18.41206],[32.78258,-18.4124],[32.7826,-18.41278],[32.78265,-18.41307],[32.78275,-18.41345],[32.78285,-18.41367],[32.78298,-18.41392],[32.78314,-18.41414],[32.78345,-18.41448],[32.78362,-18.41464],[32.78377,-18.41486],[32.78387,-18.41515],[32.78396,-18.4156],[32.78404,-18.41603],[32.78416,-18.41636],[32.78422,-18.4165],[32.78428,-18.41659],[32.78437,-18.41667],[32.78449,-18.41676],[32.78459,-18.41682],[32.78462,-18.41685],[32.78463,-18.41688],[32.78463,-18.41691],[32.78462,-18.41693],[32.78459,-18.41697],[32.78453,-18.41703],[32.78448,-18.41707],[32.78441,-18.41711],[32.78431,-18.41714],[32.78422,-18.41717],[32.78406,-18.41717],[32.78389,-18.41712],[32.78373,-18.41706],[32.78355,-18.41699],[32.7833,-18.4169],[32.78308,-18.4168],[32.78283,-18.41671],[32.78256,-18.41664],[32.7823,-18.41661],[32.78209,-18.4166],[32.78179,-18.4166],[32.78163,-18.41663],[32.78144,-18.41666],[32.78119,-18.41669],[32.78101,-18.41669],[32.78083,-18.41667],[32.78054,-18.41654],[32.78039,-18.41646],[32.78026,-18.41636],[32.78014,-18.41626],[32.78004,-18.41615],[32.77998,-18.41602],[32.77991,-18.41587],[32.77983,-18.41568],[32.77972,-18.41546],[32.7796,-18.4153],[32.77937,-18.41509],[32.77924,-18.41492],[32.77915,-18.4148],[32.77903,-18.41459],[32.77878,-18.41423],[32.77871,-18.41414],[32.77865,-18.41406],[32.77859,-18.41392],[32.77856,-18.41379],[32.77851,-18.41358],[32.77848,-18.41338],[32.77839,-18.4131],[32.77832,-18.41271],[32.77827,-18.4124],[32.77826,-18.4122],[32.77825,-18.41197],[32.77827,-18.41172],[32.77828,-18.41161],[32.77831,-18.41112],[32.77832,-18.411],[32.77831,-18.41086],[32.77828,-18.41075],[32.77817,-18.41047],[32.77785,-18.40975],[32.77777,-18.40948],[32.77769,-18.40918],[32.77763,-18.40891],[32.77756,-18.40849],[32.77748,-18.40795],[32.77745,-18.40775],[32.77741,-18.40764],[32.77738,-18.40757]]}},{"type":"Feature","properties":{"kind":"road","name":"Access Road to Pungwe Drift Cottages"},"geometry":{"type":"LineString","coordinates":[[32.76999,-18.40802],[32.77013,-18.40815],[32.7702,-18.40821],[32.77032,-18.40827],[32.77049,-18.40832],[32.77067,-18.40834],[32.77085,-18.40833],[32.77097,-18.40829],[32.77104,-18.40823],[32.7711,-18.40814],[32.77124,-18.40795],[32.77132,-18.40784],[32.7714,-18.40775],[32.77149,-18.40765],[32.77159,-18.40755],[32.77164,-18.4075],[32.77174,-18.40746],[32.77181,-18.40747],[32.77186,-18.40751],[32.772,-18.40767],[32.77203,-18.40771],[32.77208,-18.40775],[32.77217,-18.40778],[32.77235,-18.40782],[32.77245,-18.40785],[32.77256,-18.40791],[32.77261,-18.40798],[32.77262,-18.40812],[32.77262,-18.40825],[32.77264,-18.4084],[32.77267,-18.4085],[32.77273,-18.40856],[32.77281,-18.4086],[32.77297,-18.4086],[32.77321,-18.40857],[32.77344,-18.40851],[32.77366,-18.40841],[32.77378,-18.40833],[32.77388,-18.40825],[32.774,-18.40819],[32.77411,-18.40814],[32.77426,-18.4081],[32.77442,-18.40803],[32.7746,-18.40796],[32.77474,-18.40792],[32.77496,-18.40785],[32.77509,-18.40781],[32.7752,-18.40777],[32.77529,-18.40771],[32.77536,-18.40767],[32.7754,-18.40764],[32.77542,-18.40759],[32.77544,-18.40754],[32.7754,-18.40751],[32.77535,-18.40751],[32.77527,-18.40752],[32.77516,-18.40756],[32.77508,-18.40758],[32.77498,-18.40758],[32.77483,-18.40754],[32.77477,-18.40753],[32.77465,-18.4075],[32.77455,-18.4075],[32.77444,-18.40751],[32.7744,-18.4075],[32.77435,-18.40748],[32.77433,-18.40743],[32.77434,-18.4074],[32.77437,-18.40736],[32.7744,-18.40734],[32.77446,-18.40732],[32.77452,-18.40729],[32.7746,-18.40727],[32.77466,-18.40725],[32.77471,-18.40723],[32.77475,-18.40718],[32.77477,-18.40714],[32.77479,-18.40708],[32.77482,-18.40703],[32.77486,-18.40699],[32.77489,-18.40697],[32.77495,-18.40698],[32.77501,-18.407],[32.77517,-18.40709],[32.77522,-18.4071],[32.77532,-18.40709],[32.77539,-18.40705],[32.77542,-18.40704],[32.77549,-18.40702],[32.77556,-18.40702],[32.77561,-18.40705],[32.77568,-18.40715],[32.77575,-18.40727],[32.77578,-18.40734],[32.7758,-18.40739],[32.77582,-18.40743],[32.77586,-18.40746],[32.77591,-18.40748],[32.77597,-18.40747],[32.77605,-18.40745],[32.77612,-18.40742],[32.77621,-18.40738],[32.77626,-18.40737],[32.77632,-18.40736],[32.77643,-18.40735],[32.77652,-18.40732],[32.77657,-18.4073],[32.77662,-18.40728],[32.77667,-18.40725],[32.77672,-18.40721],[32.77674,-18.40715],[32.77675,-18.4071],[32.77676,-18.40706],[32.77677,-18.40697],[32.77678,-18.40693],[32.77681,-18.4069],[32.77685,-18.4069],[32.77688,-18.40691],[32.77692,-18.40694],[32.77695,-18.40697],[32.77699,-18.40704],[32.77701,-18.40711],[32.77705,-18.40721],[32.77709,-18.40734],[32.77711,-18.40743],[32.77714,-18.40749]]}},{"type":"Feature","properties":{"kind":"river","name":"Pungwe River"},"geometry":{"type":"LineString","coordinates":[[32.79029,-18.30857],[32.78983,-18.30887],[32.78927,-18.30889],[32.78929,-18.30911],[32.78948,-18.30954],[32.78973,-18.31001],[32.7899,-18.31042],[32.78965,-18.31064],[32.78918,-18.31086],[32.78893,-18.31117],[32.78901,-18.31171],[32.789,-18.31224],[32.78893,-18.31295],[32.78877,-18.31369],[32.78855,-18.31444],[32.78815,-18.31513],[32.78789,-18.31588],[32.78778,-18.31664],[32.78773,-18.31752],[32.78785,-18.31822],[32.78797,-18.31883],[32.78799,-18.31931],[32.78818,-18.31964],[32.78824,-18.32019],[32.78821,-18.32078],[32.78819,-18.32126],[32.78813,-18.32166],[32.78818,-18.32213],[32.78829,-18.32259],[32.78845,-18.32309],[32.7887,-18.32346],[32.78896,-18.32362],[32.78905,-18.32388],[32.78908,-18.32441],[32.78912,-18.32483],[32.78905,-18.32507],[32.78918,-18.32529],[32.78963,-18.32529],[32.78947,-18.32568],[32.78938,-18.32607],[32.78903,-18.32656],[32.78872,-18.32679],[32.78836,-18.32679],[32.78826,-18.32704],[32.7884,-18.3274],[32.78865,-18.32787],[32.78865,-18.3283],[32.78849,-18.32887],[32.78833,-18.32949],[32.7882,-18.33032],[32.78811,-18.33096],[32.78798,-18.33161],[32.78772,-18.33222],[32.78728,-18.33276],[32.78716,-18.33321],[32.78722,-18.33366],[32.78743,-18.33405],[32.78713,-18.33458],[32.78702,-18.33505],[32.78702,-18.3355],[32.78737,-18.3359],[32.78773,-18.33622],[32.78773,-18.3366],[32.78757,-18.33696],[32.78774,-18.33744],[32.78774,-18.33802],[32.78753,-18.33828],[32.78753,-18.33856],[32.78762,-18.33919],[32.78748,-18.33974],[32.78716,-18.33995],[32.78703,-18.34003],[32.78675,-18.34027],[32.78656,-18.34065],[32.78622,-18.34141],[32.78599,-18.34176],[32.78614,-18.34211],[32.78639,-18.3426],[32.7861,-18.3428],[32.78611,-18.34325],[32.78637,-18.34374],[32.78671,-18.34409],[32.78719,-18.34433],[32.78772,-18.34455],[32.78799,-18.34481],[32.78824,-18.34521],[32.78831,-18.34578],[32.78815,-18.34623],[32.78804,-18.34657],[32.78782,-18.34687],[32.78771,-18.34722],[32.7875,-18.34744],[32.78714,-18.34754],[32.78659,-18.3476],[32.78636,-18.3478],[32.78627,-18.3481],[32.78652,-18.3485],[32.7868,-18.34868],[32.78706,-18.34904],[32.78702,-18.34942],[32.78702,-18.34963],[32.78717,-18.34993],[32.7875,-18.35019],[32.78753,-18.35043],[32.78731,-18.35062],[32.78738,-18.35094],[32.78734,-18.35147],[32.78737,-18.35186],[32.78774,-18.35236],[32.78779,-18.35289],[32.78761,-18.35335],[32.78742,-18.35358],[32.78723,-18.35365],[32.78707,-18.35378],[32.78698,-18.35401],[32.78712,-18.35429],[32.78743,-18.35443],[32.78745,-18.35465],[32.78741,-18.35498],[32.78745,-18.35526],[32.78768,-18.35551],[32.78826,-18.35569],[32.78867,-18.35576],[32.78877,-18.35608],[32.78864,-18.35677],[32.7885,-18.3575],[32.78826,-18.35785],[32.78782,-18.35818],[32.78743,-18.35819],[32.7873,-18.35836],[32.78734,-18.35875],[32.78736,-18.3591],[32.78756,-18.35909],[32.78805,-18.35879],[32.7883,-18.35837],[32.78849,-18.35839],[32.78866,-18.35875],[32.78853,-18.35903],[32.7881,-18.35964],[32.78782,-18.35999],[32.78769,-18.36033],[32.78773,-18.36077],[32.78803,-18.3612],[32.78816,-18.3614],[32.78856,-18.36203],[32.78875,-18.36248],[32.78874,-18.36299],[32.78865,-18.36339],[32.78863,-18.36374],[32.78881,-18.36404],[32.78897,-18.36449],[32.78904,-18.36489],[32.78909,-18.36564],[32.7893,-18.3664],[32.78948,-18.36708],[32.7896,-18.36787],[32.7897,-18.36825],[32.78996,-18.36904],[32.79006,-18.36963],[32.78997,-18.37017],[32.79009,-18.37044],[32.79021,-18.37072],[32.79064,-18.37133],[32.79121,-18.37208],[32.79171,-18.37277],[32.79173,-18.37312],[32.79162,-18.37335],[32.79156,-18.37349],[32.79171,-18.3743],[32.79187,-18.37508],[32.79175,-18.37522],[32.79138,-18.37551],[32.79077,-18.37599],[32.79016,-18.37675],[32.79001,-18.37718],[32.78996,-18.37772],[32.78982,-18.3779],[32.78951,-18.3782],[32.78937,-18.37863],[32.78929,-18.37931],[32.78907,-18.37954],[32.78852,-18.38016],[32.78805,-18.3807],[32.78756,-18.3812],[32.78697,-18.38168],[32.78639,-18.38242],[32.78587,-18.38328],[32.78565,-18.38391],[32.78533,-18.38417],[32.78489,-18.38459],[32.7847,-18.38478],[32.78443,-18.38505],[32.78388,-18.38555],[32.78327,-18.38597],[32.78278,-18.38636],[32.78244,-18.38658],[32.78174,-18.38675],[32.78094,-18.3869],[32.78035,-18.38715],[32.77997,-18.38748],[32.77978,-18.3881],[32.77969,-18.38918],[32.77982,-18.38967],[32.77974,-18.39063],[32.77971,-18.39164],[32.77989,-18.39237],[32.77966,-18.3931],[32.77925,-18.39385],[32.779,-18.39451],[32.77853,-18.39552],[32.77819,-18.39616],[32.7778,-18.39681],[32.7775,-18.39768],[32.77718,-18.39859],[32.77708,-18.39919],[32.77711,-18.39961],[32.77738,-18.39971],[32.77803,-18.3997],[32.77842,-18.40006],[32.77834,-18.40026],[32.77807,-18.40039],[32.77815,-18.40072],[32.77846,-18.40114],[32.77871,-18.40163],[32.77848,-18.40209],[32.77825,-18.40221],[32.77791,-18.40238],[32.77769,-18.40253],[32.77764,-18.40281],[32.7778,-18.40311],[32.77798,-18.4034],[32.77779,-18.40375],[32.7775,-18.40408],[32.77736,-18.40428],[32.77738,-18.40441],[32.77739,-18.40464],[32.77715,-18.40495],[32.77711,-18.40528],[32.77713,-18.40573],[32.77726,-18.40638],[32.77733,-18.40674],[32.77731,-18.4073],[32.77726,-18.40753],[32.77718,-18.40779],[32.77707,-18.40843],[32.77705,-18.40878],[32.77719,-18.40926],[32.77763,-18.40998],[32.77801,-18.41089],[32.77799,-18.41118],[32.77789,-18.41177],[32.77769,-18.41243],[32.77746,-18.41358],[32.77727,-18.41477],[32.7771,-18.41614],[32.77722,-18.41674],[32.77759,-18.41757],[32.77796,-18.41823],[32.77854,-18.41888],[32.77914,-18.4196],[32.77957,-18.42047],[32.78024,-18.42138],[32.78068,-18.42152],[32.78077,-18.42146],[32.78122,-18.42114],[32.78147,-18.42149],[32.78169,-18.42212],[32.78191,-18.42266],[32.78243,-18.42242],[32.78333,-18.42186],[32.78409,-18.42122],[32.7849,-18.42056],[32.7864,-18.4192],[32.78768,-18.4185],[32.78856,-18.41766],[32.7894,-18.41667],[32.79003,-18.41568],[32.79011,-18.41494],[32.79069,-18.41454],[32.7916,-18.41382],[32.79264,-18.4131],[32.79365,-18.41237],[32.79453,-18.41153],[32.79573,-18.41142],[32.79681,-18.4108],[32.79786,-18.41051],[32.79887,-18.4098],[32.79995,-18.40931],[32.80088,-18.40886],[32.80108,-18.40804],[32.80199,-18.4068],[32.80196,-18.40623],[32.80164,-18.40515],[32.80191,-18.40425],[32.80297,-18.40324],[32.80447,-18.40241],[32.80606,-18.40177],[32.80751,-18.40114],[32.80833,-18.40049],[32.80867,-18.39951],[32.80896,-18.39922],[32.80962,-18.39922],[32.81046,-18.39919],[32.8113,-18.39871],[32.81203,-18.3977],[32.81265,-18.39663],[32.81434,-18.39621],[32.81572,-18.39625],[32.81648,-18.39581],[32.81682,-18.39479],[32.81692,-18.39404],[32.81761,-18.39378],[32.81903,-18.39336],[32.82035,-18.3932],[32.82077,-18.39237],[32.82124,-18.39111],[32.82234,-18.39053],[32.82338,-18.38955],[32.82455,-18.3891],[32.8262,-18.3891],[32.82742,-18.3889],[32.82812,-18.38856],[32.82925,-18.38805],[32.83025,-18.38824],[32.83101,-18.38861],[32.832,-18.38846],[32.83342,-18.38802],[32.8342,-18.38802],[32.83455,-18.38809],[32.83479,-18.38825]]}},{"type":"Feature","properties":{"kind":"river","name":"Nyangombe"},"geometry":{"type":"LineString","coordinates":[[32.75845,-18.27038],[32.75793,-18.26986],[32.75732,-18.26986],[32.75691,-18.26967],[32.75675,-18.26953],[32.75644,-18.2696],[32.75582,-18.26926],[32.7554,-18.26932],[32.75518,-18.26915],[32.75492,-18.26908],[32.75461,-18.2688],[32.75457,-18.26841],[32.75436,-18.26812],[32.75424,-18.26784],[32.75411,-18.26789],[32.75354,-18.26808],[32.75305,-18.2681],[32.75279,-18.26826],[32.75248,-18.26848],[32.7522,-18.26843],[32.75184,-18.26845],[32.75155,-18.26868],[32.75123,-18.26873],[32.75119,-18.26887],[32.75131,-18.26898],[32.75128,-18.26929],[32.75116,-18.26943],[32.75093,-18.26938],[32.75082,-18.26917],[32.75066,-18.26918],[32.75048,-18.26904],[32.75039,-18.26889],[32.75018,-18.26872],[32.75006,-18.26882],[32.75006,-18.26898],[32.74991,-18.26908],[32.7499,-18.26924],[32.74958,-18.2693],[32.74958,-18.26955],[32.74963,-18.26971],[32.74985,-18.26986],[32.74985,-18.27019],[32.74975,-18.27032],[32.74983,-18.27046],[32.75006,-18.27061],[32.75007,-18.27081],[32.74985,-18.27087],[32.74957,-18.2709],[32.74947,-18.27107],[32.74923,-18.27139],[32.7489,-18.27145],[32.74846,-18.27145],[32.74836,-18.27133],[32.7482,-18.2711],[32.74801,-18.2712],[32.74795,-18.27138],[32.74774,-18.27151],[32.7475,-18.27151],[32.74722,-18.27146],[32.74678,-18.27123],[32.74639,-18.27109],[32.74623,-18.27127],[32.74616,-18.27151],[32.74591,-18.27154],[32.74578,-18.27163],[32.74576,-18.27183],[32.74576,-18.27207],[32.7457,-18.27242],[32.74546,-18.27247],[32.74541,-18.27261],[32.74547,-18.27288],[32.74548,-18.27311],[32.74546,-18.27329],[32.74518,-18.27329],[32.74518,-18.27346],[32.74531,-18.27368],[32.74509,-18.27387],[32.74478,-18.27406],[32.74448,-18.27425],[32.74415,-18.2743],[32.74414,-18.27416],[32.74421,-18.27399],[32.74404,-18.27394],[32.74372,-18.27399],[32.74339,-18.27403],[32.74323,-18.27416],[32.74316,-18.27429],[32.74284,-18.27437],[32.74252,-18.27447],[32.74218,-18.27475],[32.74212,-18.27512],[32.74188,-18.27546],[32.74169,-18.27567],[32.7415,-18.27577],[32.7413,-18.27593],[32.74109,-18.2761],[32.74086,-18.27618],[32.7406,-18.27618],[32.74045,-18.27601],[32.74015,-18.27597],[32.74004,-18.27585],[32.73987,-18.27571],[32.73968,-18.27574],[32.73941,-18.2759],[32.73912,-18.2759],[32.73908,-18.27614],[32.73906,-18.27625],[32.73892,-18.27644],[32.73869,-18.27651],[32.73867,-18.27684],[32.73859,-18.27722],[32.7383,-18.27725],[32.73801,-18.27726],[32.73776,-18.2774],[32.73763,-18.27758],[32.73765,-18.27773],[32.73776,-18.27784],[32.73805,-18.27804],[32.73818,-18.27825],[32.73816,-18.27849],[32.73787,-18.27856],[32.73778,-18.27868],[32.73763,-18.27885],[32.73739,-18.27886],[32.73739,-18.27874],[32.73734,-18.27853],[32.73723,-18.27827],[32.737,-18.27799],[32.73675,-18.27778],[32.73655,-18.2776],[32.73607,-18.27734],[32.73569,-18.27717],[32.73554,-18.27704],[32.7354,-18.2768],[32.73525,-18.27662],[32.73493,-18.27667],[32.73452,-18.27677],[32.73416,-18.27673],[32.73411,-18.27657],[32.73419,-18.27627],[32.73416,-18.27592],[32.73395,-18.27552],[32.73375,-18.27502],[32.73365,-18.27485],[32.73343,-18.27477],[32.73325,-18.27479],[32.73296,-18.27481],[32.73268,-18.27482],[32.73259,-18.27504],[32.73259,-18.27521],[32.73254,-18.27535],[32.73229,-18.27545],[32.73222,-18.27573],[32.73218,-18.27594],[32.73218,-18.27614],[32.73214,-18.27636],[32.73201,-18.27646],[32.7318,-18.27644],[32.7318,-18.27635],[32.73162,-18.27625],[32.73153,-18.27641],[32.7316,-18.27657],[32.73146,-18.27664],[32.73136,-18.27675],[32.73127,-18.27699],[32.7311,-18.2774],[32.73098,-18.2779],[32.73083,-18.27821],[32.73083,-18.27847],[32.73099,-18.27862],[32.73108,-18.27883],[32.73105,-18.27919],[32.73085,-18.27942],[32.73029,-18.27952],[32.72981,-18.27945],[32.72946,-18.27935],[32.72918,-18.27906],[32.72905,-18.27877],[32.72878,-18.2787],[32.72861,-18.27899],[32.72836,-18.27912],[32.72813,-18.27912],[32.72791,-18.27898],[32.72749,-18.27893],[32.72712,-18.27903],[32.72682,-18.2793],[32.72664,-18.2795],[32.72635,-18.27984],[32.72625,-18.28027],[32.7262,-18.2806],[32.72593,-18.28069],[32.72551,-18.28072],[32.7254,-18.2806],[32.72512,-18.2804],[32.72467,-18.28035],[32.72444,-18.28053],[32.72437,-18.28084],[32.72437,-18.28113],[32.72413,-18.28134],[32.72382,-18.28099],[32.7235,-18.28097],[32.72333,-18.28089],[32.72305,-18.28088],[32.72291,-18.28092],[32.72279,-18.281],[32.7226,-18.28126],[32.72243,-18.28167],[32.72251,-18.28226],[32.72251,-18.28271],[32.72251,-18.28312],[32.72276,-18.28338],[32.72273,-18.28365],[32.72259,-18.28401],[32.72235,-18.28457],[32.72227,-18.285],[32.72212,-18.28544],[32.72183,-18.28584],[32.72131,-18.28625],[32.72092,-18.2866],[32.72053,-18.28686],[32.72037,-18.28695],[32.72016,-18.28707],[32.71993,-18.28717],[32.71973,-18.28731],[32.71959,-18.28711],[32.7194,-18.28698],[32.71933,-18.28679],[32.71891,-18.28679],[32.7186,-18.287],[32.71858,-18.28728],[32.7183,-18.28736],[32.71786,-18.28722],[32.71748,-18.28732],[32.71713,-18.28724],[32.71685,-18.28722],[32.71679,-18.28737],[32.7166,-18.28761],[32.71638,-18.28782],[32.71616,-18.28798],[32.71612,-18.28818],[32.71598,-18.28825],[32.71583,-18.28835],[32.7155,-18.28818],[32.71501,-18.28801],[32.7146,-18.28795],[32.71425,-18.2881],[32.71383,-18.28835],[32.71348,-18.28878],[32.71333,-18.28909],[32.71319,-18.28931],[32.71319,-18.28955],[32.71325,-18.2898],[32.71343,-18.29011],[32.71372,-18.29025],[32.71384,-18.29054],[32.71388,-18.29099],[32.71395,-18.29132],[32.71419,-18.29158],[32.71423,-18.29193],[32.71404,-18.2921],[32.71362,-18.29212],[32.71317,-18.29184],[32.71287,-18.29148],[32.71256,-18.29106],[32.71174,-18.29106],[32.71122,-18.2911],[32.71075,-18.29111],[32.71016,-18.29111],[32.70958,-18.29109],[32.70895,-18.29084],[32.70864,-18.29081],[32.70821,-18.29115],[32.70797,-18.29148],[32.70784,-18.29163],[32.70767,-18.29185],[32.70752,-18.29216],[32.70733,-18.29225],[32.7072,-18.29239],[32.70708,-18.29255],[32.70682,-18.29261],[32.70645,-18.29257],[32.70603,-18.2925],[32.70573,-18.29264],[32.70535,-18.29276],[32.70524,-18.29296],[32.70505,-18.29301],[32.70489,-18.29291],[32.70464,-18.29309],[32.70433,-18.29329],[32.70408,-18.2935],[32.70386,-18.2935],[32.70368,-18.29335],[32.70351,-18.29311],[32.7032,-18.29279],[32.70293,-18.2925],[32.70277,-18.29216],[32.70234,-18.29193],[32.70198,-18.2918],[32.70166,-18.29171],[32.70146,-18.29184],[32.70113,-18.29183],[32.7008,-18.29167],[32.70032,-18.29167],[32.69974,-18.29167],[32.69943,-18.29167],[32.69911,-18.29172],[32.69883,-18.29183],[32.69874,-18.29214],[32.69876,-18.29236],[32.69886,-18.29257],[32.69908,-18.29271],[32.69922,-18.2929],[32.69939,-18.29297],[32.69949,-18.29317],[32.69941,-18.29335],[32.69917,-18.29363],[32.69886,-18.29395],[32.69852,-18.29414],[32.69834,-18.29425],[32.69826,-18.29441],[32.69815,-18.29445],[32.69797,-18.29432],[32.69774,-18.29436],[32.69751,-18.2944],[32.69739,-18.29437],[32.69717,-18.29429],[32.69702,-18.2944],[32.69685,-18.29462],[32.69681,-18.29481],[32.6967,-18.29495],[32.69645,-18.29517],[32.69617,-18.29537],[32.69584,-18.29571],[32.69555,-18.29597],[32.69527,-18.29612],[32.69516,-18.29631],[32.69498,-18.29644],[32.69468,-18.2967],[32.69445,-18.29689],[32.69413,-18.29694],[32.69386,-18.29692],[32.69375,-18.29678],[32.69379,-18.29654],[32.69367,-18.29645],[32.69317,-18.29618],[32.69285,-18.29584],[32.6924,-18.29562],[32.69177,-18.29558],[32.69118,-18.29566],[32.69081,-18.29574],[32.69051,-18.29592],[32.69039,-18.29619],[32.69012,-18.29633],[32.68988,-18.29647],[32.68969,-18.29646],[32.68941,-18.2962],[32.68911,-18.29607],[32.68883,-18.29585],[32.68846,-18.29587],[32.68833,-18.2961],[32.68817,-18.29619],[32.68795,-18.29603],[32.68767,-18.29596],[32.68749,-18.29574],[32.68714,-18.29563],[32.68682,-18.29563],[32.68652,-18.29553],[32.68623,-18.29535],[32.68578,-18.29535],[32.68535,-18.29505],[32.685,-18.29475],[32.68462,-18.29472],[32.68431,-18.29472],[32.68392,-18.29485],[32.6834,-18.29495],[32.68288,-18.29492],[32.68243,-18.29467],[32.68217,-18.29458],[32.6817,-18.29459],[32.68137,-18.29452],[32.68124,-18.29432],[32.68124,-18.29411],[32.68122,-18.2939],[32.68106,-18.29359],[32.68101,-18.29334],[32.68103,-18.29301],[32.68103,-18.29267],[32.68099,-18.2924],[32.68081,-18.29219],[32.6805,-18.29197],[32.68035,-18.2917],[32.68033,-18.29133],[32.68026,-18.29104],[32.68025,-18.2908],[32.68006,-18.29074],[32.67976,-18.29059],[32.6797,-18.29042],[32.67981,-18.29017],[32.6801,-18.28979],[32.68027,-18.28936],[32.68035,-18.28883],[32.68043,-18.28831],[32.68055,-18.28788],[32.6804,-18.2875],[32.68031,-18.28715],[32.68015,-18.28676],[32.6797,-18.2863],[32.67922,-18.28597],[32.67909,-18.2856],[32.67894,-18.28521],[32.67883,-18.28504],[32.67867,-18.28481],[32.67834,-18.28449],[32.67787,-18.28448],[32.67748,-18.28459],[32.67712,-18.28471],[32.67667,-18.28474],[32.67609,-18.28479],[32.67563,-18.2847],[32.67542,-18.28453],[32.67515,-18.2844],[32.6747,-18.28445],[32.6743,-18.2844],[32.6741,-18.28421],[32.67385,-18.28386],[32.67365,-18.28348],[32.67348,-18.28311],[32.67335,-18.28279],[32.67296,-18.28271],[32.6725,-18.2825],[32.67219,-18.2825],[32.67196,-18.28285],[32.6718,-18.28332],[32.67174,-18.28365],[32.67154,-18.2841],[32.67127,-18.28439],[32.67104,-18.28464],[32.67079,-18.28484],[32.67045,-18.28486],[32.67018,-18.28497],[32.67,-18.28526],[32.66993,-18.2856],[32.66994,-18.286],[32.67001,-18.28636],[32.67029,-18.28672],[32.6703,-18.28708],[32.67005,-18.28735],[32.66969,-18.28768],[32.66933,-18.28798],[32.66891,-18.28838],[32.66843,-18.28853],[32.66783,-18.28875],[32.66738,-18.28907],[32.66685,-18.28929],[32.66646,-18.28945],[32.66613,-18.28941],[32.6657,-18.28917],[32.66508,-18.28878],[32.66454,-18.28848],[32.66398,-18.28835],[32.6635,-18.28804],[32.66331,-18.28784],[32.66345,-18.28746],[32.66348,-18.28715],[32.66337,-18.28689],[32.66308,-18.28649],[32.66266,-18.28595],[32.6626,-18.28565],[32.6626,-18.28534],[32.66213,-18.28498],[32.66149,-18.28473],[32.66105,-18.28429],[32.66065,-18.28375],[32.66023,-18.28326],[32.65987,-18.28267],[32.65969,-18.28213],[32.65938,-18.28157],[32.65933,-18.28113],[32.65923,-18.28094],[32.65885,-18.28067],[32.65832,-18.28046],[32.6579,-18.28044],[32.65758,-18.2807],[32.65744,-18.2809],[32.65718,-18.28068],[32.65693,-18.28063],[32.65659,-18.28079],[32.65621,-18.2808],[32.65591,-18.28097],[32.65567,-18.28103],[32.6553,-18.28106],[32.65504,-18.28119],[32.65476,-18.2813],[32.65433,-18.28134],[32.65389,-18.28126],[32.65346,-18.28101],[32.6528,-18.28053],[32.65221,-18.28018],[32.65179,-18.27995],[32.65162,-18.27971],[32.65155,-18.27941],[32.65133,-18.27906],[32.65104,-18.27889],[32.65066,-18.27876],[32.65035,-18.2787],[32.65004,-18.27857],[32.64978,-18.2783],[32.64968,-18.27799],[32.64965,-18.27767],[32.64962,-18.27743],[32.64974,-18.27707],[32.64995,-18.27666],[32.65019,-18.27621],[32.65029,-18.27596],[32.65015,-18.27573],[32.65025,-18.27562],[32.65043,-18.27532],[32.65045,-18.27495],[32.65028,-18.27467],[32.65016,-18.27445],[32.64994,-18.27427],[32.64971,-18.27403],[32.64957,-18.27381],[32.64933,-18.2734],[32.64927,-18.27312],[32.64917,-18.27269],[32.64908,-18.27239],[32.6489,-18.2721],[32.64885,-18.27181],[32.64869,-18.27153],[32.64875,-18.27139],[32.64865,-18.27106],[32.64853,-18.27073],[32.64841,-18.27067],[32.64801,-18.27051],[32.64799,-18.2703],[32.64799,-18.27011],[32.64806,-18.26981],[32.64816,-18.2695],[32.6482,-18.26921],[32.64824,-18.26884],[32.64817,-18.26842],[32.648,-18.26777],[32.64785,-18.26759],[32.64772,-18.26762],[32.64745,-18.26781],[32.6471,-18.26791],[32.64691,-18.26787],[32.64678,-18.26725],[32.64694,-18.26706],[32.64705,-18.26674],[32.64715,-18.26543],[32.64731,-18.26493],[32.64738,-18.26472],[32.6474,-18.26335],[32.64695,-18.26264],[32.6466,-18.2626],[32.64635,-18.26236],[32.64619,-18.26221],[32.64561,-18.26119],[32.64535,-18.26094],[32.64533,-18.26046],[32.64525,-18.26025],[32.64552,-18.25974],[32.64552,-18.25946],[32.64579,-18.25836],[32.64573,-18.25786],[32.64589,-18.25737],[32.64567,-18.25651],[32.64549,-18.25552],[32.64513,-18.25441],[32.64504,-18.25387],[32.64522,-18.25359],[32.64549,-18.25333],[32.64571,-18.25288],[32.64561,-18.25252],[32.64587,-18.25188],[32.64587,-18.25107],[32.64573,-18.25051],[32.64568,-18.2503],[32.64547,-18.25016],[32.64504,-18.25011],[32.64481,-18.25012],[32.64439,-18.24974],[32.64437,-18.24952],[32.64458,-18.24913],[32.64456,-18.24865],[32.64457,-18.24729],[32.64419,-18.24577],[32.64391,-18.2439],[32.64371,-18.24329],[32.64375,-18.2427],[32.64363,-18.2423],[32.64366,-18.24205],[32.64342,-18.2417],[32.64333,-18.24086],[32.64316,-18.24049],[32.64329,-18.23977],[32.64323,-18.23925],[32.64328,-18.23866],[32.64341,-18.23854],[32.64374,-18.23856],[32.6441,-18.23864],[32.64441,-18.23844],[32.64447,-18.23818],[32.64474,-18.23815],[32.64512,-18.23779],[32.6452,-18.23763],[32.6455,-18.23748],[32.64551,-18.23721],[32.64524,-18.23699],[32.64491,-18.23686],[32.64465,-18.23657],[32.64444,-18.23656],[32.64434,-18.23629],[32.64401,-18.23599],[32.64359,-18.23583],[32.64338,-18.23553],[32.6436,-18.23534],[32.64347,-18.23516],[32.64309,-18.23517],[32.64288,-18.23507],[32.64273,-18.23492],[32.64208,-18.23472],[32.64201,-18.23476],[32.64186,-18.23465],[32.64137,-18.23453],[32.64125,-18.23442],[32.641,-18.2343],[32.6409,-18.2338],[32.64072,-18.23368],[32.6406,-18.23338],[32.64071,-18.23314],[32.64023,-18.23242],[32.64,-18.23223],[32.63986,-18.23189],[32.63952,-18.23152],[32.63887,-18.23134],[32.63865,-18.23144],[32.63828,-18.23128],[32.638,-18.23129],[32.63759,-18.23113],[32.63726,-18.23093],[32.6371,-18.23062],[32.63712,-18.23023],[32.63714,-18.22986],[32.63737,-18.22936],[32.63753,-18.22911],[32.63752,-18.22902],[32.63721,-18.22849],[32.63712,-18.22802],[32.63687,-18.22744],[32.63665,-18.22722],[32.63631,-18.22714],[32.63616,-18.22735],[32.63583,-18.22743],[32.63563,-18.22769],[32.63564,-18.22787],[32.6352,-18.22812],[32.63499,-18.22812],[32.63416,-18.22843],[32.63375,-18.22849],[32.63343,-18.22848],[32.63324,-18.22827],[32.63316,-18.22789],[32.63303,-18.22763],[32.63292,-18.22756]]}},{"type":"Feature","properties":{"kind":"road","name":"Access Road to Claremont Estates"},"geometry":{"type":"LineString","coordinates":[[32.70099,-18.30597],[32.70087,-18.30569],[32.70082,-18.30559],[32.70067,-18.30523],[32.70055,-18.30492],[32.70043,-18.30467],[32.70032,-18.30448],[32.70011,-18.30408],[32.69996,-18.30377],[32.69982,-18.30363],[32.69964,-18.30351],[32.69942,-18.30345],[32.69897,-18.30336],[32.69879,-18.30333],[32.69853,-18.3033],[32.69815,-18.30335],[32.69779,-18.30344],[32.69754,-18.30355],[32.69732,-18.30363],[32.69686,-18.3037],[32.69627,-18.30376],[32.6957,-18.30386],[32.69523,-18.30398],[32.69492,-18.30412],[32.69471,-18.30427],[32.69454,-18.30447],[32.69432,-18.30479],[32.69419,-18.30496],[32.69401,-18.3051],[32.69384,-18.30517],[32.69374,-18.3052],[32.69365,-18.3052],[32.69347,-18.30513],[32.69317,-18.30493],[32.69294,-18.30473],[32.69272,-18.30453],[32.6923,-18.30426],[32.69158,-18.3038],[32.69148,-18.30368],[32.69141,-18.30353],[32.69139,-18.30336],[32.69141,-18.30327],[32.69146,-18.30315],[32.69168,-18.3028],[32.69187,-18.30245],[32.69193,-18.30234],[32.69196,-18.30223],[32.69197,-18.30208],[32.6919,-18.30182],[32.69179,-18.3014],[32.69158,-18.3007],[32.69133,-18.30007],[32.69127,-18.29989],[32.69127,-18.29967],[32.69123,-18.29945],[32.69113,-18.29925],[32.69091,-18.29884],[32.69054,-18.29836],[32.69042,-18.29824],[32.69017,-18.29809],[32.68985,-18.29778],[32.68949,-18.29736],[32.68923,-18.29707],[32.68903,-18.29681],[32.68882,-18.29648],[32.68877,-18.29643],[32.6887,-18.2964],[32.68857,-18.29638],[32.68839,-18.2962]]}},{"type":"Feature","properties":{"kind":"track","name":""},"geometry":{"type":"LineString","coordinates":[[32.71867,-18.27655],[32.71877,-18.2765],[32.71886,-18.2765],[32.71894,-18.27653],[32.71895,-18.27664],[32.71891,-18.27675],[32.71888,-18.27688],[32.71886,-18.27699],[32.71889,-18.27723],[32.7189,-18.27742],[32.71895,-18.27756],[32.71901,-18.27769],[32.71907,-18.27775],[32.71921,-18.27785],[32.71937,-18.27789],[32.71949,-18.27788],[32.7196,-18.27788],[32.71969,-18.27792],[32.71973,-18.27801],[32.71975,-18.27818],[32.71975,-18.27838],[32.71979,-18.27852],[32.71985,-18.27862],[32.71997,-18.27869],[32.7201,-18.27875],[32.72033,-18.27881],[32.72046,-18.27884],[32.72059,-18.27881],[32.72069,-18.27876],[32.7208,-18.27873],[32.72091,-18.27877],[32.72104,-18.27886],[32.72115,-18.2789],[32.72127,-18.27892],[32.72137,-18.27889],[32.72149,-18.27892],[32.72159,-18.27898],[32.72171,-18.27902],[32.72184,-18.27903],[32.72195,-18.27899],[32.72205,-18.27893],[32.72213,-18.27882],[32.72219,-18.2787],[32.72225,-18.27863],[32.72237,-18.27864],[32.72253,-18.27862],[32.7227,-18.27856],[32.7229,-18.27845],[32.72305,-18.27838],[32.7232,-18.27831],[32.72344,-18.27824],[32.72371,-18.27822],[32.72387,-18.27825],[32.72395,-18.2783],[32.72407,-18.27844],[32.72412,-18.27855],[32.72422,-18.27875],[32.7243,-18.27906],[32.72437,-18.27917]]}},{"type":"Feature","properties":{"kind":"road","name":""},"geometry":{"type":"LineString","coordinates":[[32.77499,-18.16368],[32.77523,-18.16343],[32.77536,-18.16337],[32.77656,-18.16291],[32.77686,-18.16277],[32.77767,-18.1619],[32.77849,-18.1611],[32.77931,-18.16045],[32.77956,-18.1602],[32.78014,-18.15955],[32.78044,-18.15923],[32.78076,-18.15893],[32.7811,-18.1586],[32.78142,-18.15826],[32.78209,-18.15766],[32.78249,-18.15735],[32.78289,-18.15705],[32.78302,-18.15694],[32.78313,-18.15682],[32.78325,-18.1566],[32.78334,-18.15636],[32.78368,-18.15531],[32.78385,-18.1549],[32.78394,-18.15471],[32.78403,-18.1545],[32.78431,-18.15361],[32.78434,-18.15345],[32.78435,-18.15329],[32.78426,-18.15302],[32.78407,-18.15274],[32.78396,-18.1526],[32.78395,-18.15255],[32.78395,-18.1525],[32.78398,-18.15231],[32.78407,-18.15204],[32.78424,-18.15159],[32.7843,-18.15149],[32.78439,-18.15141],[32.78454,-18.15132],[32.78468,-18.15125],[32.78486,-18.15121],[32.78515,-18.15123],[32.78719,-18.15154],[32.78872,-18.15172],[32.7891,-18.1518],[32.78942,-18.15192],[32.78956,-18.15196],[32.78969,-18.15194],[32.79021,-18.15168],[32.7904,-18.15163],[32.79059,-18.15166],[32.79071,-18.15172],[32.79082,-18.1518],[32.79112,-18.15207],[32.7912,-18.15217],[32.79127,-18.15226],[32.79135,-18.15315],[32.79144,-18.15378],[32.79146,-18.15386],[32.79151,-18.15393],[32.79158,-18.15399],[32.79258,-18.15471],[32.79351,-18.15537],[32.79356,-18.15544],[32.79366,-18.15568],[32.79379,-18.15617],[32.79383,-18.15624],[32.79421,-18.15676],[32.7943,-18.15698],[32.79437,-18.15721],[32.79451,-18.15809],[32.79472,-18.15924],[32.79473,-18.15931],[32.79477,-18.15938],[32.79582,-18.16048],[32.79655,-18.16117],[32.79785,-18.16243],[32.79792,-18.1626],[32.79793,-18.16278],[32.79797,-18.16319],[32.79798,-18.16335],[32.79794,-18.16359],[32.79788,-18.16383],[32.79786,-18.16391],[32.79786,-18.16398],[32.79785,-18.16405],[32.79789,-18.16411],[32.79799,-18.1642],[32.79814,-18.16425],[32.79832,-18.16423],[32.79851,-18.16417],[32.79865,-18.16416],[32.79901,-18.16434],[32.79935,-18.16459],[32.79963,-18.16486],[32.79991,-18.16539],[32.80012,-18.16576],[32.80014,-18.16596],[32.79977,-18.16669],[32.79972,-18.16683],[32.7997,-18.16698],[32.79973,-18.1671],[32.79978,-18.1672],[32.80011,-18.16775],[32.80041,-18.16814],[32.80049,-18.16827],[32.80051,-18.16842],[32.8004,-18.16934],[32.80041,-18.1696],[32.80047,-18.16987],[32.80056,-18.17033],[32.80056,-18.1705],[32.80052,-18.17067],[32.80043,-18.1708],[32.80029,-18.17091],[32.80009,-18.17097],[32.79988,-18.17097],[32.799,-18.17076],[32.79887,-18.17076],[32.79874,-18.17079],[32.79863,-18.1709],[32.79857,-18.17106],[32.79836,-18.1714],[32.79812,-18.17169],[32.79766,-18.17343],[32.79761,-18.1736]]}},{"type":"Feature","properties":{"kind":"road","name":"Access Road to Rhodes Nyanga Hotel"},"geometry":{"type":"LineString","coordinates":[[32.72475,-18.29406],[32.7249,-18.29394],[32.72508,-18.29383],[32.72522,-18.29373],[32.72548,-18.29354],[32.72574,-18.29331],[32.72599,-18.2931],[32.7262,-18.29291],[32.72639,-18.29271],[32.72672,-18.29248],[32.72712,-18.29219],[32.72745,-18.29197],[32.72768,-18.29179],[32.72785,-18.29165],[32.728,-18.29153],[32.72817,-18.29142],[32.72833,-18.29135],[32.72852,-18.29126],[32.72866,-18.29121],[32.72875,-18.29116],[32.72894,-18.29104],[32.72911,-18.29091],[32.72928,-18.29078],[32.72945,-18.29063]]}},{"type":"Feature","properties":{"kind":"road","name":"Access Road to PWMA Area Managers Office"},"geometry":{"type":"LineString","coordinates":[[32.72404,-18.2935],[32.72402,-18.29333],[32.72402,-18.29322],[32.72411,-18.29308],[32.72431,-18.29283],[32.72453,-18.29252],[32.7247,-18.29229],[32.72487,-18.29212],[32.725,-18.29202],[32.72515,-18.29194],[32.72539,-18.29189],[32.7256,-18.29188],[32.72579,-18.29188],[32.72595,-18.29189],[32.7261,-18.29189],[32.72627,-18.29187],[32.72644,-18.29182],[32.72658,-18.29172],[32.72668,-18.29159],[32.72678,-18.29143],[32.72689,-18.29131],[32.727,-18.29124],[32.72709,-18.29123],[32.72718,-18.29126],[32.72723,-18.29134],[32.72722,-18.29146],[32.72717,-18.29158],[32.72707,-18.29174],[32.72697,-18.2919],[32.72684,-18.29203],[32.72668,-18.29216],[32.72655,-18.29228],[32.72644,-18.2924],[32.72639,-18.29255],[32.72639,-18.29271]]}},{"type":"Feature","properties":{"kind":"track","name":"Sawmill Road"},"geometry":{"type":"LineString","coordinates":[[32.75311,-18.29241],[32.7529,-18.29286],[32.75158,-18.29539],[32.7508,-18.29653],[32.75076,-18.29658],[32.75054,-18.29683],[32.75047,-18.29678],[32.75048,-18.29668],[32.75059,-18.29656],[32.7508,-18.29653]]}},{"type":"Feature","properties":{"kind":"track","name":"Access road to Traditional Village"},"geometry":{"type":"LineString","coordinates":[[32.73995,-18.28502],[32.74001,-18.28487],[32.74006,-18.2848],[32.7401,-18.28478],[32.74014,-18.28479],[32.74015,-18.28484],[32.7401,-18.28492]]}},{"type":"Feature","properties":{"kind":"stream","name":"Nyamziwa River"},"geometry":{"type":"LineString","coordinates":[[32.8228,-18.27468],[32.82293,-18.27468],[32.82303,-18.27463],[32.82302,-18.27454],[32.82291,-18.27448],[32.8228,-18.27454],[32.8227,-18.27454],[32.82255,-18.27454],[32.82249,-18.27458],[32.8224,-18.27452],[32.82228,-18.27437],[32.8222,-18.2742],[32.82216,-18.27408],[32.82216,-18.27399],[32.82223,-18.27399],[32.82235,-18.27413],[32.82246,-18.27423],[32.82257,-18.27425],[32.82263,-18.27415],[32.82263,-18.27399],[32.82263,-18.27384],[32.82263,-18.2737],[32.8226,-18.27362],[32.82251,-18.27357],[32.82251,-18.27349],[32.8226,-18.27342],[32.82267,-18.27327],[32.82267,-18.27316],[32.82261,-18.27306],[32.82249,-18.27294],[32.82238,-18.27278],[32.82224,-18.27259],[32.82219,-18.27242],[32.8222,-18.27227],[32.82235,-18.27214],[32.82247,-18.27201],[32.82255,-18.27181],[32.82257,-18.27158],[32.82261,-18.2713],[32.82264,-18.27111],[32.8227,-18.27096],[32.82264,-18.2708],[32.82253,-18.27076],[32.8225,-18.27083],[32.82234,-18.27084],[32.82223,-18.27071],[32.82214,-18.27058],[32.82205,-18.27047],[32.82191,-18.27037],[32.82176,-18.27026],[32.82173,-18.27019],[32.82179,-18.27012],[32.82185,-18.27002],[32.82198,-18.26994],[32.82208,-18.26983],[32.82221,-18.26974],[32.8223,-18.26965],[32.82233,-18.26955],[32.82221,-18.26953],[32.82209,-18.26953],[32.82196,-18.26952],[32.82193,-18.26946],[32.82203,-18.2694],[32.82209,-18.26929],[32.82207,-18.26918],[32.822,-18.26905],[32.82196,-18.26894],[32.82189,-18.26887],[32.82182,-18.26892],[32.82181,-18.26902],[32.8218,-18.26917],[32.82173,-18.26924],[32.82157,-18.26926],[32.82148,-18.26923],[32.82148,-18.26913],[32.82147,-18.269],[32.82145,-18.26885],[32.82141,-18.26867],[32.82138,-18.26851],[32.82126,-18.26836],[32.82115,-18.26822],[32.82106,-18.26815],[32.82098,-18.26805],[32.82091,-18.26805],[32.82081,-18.26809],[32.82073,-18.26804],[32.82075,-18.26796],[32.82082,-18.26789],[32.8209,-18.26779],[32.82083,-18.26765],[32.82065,-18.26764],[32.82043,-18.26755],[32.82015,-18.26753],[32.81988,-18.26747],[32.81965,-18.26741],[32.81942,-18.26739],[32.81916,-18.26737],[32.81893,-18.26733],[32.81866,-18.26728],[32.81854,-18.26715],[32.81853,-18.26699],[32.81858,-18.26681],[32.81858,-18.26657],[32.81851,-18.26641],[32.81842,-18.26625],[32.81829,-18.26609],[32.81826,-18.26592],[32.8182,-18.26575],[32.81807,-18.26563],[32.81791,-18.26554],[32.81774,-18.26548],[32.81764,-18.26534],[32.81752,-18.2652],[32.81739,-18.2651],[32.81718,-18.26506],[32.81696,-18.26508],[32.81677,-18.26521],[32.81659,-18.26536],[32.81644,-18.26547],[32.8163,-18.26537],[32.8163,-18.26524],[32.81609,-18.26516],[32.81574,-18.26519],[32.81548,-18.26537],[32.81523,-18.2654],[32.81504,-18.26572],[32.81478,-18.26608],[32.81478,-18.26621],[32.81493,-18.26635],[32.81492,-18.26654],[32.81479,-18.26671],[32.81443,-18.26692],[32.81412,-18.267],[32.814,-18.26685],[32.81378,-18.26669],[32.81363,-18.26647],[32.81347,-18.26647],[32.81333,-18.26657],[32.81315,-18.26671],[32.81284,-18.26671],[32.81254,-18.26676],[32.8123,-18.26691],[32.81213,-18.26694],[32.81207,-18.26675],[32.812,-18.26656],[32.812,-18.26634],[32.8119,-18.2662],[32.81174,-18.26616],[32.81166,-18.26606],[32.81165,-18.26592],[32.81167,-18.26576],[32.81179,-18.26569],[32.81185,-18.26553],[32.81194,-18.26542],[32.81203,-18.26526],[32.81187,-18.26517],[32.81176,-18.26523],[32.81165,-18.26538],[32.81147,-18.26539],[32.81142,-18.26529],[32.81134,-18.26507],[32.81115,-18.26505],[32.8108,-18.26514],[32.81045,-18.26533],[32.81034,-18.26579],[32.81003,-18.26607],[32.80975,-18.2661],[32.80954,-18.26582],[32.80922,-18.26578],[32.80892,-18.26593],[32.80866,-18.26579],[32.80859,-18.26551],[32.80835,-18.26514],[32.80801,-18.26474],[32.80748,-18.26455],[32.80691,-18.26451],[32.80648,-18.2645],[32.80614,-18.2647],[32.80579,-18.26491],[32.80548,-18.2648],[32.8054,-18.26454],[32.80532,-18.26406],[32.80521,-18.26364],[32.80502,-18.26314],[32.80495,-18.26268],[32.80468,-18.26245],[32.80411,-18.26226],[32.80347,-18.26224],[32.80287,-18.26216],[32.80242,-18.26184],[32.80207,-18.2618],[32.80186,-18.26209],[32.80147,-18.26246],[32.80113,-18.2625],[32.80107,-18.26217],[32.8009,-18.26174],[32.80069,-18.26124],[32.80034,-18.26075],[32.80029,-18.2604],[32.80006,-18.25995],[32.79984,-18.25958],[32.7998,-18.25917],[32.79962,-18.2588],[32.79938,-18.25846],[32.79919,-18.25821],[32.79886,-18.25808],[32.79824,-18.25817],[32.79769,-18.25806],[32.79737,-18.25777],[32.79713,-18.2575],[32.79681,-18.25731],[32.79644,-18.25741],[32.79636,-18.25774],[32.79614,-18.25787],[32.79586,-18.25802],[32.7957,-18.25777],[32.79565,-18.25739],[32.79538,-18.2569],[32.79511,-18.25651],[32.79505,-18.2561],[32.79484,-18.25579],[32.79448,-18.25556],[32.79418,-18.2555],[32.79423,-18.2553],[32.79432,-18.25509],[32.79436,-18.2548],[32.79426,-18.25453],[32.79397,-18.25437],[32.7937,-18.25417],[32.79339,-18.2541],[32.79314,-18.25424],[32.79291,-18.25436],[32.79269,-18.25418],[32.79255,-18.25398],[32.79233,-18.25379],[32.79201,-18.25361],[32.79178,-18.25344],[32.79167,-18.25318],[32.79142,-18.25294],[32.79125,-18.25276],[32.79109,-18.25254],[32.79058,-18.25268],[32.78981,-18.25301],[32.78915,-18.25337],[32.78863,-18.25371],[32.78829,-18.25385],[32.78796,-18.25371],[32.78785,-18.25348],[32.78774,-18.2531],[32.78753,-18.2526],[32.78739,-18.25216],[32.78727,-18.25162],[32.78714,-18.25108],[32.78701,-18.25058],[32.78689,-18.2501],[32.78655,-18.24965],[32.78629,-18.24931],[32.7862,-18.24899],[32.7862,-18.24869],[32.7864,-18.24844],[32.7864,-18.24815],[32.78623,-18.24784],[32.78573,-18.24776],[32.78535,-18.24791],[32.78508,-18.24785],[32.78481,-18.24763],[32.78449,-18.24741],[32.78418,-18.24718],[32.78403,-18.2469],[32.78389,-18.24659],[32.78362,-18.24661],[32.78332,-18.24673],[32.78289,-18.2467],[32.78254,-18.2467]]}},{"type":"Feature","properties":{"kind":"road","name":"Kwaraguza Road"},"geometry":{"type":"LineString","coordinates":[[32.81631,-18.28119],[32.81647,-18.28117],[32.81661,-18.28118],[32.81674,-18.28114],[32.81687,-18.2811],[32.81703,-18.28101],[32.81721,-18.28085],[32.81757,-18.28041],[32.81846,-18.27915],[32.81878,-18.2787],[32.81908,-18.27822],[32.81966,-18.27735],[32.81978,-18.2772],[32.82008,-18.2769],[32.8203,-18.27672],[32.82068,-18.27641],[32.821,-18.27619],[32.82139,-18.27597],[32.82161,-18.27588],[32.82192,-18.27582],[32.82205,-18.27583],[32.82216,-18.27587],[32.82229,-18.2759],[32.82241,-18.27594],[32.82251,-18.27595],[32.82258,-18.27593],[32.82263,-18.27589],[32.82267,-18.27582],[32.8227,-18.27567],[32.82272,-18.27537],[32.82272,-18.27519],[32.82271,-18.27498],[32.82268,-18.27483],[32.82258,-18.27465],[32.82255,-18.27458],[32.82254,-18.27453],[32.82255,-18.27447],[32.82258,-18.2744],[32.82286,-18.27403],[32.82309,-18.27375],[32.82325,-18.27349],[32.82339,-18.27322],[32.82359,-18.27287],[32.82376,-18.27247],[32.82391,-18.27204],[32.82394,-18.27194],[32.824,-18.27186],[32.82412,-18.27177],[32.82459,-18.2715],[32.82464,-18.27144],[32.82469,-18.27135],[32.82471,-18.27128],[32.8247,-18.27115],[32.8247,-18.27069],[32.82471,-18.2706],[32.82474,-18.27053],[32.82478,-18.2705],[32.82489,-18.27046],[32.82497,-18.27043],[32.82504,-18.27038],[32.82507,-18.27032],[32.82504,-18.27022],[32.825,-18.2701],[32.82494,-18.27001],[32.82465,-18.26975],[32.82457,-18.26965],[32.82454,-18.26954],[32.82453,-18.26943],[32.82456,-18.26896],[32.82458,-18.26873],[32.82461,-18.26863],[32.82468,-18.2685],[32.82515,-18.26828],[32.82603,-18.26794],[32.82629,-18.26787],[32.82642,-18.26786],[32.82659,-18.26788],[32.82677,-18.26794],[32.82686,-18.26802],[32.82696,-18.2681],[32.82703,-18.26813],[32.8271,-18.26813],[32.82716,-18.26811],[32.8272,-18.26805],[32.82719,-18.268],[32.82718,-18.26789],[32.82718,-18.26779],[32.82719,-18.26764],[32.82718,-18.26753],[32.82714,-18.26738],[32.8271,-18.26722],[32.82709,-18.26715],[32.82709,-18.26705],[32.8271,-18.26689],[32.82717,-18.26614],[32.82716,-18.26608],[32.82714,-18.26603],[32.82711,-18.26598],[32.82705,-18.26593],[32.82699,-18.26592],[32.82693,-18.26592],[32.82684,-18.26592],[32.8268,-18.26592],[32.82677,-18.26589],[32.82667,-18.26579],[32.82656,-18.26569],[32.82644,-18.26559],[32.82639,-18.26556],[32.82632,-18.26555],[32.82622,-18.26556],[32.82585,-18.26566],[32.82543,-18.26573],[32.82525,-18.26579],[32.82509,-18.26589],[32.82501,-18.26594],[32.82496,-18.26596],[32.8249,-18.26596],[32.82474,-18.26592],[32.82462,-18.26589],[32.82448,-18.26583],[32.82414,-18.26566],[32.82394,-18.26554],[32.82387,-18.26547],[32.82382,-18.26541],[32.82357,-18.26498],[32.82346,-18.26465],[32.82339,-18.26433],[32.82336,-18.26409],[32.82334,-18.26393],[32.82328,-18.26379],[32.82324,-18.26366],[32.82326,-18.26355],[32.82338,-18.2633],[32.82368,-18.26268],[32.82402,-18.26206],[32.82403,-18.26192],[32.82408,-18.26172],[32.82417,-18.26142],[32.82424,-18.26124],[32.82426,-18.26116],[32.82426,-18.26107],[32.82422,-18.26096],[32.82415,-18.26085],[32.82392,-18.26066],[32.82376,-18.26052],[32.82361,-18.26039],[32.82344,-18.2602],[32.82323,-18.2599],[32.82313,-18.25969],[32.82301,-18.25947],[32.82294,-18.25925],[32.82284,-18.25905],[32.82274,-18.25886],[32.82265,-18.25871],[32.82262,-18.25855],[32.82262,-18.25835],[32.82262,-18.2582],[32.82258,-18.258],[32.82253,-18.25779],[32.82248,-18.25757],[32.82249,-18.25742],[32.82255,-18.25722],[32.82263,-18.25701],[32.8227,-18.25674],[32.82271,-18.25663],[32.82267,-18.25653],[32.8224,-18.25632],[32.82218,-18.25616],[32.82204,-18.25602],[32.82191,-18.25584],[32.82175,-18.25562],[32.82165,-18.25541],[32.82147,-18.25493],[32.82125,-18.25417],[32.82114,-18.25379],[32.82103,-18.25335],[32.82073,-18.25191],[32.82047,-18.25074],[32.82019,-18.24957],[32.82,-18.24838],[32.81994,-18.24798],[32.81999,-18.24776],[32.82009,-18.24756],[32.8202,-18.24729],[32.8203,-18.24691],[32.82049,-18.24623],[32.82066,-18.24572],[32.82092,-18.2453],[32.82102,-18.24489],[32.82111,-18.24434],[32.82118,-18.24394],[32.82124,-18.24372],[32.82128,-18.24357],[32.82129,-18.2434],[32.82123,-18.24294],[32.82121,-18.24263],[32.82124,-18.24209],[32.82128,-18.24192],[32.82131,-18.24178],[32.82152,-18.24149],[32.82175,-18.24121],[32.82197,-18.24094],[32.82232,-18.2405],[32.82266,-18.24006],[32.82297,-18.23965],[32.82314,-18.23947],[32.82332,-18.23932],[32.82385,-18.23898],[32.82427,-18.23869],[32.82458,-18.23847],[32.82517,-18.23803],[32.82583,-18.23756],[32.82659,-18.23706],[32.82727,-18.2367],[32.82759,-18.23656],[32.82781,-18.23646],[32.8279,-18.23641],[32.82798,-18.23633],[32.82803,-18.23622],[32.82806,-18.23609],[32.82818,-18.23565],[32.82826,-18.23548],[32.82835,-18.23533],[32.82851,-18.23515],[32.82884,-18.2349],[32.82934,-18.23456],[32.82944,-18.23447],[32.82951,-18.23436],[32.82973,-18.234],[32.82992,-18.23374],[32.83012,-18.23338],[32.83045,-18.23277],[32.83063,-18.23251],[32.83085,-18.23224],[32.83101,-18.23198],[32.83115,-18.23173],[32.8312,-18.23159],[32.83121,-18.23149],[32.8312,-18.23141],[32.83117,-18.23134],[32.83112,-18.23127],[32.83106,-18.23118],[32.83105,-18.23109],[32.83105,-18.23092],[32.83106,-18.23081],[32.83112,-18.23053],[32.83115,-18.23043],[32.83115,-18.23027],[32.83113,-18.23008],[32.83106,-18.22994],[32.83099,-18.22986],[32.83089,-18.2297],[32.83074,-18.22947],[32.83065,-18.2293],[32.83063,-18.22923],[32.83063,-18.22915],[32.83065,-18.22907],[32.83067,-18.22892],[32.8307,-18.22874],[32.83072,-18.22857],[32.83077,-18.22847],[32.83091,-18.22829],[32.83101,-18.2282],[32.83115,-18.2281],[32.83135,-18.228],[32.83173,-18.22794],[32.83186,-18.22789],[32.83198,-18.22781],[32.83208,-18.2277],[32.83215,-18.22754],[32.83228,-18.22728],[32.83244,-18.22705],[32.83267,-18.22672],[32.83272,-18.22655],[32.83273,-18.22639],[32.8327,-18.2262],[32.83268,-18.22612],[32.83265,-18.22604],[32.83255,-18.22589],[32.8325,-18.22578],[32.83248,-18.22563],[32.83251,-18.22541],[32.83265,-18.22499],[32.83279,-18.22483],[32.83289,-18.22472],[32.83296,-18.22465],[32.833,-18.22458],[32.83301,-18.22452],[32.83299,-18.22442],[32.8326,-18.2236],[32.83252,-18.22349],[32.83243,-18.22341],[32.8323,-18.22336],[32.82905,-18.22259],[32.8289,-18.22258],[32.8286,-18.22257],[32.8284,-18.22255],[32.82817,-18.22247],[32.82809,-18.22243],[32.828,-18.22241],[32.82792,-18.22242],[32.82789,-18.22244],[32.82786,-18.22247],[32.82781,-18.22256],[32.82774,-18.22267],[32.8276,-18.22282],[32.82746,-18.2229],[32.82729,-18.22296],[32.82696,-18.22304],[32.82657,-18.2231],[32.82623,-18.22312],[32.82598,-18.22309],[32.82576,-18.22303],[32.82559,-18.22295],[32.82509,-18.22256],[32.82465,-18.22213],[32.82432,-18.22163],[32.82422,-18.22149],[32.82408,-18.22137],[32.82386,-18.22124],[32.82377,-18.22121],[32.82373,-18.2212],[32.82367,-18.2212],[32.82347,-18.22119],[32.82336,-18.22118],[32.82322,-18.22117],[32.82315,-18.22115],[32.82306,-18.2211],[32.82266,-18.22063],[32.82236,-18.22031],[32.82203,-18.22002],[32.82182,-18.21988],[32.82166,-18.21982],[32.82147,-18.21975],[32.8205,-18.21952],[32.82011,-18.21946],[32.81988,-18.21946],[32.8197,-18.21948],[32.81952,-18.21948],[32.81938,-18.21943],[32.81927,-18.21936],[32.81905,-18.21915],[32.81888,-18.21894],[32.81875,-18.21879],[32.81862,-18.21869],[32.81852,-18.21864],[32.81847,-18.21863],[32.81842,-18.21863],[32.81827,-18.21868],[32.81812,-18.21871],[32.81797,-18.2187],[32.81781,-18.21868],[32.81748,-18.21863],[32.81677,-18.21857],[32.81656,-18.21855],[32.81642,-18.21854],[32.81634,-18.21855],[32.81627,-18.21858],[32.8162,-18.21864],[32.81611,-18.21872],[32.81604,-18.21877],[32.81592,-18.21882],[32.81578,-18.21886],[32.81546,-18.21893],[32.81516,-18.21902],[32.81483,-18.21911],[32.81462,-18.21912],[32.81436,-18.2191],[32.81411,-18.21909],[32.81395,-18.21909],[32.81378,-18.21911],[32.81354,-18.2191],[32.81335,-18.21905],[32.81321,-18.21901],[32.81311,-18.21899],[32.81298,-18.21902],[32.81291,-18.21907],[32.81276,-18.21916],[32.81255,-18.21938],[32.81233,-18.21962],[32.8122,-18.21993],[32.81213,-18.22029],[32.81206,-18.22047],[32.81199,-18.22059],[32.8119,-18.2207],[32.81141,-18.22119],[32.81125,-18.2213],[32.8111,-18.22141],[32.81095,-18.22148],[32.81087,-18.22149],[32.81079,-18.2215],[32.81052,-18.22144],[32.81015,-18.22132],[32.80977,-18.22114],[32.80952,-18.22101],[32.8093,-18.22092],[32.80878,-18.22078],[32.80843,-18.22075],[32.8081,-18.22076],[32.80788,-18.22077],[32.80767,-18.22072],[32.80752,-18.22065],[32.80741,-18.22054],[32.80698,-18.21987],[32.80663,-18.2193],[32.80636,-18.2188],[32.80621,-18.21838],[32.8061,-18.21812],[32.80597,-18.2179],[32.80575,-18.21757],[32.80567,-18.21746],[32.80556,-18.21734],[32.80498,-18.21674],[32.80437,-18.21616],[32.80418,-18.21599],[32.80406,-18.21579],[32.80402,-18.21567],[32.80403,-18.2155],[32.80407,-18.21537],[32.80407,-18.21523],[32.80406,-18.21511],[32.80402,-18.215],[32.80334,-18.2136],[32.80328,-18.21334],[32.80321,-18.21307],[32.80315,-18.21301],[32.80304,-18.21293],[32.80292,-18.21291],[32.80278,-18.21289],[32.80179,-18.21295],[32.80149,-18.21293],[32.80125,-18.21286],[32.80109,-18.21278],[32.80097,-18.21267],[32.80087,-18.21249],[32.80053,-18.21182],[32.80043,-18.21173],[32.80036,-18.21168],[32.80028,-18.21165],[32.79998,-18.21159],[32.7998,-18.21154],[32.79935,-18.21135],[32.79917,-18.21121],[32.79904,-18.2111],[32.79899,-18.211],[32.79896,-18.2109],[32.79896,-18.21082],[32.79895,-18.21069],[32.79898,-18.21052],[32.79906,-18.21024],[32.79923,-18.2098],[32.79948,-18.20912],[32.79982,-18.20839],[32.79999,-18.20797],[32.80021,-18.20752],[32.80044,-18.2069],[32.80062,-18.20647],[32.80076,-18.20621],[32.80078,-18.20605],[32.80083,-18.20534],[32.80092,-18.20498],[32.80098,-18.20459],[32.801,-18.20432],[32.80099,-18.20402],[32.80097,-18.20383],[32.80093,-18.20371],[32.80085,-18.20363],[32.80063,-18.20354],[32.80042,-18.20349],[32.8002,-18.20347],[32.79999,-18.20346],[32.79971,-18.20345],[32.79953,-18.20346],[32.79933,-18.20351],[32.79913,-18.20358],[32.79894,-18.20365],[32.79877,-18.20371],[32.79863,-18.2037],[32.79847,-18.20367],[32.79834,-18.20363],[32.79814,-18.20359],[32.79793,-18.20358],[32.79775,-18.20359]]}},{"type":"Feature","properties":{"kind":"road","name":"Access Road to Gairezi River"},"geometry":{"type":"LineString","coordinates":[[32.82402,-18.26206],[32.82417,-18.26185],[32.82437,-18.26171],[32.82451,-18.26162],[32.82463,-18.26157],[32.82476,-18.26154],[32.82486,-18.26153],[32.82501,-18.26152],[32.82527,-18.26154],[32.82543,-18.26159],[32.82554,-18.26166],[32.82568,-18.26179],[32.82578,-18.26194],[32.82587,-18.26204],[32.82592,-18.26212],[32.82596,-18.26221],[32.82601,-18.26226],[32.82609,-18.26231],[32.8262,-18.26233],[32.8264,-18.26237],[32.82659,-18.2624],[32.82667,-18.26241],[32.82673,-18.26244],[32.82676,-18.26246],[32.82679,-18.26248],[32.82683,-18.26254],[32.8269,-18.26266],[32.82695,-18.26273],[32.82702,-18.2628],[32.82735,-18.26301],[32.82742,-18.26308],[32.8275,-18.26316],[32.82761,-18.26322],[32.82775,-18.26329],[32.82786,-18.26338],[32.82797,-18.26349],[32.82808,-18.26361],[32.82815,-18.2637],[32.82822,-18.26378],[32.82831,-18.26384],[32.82842,-18.26389],[32.82852,-18.26394],[32.8286,-18.26399],[32.82869,-18.2641],[32.82876,-18.26422],[32.82885,-18.26432],[32.82902,-18.26443],[32.82921,-18.26451],[32.82935,-18.26454],[32.8295,-18.26454],[32.82968,-18.26444],[32.82987,-18.26428],[32.82999,-18.26418],[32.83012,-18.26407],[32.8303,-18.264],[32.83063,-18.26392],[32.83111,-18.26376],[32.83172,-18.26349],[32.83198,-18.2634],[32.83255,-18.26324],[32.83321,-18.26303],[32.83397,-18.26271],[32.83439,-18.26252],[32.83469,-18.26235],[32.83485,-18.26225],[32.83503,-18.26213],[32.83513,-18.26207],[32.83521,-18.26197],[32.83528,-18.26186],[32.83538,-18.26178],[32.83554,-18.26171],[32.83583,-18.26158],[32.83599,-18.26153],[32.83614,-18.26151],[32.83641,-18.2615],[32.83671,-18.26152],[32.837,-18.26157],[32.8378,-18.26176],[32.83798,-18.26179],[32.83809,-18.2618],[32.83821,-18.26179],[32.83837,-18.26172],[32.83854,-18.26158],[32.83896,-18.26118],[32.83988,-18.26038],[32.84029,-18.25996],[32.84054,-18.25958],[32.84068,-18.25926],[32.84075,-18.25917],[32.84081,-18.2591],[32.84091,-18.25906],[32.84103,-18.25904],[32.84116,-18.25909],[32.84127,-18.25909],[32.84146,-18.25903],[32.84162,-18.25895],[32.84187,-18.25881],[32.84212,-18.25861],[32.8423,-18.25845],[32.84238,-18.25839],[32.84245,-18.25836],[32.84258,-18.25833],[32.84277,-18.25827],[32.84291,-18.25818],[32.84303,-18.25803],[32.84314,-18.25773],[32.84321,-18.2575],[32.84326,-18.25728],[32.84327,-18.25711],[32.84325,-18.25697],[32.84319,-18.25686],[32.8431,-18.25674],[32.843,-18.25665],[32.84271,-18.25638],[32.84255,-18.25621],[32.84225,-18.2558],[32.84208,-18.25549],[32.84206,-18.2554],[32.84208,-18.25533],[32.84212,-18.25526],[32.84224,-18.25511],[32.84248,-18.25492],[32.84262,-18.25483],[32.84274,-18.25474],[32.84292,-18.25456],[32.84308,-18.2544],[32.84324,-18.25428],[32.84345,-18.25413],[32.84378,-18.25394],[32.8441,-18.25373],[32.84425,-18.25358],[32.84435,-18.2534],[32.84448,-18.25314],[32.8446,-18.25287],[32.84469,-18.25265],[32.84475,-18.25256],[32.84481,-18.2525],[32.84491,-18.25244],[32.84531,-18.25233],[32.84589,-18.25213],[32.84663,-18.25194],[32.84693,-18.25187],[32.84711,-18.25184],[32.84731,-18.25177],[32.8477,-18.2516],[32.84803,-18.25147],[32.84837,-18.25133],[32.84864,-18.25118],[32.84888,-18.25104],[32.84903,-18.25084],[32.84913,-18.25074],[32.84926,-18.25065],[32.84935,-18.25056],[32.84951,-18.2505],[32.84963,-18.25048],[32.84977,-18.25048],[32.8499,-18.2505],[32.84998,-18.2505],[32.85006,-18.25048],[32.85018,-18.25043],[32.85039,-18.25033],[32.85051,-18.25025],[32.85061,-18.25013],[32.85062,-18.25001],[32.85061,-18.24991],[32.85059,-18.24978],[32.8506,-18.24958],[32.85066,-18.24941],[32.85077,-18.24929],[32.85101,-18.24912],[32.8512,-18.24901],[32.85131,-18.24899],[32.85143,-18.24898],[32.85155,-18.24893],[32.85164,-18.24889],[32.85168,-18.24884],[32.8517,-18.24879],[32.85173,-18.24871],[32.85185,-18.24857],[32.85194,-18.2485],[32.85215,-18.24842],[32.85229,-18.24839],[32.85243,-18.24836],[32.8525,-18.24835],[32.85257,-18.2483],[32.85268,-18.24821],[32.85274,-18.24818],[32.85283,-18.24818],[32.85292,-18.24816],[32.85303,-18.24813],[32.85312,-18.24807],[32.85319,-18.24802],[32.85325,-18.2479],[32.85331,-18.24784],[32.85337,-18.24779],[32.85345,-18.24776],[32.85355,-18.24774],[32.85366,-18.24775],[32.85378,-18.24774],[32.85387,-18.24767],[32.85396,-18.24759],[32.85428,-18.24733],[32.85455,-18.24713],[32.85467,-18.24697],[32.85478,-18.24688],[32.85492,-18.24679],[32.85501,-18.2467],[32.85509,-18.24657],[32.85513,-18.24645],[32.85511,-18.24639],[32.85509,-18.24633],[32.85495,-18.2462],[32.85494,-18.24618],[32.85495,-18.24616],[32.85497,-18.24614],[32.85499,-18.24612],[32.85504,-18.24612],[32.85517,-18.24618],[32.85529,-18.24623],[32.85533,-18.24623],[32.85536,-18.24621],[32.85537,-18.24619],[32.85538,-18.24617],[32.85538,-18.24609],[32.85534,-18.24597],[32.85533,-18.24583],[32.85536,-18.24575],[32.85541,-18.24566],[32.85548,-18.24556],[32.85559,-18.24547],[32.85577,-18.24536],[32.85608,-18.24528],[32.85619,-18.24527],[32.8564,-18.24522],[32.85685,-18.24507],[32.85702,-18.24503],[32.85721,-18.24501],[32.85735,-18.24501],[32.85749,-18.24502],[32.85783,-18.24511],[32.85798,-18.24516],[32.85803,-18.2452],[32.85805,-18.24526],[32.85804,-18.24532],[32.858,-18.24538],[32.8579,-18.24546],[32.85777,-18.24551],[32.85763,-18.24555],[32.85757,-18.24558],[32.85756,-18.24562],[32.85758,-18.24567],[32.8576,-18.24569],[32.85763,-18.24571],[32.85777,-18.24571],[32.85791,-18.24571],[32.85807,-18.24569],[32.85821,-18.24566],[32.85838,-18.24559],[32.85847,-18.24549],[32.85852,-18.24542],[32.85856,-18.24534],[32.85856,-18.24523],[32.85855,-18.24514],[32.85853,-18.24508],[32.85852,-18.24505],[32.85852,-18.24501],[32.85855,-18.24497],[32.85858,-18.24492],[32.85877,-18.24473],[32.85892,-18.24431],[32.85894,-18.24419],[32.85895,-18.24413],[32.85893,-18.24406],[32.85888,-18.24399],[32.8588,-18.24391],[32.85878,-18.24386],[32.85879,-18.24384],[32.8588,-18.24382],[32.85882,-18.24381],[32.85886,-18.24381],[32.85889,-18.24381],[32.85898,-18.24386],[32.85906,-18.24392],[32.85913,-18.24398],[32.85917,-18.24405],[32.85919,-18.24412],[32.85921,-18.2442],[32.8592,-18.24429],[32.85916,-18.24441],[32.85911,-18.24454],[32.85911,-18.24457],[32.85913,-18.2446],[32.85916,-18.24462],[32.8592,-18.24463],[32.85924,-18.24462],[32.85926,-18.2446],[32.85929,-18.24456],[32.85931,-18.2445],[32.85935,-18.24436],[32.85939,-18.2442],[32.8594,-18.24405],[32.85935,-18.24384],[32.85934,-18.24363],[32.85936,-18.24351],[32.8594,-18.24338],[32.85947,-18.24326],[32.85961,-18.24316],[32.85992,-18.24295],[32.86031,-18.24267],[32.86065,-18.24249],[32.86165,-18.24216],[32.86217,-18.24198],[32.86292,-18.24173],[32.86319,-18.24165],[32.86352,-18.24163],[32.86377,-18.24162],[32.86487,-18.24151],[32.86527,-18.24147],[32.8655,-18.24146],[32.86573,-18.24143],[32.86599,-18.24137],[32.86628,-18.24126],[32.86643,-18.2412],[32.86648,-18.2412],[32.86652,-18.24121],[32.86654,-18.24123],[32.86655,-18.24127],[32.86654,-18.2413],[32.86652,-18.24133],[32.86643,-18.24138],[32.86631,-18.24145],[32.86585,-18.24179],[32.86522,-18.24217],[32.86514,-18.24222],[32.86507,-18.24227],[32.86506,-18.24234],[32.86506,-18.24244],[32.86506,-18.24256],[32.86502,-18.24267],[32.86493,-18.24284],[32.86479,-18.24308],[32.86455,-18.24343],[32.86418,-18.24411],[32.86414,-18.24421],[32.86416,-18.24428],[32.86422,-18.24432],[32.86432,-18.24432],[32.86446,-18.24429],[32.86509,-18.244],[32.86518,-18.24396],[32.86527,-18.24394],[32.86537,-18.24393],[32.86549,-18.24394],[32.86561,-18.24392],[32.86577,-18.24388],[32.86603,-18.24378],[32.86612,-18.24374],[32.86623,-18.24372],[32.86635,-18.24371],[32.8668,-18.24372],[32.86687,-18.24373],[32.86693,-18.24376],[32.86698,-18.2438],[32.86703,-18.24397],[32.8671,-18.24413],[32.86714,-18.24421],[32.86719,-18.24426],[32.86726,-18.24427],[32.86738,-18.24426],[32.86764,-18.2442],[32.86772,-18.24419],[32.86779,-18.24419],[32.86792,-18.24422],[32.86819,-18.24436],[32.86897,-18.24481],[32.86902,-18.24485],[32.86909,-18.24491],[32.86926,-18.24511],[32.86929,-18.24517],[32.86931,-18.2452],[32.86934,-18.24522],[32.86938,-18.24523],[32.86942,-18.24524],[32.86946,-18.24524],[32.86951,-18.24523],[32.86965,-18.24515],[32.8698,-18.24509],[32.86984,-18.24508],[32.86988,-18.24509],[32.86996,-18.24515],[32.87005,-18.24522],[32.87028,-18.24548],[32.87085,-18.24606],[32.87106,-18.24626],[32.87136,-18.2466],[32.87168,-18.24701],[32.87207,-18.24756],[32.87228,-18.2479],[32.87253,-18.24831],[32.87281,-18.24889],[32.8729,-18.24913],[32.87294,-18.24932],[32.87297,-18.24952],[32.87306,-18.24974],[32.87312,-18.24988],[32.87317,-18.25],[32.87318,-18.25008],[32.87324,-18.25017],[32.87336,-18.2502],[32.87364,-18.25025],[32.87383,-18.25027],[32.87403,-18.25029],[32.8746,-18.2502],[32.87526,-18.25005],[32.87584,-18.2499],[32.87592,-18.24988],[32.87599,-18.24987],[32.87602,-18.24988],[32.87605,-18.24989],[32.87608,-18.24994],[32.87617,-18.25001],[32.87622,-18.25005],[32.87634,-18.25011],[32.87639,-18.25013],[32.87643,-18.25019],[32.87646,-18.25027],[32.87651,-18.25035],[32.87655,-18.25039],[32.87661,-18.2504],[32.8767,-18.25035],[32.87676,-18.25032],[32.87679,-18.25031],[32.87682,-18.25031]]}},{"type":"Feature","properties":{"kind":"road","name":""},"geometry":{"type":"LineString","coordinates":[[32.60034,-18.09809],[32.60021,-18.09808],[32.60006,-18.09807],[32.59985,-18.09805],[32.59973,-18.09806],[32.59964,-18.09808],[32.59958,-18.09813],[32.59953,-18.09817],[32.59945,-18.09825],[32.59939,-18.09833],[32.59933,-18.09841],[32.59927,-18.09849],[32.59875,-18.09924],[32.59828,-18.09989],[32.598,-18.10028],[32.59769,-18.10076],[32.59731,-18.10135],[32.59696,-18.10178],[32.59688,-18.10187],[32.59683,-18.10195],[32.59676,-18.10201],[32.59678,-18.1021],[32.59711,-18.10281],[32.59721,-18.10296],[32.59751,-18.10324],[32.59768,-18.10341],[32.59776,-18.10356],[32.59789,-18.10399],[32.598,-18.10427],[32.59807,-18.10441],[32.59823,-18.10464],[32.59834,-18.10474],[32.59874,-18.10495],[32.59912,-18.10521],[32.5994,-18.10543],[32.59967,-18.10568],[32.59998,-18.10602],[32.60017,-18.10625],[32.60038,-18.1065],[32.60048,-18.10662],[32.60055,-18.10671],[32.60062,-18.10683],[32.60072,-18.10702],[32.6008,-18.10716],[32.60089,-18.10732],[32.60093,-18.10744],[32.60098,-18.10758],[32.60102,-18.1077],[32.60105,-18.10783],[32.60108,-18.10795],[32.60111,-18.10816],[32.60114,-18.10838],[32.60117,-18.10869],[32.6012,-18.10907],[32.60124,-18.10947],[32.60125,-18.10965],[32.60127,-18.10988],[32.60129,-18.10997],[32.60134,-18.11017],[32.6014,-18.1103],[32.60145,-18.11041],[32.60154,-18.11053],[32.60162,-18.11064],[32.60177,-18.11077],[32.60237,-18.11126],[32.60267,-18.11151],[32.60293,-18.11174],[32.60311,-18.11189],[32.60319,-18.11195],[32.60328,-18.11201],[32.60337,-18.11204],[32.60347,-18.11205],[32.60362,-18.11205],[32.60378,-18.11203],[32.60391,-18.11202],[32.60407,-18.11201],[32.60476,-18.11199],[32.60514,-18.11198],[32.60531,-18.11199],[32.60586,-18.11204],[32.60659,-18.11212],[32.60693,-18.11217],[32.60712,-18.11219],[32.60726,-18.11219],[32.60741,-18.11218],[32.60769,-18.11215],[32.60807,-18.1121],[32.60853,-18.11203],[32.60868,-18.11201],[32.60881,-18.112],[32.60897,-18.11202],[32.60919,-18.11207],[32.60996,-18.1123],[32.61011,-18.11235],[32.61048,-18.1125],[32.61136,-18.11289],[32.61158,-18.11301],[32.61186,-18.11315],[32.61204,-18.11324],[32.61224,-18.11334],[32.61243,-18.11343],[32.61264,-18.11352],[32.61295,-18.11362],[32.61324,-18.11371],[32.61346,-18.11376],[32.61374,-18.11383],[32.61399,-18.11389],[32.61429,-18.11395],[32.61454,-18.11402],[32.61482,-18.11411],[32.61508,-18.11422],[32.61533,-18.11431],[32.61557,-18.11439],[32.61581,-18.1145],[32.61616,-18.11465],[32.61688,-18.11505],[32.61742,-18.11532],[32.61836,-18.11582],[32.61851,-18.1159],[32.61868,-18.11596],[32.61887,-18.116],[32.61918,-18.11604],[32.61951,-18.11609],[32.61993,-18.11618],[32.62045,-18.11626],[32.62112,-18.11638],[32.62143,-18.11642],[32.62162,-18.11644],[32.62183,-18.11646],[32.62201,-18.11644],[32.62217,-18.11642],[32.6225,-18.11631],[32.62268,-18.11623],[32.62278,-18.11618],[32.62287,-18.11615],[32.62306,-18.11612],[32.62325,-18.11609],[32.62339,-18.11608],[32.62369,-18.11607],[32.624,-18.11611],[32.62422,-18.11613],[32.62449,-18.11617],[32.62528,-18.11625],[32.62616,-18.11635],[32.62651,-18.11639],[32.62713,-18.11646],[32.62753,-18.11652],[32.6279,-18.11657],[32.62815,-18.11664],[32.62843,-18.11676],[32.62862,-18.11686],[32.62917,-18.11716],[32.62972,-18.11751],[32.63013,-18.11777],[32.63032,-18.11791],[32.63049,-18.11806],[32.63065,-18.11827],[32.6308,-18.11852],[32.63095,-18.11882],[32.63109,-18.11907],[32.6312,-18.11926],[32.63127,-18.11942],[32.63135,-18.11966],[32.63143,-18.11995],[32.63149,-18.12023],[32.63151,-18.12038],[32.63152,-18.12054],[32.63152,-18.12072],[32.63151,-18.12091],[32.63147,-18.12127],[32.63145,-18.12149],[32.63144,-18.12186],[32.63141,-18.12212],[32.63138,-18.12245],[32.63137,-18.1233],[32.63134,-18.12373],[32.63129,-18.12406],[32.63122,-18.12431],[32.63076,-18.12549],[32.63061,-18.12591],[32.6305,-18.12622],[32.63043,-18.12655],[32.63036,-18.12686],[32.63016,-18.12787],[32.63013,-18.12813],[32.63012,-18.12832],[32.63013,-18.12854],[32.63018,-18.12872],[32.63035,-18.12901],[32.63048,-18.12924],[32.63061,-18.12941],[32.63073,-18.12954],[32.6308,-18.12966],[32.63089,-18.12986],[32.63105,-18.13075],[32.63108,-18.13095],[32.63109,-18.13109],[32.63109,-18.13124],[32.63103,-18.13142],[32.63091,-18.13167],[32.63073,-18.13199],[32.63059,-18.13233],[32.63054,-18.1325],[32.63053,-18.1327],[32.63077,-18.13382],[32.63093,-18.13441],[32.6311,-18.13501],[32.63114,-18.1352],[32.63123,-18.13535],[32.63134,-18.13554],[32.63153,-18.13578],[32.63174,-18.13605],[32.63187,-18.13623],[32.63198,-18.13638],[32.63206,-18.13653],[32.63212,-18.13674],[32.63229,-18.13773],[32.63235,-18.13791],[32.63244,-18.13804],[32.63258,-18.13814],[32.63285,-18.1383],[32.63309,-18.13844],[32.63323,-18.13854],[32.63335,-18.13867],[32.63348,-18.13894],[32.63358,-18.1392],[32.63367,-18.13951],[32.63367,-18.13986],[32.63368,-18.14019],[32.63366,-18.1405],[32.6336,-18.14106],[32.63359,-18.14141],[32.63361,-18.14174],[32.63367,-18.1422],[32.63371,-18.14244],[32.63379,-18.1427],[32.63389,-18.14284],[32.63405,-18.14294],[32.63422,-18.14306],[32.63445,-18.14322],[32.63464,-18.14339],[32.63486,-18.14359],[32.63501,-18.14375],[32.63516,-18.14401],[32.63525,-18.14421],[32.63551,-18.14491],[32.6355,-18.14567],[32.63551,-18.14582],[32.63553,-18.14601],[32.63561,-18.14619],[32.6357,-18.14643],[32.63581,-18.14669],[32.63595,-18.14699],[32.63615,-18.14737],[32.63628,-18.14763],[32.63638,-18.14788],[32.63642,-18.14812],[32.63642,-18.14838],[32.63645,-18.14853],[32.6365,-18.14875],[32.63656,-18.14888],[32.63671,-18.14896],[32.63698,-18.14906],[32.63748,-18.14921],[32.63774,-18.14931],[32.638,-18.14938],[32.63903,-18.14962],[32.64117,-18.15015],[32.64236,-18.15055],[32.64384,-18.1511],[32.64486,-18.15152],[32.64536,-18.15169],[32.64597,-18.15187],[32.64702,-18.15218],[32.64903,-18.15276],[32.6496,-18.15293],[32.64988,-18.15296],[32.65012,-18.15297],[32.65048,-18.15297],[32.65224,-18.15286],[32.65287,-18.15281],[32.65336,-18.15276],[32.65366,-18.15269],[32.65393,-18.15265],[32.65415,-18.15266],[32.65439,-18.1527],[32.65469,-18.15278],[32.65485,-18.15285],[32.65498,-18.15296],[32.65519,-18.1532],[32.65525,-18.15334],[32.65526,-18.1535],[32.65521,-18.15405],[32.6551,-18.15513],[32.65496,-18.15645],[32.65485,-18.15737],[32.6548,-18.1577],[32.6548,-18.15791],[32.65482,-18.15804],[32.65486,-18.15818],[32.65497,-18.15828],[32.65516,-18.15838],[32.65541,-18.15847],[32.65654,-18.15875],[32.6583,-18.15915],[32.65881,-18.15928],[32.65912,-18.15934],[32.65928,-18.15936],[32.65944,-18.15938],[32.65973,-18.15936],[32.66026,-18.15929],[32.66084,-18.15919],[32.66109,-18.15912],[32.66137,-18.15901],[32.66162,-18.15892],[32.66179,-18.15889],[32.66192,-18.15893],[32.66246,-18.15914],[32.66266,-18.1592],[32.66279,-18.15917],[32.66289,-18.15914],[32.66299,-18.15909],[32.66308,-18.15905],[32.66316,-18.15907],[32.66321,-18.15915],[32.66329,-18.15921],[32.6634,-18.15927],[32.66351,-18.15932],[32.66367,-18.1594],[32.66384,-18.15947],[32.66397,-18.15953],[32.66411,-18.15958],[32.66427,-18.15958],[32.66454,-18.15957],[32.66487,-18.15954],[32.66514,-18.15948],[32.66533,-18.15943],[32.66552,-18.15937],[32.6662,-18.15905],[32.66742,-18.15843],[32.66774,-18.15824],[32.66798,-18.1581],[32.66815,-18.15797],[32.66844,-18.15775],[32.66867,-18.15758],[32.66884,-18.15743],[32.66905,-18.15726],[32.66926,-18.15711],[32.67126,-18.15629],[32.6719,-18.15604],[32.67212,-18.15596],[32.67231,-18.15586],[32.6725,-18.15569],[32.67283,-18.15539],[32.67316,-18.1551],[32.67332,-18.15492],[32.67346,-18.15475],[32.67357,-18.15464],[32.67388,-18.15427],[32.67401,-18.15414],[32.67419,-18.15402],[32.67434,-18.15392],[32.67461,-18.15384],[32.67491,-18.1538],[32.67517,-18.15381],[32.67555,-18.15377],[32.67591,-18.15372],[32.67627,-18.15365],[32.67653,-18.15356],[32.67671,-18.15346],[32.67691,-18.15332],[32.6771,-18.15312],[32.67748,-18.15284],[32.67763,-18.15272],[32.67777,-18.15265],[32.67796,-18.15265],[32.67818,-18.15273],[32.67842,-18.15282],[32.67859,-18.15289],[32.6787,-18.15297],[32.6788,-18.15309],[32.67894,-18.1533],[32.67913,-18.15358],[32.67927,-18.1538],[32.67939,-18.15398],[32.67949,-18.15409],[32.67962,-18.15416],[32.67976,-18.15417],[32.6799,-18.15412],[32.68016,-18.15398],[32.6818,-18.15311],[32.68193,-18.15303],[32.68205,-18.15294],[32.68215,-18.15281],[32.68223,-18.15266],[32.68241,-18.15226],[32.68248,-18.15216],[32.68259,-18.15209],[32.68268,-18.15207],[32.68272,-18.15206],[32.68289,-18.15202],[32.68308,-18.15199],[32.68321,-18.15196],[32.68333,-18.1519],[32.68443,-18.1513],[32.68492,-18.15107],[32.68513,-18.15097],[32.6853,-18.15089],[32.68553,-18.15072],[32.68572,-18.15057],[32.68599,-18.15038],[32.68635,-18.15013],[32.68678,-18.14987],[32.68721,-18.14972],[32.68753,-18.1496],[32.68775,-18.14947],[32.68792,-18.14935],[32.68812,-18.14924],[32.68834,-18.14914],[32.68871,-18.14903],[32.68905,-18.14894],[32.68944,-18.14887],[32.69013,-18.1488],[32.6904,-18.14878],[32.69077,-18.14874],[32.6912,-18.14873],[32.69148,-18.14873],[32.69176,-18.14873],[32.69207,-18.1487],[32.69327,-18.14855],[32.69415,-18.14845],[32.69457,-18.14839],[32.69504,-18.14834],[32.69545,-18.1483],[32.69578,-18.14832],[32.69669,-18.14838],[32.69697,-18.1484],[32.6972,-18.1484],[32.69738,-18.14838],[32.69754,-18.14833],[32.69767,-18.14833],[32.69777,-18.14842],[32.69904,-18.14994],[32.69926,-18.15019],[32.69942,-18.15037],[32.69957,-18.15062],[32.69975,-18.15094],[32.69986,-18.15113],[32.70007,-18.15152],[32.70043,-18.15215],[32.70087,-18.15307],[32.7011,-18.15408],[32.70127,-18.15719],[32.70132,-18.15754],[32.70148,-18.15778],[32.70165,-18.15785],[32.70177,-18.15787],[32.70189,-18.1579],[32.70216,-18.15791],[32.70256,-18.15795],[32.70269,-18.15801],[32.70324,-18.15846],[32.7047,-18.15956],[32.70631,-18.16127],[32.7068,-18.16176],[32.70702,-18.16188],[32.70737,-18.16195],[32.70821,-18.16203],[32.70956,-18.16213],[32.71007,-18.16218],[32.71064,-18.16236],[32.71123,-18.16273],[32.71138,-18.16288],[32.71158,-18.16318],[32.71233,-18.16405],[32.71262,-18.16438],[32.71275,-18.16459],[32.71291,-18.16495],[32.71328,-18.16649],[32.71346,-18.16684]]}},{"type":"Feature","properties":{"kind":"road","name":""},"geometry":{"type":"LineString","coordinates":[[32.60068,-18.09812],[32.60123,-18.09817],[32.60151,-18.0982],[32.60167,-18.0982],[32.60191,-18.09821],[32.60201,-18.09822],[32.60214,-18.0982],[32.60223,-18.09817],[32.60238,-18.0981],[32.6025,-18.09806],[32.6026,-18.09802],[32.60288,-18.09791],[32.60304,-18.09784],[32.60321,-18.09776],[32.60331,-18.09771],[32.60345,-18.09766],[32.60384,-18.09751],[32.60403,-18.09742],[32.60432,-18.0973],[32.60453,-18.09723],[32.60472,-18.09715],[32.60489,-18.09709],[32.60511,-18.097],[32.60534,-18.09691],[32.60601,-18.09664],[32.60685,-18.09627],[32.60705,-18.09616],[32.60803,-18.09568],[32.60835,-18.0955],[32.60874,-18.09529],[32.60937,-18.09493],[32.60971,-18.09474],[32.61012,-18.09451],[32.6104,-18.09435],[32.61061,-18.09422],[32.61085,-18.09406],[32.61098,-18.09399],[32.61143,-18.09367],[32.61162,-18.09351],[32.61183,-18.09334],[32.61204,-18.09317],[32.61247,-18.09273],[32.61272,-18.09244],[32.6131,-18.09196],[32.61336,-18.09173],[32.61384,-18.09147],[32.61437,-18.09118],[32.61482,-18.09088],[32.61562,-18.09036],[32.61629,-18.08993],[32.61663,-18.08971],[32.6171,-18.08943],[32.61742,-18.08924],[32.61781,-18.08903],[32.61817,-18.08888],[32.61839,-18.08879],[32.61857,-18.08875],[32.61894,-18.08869],[32.61917,-18.08865],[32.61935,-18.08861],[32.61966,-18.08846],[32.6198,-18.08836],[32.61991,-18.08828],[32.62,-18.08819],[32.62007,-18.0881],[32.62021,-18.08789],[32.6203,-18.08763],[32.62042,-18.08712],[32.62049,-18.0868],[32.62068,-18.08595],[32.62081,-18.08549],[32.62086,-18.08531],[32.6209,-18.08522],[32.62102,-18.08484],[32.62121,-18.08422],[32.62134,-18.08369],[32.62141,-18.08341],[32.62148,-18.08317],[32.62158,-18.08285],[32.62167,-18.08258],[32.62175,-18.08233],[32.62188,-18.082],[32.62197,-18.0818],[32.62205,-18.08154],[32.62213,-18.08136],[32.6222,-18.08117],[32.62236,-18.08084],[32.62248,-18.08063],[32.62257,-18.08048],[32.62275,-18.08022],[32.6229,-18.08005],[32.62315,-18.07979],[32.62345,-18.07949],[32.6237,-18.0792],[32.62382,-18.07906],[32.62415,-18.07862],[32.62432,-18.07839],[32.62461,-18.07799],[32.62474,-18.07778],[32.62484,-18.07756],[32.62495,-18.07739],[32.62503,-18.07726],[32.62512,-18.07717],[32.62522,-18.07708],[32.62551,-18.07683],[32.62569,-18.07671],[32.62601,-18.07642],[32.62618,-18.07627],[32.62642,-18.07604],[32.62652,-18.07592],[32.62666,-18.07569],[32.62679,-18.07546],[32.62694,-18.07519],[32.62703,-18.07501],[32.62711,-18.07485],[32.62721,-18.07471],[32.62729,-18.07455],[32.62737,-18.07439],[32.62741,-18.0743],[32.62746,-18.07421],[32.62751,-18.07415],[32.62758,-18.07409],[32.62763,-18.07406],[32.62769,-18.07402],[32.62792,-18.07393],[32.62817,-18.07384],[32.62835,-18.07374],[32.62845,-18.0737],[32.62863,-18.07362],[32.62883,-18.07353],[32.62903,-18.07346],[32.62917,-18.0734],[32.62939,-18.07333],[32.62952,-18.07327],[32.62966,-18.07321],[32.62981,-18.07312],[32.63001,-18.07297],[32.6302,-18.07281],[32.63032,-18.0727],[32.63042,-18.07264],[32.6305,-18.07259],[32.63066,-18.07249],[32.6308,-18.0724],[32.63091,-18.07234],[32.631,-18.07226],[32.63115,-18.0721],[32.63125,-18.07195],[32.63141,-18.07177],[32.63152,-18.0716],[32.63167,-18.07141],[32.63174,-18.07131],[32.63181,-18.07121],[32.63189,-18.07109],[32.63197,-18.07095],[32.63204,-18.07081],[32.63252,-18.06994],[32.63264,-18.06971],[32.63276,-18.0695],[32.63284,-18.06925],[32.63288,-18.06903],[32.6329,-18.06857],[32.63288,-18.06796],[32.63287,-18.06722],[32.63285,-18.06653],[32.63283,-18.06632]]}},{"type":"Feature","properties":{"kind":"road","name":"Access Road to Pungwe Drift Cottages"},"geometry":{"type":"LineString","coordinates":[[32.77714,-18.40749],[32.77726,-18.40753],[32.77738,-18.40757]]}},{"type":"Feature","properties":{"kind":"track","name":"Access road to Lake Gulliver"},"geometry":{"type":"LineString","coordinates":[[32.77918,-18.29678],[32.78001,-18.29645],[32.7808,-18.2959],[32.78103,-18.2956],[32.78148,-18.29448],[32.78171,-18.29404],[32.78189,-18.29373],[32.7821,-18.29357],[32.78231,-18.29356],[32.78253,-18.29379],[32.78304,-18.29467],[32.78319,-18.29472],[32.78339,-18.29466],[32.78367,-18.29446],[32.78412,-18.29423],[32.78495,-18.29391],[32.78522,-18.29375],[32.78552,-18.29339],[32.78554,-18.29315],[32.78547,-18.29284]]}},{"type":"Feature","properties":{"kind":"road","name":""},"geometry":{"type":"LineString","coordinates":[[32.9245,-18.1795],[32.92452,-18.1796],[32.92485,-18.1801],[32.92503,-18.18038],[32.92513,-18.18082],[32.92513,-18.18124],[32.92507,-18.18155],[32.92503,-18.18165],[32.92498,-18.18167],[32.92491,-18.18165],[32.92486,-18.18156],[32.92439,-18.18051],[32.92409,-18.18027],[32.92372,-18.18029],[32.92354,-18.18031],[32.92336,-18.18035],[32.92321,-18.18043],[32.92318,-18.18052],[32.92322,-18.18102],[32.92325,-18.18113],[32.92329,-18.18124],[32.9233,-18.18136],[32.92327,-18.18143],[32.92316,-18.18146],[32.9231,-18.18141],[32.92281,-18.18095],[32.92247,-18.18047],[32.92238,-18.18042],[32.92221,-18.18041],[32.92209,-18.18042],[32.92189,-18.18047],[32.92166,-18.18062],[32.92133,-18.18105],[32.92104,-18.18136],[32.92015,-18.182],[32.91967,-18.1823],[32.91886,-18.18264],[32.91785,-18.18331],[32.91735,-18.18369],[32.91685,-18.18421],[32.91654,-18.1846],[32.91633,-18.18491],[32.9162,-18.18511],[32.91598,-18.18532],[32.91565,-18.18554],[32.91534,-18.18573],[32.91519,-18.18583],[32.91512,-18.18598],[32.91506,-18.18623],[32.91506,-18.18657],[32.91505,-18.1869],[32.91496,-18.18707],[32.91484,-18.18718],[32.91467,-18.18729],[32.91438,-18.18736],[32.91415,-18.18734],[32.91396,-18.18726],[32.91372,-18.18725],[32.91282,-18.18731],[32.91266,-18.18737],[32.91256,-18.18743],[32.91238,-18.18744],[32.91212,-18.18741],[32.91114,-18.18713],[32.91063,-18.18707],[32.91026,-18.18695],[32.91006,-18.18681],[32.90979,-18.1865],[32.9096,-18.18635],[32.90949,-18.18626],[32.90933,-18.18595],[32.90925,-18.18568],[32.90925,-18.18544],[32.90929,-18.18522],[32.90932,-18.18503],[32.90947,-18.18483],[32.90956,-18.18473],[32.90969,-18.1846],[32.90969,-18.18447],[32.90964,-18.18442],[32.90944,-18.1844],[32.90924,-18.18438],[32.90904,-18.18441],[32.90863,-18.1846],[32.9082,-18.18495],[32.90801,-18.18517],[32.90771,-18.18577],[32.90764,-18.18589],[32.90759,-18.186],[32.90762,-18.18615],[32.90771,-18.18634],[32.90776,-18.18645],[32.90774,-18.1865],[32.90766,-18.18653],[32.90753,-18.1865],[32.90739,-18.18644],[32.90719,-18.18634],[32.90702,-18.18634],[32.90677,-18.18653],[32.90659,-18.18657],[32.90624,-18.18648],[32.9058,-18.18626],[32.90547,-18.18593],[32.9054,-18.18566],[32.90539,-18.18533],[32.90543,-18.18504],[32.9055,-18.18482],[32.90552,-18.18476],[32.90548,-18.18472],[32.9054,-18.18475],[32.90455,-18.18567],[32.90445,-18.18584],[32.9042,-18.18606],[32.90401,-18.18617],[32.90384,-18.18624],[32.90377,-18.18632],[32.90371,-18.18648],[32.90372,-18.18669],[32.90369,-18.18697],[32.90362,-18.18728],[32.90345,-18.18759],[32.90321,-18.18787],[32.9029,-18.18811],[32.90256,-18.18831],[32.90233,-18.18842],[32.90212,-18.1885],[32.90152,-18.18853],[32.90038,-18.18849],[32.89951,-18.18859],[32.89902,-18.18868],[32.89872,-18.18886],[32.8985,-18.18899],[32.89827,-18.1891],[32.89811,-18.18914],[32.89777,-18.18916],[32.89761,-18.18918],[32.89745,-18.18919],[32.89736,-18.18917],[32.89726,-18.18907],[32.89725,-18.18901],[32.89727,-18.18888],[32.89732,-18.18843],[32.89732,-18.18825],[32.8974,-18.18793],[32.89744,-18.18788],[32.89799,-18.18758],[32.89827,-18.18756],[32.89855,-18.18747],[32.89882,-18.18738],[32.89894,-18.18731],[32.89897,-18.18724],[32.89891,-18.1871],[32.89869,-18.18687],[32.89863,-18.18661],[32.89859,-18.18635],[32.89844,-18.18598],[32.89838,-18.1857],[32.89841,-18.18548],[32.89847,-18.18523],[32.89847,-18.18517],[32.89841,-18.18508],[32.89827,-18.18504],[32.89799,-18.18512],[32.89778,-18.18517],[32.89763,-18.18519],[32.89754,-18.18519],[32.8975,-18.1851],[32.89758,-18.18485],[32.89771,-18.18461],[32.89781,-18.18447],[32.89787,-18.18437],[32.89785,-18.18425],[32.89778,-18.18418],[32.89756,-18.18412],[32.89741,-18.18416],[32.89728,-18.18422],[32.89717,-18.18432],[32.89709,-18.18443],[32.89694,-18.18452],[32.89688,-18.18449],[32.89688,-18.18441],[32.89689,-18.18423],[32.89681,-18.18412]]}},{"type":"Feature","properties":{"kind":"road","name":""},"geometry":{"type":"LineString","coordinates":[[32.68241,-18.29018],[32.68243,-18.29015],[32.68246,-18.29012],[32.68249,-18.29008],[32.68248,-18.29006],[32.68246,-18.29003],[32.68244,-18.29001],[32.68234,-18.28995],[32.68222,-18.28985],[32.68217,-18.28978],[32.68219,-18.2897],[32.68223,-18.28965],[32.68235,-18.28954],[32.68242,-18.28945],[32.68245,-18.28938],[32.68244,-18.28931],[32.6823,-18.28917],[32.68207,-18.2888],[32.68197,-18.28863],[32.68179,-18.28822],[32.6816,-18.28775],[32.68145,-18.28728],[32.68139,-18.28697],[32.68129,-18.28653],[32.68119,-18.28586],[32.68108,-18.28529],[32.6811,-18.28521],[32.68114,-18.28512],[32.68116,-18.28501],[32.68118,-18.28487],[32.68121,-18.28483],[32.68136,-18.28465]]}},{"type":"Feature","properties":{"kind":"road","name":""},"geometry":{"type":"LineString","coordinates":[[32.72364,-18.28117],[32.72369,-18.28136],[32.72373,-18.28153],[32.72376,-18.28177],[32.72377,-18.28194],[32.72377,-18.28215],[32.72379,-18.28279],[32.72379,-18.28319],[32.72379,-18.28338],[32.72381,-18.28355],[32.72383,-18.28385],[32.72384,-18.28404],[32.72385,-18.28423],[32.72384,-18.28449],[32.72381,-18.28472],[32.72378,-18.28491],[32.72376,-18.28505],[32.72371,-18.28523],[32.72365,-18.28542],[32.72359,-18.28563],[32.72353,-18.28585],[32.72342,-18.28627],[32.72337,-18.2865],[32.72333,-18.28683]]}},{"type":"Feature","properties":{"kind":"road","name":""},"geometry":{"type":"LineString","coordinates":[[32.89875,-18.26553],[32.89882,-18.26564],[32.89889,-18.2658],[32.89899,-18.26605],[32.89908,-18.26633],[32.89923,-18.26667],[32.89929,-18.2668],[32.89931,-18.26686],[32.8993,-18.26692],[32.89927,-18.26696],[32.89918,-18.26702],[32.89908,-18.26709],[32.89897,-18.26718],[32.89882,-18.26732],[32.89871,-18.26743],[32.89863,-18.26751],[32.8986,-18.26758],[32.89859,-18.26766],[32.8987,-18.26796],[32.89876,-18.26813],[32.89876,-18.2682],[32.89874,-18.26827],[32.89869,-18.26834],[32.89862,-18.26841],[32.89856,-18.26846],[32.89851,-18.26854],[32.89849,-18.26861],[32.8985,-18.26879],[32.89856,-18.26907],[32.89861,-18.26928],[32.89866,-18.26938],[32.89871,-18.26945],[32.8988,-18.2695],[32.89892,-18.26957],[32.9001,-18.27017],[32.90029,-18.27028],[32.90037,-18.27037],[32.9004,-18.27043],[32.9004,-18.27051],[32.90042,-18.27063],[32.90043,-18.27074],[32.90055,-18.2709],[32.90099,-18.27133],[32.90109,-18.27146],[32.90118,-18.2715],[32.90129,-18.2715],[32.90139,-18.27149],[32.90148,-18.27147],[32.9016,-18.27145],[32.9017,-18.27142],[32.9018,-18.27141],[32.90212,-18.27149],[32.90259,-18.27158],[32.90277,-18.27165]]}},{"type":"Feature","properties":{"kind":"road","name":"Church Road"},"geometry":{"type":"LineString","coordinates":[[32.89646,-18.18414],[32.89624,-18.18442],[32.896,-18.18455],[32.8957,-18.18477],[32.89552,-18.18487],[32.89507,-18.18489],[32.89463,-18.18484],[32.8945,-18.18478],[32.8945,-18.18469],[32.89461,-18.18469],[32.89492,-18.18467],[32.89544,-18.18453],[32.8957,-18.18427],[32.89571,-18.18409],[32.89553,-18.18364],[32.89551,-18.18337],[32.89542,-18.18335],[32.89518,-18.18362],[32.89503,-18.18373],[32.89491,-18.18371],[32.89492,-18.18352],[32.89518,-18.18289],[32.89572,-18.18245],[32.89596,-18.18202],[32.89615,-18.18125],[32.89608,-18.18076],[32.89573,-18.1804],[32.89548,-18.18],[32.89558,-18.17877],[32.89548,-18.17795],[32.89537,-18.17763],[32.89507,-18.17746],[32.89458,-18.17738],[32.89342,-18.17764],[32.89238,-18.17795],[32.89139,-18.17808],[32.88987,-18.17781],[32.88934,-18.17758],[32.88886,-18.17714],[32.88872,-18.17685],[32.88874,-18.17534],[32.88902,-18.17458],[32.88895,-18.17422],[32.88905,-18.1741],[32.88926,-18.17426],[32.8899,-18.17424],[32.89032,-18.17394],[32.89054,-18.17367],[32.89063,-18.17326],[32.89048,-18.17273],[32.89,-18.17225],[32.88994,-18.1721],[32.89004,-18.172],[32.89077,-18.17179],[32.89082,-18.17171],[32.89064,-18.17163],[32.8904,-18.17157],[32.88947,-18.1704],[32.88942,-18.17014],[32.8895,-18.16981],[32.88967,-18.16955],[32.89036,-18.16904],[32.89052,-18.16883],[32.89054,-18.16842],[32.89073,-18.16789],[32.89119,-18.16694],[32.89128,-18.1664],[32.89151,-18.16516],[32.89165,-18.16477],[32.89175,-18.1641],[32.89181,-18.16293],[32.89188,-18.1623],[32.8917,-18.16129],[32.89153,-18.16068],[32.8913,-18.16038],[32.8912,-18.16034],[32.89106,-18.16033],[32.89066,-18.16046],[32.88955,-18.16115],[32.88865,-18.16173],[32.88835,-18.16185],[32.88814,-18.16188],[32.88792,-18.16185],[32.88769,-18.1617],[32.88747,-18.16139],[32.88739,-18.16111],[32.88729,-18.16033],[32.8872,-18.16012],[32.88704,-18.15996],[32.88697,-18.15992],[32.88688,-18.1599],[32.88665,-18.1599],[32.8866,-18.15987],[32.88659,-18.15982],[32.88664,-18.1597],[32.88719,-18.15887],[32.88725,-18.15871],[32.8873,-18.15854],[32.88735,-18.15837],[32.88737,-18.15822],[32.88736,-18.158],[32.88727,-18.15783],[32.88702,-18.15758],[32.88669,-18.15753],[32.8863,-18.15765],[32.88605,-18.15765],[32.88589,-18.15761],[32.88578,-18.15751],[32.8855,-18.1572],[32.8854,-18.15717],[32.8853,-18.15716],[32.88494,-18.15716],[32.88466,-18.15707],[32.88454,-18.15686],[32.88373,-18.155],[32.88334,-18.15438],[32.88315,-18.15395],[32.88299,-18.15344],[32.88289,-18.15333],[32.88275,-18.15326],[32.88258,-18.15319],[32.88238,-18.15314],[32.88214,-18.15314],[32.88177,-18.15329],[32.88164,-18.15332],[32.8815,-18.15333],[32.88138,-18.15329],[32.88128,-18.15321],[32.88066,-18.15257],[32.88054,-18.15251],[32.88039,-18.1525],[32.87928,-18.15301],[32.87912,-18.15306],[32.87895,-18.1531],[32.87856,-18.15313],[32.87818,-18.15313],[32.87767,-18.15315],[32.87719,-18.15315],[32.87703,-18.15319],[32.87689,-18.15326],[32.87639,-18.15356],[32.87585,-18.15385],[32.87541,-18.15408],[32.87465,-18.15433],[32.8745,-18.15443],[32.8743,-18.15464],[32.87422,-18.15471],[32.87412,-18.15471],[32.87404,-18.15467],[32.87398,-18.15452],[32.87391,-18.15426],[32.87377,-18.15404],[32.87357,-18.1539],[32.87335,-18.15389],[32.87321,-18.15396],[32.87283,-18.15428],[32.87236,-18.1547],[32.87225,-18.1549],[32.87222,-18.15507],[32.87215,-18.15524],[32.87202,-18.15536],[32.8719,-18.15552],[32.87184,-18.15569],[32.87171,-18.15595],[32.87128,-18.15622],[32.87119,-18.15616],[32.87117,-18.1561],[32.87116,-18.15582],[32.87102,-18.15537],[32.87036,-18.15476],[32.87019,-18.1543],[32.86988,-18.15373],[32.86957,-18.15338],[32.86885,-18.15285],[32.8684,-18.15269],[32.86801,-18.15273],[32.86766,-18.15285],[32.86736,-18.15301],[32.86711,-18.15322],[32.86673,-18.15354],[32.86655,-18.15378],[32.86643,-18.15396],[32.8663,-18.1541],[32.86612,-18.15418],[32.86589,-18.15419],[32.86532,-18.1538],[32.86469,-18.15359],[32.86245,-18.15205],[32.86176,-18.15161],[32.86114,-18.15156],[32.85997,-18.1511],[32.85895,-18.15102],[32.85824,-18.1511],[32.85771,-18.15129],[32.85736,-18.15134],[32.85707,-18.15128],[32.85694,-18.15114],[32.85684,-18.15074],[32.85695,-18.15038],[32.85693,-18.15024],[32.85686,-18.15013],[32.85659,-18.15009],[32.85615,-18.15006],[32.85579,-18.14998],[32.85555,-18.14986],[32.85537,-18.1497],[32.8544,-18.14897],[32.85296,-18.14798],[32.85273,-18.14795],[32.85245,-18.14796],[32.85198,-18.14818],[32.85064,-18.14892],[32.85044,-18.14907],[32.85026,-18.14925],[32.84998,-18.14962],[32.84979,-18.14991],[32.84965,-18.15023],[32.84952,-18.15089],[32.84948,-18.15151],[32.84953,-18.15195],[32.84966,-18.15234],[32.84972,-18.1525],[32.84974,-18.15258],[32.84973,-18.15268],[32.84959,-18.15283],[32.8493,-18.15312],[32.84912,-18.15327],[32.84902,-18.15338],[32.84886,-18.15346],[32.84813,-18.15351],[32.84748,-18.15375],[32.84701,-18.15411],[32.84688,-18.15431],[32.8468,-18.15458],[32.84674,-18.15487],[32.84676,-18.15517],[32.84706,-18.15602],[32.84711,-18.15617],[32.8471,-18.15629],[32.84699,-18.15643],[32.84676,-18.15658],[32.84658,-18.15679],[32.84628,-18.15716],[32.84603,-18.15759],[32.84591,-18.15799],[32.84519,-18.1592],[32.84511,-18.15938],[32.84506,-18.15957],[32.84507,-18.15988],[32.84516,-18.16019],[32.84523,-18.16046],[32.84516,-18.16065],[32.84505,-18.1608],[32.845,-18.16087],[32.8449,-18.16093],[32.84471,-18.16101],[32.84455,-18.1612],[32.84444,-18.16144],[32.84437,-18.1618],[32.84442,-18.16202],[32.84449,-18.16224],[32.84487,-18.16291],[32.84521,-18.1633],[32.84542,-18.16376],[32.84549,-18.16403],[32.84545,-18.16427],[32.84536,-18.16433],[32.84522,-18.1644],[32.84498,-18.16442],[32.84479,-18.16449],[32.84466,-18.16461],[32.84457,-18.16473],[32.84445,-18.16501],[32.84438,-18.16532],[32.84429,-18.16597],[32.84421,-18.16662],[32.84426,-18.16701],[32.84436,-18.16734],[32.84476,-18.168],[32.84502,-18.16823],[32.84532,-18.16844],[32.84539,-18.16852],[32.84543,-18.16862],[32.8454,-18.16875],[32.84535,-18.16888],[32.84518,-18.16963],[32.8451,-18.16996],[32.84509,-18.1703],[32.84509,-18.17092],[32.84539,-18.17137],[32.84542,-18.17148],[32.8454,-18.17154],[32.84535,-18.17159],[32.84505,-18.1717],[32.84489,-18.17182],[32.84476,-18.17198],[32.84453,-18.17235],[32.84422,-18.17281],[32.84388,-18.17314],[32.84371,-18.17332],[32.84364,-18.17348],[32.84363,-18.17349],[32.84355,-18.1736],[32.84345,-18.17359],[32.84315,-18.17326],[32.84259,-18.17295],[32.84237,-18.17289],[32.84211,-18.17286],[32.84112,-18.17293],[32.84078,-18.17296],[32.8404,-18.17293],[32.84014,-18.17254],[32.83994,-18.17237],[32.83963,-18.17223],[32.83932,-18.17218],[32.83861,-18.17233],[32.83764,-18.17252],[32.83632,-18.17311],[32.83616,-18.17324],[32.83602,-18.17343],[32.83578,-18.17384],[32.83571,-18.17429],[32.83559,-18.17452],[32.83539,-18.17472],[32.83518,-18.17489],[32.83502,-18.17513],[32.83481,-18.17537],[32.83441,-18.17571],[32.83425,-18.17578],[32.8341,-18.17578],[32.83382,-18.17582],[32.83319,-18.17573],[32.83261,-18.17562],[32.83204,-18.17552],[32.83158,-18.17535],[32.83115,-18.17497],[32.83053,-18.17457],[32.83023,-18.17451],[32.82996,-18.17461],[32.82917,-18.17569],[32.82888,-18.17598],[32.82859,-18.17629],[32.82811,-18.1766],[32.82731,-18.17697],[32.82653,-18.17723],[32.82619,-18.17728],[32.82589,-18.17723],[32.82566,-18.17697],[32.82533,-18.17651],[32.82492,-18.17637],[32.82249,-18.17652],[32.82212,-18.17668],[32.82178,-18.17689],[32.82106,-18.17775],[32.82074,-18.17802],[32.82061,-18.17803],[32.82051,-18.178],[32.82034,-18.1779],[32.82011,-18.17758],[32.81994,-18.17695],[32.81962,-18.17643],[32.81946,-18.17623],[32.81884,-18.17581],[32.81857,-18.17569],[32.8182,-18.17584],[32.81773,-18.17582],[32.81704,-18.17668],[32.81633,-18.17726],[32.8155,-18.17765],[32.81386,-18.17793],[32.81304,-18.17804]]}},{"type":"Feature","properties":{"kind":"road","name":""},"geometry":{"type":"LineString","coordinates":[[32.89681,-18.18412],[32.89672,-18.18407],[32.89665,-18.18408],[32.89658,-18.18409],[32.89651,-18.18411],[32.89646,-18.18414]]}},{"type":"Feature","properties":{"kind":"road","name":""},"geometry":{"type":"LineString","coordinates":[[32.68913,-18.33995],[32.68912,-18.33977],[32.68912,-18.33961],[32.68915,-18.3394],[32.68927,-18.3392],[32.68951,-18.33884],[32.68977,-18.33852],[32.68996,-18.33829],[32.69016,-18.33814],[32.69027,-18.33808],[32.69055,-18.33799],[32.69082,-18.33793],[32.69112,-18.33784],[32.69141,-18.33774],[32.69199,-18.33752],[32.69212,-18.33743],[32.6923,-18.33729],[32.69249,-18.33709],[32.69266,-18.33675],[32.69276,-18.33639],[32.69279,-18.33631],[32.69283,-18.33624],[32.69328,-18.33579],[32.6936,-18.33545],[32.69366,-18.3354],[32.69372,-18.33537],[32.69428,-18.33505],[32.69517,-18.33452],[32.69654,-18.33365],[32.69721,-18.33325],[32.69752,-18.33304],[32.69762,-18.33297],[32.69768,-18.33292],[32.69773,-18.33284],[32.69781,-18.33267],[32.69792,-18.33226],[32.698,-18.33199],[32.69811,-18.3318],[32.69825,-18.33161],[32.69831,-18.33157],[32.69839,-18.33156],[32.69848,-18.33156],[32.69864,-18.33163],[32.6989,-18.33174],[32.69914,-18.33178],[32.69948,-18.3318],[32.69993,-18.33179],[32.70019,-18.33177],[32.70051,-18.33171],[32.70079,-18.33162],[32.70111,-18.33151],[32.70173,-18.33126],[32.70182,-18.3312],[32.70189,-18.33111],[32.70194,-18.33104],[32.70197,-18.33093],[32.70195,-18.33081],[32.70193,-18.33061],[32.70186,-18.33044],[32.70169,-18.32986],[32.70157,-18.32944],[32.70156,-18.3293],[32.70155,-18.32913],[32.70156,-18.3289],[32.70161,-18.32862],[32.70164,-18.32848],[32.70168,-18.32835],[32.70174,-18.32815],[32.7018,-18.32786],[32.70192,-18.32735],[32.70201,-18.327],[32.70203,-18.32687],[32.70202,-18.32683],[32.70198,-18.32679],[32.70176,-18.3266],[32.7017,-18.32652],[32.70167,-18.32643],[32.70156,-18.32606],[32.70145,-18.32573],[32.70136,-18.32549],[32.70126,-18.32529],[32.70111,-18.32495],[32.70108,-18.32484],[32.70107,-18.32472],[32.7011,-18.3246],[32.70131,-18.32428],[32.70153,-18.32397],[32.70169,-18.32381],[32.70187,-18.32367],[32.7022,-18.32338],[32.70225,-18.32333],[32.70247,-18.32316],[32.7026,-18.323],[32.70265,-18.32292],[32.70255,-18.32273],[32.70234,-18.32247],[32.70215,-18.32223],[32.70191,-18.32188],[32.70166,-18.32143],[32.70152,-18.32128],[32.70141,-18.32112],[32.70137,-18.32104],[32.70133,-18.32093],[32.70132,-18.32066],[32.70134,-18.32054],[32.70142,-18.32034],[32.70143,-18.32023],[32.70142,-18.32013],[32.70135,-18.32003],[32.70125,-18.31995],[32.70114,-18.31988],[32.70094,-18.31985],[32.70074,-18.31987],[32.70062,-18.31991],[32.70041,-18.31997],[32.70005,-18.32009],[32.69991,-18.3201],[32.69968,-18.32004],[32.69932,-18.3199],[32.69887,-18.31972],[32.69851,-18.31965],[32.69807,-18.31961],[32.69788,-18.31962],[32.69777,-18.31965],[32.69769,-18.31969],[32.6976,-18.31976],[32.69747,-18.31988],[32.69706,-18.32025],[32.69702,-18.32031],[32.69698,-18.32038],[32.69688,-18.32067],[32.69668,-18.32102],[32.6965,-18.32136],[32.69637,-18.32161],[32.69626,-18.32173],[32.69615,-18.3218],[32.69571,-18.32201],[32.6954,-18.32212],[32.69502,-18.32214],[32.69467,-18.3221],[32.69437,-18.32202]]}},{"type":"Feature","properties":{"kind":"track","name":""},"geometry":{"type":"LineString","coordinates":[[32.68165,-18.29117],[32.68149,-18.29106],[32.68121,-18.29068],[32.68112,-18.2905],[32.68099,-18.29037],[32.68081,-18.29026],[32.6807,-18.29015],[32.68067,-18.29006],[32.68065,-18.28994],[32.68068,-18.28974]]}},{"type":"Feature","properties":{"kind":"road","name":""},"geometry":{"type":"LineString","coordinates":[[32.68718,-18.33805],[32.6874,-18.33808],[32.68745,-18.33809],[32.68751,-18.33811],[32.68761,-18.3382],[32.6878,-18.3384],[32.68814,-18.33886],[32.68849,-18.33921],[32.68881,-18.33955],[32.68913,-18.33995],[32.68928,-18.34016],[32.6895,-18.34043],[32.69001,-18.34096],[32.69023,-18.34117],[32.69034,-18.34132],[32.69073,-18.34192],[32.69089,-18.34213],[32.69112,-18.34238],[32.69119,-18.34246],[32.69125,-18.34252],[32.69137,-18.34281]]}},{"type":"Feature","properties":{"kind":"road","name":""},"geometry":{"type":"LineString","coordinates":[[32.71408,-18.29535],[32.714,-18.29523],[32.71389,-18.29507],[32.71375,-18.29493],[32.71358,-18.29486],[32.71334,-18.29483],[32.7132,-18.2948],[32.71305,-18.2948],[32.71289,-18.29484],[32.71273,-18.29492],[32.71257,-18.29503],[32.7124,-18.29511],[32.71216,-18.29518],[32.71193,-18.29522],[32.71162,-18.29521],[32.71146,-18.29519],[32.7113,-18.2952],[32.71114,-18.29528]]}},{"type":"Feature","properties":{"kind":"road","name":""},"geometry":{"type":"LineString","coordinates":[[32.71334,-18.29483],[32.71324,-18.29485],[32.71306,-18.2949]]}},{"type":"Feature","properties":{"kind":"track","name":""},"geometry":{"type":"LineString","coordinates":[[32.87741,-18.10233],[32.87751,-18.10218],[32.87771,-18.10188],[32.87789,-18.10175],[32.87831,-18.10151],[32.87909,-18.10145],[32.87987,-18.10142],[32.88018,-18.10137],[32.88052,-18.1014],[32.88071,-18.10134],[32.88093,-18.10115],[32.88115,-18.10076],[32.88118,-18.10056],[32.88107,-18.10049],[32.88052,-18.10013],[32.88027,-18.09987],[32.88015,-18.09948],[32.87993,-18.09929],[32.87957,-18.0989],[32.8787,-18.09794],[32.87837,-18.09771],[32.87804,-18.09752],[32.87795,-18.0974],[32.87784,-18.09708],[32.87762,-18.09681],[32.87734,-18.09657],[32.87694,-18.09632],[32.87645,-18.09607],[32.87597,-18.09559],[32.87563,-18.09544],[32.8754,-18.0953],[32.87537,-18.09521],[32.87542,-18.09508],[32.87539,-18.09502],[32.87526,-18.09498],[32.87498,-18.09501],[32.87485,-18.09494],[32.87478,-18.09484],[32.87459,-18.09478],[32.87445,-18.09469],[32.87444,-18.09461],[32.8745,-18.09452],[32.87456,-18.09454],[32.87464,-18.09456],[32.87473,-18.09457],[32.87478,-18.09453],[32.87478,-18.09447],[32.87474,-18.09435],[32.8747,-18.0943],[32.87472,-18.09423],[32.87478,-18.09419],[32.87493,-18.09419],[32.87516,-18.09421],[32.87539,-18.09418],[32.87547,-18.09411],[32.87556,-18.09379],[32.87557,-18.09365],[32.87551,-18.0935],[32.87507,-18.0928],[32.87487,-18.09259],[32.87435,-18.09224],[32.87423,-18.09219]]}},{"type":"Feature","properties":{"kind":"road","name":""},"geometry":{"type":"LineString","coordinates":[[32.77474,-18.16359],[32.77468,-18.16363],[32.77465,-18.16368],[32.7746,-18.16377],[32.77455,-18.1638],[32.7745,-18.16377],[32.77446,-18.16371],[32.77448,-18.16365],[32.77454,-18.1636],[32.77464,-18.16357],[32.77474,-18.16359],[32.77479,-18.16359],[32.77499,-18.16368]]}},{"type":"Feature","properties":{"kind":"track","name":""},"geometry":{"type":"LineString","coordinates":[[32.8638,-18.08649],[32.86408,-18.08651],[32.86562,-18.08622],[32.86602,-18.08627],[32.86639,-18.08646],[32.86755,-18.08715],[32.86821,-18.08762],[32.86852,-18.08781],[32.86868,-18.08807],[32.86879,-18.08818]]}},{"type":"Feature","properties":{"kind":"road","name":""},"geometry":{"type":"LineString","coordinates":[[32.84768,-18.08126],[32.84758,-18.08115],[32.84751,-18.08111],[32.84743,-18.08108],[32.84707,-18.081],[32.84667,-18.08091],[32.84603,-18.08075],[32.84549,-18.08062],[32.84524,-18.08058],[32.84499,-18.08055],[32.84455,-18.08051],[32.84424,-18.08052],[32.84393,-18.08055],[32.84323,-18.08063],[32.84291,-18.08067],[32.84266,-18.08069],[32.84243,-18.0807],[32.84227,-18.0807],[32.84187,-18.08066],[32.84137,-18.08062],[32.84111,-18.0806],[32.84099,-18.0806],[32.84088,-18.08061],[32.84079,-18.08064],[32.84058,-18.08075],[32.84032,-18.08091],[32.84014,-18.08105],[32.83997,-18.08122],[32.83983,-18.08139],[32.8394,-18.08191],[32.83903,-18.08235],[32.83874,-18.08269],[32.83845,-18.08301],[32.8382,-18.08324],[32.83785,-18.08357],[32.83758,-18.08381],[32.83725,-18.08405],[32.83685,-18.08433],[32.83588,-18.08507],[32.83546,-18.08538],[32.83523,-18.08554],[32.83442,-18.08615],[32.83413,-18.08633],[32.83387,-18.08645],[32.83366,-18.08651],[32.83345,-18.08657],[32.83334,-18.08663],[32.83318,-18.08674],[32.83295,-18.08693],[32.83277,-18.08711],[32.8327,-18.08718],[32.83262,-18.08728],[32.83256,-18.08739],[32.83249,-18.08753],[32.83245,-18.08765],[32.8324,-18.08775],[32.83231,-18.08785],[32.83222,-18.08794],[32.83213,-18.08802],[32.83205,-18.08808],[32.83197,-18.08813],[32.83189,-18.08818],[32.8318,-18.08821],[32.8317,-18.08823],[32.8315,-18.08825],[32.83136,-18.08829],[32.83122,-18.08833],[32.8308,-18.08847],[32.83022,-18.08868],[32.82994,-18.08878],[32.82968,-18.08887],[32.82956,-18.08889],[32.82946,-18.08883],[32.82917,-18.08867],[32.82898,-18.08858],[32.82874,-18.08845],[32.82862,-18.08843],[32.82853,-18.08843],[32.82845,-18.08845],[32.82838,-18.08848],[32.82832,-18.08851],[32.82824,-18.08859],[32.82816,-18.08865],[32.82809,-18.08869],[32.82802,-18.08873],[32.82793,-18.08876],[32.82786,-18.08879],[32.82778,-18.08885],[32.82763,-18.08899],[32.82751,-18.08913],[32.82735,-18.08931],[32.82728,-18.08939],[32.82719,-18.08946],[32.82709,-18.08953],[32.827,-18.08955],[32.82689,-18.08957],[32.82675,-18.08958],[32.82659,-18.08956],[32.82642,-18.08957],[32.82632,-18.08958],[32.82624,-18.0896],[32.82616,-18.08963],[32.82609,-18.08968],[32.82602,-18.08977],[32.82592,-18.0899],[32.82584,-18.08997],[32.82575,-18.09001],[32.82565,-18.09004],[32.82557,-18.09005],[32.82538,-18.09002],[32.82516,-18.08997],[32.82502,-18.08995],[32.8249,-18.08995],[32.82479,-18.08997],[32.8247,-18.08999],[32.82454,-18.09006],[32.82443,-18.09013],[32.82431,-18.09022],[32.82411,-18.0904],[32.82399,-18.09048],[32.82389,-18.09055],[32.82381,-18.09058],[32.82357,-18.09065],[32.8232,-18.09077],[32.82289,-18.09089],[32.82279,-18.09093],[32.82269,-18.091],[32.82259,-18.09112],[32.82242,-18.09136],[32.82232,-18.09147],[32.82224,-18.09155],[32.82215,-18.09162],[32.82203,-18.09167],[32.82192,-18.09169],[32.82176,-18.0917],[32.82157,-18.09167],[32.82144,-18.09163],[32.82118,-18.09152],[32.82106,-18.09145],[32.82098,-18.09143],[32.8209,-18.09142],[32.82069,-18.09142],[32.82055,-18.09142],[32.82033,-18.09139],[32.82003,-18.09134],[32.81971,-18.09127],[32.81958,-18.09122],[32.81941,-18.09119],[32.81928,-18.09114],[32.81916,-18.09107],[32.81881,-18.09078],[32.81869,-18.09069],[32.81863,-18.09067],[32.81856,-18.09065],[32.8185,-18.09066],[32.81836,-18.09069],[32.81825,-18.09076],[32.81811,-18.09084],[32.81799,-18.09088],[32.81785,-18.09092],[32.81777,-18.09091],[32.81769,-18.0909],[32.81763,-18.09087],[32.81759,-18.09081],[32.81756,-18.09074],[32.81753,-18.0906],[32.81746,-18.09022],[32.81742,-18.09012],[32.81736,-18.08998],[32.81727,-18.08979],[32.81723,-18.08974],[32.81714,-18.08964],[32.81704,-18.08954],[32.817,-18.08946],[32.81698,-18.08938],[32.81698,-18.08933],[32.817,-18.08925],[32.81715,-18.08886],[32.81725,-18.08848],[32.81727,-18.08837],[32.81728,-18.08808],[32.8173,-18.08754],[32.81736,-18.08713],[32.81741,-18.08667],[32.81744,-18.08641],[32.81746,-18.08617],[32.81746,-18.08598],[32.81744,-18.0857],[32.81738,-18.08531],[32.81734,-18.08504],[32.81731,-18.0849],[32.81726,-18.08478],[32.81723,-18.08469],[32.81717,-18.08462],[32.8171,-18.08457],[32.8169,-18.08444],[32.81669,-18.08436],[32.81658,-18.08431],[32.81639,-18.08427],[32.81618,-18.08424],[32.81606,-18.08421],[32.81599,-18.08416],[32.81591,-18.08409],[32.81587,-18.08402],[32.81582,-18.08388],[32.81579,-18.08372],[32.81577,-18.08356],[32.81579,-18.08344],[32.81586,-18.08326],[32.81592,-18.08306],[32.81594,-18.08293],[32.81599,-18.08263],[32.81602,-18.08233],[32.81617,-18.08149],[32.8162,-18.08125],[32.81617,-18.08084],[32.81611,-18.08035],[32.81602,-18.07983],[32.816,-18.07959],[32.81604,-18.07931],[32.81613,-18.07893],[32.81624,-18.07847],[32.81626,-18.07822],[32.81627,-18.07763],[32.81627,-18.07642],[32.81626,-18.07587],[32.81629,-18.07559],[32.81638,-18.07505],[32.81651,-18.07459],[32.81667,-18.07408],[32.81674,-18.07371],[32.81681,-18.07313],[32.81681,-18.07293],[32.81678,-18.07272],[32.81665,-18.0721],[32.81663,-18.07194],[32.81664,-18.07163],[32.81666,-18.07111],[32.81664,-18.07091],[32.8166,-18.07067],[32.81653,-18.07047],[32.81645,-18.07029],[32.8164,-18.07015],[32.81639,-18.07008],[32.81639,-18.07001],[32.81642,-18.06992],[32.81647,-18.06981],[32.8166,-18.06962],[32.81665,-18.06954],[32.81667,-18.06945],[32.81667,-18.06936],[32.81665,-18.06929],[32.81661,-18.06911],[32.81656,-18.069],[32.81653,-18.06898],[32.81649,-18.06896],[32.81644,-18.06896],[32.81638,-18.06899],[32.81613,-18.0691],[32.8158,-18.06922],[32.81554,-18.06932],[32.8154,-18.06936],[32.81507,-18.06945],[32.81471,-18.06954],[32.81449,-18.06958],[32.8143,-18.06964],[32.81399,-18.06973],[32.81362,-18.06987],[32.81329,-18.07],[32.81317,-18.07005],[32.81295,-18.07019],[32.81261,-18.07044],[32.81241,-18.07057],[32.81229,-18.07065],[32.81222,-18.07068],[32.81215,-18.07069],[32.81209,-18.07068],[32.81205,-18.07064],[32.81202,-18.07059],[32.81201,-18.07054],[32.812,-18.07046],[32.81202,-18.07037],[32.81203,-18.07024],[32.81204,-18.07013],[32.81202,-18.07002],[32.81199,-18.06993],[32.81195,-18.06987],[32.81191,-18.06982],[32.81186,-18.0698],[32.8118,-18.06978],[32.81168,-18.06977],[32.8115,-18.06977],[32.81141,-18.06974],[32.81137,-18.06971],[32.81133,-18.06963],[32.81132,-18.06943],[32.81132,-18.06927],[32.81129,-18.06918],[32.81117,-18.06893],[32.81046,-18.06769],[32.81029,-18.0674],[32.80976,-18.06657],[32.80961,-18.0663],[32.80958,-18.06619],[32.80958,-18.06609],[32.8096,-18.06601],[32.80964,-18.06596],[32.80972,-18.06586],[32.80983,-18.0658],[32.81024,-18.06563],[32.81035,-18.06555],[32.81042,-18.06548],[32.81045,-18.06542],[32.81045,-18.06533],[32.81044,-18.06528],[32.81039,-18.06521],[32.8103,-18.06515],[32.81006,-18.06503],[32.80967,-18.06482],[32.80865,-18.06444],[32.8079,-18.06406],[32.80731,-18.06374],[32.80717,-18.06366],[32.80701,-18.06363],[32.8069,-18.06364],[32.80674,-18.0637],[32.80642,-18.06387],[32.80622,-18.06399],[32.80581,-18.06411],[32.8055,-18.06421],[32.80529,-18.06423],[32.80509,-18.06425],[32.80493,-18.06426],[32.80475,-18.06422],[32.80458,-18.06418],[32.80425,-18.06415],[32.80407,-18.06418],[32.80391,-18.06422],[32.80361,-18.06434],[32.80334,-18.06445],[32.80287,-18.06457],[32.80244,-18.0646],[32.80223,-18.06469],[32.80204,-18.06474],[32.80186,-18.06478],[32.80172,-18.06478],[32.80153,-18.06469],[32.8012,-18.06454],[32.80103,-18.06446],[32.80081,-18.06442],[32.80058,-18.06443],[32.80043,-18.06446],[32.80012,-18.06458],[32.79994,-18.06462],[32.79959,-18.06472],[32.79885,-18.0648],[32.79817,-18.06489],[32.7977,-18.06492],[32.79748,-18.06494],[32.79729,-18.06497],[32.79719,-18.06503],[32.79711,-18.06506],[32.79706,-18.06507],[32.79701,-18.06505],[32.79696,-18.06502],[32.79691,-18.06494],[32.79655,-18.06449],[32.79639,-18.06417],[32.79634,-18.06411],[32.79622,-18.06406],[32.79604,-18.06404],[32.79579,-18.06403],[32.79541,-18.06408],[32.79524,-18.06413],[32.79493,-18.06419],[32.7946,-18.0641],[32.79443,-18.06412],[32.79396,-18.06431],[32.79329,-18.06454],[32.7929,-18.06463],[32.79263,-18.06471],[32.79224,-18.0649],[32.7921,-18.06509],[32.79203,-18.0653],[32.79202,-18.06553],[32.79201,-18.06561],[32.79196,-18.06572],[32.79172,-18.0659],[32.79154,-18.06599],[32.79131,-18.06604],[32.7905,-18.0664],[32.79034,-18.06651],[32.79029,-18.06663],[32.7902,-18.067],[32.79005,-18.0674],[32.78968,-18.06782],[32.78922,-18.06829],[32.78905,-18.06846],[32.78885,-18.06858],[32.78859,-18.06876],[32.78839,-18.06895],[32.78794,-18.06948],[32.78771,-18.06989],[32.78753,-18.07061],[32.78749,-18.0709],[32.78745,-18.0711],[32.78732,-18.07128],[32.78716,-18.07134],[32.787,-18.07129],[32.78688,-18.07116],[32.78654,-18.07075],[32.78629,-18.07062],[32.78615,-18.07058],[32.78604,-18.07051],[32.78599,-18.07039],[32.78587,-18.07005],[32.78549,-18.06949],[32.78501,-18.06922],[32.78472,-18.06904],[32.78454,-18.06888],[32.78449,-18.06884],[32.78444,-18.06868],[32.78439,-18.06827],[32.78442,-18.06731],[32.78441,-18.06689],[32.7843,-18.06658],[32.78361,-18.06497],[32.78343,-18.06421],[32.78339,-18.06376],[32.78342,-18.06355],[32.78354,-18.06331],[32.78427,-18.06214],[32.7846,-18.06171],[32.78493,-18.06126],[32.78514,-18.06076],[32.78565,-18.05942],[32.78571,-18.05923],[32.78605,-18.05884],[32.78621,-18.05855],[32.78624,-18.05844],[32.78623,-18.05829],[32.78611,-18.05815],[32.78581,-18.05802],[32.78569,-18.05788],[32.78568,-18.05779],[32.78572,-18.05772],[32.78578,-18.05767],[32.78595,-18.05766],[32.78613,-18.05759],[32.78631,-18.05751],[32.78659,-18.05745],[32.78706,-18.05742],[32.7873,-18.05737],[32.78829,-18.05673],[32.78856,-18.05649],[32.78865,-18.05636],[32.78869,-18.05616],[32.78868,-18.05595],[32.78857,-18.05554],[32.78818,-18.05451],[32.78781,-18.05342],[32.78747,-18.05216],[32.78734,-18.05196],[32.78686,-18.05162],[32.78657,-18.05146],[32.7858,-18.05103],[32.78565,-18.05088],[32.78551,-18.05069],[32.78548,-18.05063],[32.7855,-18.05055],[32.78559,-18.05033],[32.78559,-18.05024],[32.78557,-18.05016],[32.78534,-18.04963],[32.78505,-18.04877],[32.78497,-18.04869]]}},{"type":"Feature","properties":{"kind":"road","name":""},"geometry":{"type":"LineString","coordinates":[[32.8469,-18.09064],[32.84666,-18.09015],[32.84646,-18.0897],[32.84598,-18.08872],[32.84568,-18.08808],[32.84543,-18.08757],[32.8453,-18.08722],[32.84524,-18.08702],[32.84521,-18.08686],[32.84519,-18.08671],[32.84518,-18.08658],[32.84519,-18.08646],[32.84523,-18.0863],[32.84534,-18.08601],[32.84547,-18.08571],[32.84568,-18.08531],[32.84609,-18.08452],[32.84641,-18.08385],[32.84664,-18.0833],[32.8468,-18.08295],[32.84701,-18.08245],[32.84718,-18.082],[32.8473,-18.08175],[32.84745,-18.08155],[32.84768,-18.08126],[32.84779,-18.08108],[32.84788,-18.0809],[32.848,-18.08061],[32.8481,-18.0804],[32.84818,-18.0803],[32.84852,-18.07991],[32.84875,-18.07953],[32.84898,-18.07914],[32.84917,-18.07873],[32.84933,-18.07837],[32.84942,-18.0781],[32.84948,-18.07786],[32.84953,-18.07753],[32.84959,-18.07699],[32.84963,-18.0767],[32.84968,-18.07649],[32.84974,-18.07627],[32.84989,-18.07591],[32.85002,-18.07555],[32.85018,-18.07499],[32.85034,-18.07459],[32.85042,-18.07438],[32.85046,-18.07418],[32.85053,-18.07345],[32.85062,-18.07287],[32.85067,-18.07255],[32.85074,-18.07232],[32.85081,-18.07214],[32.85105,-18.07167],[32.85135,-18.07104],[32.85167,-18.07035]]}},{"type":"Feature","properties":{"kind":"road","name":"Brackenhills Road"},"geometry":{"type":"LineString","coordinates":[[32.80867,-18.18749],[32.80893,-18.18764],[32.80909,-18.18779],[32.80912,-18.18802],[32.80901,-18.1887],[32.80904,-18.18981],[32.80911,-18.19014],[32.80948,-18.19112],[32.81005,-18.19228],[32.81017,-18.19286],[32.8099,-18.19496],[32.80961,-18.19658],[32.80949,-18.19695],[32.80886,-18.19797],[32.80867,-18.19831],[32.80826,-18.19969],[32.8081,-18.20006],[32.80797,-18.2003],[32.8079,-18.20048],[32.80786,-18.20079],[32.80784,-18.20101],[32.80782,-18.20123],[32.80773,-18.20156],[32.8076,-18.20189],[32.80741,-18.20227],[32.80736,-18.20235],[32.80648,-18.20383],[32.80625,-18.2043],[32.80608,-18.20467],[32.80593,-18.20492],[32.80506,-18.20586],[32.80475,-18.2062],[32.80412,-18.20677],[32.80398,-18.20697],[32.80383,-18.20722],[32.80377,-18.20738],[32.80372,-18.20761],[32.80371,-18.20779],[32.80373,-18.20801],[32.80375,-18.20816],[32.80379,-18.20828],[32.8038,-18.20847],[32.80377,-18.20862],[32.80372,-18.20875],[32.80364,-18.2089],[32.80344,-18.20913],[32.80315,-18.2094],[32.80291,-18.2095],[32.80268,-18.20954],[32.80253,-18.20953],[32.8022,-18.20958],[32.80202,-18.20968],[32.8019,-18.2098],[32.80181,-18.20993],[32.80116,-18.21149],[32.80093,-18.21233],[32.80087,-18.21249]]}},{"type":"Feature","properties":{"kind":"road","name":""},"geometry":{"type":"LineString","coordinates":[[32.83327,-18.11634],[32.83331,-18.11643],[32.83558,-18.11711],[32.83618,-18.11724],[32.8372,-18.11744],[32.83772,-18.11756],[32.83822,-18.11774],[32.8404,-18.11831],[32.84323,-18.11935],[32.84426,-18.11965],[32.84585,-18.12024],[32.8474,-18.12089],[32.84796,-18.1211],[32.8492,-18.12171],[32.84987,-18.12204],[32.85123,-18.12254],[32.85241,-18.1231],[32.85308,-18.12352],[32.85348,-18.12378],[32.85414,-18.12389],[32.85609,-18.1242],[32.85695,-18.12443],[32.85726,-18.12468],[32.85788,-18.12506],[32.85853,-18.12522],[32.85915,-18.12518],[32.86024,-18.12475],[32.86061,-18.12455],[32.8619,-18.12372],[32.8632,-18.12308],[32.86372,-18.12289],[32.86422,-18.12255],[32.86448,-18.12229],[32.86542,-18.12006],[32.8661,-18.11842],[32.86609,-18.11831],[32.86507,-18.11758],[32.86507,-18.11748],[32.86515,-18.11741],[32.86595,-18.11705],[32.86627,-18.11671],[32.8664,-18.1166],[32.86639,-18.11649],[32.86627,-18.11647],[32.86592,-18.11651],[32.86499,-18.11638],[32.86473,-18.11629],[32.86471,-18.11616],[32.86494,-18.11605],[32.86535,-18.1159],[32.86559,-18.11568],[32.86574,-18.11556],[32.86596,-18.11559],[32.86629,-18.11561],[32.86652,-18.11565],[32.86682,-18.11576],[32.86754,-18.11598],[32.86776,-18.11598],[32.86816,-18.11619],[32.86845,-18.1163],[32.86893,-18.1164],[32.86941,-18.11646],[32.86989,-18.11658],[32.87025,-18.11671],[32.87053,-18.11702],[32.87075,-18.11725],[32.87085,-18.11728],[32.87108,-18.11723],[32.87133,-18.11719],[32.87159,-18.11724],[32.87187,-18.11721],[32.87238,-18.11711],[32.87263,-18.11691],[32.87287,-18.11651],[32.87303,-18.1163],[32.87313,-18.11627],[32.87332,-18.11632],[32.87379,-18.11667],[32.87423,-18.1169],[32.87464,-18.11706],[32.87484,-18.11718],[32.87517,-18.11754],[32.87545,-18.11796],[32.87583,-18.11814],[32.87661,-18.11831],[32.87721,-18.11834],[32.87828,-18.11829],[32.87877,-18.11817],[32.87954,-18.11757],[32.87957,-18.11776],[32.87957,-18.11791],[32.87943,-18.11818],[32.87916,-18.11875],[32.87891,-18.11923],[32.87881,-18.11957],[32.87837,-18.11981],[32.87812,-18.11985],[32.87797,-18.11988],[32.87769,-18.12],[32.87758,-18.12008],[32.87744,-18.12019],[32.87714,-18.12036],[32.87672,-18.12055],[32.87635,-18.12061],[32.87608,-18.12061],[32.87594,-18.12067],[32.87572,-18.12073],[32.87545,-18.12074],[32.87542,-18.12076],[32.87537,-18.1208],[32.87536,-18.12082],[32.87538,-18.12085],[32.87542,-18.12088],[32.87547,-18.1209],[32.87563,-18.12092],[32.87591,-18.12097],[32.87606,-18.12097],[32.87632,-18.12097],[32.87662,-18.121],[32.87687,-18.12102],[32.8771,-18.121],[32.87715,-18.12102],[32.87716,-18.12107],[32.87715,-18.12111],[32.8771,-18.12114],[32.87701,-18.12115],[32.87684,-18.12119],[32.8766,-18.12125],[32.87625,-18.12138],[32.87603,-18.12145],[32.87601,-18.12148],[32.87602,-18.12153],[32.87607,-18.12156],[32.87619,-18.1215],[32.87633,-18.12145],[32.87658,-18.12143],[32.87678,-18.12148],[32.87699,-18.12155],[32.87719,-18.12168],[32.87735,-18.12179],[32.87769,-18.12183],[32.87798,-18.12182],[32.87812,-18.12182],[32.87818,-18.12184],[32.87821,-18.12188],[32.87819,-18.12193],[32.87815,-18.12198],[32.87794,-18.12206],[32.87777,-18.12209],[32.8777,-18.12209],[32.87765,-18.12214],[32.87768,-18.12219],[32.87791,-18.12229],[32.8782,-18.12235],[32.87875,-18.12245],[32.87914,-18.1226],[32.87932,-18.1227],[32.87951,-18.12293],[32.87963,-18.12309],[32.87971,-18.12312],[32.88002,-18.12314],[32.88058,-18.12329],[32.88092,-18.12343],[32.88165,-18.12368],[32.88185,-18.12377],[32.88211,-18.12391],[32.88304,-18.12434],[32.88322,-18.12449],[32.88365,-18.12516],[32.88377,-18.12548],[32.88376,-18.12573],[32.8838,-18.12586],[32.88393,-18.12591],[32.88432,-18.12599],[32.88452,-18.12609],[32.88466,-18.1263],[32.88472,-18.12653],[32.8848,-18.12671],[32.88494,-18.12746],[32.88508,-18.1277],[32.88529,-18.12803],[32.88568,-18.12857],[32.88659,-18.12916],[32.88681,-18.12923],[32.88705,-18.12922],[32.88735,-18.12914],[32.88797,-18.12908],[32.88867,-18.12907],[32.889,-18.12905],[32.88916,-18.12895],[32.88927,-18.12872],[32.88944,-18.12864],[32.88956,-18.1287],[32.88972,-18.1288],[32.89001,-18.12902],[32.89018,-18.12911],[32.89052,-18.12917],[32.89109,-18.12913],[32.89158,-18.12908],[32.892,-18.12906],[32.89262,-18.12892],[32.89315,-18.12874],[32.89349,-18.12852],[32.8937,-18.1283],[32.89382,-18.12788],[32.89398,-18.12758],[32.89424,-18.12735],[32.89434,-18.1272],[32.89444,-18.12702],[32.89455,-18.12692],[32.89477,-18.12681],[32.89505,-18.12658],[32.89506,-18.12646],[32.89499,-18.12621],[32.89508,-18.12606],[32.8953,-18.12594],[32.89548,-18.12582],[32.89556,-18.12578],[32.89569,-18.12587],[32.89618,-18.12594],[32.89656,-18.12594],[32.89674,-18.12593],[32.89686,-18.12586],[32.89692,-18.12574],[32.89703,-18.12554],[32.89714,-18.12545],[32.89729,-18.12541],[32.89752,-18.1255],[32.89786,-18.12554],[32.89807,-18.12553],[32.8983,-18.12545],[32.89918,-18.1246],[32.89933,-18.12447],[32.89943,-18.12435],[32.89948,-18.12419],[32.8995,-18.12403],[32.89953,-18.12393],[32.89967,-18.12381],[32.89985,-18.12363],[32.89996,-18.12353],[32.90005,-18.12349],[32.90016,-18.12346],[32.90025,-18.1234],[32.90038,-18.12332],[32.90062,-18.12325],[32.90071,-18.12316],[32.90076,-18.12298],[32.90071,-18.12275],[32.90071,-18.12266],[32.90079,-18.12259],[32.90095,-18.12258],[32.90106,-18.12255],[32.90116,-18.1225],[32.9012,-18.12234],[32.90119,-18.12221],[32.90111,-18.1221],[32.90099,-18.12204],[32.90079,-18.1219],[32.90063,-18.12184],[32.90043,-18.12179],[32.90026,-18.1217],[32.90008,-18.1216],[32.90007,-18.12153],[32.90017,-18.1214],[32.90033,-18.12119],[32.90046,-18.12106],[32.90061,-18.12105],[32.90074,-18.12103],[32.90085,-18.12098],[32.90101,-18.12087],[32.9011,-18.12083],[32.90122,-18.12086],[32.90134,-18.12093],[32.90148,-18.12097],[32.9017,-18.12099],[32.90195,-18.12094],[32.90226,-18.12088],[32.9024,-18.12068],[32.90242,-18.12048],[32.90238,-18.12028],[32.9024,-18.1201],[32.90233,-18.12001],[32.90224,-18.11994],[32.90222,-18.11988],[32.90221,-18.11983],[32.90222,-18.11978],[32.90232,-18.11957],[32.9024,-18.11935],[32.90244,-18.11917],[32.90242,-18.11896],[32.90226,-18.11876],[32.90223,-18.11867],[32.90225,-18.11863],[32.90239,-18.11861],[32.9029,-18.11865],[32.90314,-18.11871],[32.90339,-18.11873],[32.9038,-18.11874],[32.90413,-18.11866],[32.90429,-18.11856],[32.9044,-18.11851],[32.90458,-18.11852],[32.90472,-18.11862],[32.90487,-18.11869],[32.90493,-18.11869],[32.90497,-18.11863],[32.90506,-18.1185],[32.90516,-18.11834],[32.90521,-18.1183],[32.90531,-18.11828],[32.90552,-18.11826],[32.90582,-18.11835],[32.90603,-18.1184],[32.90618,-18.11835],[32.90632,-18.11828],[32.90675,-18.11792],[32.90689,-18.11777],[32.907,-18.11772],[32.90716,-18.11768],[32.90737,-18.11758],[32.90762,-18.11737],[32.90785,-18.11724],[32.90818,-18.11713],[32.90864,-18.11708],[32.90893,-18.11706],[32.90912,-18.117],[32.90934,-18.11681],[32.9095,-18.11666],[32.90963,-18.11662],[32.90973,-18.11666],[32.91011,-18.11708],[32.9103,-18.11735],[32.91043,-18.11748],[32.91055,-18.11753],[32.91071,-18.11754],[32.91091,-18.11749],[32.91111,-18.11735],[32.91144,-18.11714],[32.91186,-18.117],[32.91209,-18.11688],[32.91225,-18.11672],[32.91234,-18.11663],[32.91247,-18.11657],[32.91301,-18.11639],[32.91384,-18.11609],[32.91438,-18.11584],[32.91456,-18.1157],[32.91471,-18.11555],[32.91502,-18.11514],[32.91516,-18.11495],[32.91529,-18.11472],[32.91567,-18.11425],[32.91588,-18.1141],[32.91605,-18.11405],[32.91629,-18.11405],[32.91657,-18.11403],[32.91681,-18.11396],[32.9173,-18.11383],[32.91762,-18.11378],[32.91785,-18.11363],[32.91802,-18.11345],[32.91817,-18.11329],[32.91847,-18.11313],[32.91875,-18.113],[32.91895,-18.11295],[32.91921,-18.11293],[32.91936,-18.11297],[32.91948,-18.11305],[32.91978,-18.11325],[32.91987,-18.11327],[32.91993,-18.11322],[32.91994,-18.11314],[32.91993,-18.11307],[32.91994,-18.11292],[32.92001,-18.11256],[32.92008,-18.11234],[32.92023,-18.11214],[32.9204,-18.11202],[32.92071,-18.11187],[32.92115,-18.11169],[32.92129,-18.11158],[32.92138,-18.11148],[32.92147,-18.11131],[32.92161,-18.11097],[32.9217,-18.11049],[32.92183,-18.10965],[32.92187,-18.10954],[32.92195,-18.10944],[32.92232,-18.10891],[32.92248,-18.1086],[32.92264,-18.10837],[32.92286,-18.10812],[32.9231,-18.10768],[32.92325,-18.10732],[32.92336,-18.1071],[32.92349,-18.10691],[32.92368,-18.10665],[32.92385,-18.10648],[32.92421,-18.1063],[32.92478,-18.10618],[32.92531,-18.10614],[32.92573,-18.10616],[32.92599,-18.10618],[32.92653,-18.10633],[32.9269,-18.10648],[32.92755,-18.10676],[32.92801,-18.10704],[32.92831,-18.10722],[32.92869,-18.10732],[32.92904,-18.10742],[32.92931,-18.10756],[32.92953,-18.10763],[32.92972,-18.10768],[32.92994,-18.10769],[32.93014,-18.10772],[32.93097,-18.10798],[32.93191,-18.1084],[32.93205,-18.10842],[32.93225,-18.10838],[32.93243,-18.10829],[32.93253,-18.1082],[32.93271,-18.10805],[32.9329,-18.10793],[32.93297,-18.10791],[32.93303,-18.10791],[32.93309,-18.10788],[32.93311,-18.1078],[32.93309,-18.1077],[32.9331,-18.10757],[32.93313,-18.1074],[32.93319,-18.10724],[32.93328,-18.10712],[32.93347,-18.10686],[32.93351,-18.10664],[32.93359,-18.10648],[32.93379,-18.10621],[32.93404,-18.10584],[32.93421,-18.10568],[32.93437,-18.10551],[32.93444,-18.1053],[32.93438,-18.10501],[32.9344,-18.10489],[32.9345,-18.10484],[32.93465,-18.10484],[32.93491,-18.10504],[32.93505,-18.10516],[32.93519,-18.10518],[32.93528,-18.10511],[32.93548,-18.10504],[32.93552,-18.10499],[32.93551,-18.10492],[32.93546,-18.10485],[32.93538,-18.10479],[32.93534,-18.10472],[32.93537,-18.10453],[32.93541,-18.10441],[32.93566,-18.10422],[32.93578,-18.10402],[32.93579,-18.10385],[32.93584,-18.10364],[32.93588,-18.10349],[32.93593,-18.10327],[32.93593,-18.10307],[32.93591,-18.10294],[32.936,-18.10261],[32.93601,-18.10245],[32.93606,-18.10236],[32.93605,-18.10229]]}},{"type":"Feature","properties":{"kind":"road","name":""},"geometry":{"type":"LineString","coordinates":[[32.87741,-18.10233],[32.87722,-18.10238],[32.87694,-18.10245],[32.8768,-18.10252],[32.87672,-18.10253],[32.87632,-18.102],[32.87611,-18.10154],[32.87591,-18.10111],[32.87574,-18.10051],[32.8755,-18.10017],[32.87373,-18.09876],[32.87351,-18.09859],[32.87345,-18.09849],[32.87326,-18.09731],[32.87319,-18.09707],[32.87307,-18.0967],[32.87297,-18.0965],[32.87285,-18.09636],[32.8724,-18.09591],[32.87228,-18.09579],[32.87221,-18.09567],[32.8721,-18.09544],[32.87205,-18.09526],[32.87198,-18.09517],[32.87187,-18.09512],[32.87179,-18.0951],[32.87161,-18.09507],[32.8712,-18.09492],[32.87049,-18.09461],[32.87035,-18.09457],[32.87012,-18.09453],[32.86986,-18.09449],[32.86981,-18.09446],[32.86977,-18.09442],[32.86972,-18.09435],[32.86966,-18.09429],[32.86947,-18.0941],[32.86938,-18.09401],[32.86932,-18.09393],[32.86929,-18.09381],[32.86924,-18.09371],[32.86918,-18.0936],[32.86914,-18.09355],[32.86908,-18.09352],[32.869,-18.09349],[32.86894,-18.09347],[32.86888,-18.09342],[32.8688,-18.09328],[32.86871,-18.09313],[32.86862,-18.09295],[32.86857,-18.09281],[32.86856,-18.09271],[32.86858,-18.09259],[32.86857,-18.09245],[32.86854,-18.09238],[32.86851,-18.09232],[32.86844,-18.09223],[32.86835,-18.09214],[32.86827,-18.09206],[32.86808,-18.09193],[32.86779,-18.09171],[32.86758,-18.09151],[32.8675,-18.09141],[32.86743,-18.09131],[32.86737,-18.09122],[32.86732,-18.09111],[32.86724,-18.09099],[32.86712,-18.09083],[32.86701,-18.0907],[32.86694,-18.0906],[32.86684,-18.09047],[32.86675,-18.09036],[32.86669,-18.09024],[32.86658,-18.08984],[32.86642,-18.08941],[32.86633,-18.08922],[32.86628,-18.08917],[32.86622,-18.08912],[32.8656,-18.08874],[32.8655,-18.08865],[32.86542,-18.08854],[32.86523,-18.08818],[32.86516,-18.08802],[32.86509,-18.08787],[32.86506,-18.08784],[32.86429,-18.08731],[32.86382,-18.08704],[32.86348,-18.08684],[32.86337,-18.08677],[32.86334,-18.08674],[32.86334,-18.08671],[32.86335,-18.08668],[32.86339,-18.08664],[32.86353,-18.08658],[32.86361,-18.08655],[32.86366,-18.08654],[32.8637,-18.08652],[32.8638,-18.08649]]}},{"type":"Feature","properties":{"kind":"road","name":""},"geometry":{"type":"LineString","coordinates":[[32.81747,-18.16862],[32.8177,-18.16862],[32.81788,-18.16878],[32.81824,-18.16937],[32.81862,-18.16968],[32.81901,-18.1698],[32.81973,-18.16965],[32.82022,-18.16957],[32.82096,-18.1693],[32.82177,-18.16906],[32.82411,-18.16805],[32.82447,-18.16787],[32.8248,-18.16767],[32.82513,-18.16748],[32.82542,-18.16739],[32.82601,-18.16722],[32.82635,-18.16712],[32.82677,-18.16683],[32.82712,-18.16653],[32.82752,-18.16635],[32.82816,-18.16644],[32.82887,-18.1667],[32.82905,-18.16682],[32.82917,-18.16691],[32.82932,-18.16695],[32.82949,-18.16685],[32.83016,-18.16605],[32.83069,-18.16547],[32.83148,-18.16505],[32.83182,-18.16502],[32.832,-18.1651],[32.8322,-18.16533],[32.83235,-18.1656],[32.83276,-18.16601],[32.83293,-18.16606],[32.83386,-18.16559],[32.83431,-18.16549],[32.83521,-18.16541],[32.83569,-18.16515],[32.83629,-18.16472],[32.83644,-18.16443],[32.83643,-18.16426],[32.83632,-18.16406],[32.83609,-18.16353],[32.83596,-18.16291],[32.83609,-18.16246],[32.83656,-18.1613],[32.83692,-18.16043],[32.83734,-18.15997],[32.83748,-18.15982],[32.83769,-18.15976],[32.83798,-18.15981],[32.83806,-18.15974],[32.83804,-18.15964],[32.83795,-18.1595],[32.83768,-18.15935],[32.83736,-18.15927],[32.83708,-18.15925],[32.83695,-18.15914],[32.83686,-18.15893],[32.83693,-18.15866],[32.83714,-18.15849],[32.83744,-18.15834],[32.83755,-18.15818],[32.83753,-18.15804],[32.83737,-18.15789],[32.83721,-18.1579],[32.83697,-18.15803],[32.83669,-18.15819],[32.83647,-18.15821],[32.8362,-18.15819],[32.83541,-18.15774],[32.83456,-18.15718],[32.83444,-18.15698],[32.83438,-18.15682],[32.83436,-18.15661],[32.83448,-18.1564],[32.83449,-18.15621],[32.83462,-18.15616],[32.83489,-18.15611],[32.83523,-18.1561],[32.83555,-18.15617],[32.83581,-18.15617],[32.83595,-18.15602],[32.83584,-18.15553],[32.83574,-18.15545],[32.83573,-18.15534],[32.8358,-18.15525]]}},{"type":"Feature","properties":{"kind":"track","name":""},"geometry":{"type":"LineString","coordinates":[[32.71609,-18.36403],[32.71607,-18.36414],[32.71593,-18.36442],[32.7157,-18.3648],[32.71512,-18.36526],[32.7146,-18.36555],[32.7144,-18.36564],[32.71423,-18.36565],[32.71402,-18.36563],[32.7138,-18.36562],[32.71307,-18.36533],[32.71269,-18.36521],[32.71207,-18.36506],[32.71139,-18.36475],[32.71116,-18.36461],[32.71107,-18.36459],[32.71095,-18.36463],[32.71084,-18.36476],[32.71082,-18.36489],[32.71083,-18.36499],[32.71089,-18.36515],[32.71106,-18.36537],[32.71135,-18.3657],[32.71142,-18.36584],[32.71156,-18.3662],[32.71173,-18.36686]]}},{"type":"Feature","properties":{"kind":"road","name":""},"geometry":{"type":"LineString","coordinates":[[32.7095,-18.36988],[32.70857,-18.37002],[32.70825,-18.37007],[32.70815,-18.37014],[32.70808,-18.37022],[32.70805,-18.37033],[32.70804,-18.37042],[32.70814,-18.37118],[32.70818,-18.37129],[32.70822,-18.37136],[32.70828,-18.3714],[32.70835,-18.37142],[32.70871,-18.37144],[32.7088,-18.37144],[32.70886,-18.37148],[32.70896,-18.37156],[32.70902,-18.37159],[32.7091,-18.3716],[32.7097,-18.37155],[32.7098,-18.37151],[32.70983,-18.37147],[32.70984,-18.37142],[32.70985,-18.37132],[32.70984,-18.37115],[32.70981,-18.37098],[32.70976,-18.37072],[32.70968,-18.37047],[32.7095,-18.36988]]}},{"type":"Feature","properties":{"kind":"track","name":""},"geometry":{"type":"LineString","coordinates":[[32.7094,-18.36522],[32.70932,-18.36512],[32.70921,-18.36491],[32.70907,-18.36389],[32.709,-18.36365],[32.70899,-18.3635],[32.70904,-18.36342],[32.70917,-18.36334],[32.71002,-18.36278],[32.71072,-18.3622],[32.71081,-18.36217],[32.71086,-18.36215],[32.71113,-18.36226],[32.71147,-18.36242],[32.71157,-18.36245],[32.71165,-18.36244],[32.7118,-18.36239],[32.71317,-18.36202],[32.71385,-18.36178],[32.71447,-18.36162],[32.7152,-18.36131],[32.71547,-18.36118],[32.71563,-18.36114],[32.71581,-18.36111],[32.71731,-18.36103],[32.71763,-18.36099],[32.71786,-18.36093],[32.7189,-18.36053],[32.71908,-18.36045],[32.7199,-18.36028],[32.72072,-18.36004],[32.72107,-18.35987],[32.72148,-18.35962],[32.72178,-18.35938],[32.72196,-18.35915],[32.7221,-18.35886],[32.72245,-18.35705]]}},{"type":"Feature","properties":{"kind":"track","name":""},"geometry":{"type":"LineString","coordinates":[[32.71087,-18.35344],[32.71101,-18.3534],[32.71202,-18.35372],[32.71321,-18.35426],[32.71511,-18.35523],[32.7169,-18.35613],[32.71711,-18.35623],[32.71726,-18.35627],[32.71741,-18.35624],[32.71755,-18.35614],[32.71807,-18.35587],[32.71823,-18.35582],[32.71859,-18.35584],[32.71877,-18.35586],[32.71893,-18.35595],[32.71915,-18.35606],[32.71932,-18.35624],[32.71939,-18.35642],[32.71942,-18.35678],[32.71943,-18.35701],[32.7194,-18.35719],[32.71931,-18.35738],[32.71893,-18.35809],[32.71878,-18.3584],[32.71862,-18.35861],[32.71844,-18.35879],[32.71818,-18.35902],[32.71809,-18.35916],[32.71804,-18.35936],[32.71801,-18.35961],[32.71808,-18.35981],[32.71822,-18.36],[32.71838,-18.36012],[32.71852,-18.3602],[32.71873,-18.36031],[32.71886,-18.36044],[32.7189,-18.36053],[32.71893,-18.36063],[32.71899,-18.36067],[32.71908,-18.36067],[32.7194,-18.36073]]}},{"type":"Feature","properties":{"kind":"track","name":""},"geometry":{"type":"LineString","coordinates":[[32.7095,-18.36988],[32.71003,-18.36971],[32.7102,-18.36957],[32.71042,-18.36935],[32.71081,-18.36882],[32.71115,-18.36816],[32.71168,-18.36749],[32.71173,-18.36733],[32.71173,-18.36717],[32.71169,-18.36695],[32.71173,-18.36686],[32.71179,-18.36684],[32.71188,-18.36686],[32.71198,-18.367],[32.71227,-18.36757],[32.71256,-18.36789],[32.713,-18.36826],[32.71357,-18.36851],[32.71424,-18.36882],[32.71444,-18.36906],[32.71476,-18.36949],[32.71486,-18.36971],[32.71485,-18.36989],[32.71477,-18.37015],[32.71472,-18.37044],[32.71474,-18.37058],[32.7148,-18.3707],[32.71498,-18.37076],[32.71524,-18.3708],[32.71545,-18.37079],[32.71597,-18.37084],[32.71633,-18.37096],[32.71648,-18.37102],[32.71653,-18.37108],[32.71656,-18.37118],[32.71654,-18.37126],[32.71643,-18.37134],[32.71584,-18.37164],[32.71569,-18.37174],[32.71554,-18.37187],[32.71548,-18.37197],[32.71538,-18.372],[32.71521,-18.37207],[32.71497,-18.37222],[32.71482,-18.37241],[32.71451,-18.37345],[32.71411,-18.37424],[32.71367,-18.37516],[32.71365,-18.37532],[32.7137,-18.3755],[32.71381,-18.37569],[32.71411,-18.37625],[32.71416,-18.37638],[32.7142,-18.3765],[32.71416,-18.37664],[32.71399,-18.3768],[32.71385,-18.37702],[32.71376,-18.37736],[32.71366,-18.37791],[32.71372,-18.37827],[32.71372,-18.37853],[32.71367,-18.37868],[32.71357,-18.37906],[32.71359,-18.37926],[32.71371,-18.37943],[32.71392,-18.37969],[32.714,-18.37981],[32.71403,-18.37998],[32.71386,-18.38046],[32.71372,-18.3812],[32.71362,-18.38143],[32.71349,-18.38165],[32.71337,-18.38182],[32.71324,-18.38198],[32.71322,-18.38211],[32.71323,-18.38249],[32.71324,-18.38278],[32.71322,-18.38301],[32.71319,-18.38313],[32.71309,-18.38325],[32.71309,-18.38336],[32.71337,-18.38414],[32.71348,-18.38474],[32.71355,-18.38489],[32.71368,-18.38504],[32.71378,-18.38514],[32.71395,-18.38534],[32.7142,-18.38592],[32.71456,-18.38652],[32.71482,-18.38692],[32.71494,-18.38709],[32.71513,-18.38743],[32.71522,-18.38756],[32.71527,-18.38766],[32.7153,-18.38779],[32.71531,-18.3879],[32.7153,-18.38798],[32.71521,-18.38807],[32.7151,-18.38814],[32.71499,-18.38822],[32.71484,-18.3884],[32.71472,-18.38863],[32.71465,-18.38889],[32.71458,-18.38913],[32.71459,-18.38936],[32.71463,-18.38959],[32.71498,-18.39028],[32.71553,-18.39112],[32.71558,-18.39117],[32.7157,-18.39127],[32.71583,-18.39131],[32.71597,-18.39129],[32.71613,-18.39123],[32.71638,-18.39108],[32.71671,-18.39083],[32.71681,-18.39076],[32.71695,-18.39075],[32.7171,-18.39078],[32.71719,-18.39081],[32.71738,-18.39091],[32.71751,-18.39099],[32.71791,-18.39141],[32.71824,-18.3916],[32.71836,-18.39164],[32.71847,-18.39167],[32.71864,-18.39169],[32.71926,-18.39169],[32.71955,-18.3917],[32.71965,-18.39174],[32.71971,-18.39178],[32.71979,-18.39187],[32.71987,-18.39207],[32.71999,-18.39248],[32.72001,-18.3929],[32.71995,-18.39369],[32.71995,-18.39386],[32.71995,-18.39398],[32.72002,-18.39417],[32.7201,-18.39435],[32.72022,-18.39454],[32.72038,-18.39474],[32.72057,-18.39491],[32.72086,-18.395],[32.7212,-18.39502],[32.72138,-18.39499],[32.72155,-18.3949],[32.72173,-18.39476],[32.72192,-18.39455],[32.72201,-18.39437],[32.72214,-18.39383],[32.72223,-18.39335],[32.72228,-18.39319],[32.7224,-18.39297],[32.72258,-18.3927],[32.72283,-18.39241],[32.72307,-18.39217],[32.72343,-18.39184],[32.72418,-18.39099],[32.72473,-18.39043],[32.72505,-18.39004],[32.72521,-18.38976],[32.72545,-18.3893],[32.72582,-18.3886],[32.72594,-18.38832],[32.72598,-18.38811],[32.726,-18.38799],[32.72606,-18.38791],[32.72611,-18.38787],[32.7262,-18.3878],[32.72631,-18.38767],[32.7264,-18.38755],[32.7265,-18.38747],[32.72661,-18.3874],[32.72667,-18.38733],[32.72672,-18.38721],[32.72674,-18.38697],[32.72677,-18.38669],[32.72678,-18.38663],[32.72682,-18.38658],[32.72689,-18.38655],[32.72697,-18.38657],[32.72725,-18.38674],[32.72743,-18.38687],[32.72757,-18.38702],[32.72761,-18.38711],[32.72767,-18.38727],[32.72774,-18.38765],[32.72774,-18.38779],[32.72779,-18.38788],[32.72785,-18.38799],[32.72796,-18.3881],[32.72806,-18.38818],[32.72811,-18.38831],[32.72814,-18.38842],[32.72813,-18.38855]]}},{"type":"Feature","properties":{"kind":"track","name":""},"geometry":{"type":"LineString","coordinates":[[32.71847,-18.39167],[32.71854,-18.39176],[32.71872,-18.39182],[32.71913,-18.39186],[32.71942,-18.39188],[32.71955,-18.39203],[32.71963,-18.39261],[32.71931,-18.39304],[32.71884,-18.39388],[32.71874,-18.39437],[32.71896,-18.39519],[32.71924,-18.39582],[32.71972,-18.39669],[32.71982,-18.3974],[32.71982,-18.39763],[32.71983,-18.39812],[32.72012,-18.399],[32.72036,-18.39921],[32.72061,-18.39924],[32.72068,-18.39923],[32.72077,-18.39907],[32.7208,-18.39865],[32.72083,-18.39841],[32.72102,-18.39833],[32.72159,-18.39853],[32.72163,-18.39913],[32.72145,-18.39986],[32.72125,-18.40018],[32.7211,-18.40035],[32.72061,-18.4016],[32.72051,-18.40194],[32.72049,-18.40271],[32.72047,-18.40291],[32.7204,-18.40299],[32.72029,-18.40306],[32.71975,-18.40307],[32.71933,-18.4031],[32.71911,-18.40314],[32.71899,-18.40318],[32.71887,-18.40326],[32.71876,-18.40335],[32.71866,-18.40349],[32.71857,-18.40361],[32.71849,-18.40381],[32.71842,-18.40402],[32.71829,-18.40434],[32.71823,-18.40449],[32.71809,-18.40473],[32.71806,-18.40481],[32.71806,-18.40487],[32.71811,-18.40489],[32.7182,-18.40487],[32.71824,-18.40485],[32.71827,-18.4048],[32.71844,-18.40451],[32.71861,-18.40435],[32.71887,-18.40413],[32.71921,-18.40403],[32.71942,-18.40409],[32.71962,-18.40415],[32.71975,-18.4043],[32.7199,-18.40454],[32.72,-18.40502],[32.72021,-18.40548],[32.72042,-18.40568],[32.72081,-18.40586],[32.72132,-18.40606],[32.722,-18.40662],[32.72221,-18.40672],[32.72257,-18.40678],[32.72294,-18.40682],[32.72326,-18.40679],[32.7239,-18.4067],[32.72463,-18.40671],[32.72512,-18.40675],[32.72578,-18.40687],[32.72596,-18.40682],[32.72609,-18.40676],[32.72617,-18.40671],[32.72626,-18.40664],[32.72636,-18.4065],[32.72642,-18.40637],[32.72649,-18.40618],[32.72655,-18.40587],[32.72653,-18.40557],[32.72647,-18.40523],[32.72642,-18.40505],[32.72635,-18.40485],[32.72622,-18.40464],[32.72616,-18.40455],[32.72608,-18.40448],[32.72596,-18.40439],[32.72568,-18.40426],[32.7253,-18.40415],[32.72493,-18.40408],[32.72432,-18.40391],[32.72394,-18.40368],[32.72364,-18.40344],[32.72341,-18.40317],[32.7231,-18.40265],[32.72299,-18.40233],[32.72292,-18.40201],[32.72287,-18.40156],[32.72289,-18.40134],[32.72303,-18.40103],[32.72331,-18.40056],[32.72357,-18.4003],[32.72397,-18.39978],[32.72418,-18.39924],[32.72441,-18.39879],[32.72481,-18.3983],[32.72555,-18.39791],[32.72588,-18.39768],[32.72595,-18.39718],[32.72586,-18.39653],[32.72598,-18.39608],[32.72636,-18.39563],[32.72657,-18.39522],[32.72697,-18.39463],[32.72776,-18.39358],[32.72828,-18.39315],[32.72876,-18.39285],[32.72925,-18.39284],[32.72958,-18.39314],[32.72963,-18.39356],[32.72973,-18.39399],[32.72989,-18.39413],[32.72999,-18.39412],[32.73018,-18.39387],[32.73059,-18.39335],[32.73085,-18.39228],[32.73092,-18.39178],[32.73102,-18.39164],[32.73118,-18.39154],[32.73129,-18.3915],[32.73146,-18.39153],[32.73167,-18.39162],[32.73192,-18.39173],[32.73222,-18.39193],[32.7325,-18.39218],[32.73265,-18.39237],[32.73279,-18.39262],[32.73293,-18.39288],[32.73299,-18.393],[32.73308,-18.39311],[32.73326,-18.39323],[32.73353,-18.39335],[32.73391,-18.39358],[32.73413,-18.39375],[32.73421,-18.3938],[32.73429,-18.39391],[32.73445,-18.3943],[32.73462,-18.39474],[32.73473,-18.39534],[32.73486,-18.3959],[32.73488,-18.39603],[32.73492,-18.39613],[32.73498,-18.39618],[32.7351,-18.39625],[32.7352,-18.39627],[32.73529,-18.39627],[32.73538,-18.39621],[32.73548,-18.39607],[32.73555,-18.39589],[32.73556,-18.39562],[32.73558,-18.39533],[32.73564,-18.39521],[32.73574,-18.39515],[32.73586,-18.3951],[32.73609,-18.39509],[32.73763,-18.39518],[32.73829,-18.39522],[32.73847,-18.39527],[32.73883,-18.39544],[32.73957,-18.39587],[32.73984,-18.39598],[32.73999,-18.39603],[32.7401,-18.39605],[32.7402,-18.39604],[32.7403,-18.39599],[32.74034,-18.39592],[32.74034,-18.39575],[32.74038,-18.39563],[32.74046,-18.3955],[32.74095,-18.3946],[32.74104,-18.39446],[32.74103,-18.39435],[32.741,-18.39425],[32.74092,-18.39413],[32.7407,-18.39386],[32.74064,-18.39371],[32.74064,-18.39354],[32.74073,-18.39337],[32.74085,-18.39322],[32.74109,-18.39285],[32.74139,-18.39249],[32.74167,-18.39217],[32.7418,-18.39208],[32.74188,-18.39206],[32.74192,-18.39208],[32.74193,-18.39214],[32.74189,-18.39218],[32.74175,-18.3923],[32.74161,-18.39244],[32.74146,-18.39276],[32.74134,-18.39316],[32.74127,-18.39347],[32.74127,-18.39373],[32.74132,-18.39396],[32.74146,-18.39421],[32.74155,-18.39447],[32.74158,-18.3947],[32.74158,-18.3948],[32.74152,-18.39489],[32.74145,-18.395],[32.74143,-18.39516],[32.74135,-18.39565],[32.74126,-18.39598],[32.74117,-18.39647],[32.74106,-18.397],[32.74108,-18.39727],[32.74119,-18.39783],[32.74154,-18.39907],[32.74165,-18.39924],[32.74173,-18.39936],[32.74175,-18.39949],[32.74174,-18.39966],[32.74168,-18.39985],[32.74158,-18.40007],[32.74142,-18.40038],[32.74141,-18.40053],[32.74147,-18.40073],[32.7417,-18.40137],[32.74199,-18.40216],[32.74221,-18.40242],[32.74248,-18.40269],[32.74299,-18.40292],[32.74339,-18.4031],[32.74386,-18.40312],[32.74463,-18.40281],[32.74529,-18.4025],[32.7459,-18.40235]]}},{"type":"Feature","properties":{"kind":"road","name":""},"geometry":{"type":"LineString","coordinates":[[32.61664,-18.28798],[32.61693,-18.2881],[32.61775,-18.28838],[32.61802,-18.28845],[32.61848,-18.28851],[32.61879,-18.28847],[32.61912,-18.28836],[32.61984,-18.28807],[32.6211,-18.28708],[32.62217,-18.2863],[32.62228,-18.28622],[32.62242,-18.28605],[32.62244,-18.28597],[32.62246,-18.28572],[32.62242,-18.28513],[32.62232,-18.28441],[32.62235,-18.28425],[32.62239,-18.28401],[32.62255,-18.28362],[32.62266,-18.28325],[32.62277,-18.2828],[32.62295,-18.28193],[32.62299,-18.2815],[32.62301,-18.28099],[32.62306,-18.28072],[32.62327,-18.27972],[32.62332,-18.27936],[32.62343,-18.27811],[32.62349,-18.27783],[32.62363,-18.27719],[32.62375,-18.27674],[32.6241,-18.27557],[32.62417,-18.27527],[32.62422,-18.27505],[32.62438,-18.27432],[32.62441,-18.27413],[32.62443,-18.27388],[32.62444,-18.27357],[32.62431,-18.27309],[32.62416,-18.27272],[32.62397,-18.27241],[32.6237,-18.27212],[32.62346,-18.27199],[32.62286,-18.27159],[32.62271,-18.27149],[32.62263,-18.27136],[32.6226,-18.27122],[32.62264,-18.27113],[32.62279,-18.27101],[32.62302,-18.27086],[32.62325,-18.27076],[32.62363,-18.27051],[32.62377,-18.27037],[32.62395,-18.2702],[32.62399,-18.27009],[32.6241,-18.26984],[32.62418,-18.26962],[32.62423,-18.2694],[32.62429,-18.26911],[32.62442,-18.26883],[32.62456,-18.26865],[32.62462,-18.26848],[32.62461,-18.26838],[32.62458,-18.26806],[32.62454,-18.26787],[32.62453,-18.26769],[32.62453,-18.26753],[32.62453,-18.26738],[32.6245,-18.26717],[32.62439,-18.26688],[32.62435,-18.26671],[32.6243,-18.26657],[32.62425,-18.26644],[32.62413,-18.26628],[32.62369,-18.26562],[32.62353,-18.26533],[32.62336,-18.26507],[32.62329,-18.26494],[32.6232,-18.26483],[32.62298,-18.26461],[32.62267,-18.26433],[32.62256,-18.26417],[32.62252,-18.26405],[32.62246,-18.26369],[32.62237,-18.26351],[32.62227,-18.26343],[32.62209,-18.26336],[32.62169,-18.26324],[32.62133,-18.26308],[32.62102,-18.26277],[32.62085,-18.26262],[32.62057,-18.26219],[32.62046,-18.26189],[32.62039,-18.26161],[32.62035,-18.2611],[32.62036,-18.26087],[32.62038,-18.26078],[32.62055,-18.2605],[32.62088,-18.25988],[32.62117,-18.25938],[32.62136,-18.25917],[32.62175,-18.25861],[32.62212,-18.2582],[32.62255,-18.25767],[32.62279,-18.25725],[32.62286,-18.257],[32.62316,-18.25602],[32.62324,-18.25574],[32.62325,-18.25551],[32.62319,-18.25497],[32.62315,-18.25435],[32.62319,-18.25412],[32.62334,-18.25372],[32.62337,-18.25354],[32.62336,-18.25327],[32.62335,-18.25312],[32.62337,-18.25292],[32.6234,-18.25278],[32.6235,-18.25263],[32.62372,-18.25237],[32.62439,-18.25178],[32.62455,-18.25158],[32.62457,-18.25144],[32.62455,-18.25124],[32.62451,-18.25104],[32.62452,-18.25088],[32.62465,-18.2506],[32.62468,-18.25045],[32.62476,-18.25029],[32.62487,-18.25014],[32.62484,-18.24999],[32.62479,-18.24983],[32.6248,-18.24975],[32.62489,-18.2496],[32.62492,-18.24952],[32.62487,-18.24938],[32.62484,-18.24927],[32.62489,-18.24912],[32.6252,-18.24865],[32.62534,-18.24851],[32.62557,-18.24837],[32.62566,-18.2483],[32.62576,-18.24815],[32.62585,-18.24808],[32.62599,-18.24803],[32.62608,-18.24801],[32.62629,-18.24797],[32.62644,-18.24791],[32.62652,-18.24786],[32.6266,-18.24776],[32.62671,-18.2476],[32.62679,-18.24745],[32.62688,-18.24727],[32.62702,-18.24708],[32.62722,-18.24694],[32.62761,-18.24674],[32.62774,-18.24664],[32.62799,-18.24648],[32.6281,-18.24638],[32.62813,-18.24633],[32.62816,-18.24625],[32.6282,-18.24618],[32.6283,-18.24608],[32.62849,-18.24579],[32.6286,-18.24562],[32.62881,-18.24536],[32.62916,-18.24503],[32.62951,-18.24477],[32.62984,-18.24451],[32.63007,-18.24432],[32.63055,-18.244],[32.63077,-18.2438],[32.63126,-18.24336],[32.63157,-18.24315],[32.63189,-18.24296],[32.63204,-18.24285],[32.63237,-18.24273],[32.6325,-18.24262],[32.63255,-18.24249],[32.63256,-18.24232],[32.63259,-18.24221],[32.63267,-18.24209],[32.63295,-18.24189],[32.63324,-18.24157],[32.63348,-18.24131],[32.63361,-18.24123],[32.6337,-18.24116],[32.63388,-18.24102],[32.63405,-18.24084],[32.6343,-18.24055],[32.63487,-18.23981],[32.63519,-18.23934],[32.63561,-18.23863],[32.63587,-18.23826],[32.63619,-18.23782],[32.63639,-18.23753],[32.63663,-18.23728],[32.63685,-18.23704],[32.63708,-18.23681],[32.63738,-18.23647],[32.63744,-18.23629],[32.63746,-18.23612],[32.63739,-18.23577],[32.63732,-18.23542],[32.6373,-18.2353],[32.63727,-18.23521],[32.6372,-18.23511],[32.63699,-18.23482],[32.63675,-18.23454],[32.63648,-18.23421],[32.63639,-18.23409],[32.63633,-18.2339],[32.6363,-18.2336],[32.63627,-18.23334],[32.63623,-18.23307],[32.63614,-18.23271],[32.636,-18.23211],[32.6359,-18.23159],[32.63583,-18.23113],[32.63582,-18.23091],[32.63581,-18.23052],[32.63581,-18.23034],[32.63585,-18.23012],[32.63593,-18.22996],[32.63603,-18.22983],[32.63622,-18.22965],[32.63647,-18.22945],[32.63668,-18.22934],[32.63691,-18.22925],[32.63735,-18.22904]]}},{"type":"Feature","properties":{"kind":"road","name":""},"geometry":{"type":"LineString","coordinates":[[32.59457,-18.19927],[32.59505,-18.19954],[32.59521,-18.19963],[32.59529,-18.19972],[32.59602,-18.20043],[32.59667,-18.20107],[32.59701,-18.20138],[32.59724,-18.2016],[32.59749,-18.20179],[32.5978,-18.20197],[32.59845,-18.20238],[32.59894,-18.20268],[32.59912,-18.20279],[32.59945,-18.20292],[32.59974,-18.20301],[32.60017,-18.2031],[32.60038,-18.20322],[32.60066,-18.20347],[32.60085,-18.20364],[32.60113,-18.2038],[32.60149,-18.20396],[32.60173,-18.20406],[32.60205,-18.2041],[32.60234,-18.20416],[32.60254,-18.20414],[32.60271,-18.20409],[32.60293,-18.20399],[32.60341,-18.20379],[32.60366,-18.20369],[32.60377,-18.20367],[32.60398,-18.20367],[32.60462,-18.20382],[32.60489,-18.20393],[32.60529,-18.20417],[32.60549,-18.20439],[32.60561,-18.20457],[32.60574,-18.20464],[32.60601,-18.20475],[32.60627,-18.20479],[32.60658,-18.20477],[32.60678,-18.2048],[32.60711,-18.20491],[32.6074,-18.20511],[32.6075,-18.20519],[32.60762,-18.20521],[32.60783,-18.20518],[32.60809,-18.20508],[32.60819,-18.20508],[32.60846,-18.20514],[32.60867,-18.20516],[32.60887,-18.20512],[32.60911,-18.20503],[32.60956,-18.20478],[32.60993,-18.20462],[32.61037,-18.20441],[32.61052,-18.20429],[32.61067,-18.20412],[32.6109,-18.20386],[32.61109,-18.20368],[32.61148,-18.20341],[32.61205,-18.20306],[32.61225,-18.20291],[32.61233,-18.20281],[32.6124,-18.20268],[32.61251,-18.20255],[32.61263,-18.20252],[32.61278,-18.20248],[32.61304,-18.20248],[32.61321,-18.20255],[32.61401,-18.2029],[32.61457,-18.20317],[32.61473,-18.20319],[32.61489,-18.20317],[32.61518,-18.20308],[32.6157,-18.20297],[32.61612,-18.20295],[32.61657,-18.20298],[32.61684,-18.20297],[32.61726,-18.20292],[32.61743,-18.20286],[32.61762,-18.20277],[32.61799,-18.20263],[32.61843,-18.20254],[32.61885,-18.20254],[32.61919,-18.20261],[32.6194,-18.20262],[32.61962,-18.20257],[32.62005,-18.2024],[32.62031,-18.20227],[32.6205,-18.20223],[32.62069,-18.20223],[32.62086,-18.20228],[32.62113,-18.20237],[32.62131,-18.20251],[32.62142,-18.20256],[32.62156,-18.20257],[32.6218,-18.20255],[32.62222,-18.2026],[32.62262,-18.20266],[32.62285,-18.20267],[32.62312,-18.20261],[32.62332,-18.20261],[32.62344,-18.20265],[32.62382,-18.20283],[32.6243,-18.20299],[32.62475,-18.20313],[32.62496,-18.20325],[32.62516,-18.20335],[32.62564,-18.2037],[32.62605,-18.20404],[32.62662,-18.20452],[32.62698,-18.20483],[32.62728,-18.20508]]}},{"type":"Feature","properties":{"kind":"road","name":""},"geometry":{"type":"LineString","coordinates":[[32.63513,-18.16818],[32.63517,-18.16787],[32.63521,-18.16746],[32.63526,-18.16693],[32.63529,-18.1667],[32.63531,-18.16653],[32.63532,-18.16643],[32.63533,-18.16635],[32.63529,-18.16628],[32.63525,-18.1662],[32.63523,-18.16611],[32.63525,-18.16605],[32.63532,-18.16598],[32.63541,-18.16593],[32.63554,-18.16585],[32.63568,-18.16578],[32.6358,-18.16575],[32.6359,-18.16571],[32.63601,-18.16564],[32.6361,-18.16555],[32.63618,-18.16546],[32.63627,-18.16533],[32.63635,-18.1652],[32.63647,-18.16501],[32.63665,-18.16478],[32.63681,-18.16461],[32.63701,-18.16442],[32.63721,-18.16422],[32.63737,-18.16406],[32.63775,-18.1637],[32.63792,-18.16351],[32.63811,-18.16334],[32.63826,-18.16319],[32.63835,-18.16307],[32.63849,-18.1629],[32.63858,-18.16275],[32.63866,-18.16262],[32.63881,-18.16237],[32.63928,-18.16156],[32.6396,-18.16094],[32.63983,-18.1605],[32.63988,-18.16042],[32.63992,-18.16033],[32.63993,-18.16024],[32.63992,-18.16014],[32.63991,-18.1599],[32.63989,-18.15974],[32.63987,-18.15963],[32.6398,-18.15935],[32.63976,-18.15907],[32.63974,-18.15892],[32.63975,-18.1588],[32.63977,-18.15862],[32.63976,-18.15845],[32.63975,-18.15833],[32.63973,-18.15818],[32.6397,-18.15806],[32.63968,-18.15794],[32.63951,-18.15723],[32.63938,-18.15677],[32.6393,-18.15647],[32.63923,-18.15619],[32.63916,-18.15591],[32.63911,-18.15573],[32.63903,-18.15556],[32.63896,-18.15542],[32.63862,-18.15477],[32.63815,-18.15381],[32.6378,-18.15312],[32.63771,-18.15291],[32.63767,-18.15276],[32.63765,-18.15259],[32.63767,-18.15241],[32.63771,-18.15214],[32.63774,-18.15181],[32.63775,-18.15165],[32.63773,-18.15146],[32.63769,-18.15078],[32.63766,-18.15045],[32.63762,-18.15028],[32.63758,-18.15012],[32.63749,-18.14985],[32.63737,-18.14948],[32.63732,-18.14938],[32.63725,-18.14931],[32.63718,-18.14924],[32.63698,-18.14906]]}},{"type":"Feature","properties":{"kind":"river","name":"Ngarawi"},"geometry":{"type":"LineString","coordinates":[[32.72362,-18.17846],[32.72271,-18.17729],[32.72229,-18.17665],[32.72134,-18.17602],[32.72036,-18.17563],[32.71938,-18.17484],[32.71858,-18.17458],[32.7169,-18.17422],[32.71486,-18.17408],[32.71241,-18.17437],[32.71165,-18.17426],[32.71073,-18.17449],[32.70928,-18.17357],[32.70826,-18.1732],[32.70738,-18.17322],[32.70694,-18.17306],[32.7064,-18.17301],[32.70588,-18.17282],[32.70477,-18.1715],[32.70299,-18.17107],[32.70232,-18.1708],[32.70196,-18.17065],[32.70088,-18.17032],[32.69988,-18.16997],[32.69907,-18.17023],[32.69751,-18.17115],[32.69719,-18.17134],[32.69618,-18.17167],[32.69455,-18.17173],[32.69371,-18.17144],[32.69284,-18.1713],[32.6923,-18.17139],[32.69201,-18.17123],[32.69049,-18.17173],[32.6883,-18.17211],[32.6873,-18.17228],[32.68694,-18.17219],[32.68648,-18.17194],[32.68611,-18.17193],[32.68554,-18.17214],[32.68443,-18.17232],[32.68413,-18.17256],[32.68324,-18.17304],[32.68307,-18.17327],[32.68204,-18.17352],[32.68151,-18.17358],[32.68084,-18.17346],[32.68017,-18.17379],[32.67976,-18.17408],[32.6794,-18.17426],[32.67826,-18.17413],[32.67749,-18.1737],[32.6768,-18.17364],[32.67616,-18.17375],[32.67556,-18.1739],[32.67527,-18.17387],[32.67477,-18.1738],[32.67418,-18.17416],[32.67349,-18.17444],[32.67232,-18.17446],[32.67151,-18.17424],[32.66964,-18.17357],[32.66885,-18.17362],[32.66793,-18.17374],[32.6674,-18.17349],[32.66706,-18.17351],[32.66598,-18.17305],[32.66574,-18.1728],[32.66533,-18.17246],[32.66505,-18.17246],[32.66465,-18.17256],[32.66443,-18.17311],[32.66384,-18.1737],[32.6631,-18.17404],[32.6621,-18.17411],[32.66135,-18.17401],[32.66096,-18.17373],[32.66086,-18.17345],[32.66048,-18.17316],[32.65973,-18.17307],[32.65927,-18.17312],[32.65879,-18.17345],[32.65823,-18.17411],[32.65603,-18.17517],[32.65515,-18.1753],[32.65428,-18.17535],[32.65309,-18.17501],[32.65173,-18.17477],[32.65114,-18.1742],[32.64918,-18.17373],[32.64404,-18.17472],[32.64217,-18.1746],[32.64156,-18.17465],[32.63985,-18.17479],[32.63922,-18.17508],[32.63878,-18.17544],[32.63626,-18.17497],[32.63536,-18.17466],[32.63431,-18.17408],[32.63316,-18.17392],[32.63254,-18.17412],[32.63151,-18.17427]]}},{"type":"Feature","properties":{"kind":"road","name":""},"geometry":{"type":"LineString","coordinates":[[32.63586,-18.17475],[32.63584,-18.17468],[32.63578,-18.17463],[32.63568,-18.17457],[32.63555,-18.17451],[32.63544,-18.17443],[32.63533,-18.17433],[32.63527,-18.17415],[32.63521,-18.1737],[32.63501,-18.17161],[32.63498,-18.17132],[32.635,-18.17114],[32.63505,-18.17086],[32.63508,-18.17057],[32.6351,-18.17041],[32.63506,-18.17022],[32.63499,-18.16997],[32.63484,-18.1696],[32.63479,-18.16938],[32.63481,-18.16916],[32.63491,-18.1687],[32.63496,-18.16851],[32.63502,-18.16833],[32.63513,-18.16818],[32.63535,-18.168],[32.63548,-18.16785],[32.63563,-18.16761],[32.63585,-18.16729],[32.63603,-18.167],[32.63619,-18.1668],[32.63636,-18.16669],[32.63665,-18.16655],[32.63693,-18.16652],[32.6371,-18.16653],[32.63731,-18.16655],[32.63754,-18.16653],[32.63777,-18.16649],[32.63801,-18.16643],[32.63817,-18.16636],[32.63838,-18.16617],[32.63894,-18.16566],[32.63961,-18.16506],[32.64006,-18.16461],[32.64058,-18.16405],[32.64095,-18.16363],[32.64145,-18.16325],[32.6419,-18.16293],[32.64244,-18.16248],[32.64259,-18.16235],[32.64305,-18.16205],[32.64323,-18.16196],[32.64347,-18.16188],[32.64403,-18.16174],[32.64433,-18.16162],[32.64457,-18.16149],[32.64495,-18.16123],[32.6451,-18.16109],[32.64521,-18.16098],[32.64526,-18.16084],[32.64531,-18.16059],[32.64536,-18.16034],[32.64541,-18.1601],[32.64549,-18.15988],[32.64565,-18.15967],[32.64579,-18.15951],[32.64597,-18.1593],[32.64616,-18.15905],[32.64647,-18.15867],[32.64712,-18.15787],[32.64746,-18.1575],[32.6476,-18.15737],[32.64827,-18.15691],[32.64876,-18.1566],[32.64954,-18.15614],[32.64978,-18.15601],[32.65006,-18.15588],[32.65033,-18.15574],[32.65082,-18.15548],[32.65116,-18.1553],[32.65132,-18.15522],[32.65157,-18.15508],[32.65186,-18.15492],[32.65207,-18.15478],[32.6522,-18.15465],[32.65234,-18.15445],[32.65244,-18.15428],[32.65256,-18.15406],[32.65271,-18.15379],[32.65283,-18.15355],[32.65296,-18.15334],[32.65311,-18.15312],[32.6533,-18.15294],[32.65344,-18.15281],[32.65366,-18.15269]]}},{"type":"Feature","properties":{"kind":"road","name":""},"geometry":{"type":"LineString","coordinates":[[32.63574,-18.17496],[32.63586,-18.17475]]}},{"type":"Feature","properties":{"kind":"road","name":""},"geometry":{"type":"LineString","coordinates":[[32.63789,-18.18225],[32.63744,-18.18218],[32.63557,-18.18195],[32.63393,-18.18168]]}},{"type":"Feature","properties":{"kind":"road","name":""},"geometry":{"type":"LineString","coordinates":[[32.63788,-18.20167],[32.63752,-18.20176]]}},{"type":"Feature","properties":{"kind":"road","name":""},"geometry":{"type":"LineString","coordinates":[[32.64774,-18.2021],[32.64766,-18.20216],[32.64709,-18.20238],[32.64681,-18.20247],[32.64642,-18.2025],[32.64602,-18.20246],[32.64571,-18.20242],[32.64499,-18.20232],[32.64378,-18.20211],[32.64209,-18.20183],[32.64104,-18.20165],[32.64051,-18.2015],[32.64034,-18.20146],[32.64009,-18.20144],[32.63982,-18.20142],[32.63941,-18.20145],[32.63903,-18.20151],[32.63854,-18.20156],[32.63818,-18.20159],[32.63788,-18.20167]]}},{"type":"Feature","properties":{"kind":"road","name":""},"geometry":{"type":"LineString","coordinates":[[32.63032,-18.2372],[32.63034,-18.23733],[32.63038,-18.23763]]}},{"type":"Feature","properties":{"kind":"river","name":""},"geometry":{"type":"LineString","coordinates":[[32.48284,-18.33811],[32.48299,-18.33789],[32.48316,-18.33774],[32.48347,-18.33746],[32.48408,-18.3373],[32.48478,-18.33737],[32.48503,-18.33711],[32.48526,-18.33675],[32.48558,-18.33583],[32.48606,-18.33566],[32.48647,-18.33508],[32.48689,-18.33491],[32.48717,-18.33506],[32.48766,-18.33501],[32.48832,-18.33499],[32.48916,-18.33434],[32.48967,-18.33395],[32.4906,-18.3333],[32.49162,-18.33283],[32.49208,-18.33274],[32.49276,-18.33277],[32.49309,-18.33246],[32.49351,-18.33173],[32.49417,-18.33105],[32.49459,-18.33084],[32.49496,-18.33076],[32.49545,-18.33041],[32.4958,-18.33006],[32.49687,-18.32944],[32.49708,-18.32942],[32.49726,-18.32911],[32.49719,-18.32891],[32.49765,-18.32766],[32.49752,-18.32754],[32.49785,-18.32712],[32.49804,-18.32712],[32.49866,-18.32705],[32.49915,-18.32684],[32.49933,-18.32638],[32.49957,-18.32607],[32.50039,-18.32565],[32.50081,-18.32541],[32.50109,-18.32459],[32.50119,-18.32462],[32.50141,-18.32453],[32.50244,-18.32396],[32.50255,-18.32378],[32.50261,-18.32368],[32.503,-18.32346],[32.50331,-18.32331],[32.50352,-18.32308],[32.50398,-18.32266],[32.50416,-18.32258],[32.50442,-18.3224],[32.50485,-18.32209],[32.50573,-18.32138],[32.50603,-18.32111],[32.50658,-18.32076],[32.50701,-18.32062],[32.50788,-18.32008],[32.50855,-18.31942],[32.50897,-18.31922],[32.50959,-18.3191],[32.51026,-18.31883],[32.51057,-18.31854],[32.51099,-18.31811],[32.51141,-18.31726],[32.51159,-18.31701],[32.51216,-18.31678],[32.5125,-18.31667],[32.51275,-18.31641],[32.5131,-18.31602],[32.51316,-18.31581],[32.51333,-18.31518],[32.5136,-18.31467],[32.51388,-18.31446],[32.51427,-18.31422],[32.51492,-18.31375],[32.51511,-18.31369],[32.51526,-18.31377],[32.5155,-18.31432],[32.51566,-18.31445],[32.51623,-18.31449],[32.5168,-18.31428],[32.51735,-18.31395],[32.51776,-18.31373],[32.51837,-18.31284],[32.51842,-18.31252],[32.51846,-18.31218],[32.5184,-18.31196],[32.51823,-18.31164],[32.51804,-18.31086],[32.51823,-18.31079],[32.51865,-18.3107],[32.5188,-18.31078],[32.51908,-18.31089],[32.5198,-18.31089],[32.52017,-18.31077],[32.52033,-18.31085],[32.52076,-18.31101],[32.52129,-18.31138],[32.52175,-18.31126],[32.52213,-18.311],[32.52308,-18.3104],[32.524,-18.30974],[32.52419,-18.30957],[32.52432,-18.3094],[32.52473,-18.30922],[32.52516,-18.30891],[32.5258,-18.30876],[32.52634,-18.30836],[32.52657,-18.30826],[32.52699,-18.30796],[32.52747,-18.30783],[32.52759,-18.30769],[32.52774,-18.3075],[32.52801,-18.30734],[32.52851,-18.307],[32.53044,-18.30572],[32.53204,-18.30456],[32.53267,-18.30424],[32.53339,-18.3037],[32.53575,-18.30244],[32.53622,-18.3019],[32.53706,-18.30159],[32.53738,-18.30158],[32.53792,-18.30165],[32.53844,-18.30165],[32.53896,-18.30147],[32.53937,-18.30125],[32.53944,-18.30042],[32.53949,-18.29997],[32.53994,-18.29983],[32.54026,-18.29989],[32.54063,-18.29997],[32.54131,-18.30024],[32.54194,-18.30031],[32.54273,-18.30039],[32.54318,-18.30019],[32.54319,-18.29974],[32.54324,-18.29951],[32.54332,-18.2992],[32.54341,-18.29909],[32.54357,-18.29884],[32.54359,-18.29843],[32.5437,-18.29822],[32.54409,-18.29819],[32.5447,-18.29797],[32.54492,-18.2978],[32.54497,-18.29747],[32.54509,-18.29717],[32.54522,-18.29705],[32.54549,-18.29694],[32.54576,-18.29693],[32.54612,-18.29676],[32.54622,-18.29658],[32.54628,-18.29624],[32.54639,-18.29589],[32.54669,-18.29515],[32.5472,-18.29479],[32.54739,-18.29481],[32.5478,-18.29463],[32.54913,-18.29439],[32.55013,-18.29412],[32.55097,-18.29392],[32.55162,-18.2933],[32.55186,-18.29285],[32.55167,-18.29267],[32.55187,-18.29222],[32.5522,-18.29182],[32.5522,-18.29115],[32.55216,-18.29082],[32.55232,-18.29061],[32.55301,-18.29019],[32.55331,-18.29018],[32.55347,-18.29036],[32.55371,-18.29033],[32.55406,-18.29024],[32.55442,-18.29004],[32.55483,-18.28965],[32.55501,-18.28944],[32.55544,-18.2893],[32.55569,-18.28902],[32.55596,-18.28866],[32.55609,-18.28804],[32.55621,-18.28794],[32.55664,-18.28741],[32.55664,-18.28712],[32.55635,-18.2869],[32.55626,-18.28669],[32.55645,-18.28652],[32.5568,-18.28634],[32.55688,-18.28588],[32.557,-18.2857],[32.55745,-18.28573],[32.55764,-18.28577],[32.55802,-18.28579],[32.55821,-18.28582],[32.5586,-18.28595],[32.55921,-18.28576],[32.55936,-18.28561],[32.55947,-18.28543],[32.55982,-18.28508],[32.56001,-18.28505],[32.56047,-18.28526],[32.56111,-18.28522],[32.56134,-18.28509],[32.56193,-18.2844],[32.56217,-18.28391],[32.56229,-18.28299],[32.56286,-18.28281],[32.56351,-18.28281],[32.56419,-18.28269],[32.5645,-18.28243],[32.56478,-18.28212],[32.56526,-18.28183],[32.5656,-18.2817],[32.56602,-18.28143],[32.56614,-18.28144],[32.56657,-18.28132],[32.56708,-18.28109],[32.56756,-18.28116],[32.56813,-18.28132],[32.56866,-18.28118],[32.5691,-18.28094],[32.56989,-18.27947],[32.57026,-18.27937],[32.57057,-18.27925],[32.57141,-18.27883],[32.57224,-18.27836],[32.57228,-18.27797],[32.57257,-18.27753],[32.57341,-18.27679],[32.57509,-18.27603],[32.57527,-18.27573],[32.57512,-18.27539],[32.57451,-18.27453],[32.57473,-18.27383],[32.57529,-18.27393],[32.57586,-18.27394],[32.57628,-18.27386],[32.57687,-18.27283],[32.57763,-18.27245],[32.57861,-18.27254],[32.58001,-18.27293],[32.58069,-18.27241],[32.58088,-18.27194],[32.5833,-18.27006],[32.58534,-18.26958],[32.58542,-18.26928],[32.58544,-18.26775],[32.58765,-18.26633],[32.58847,-18.26636],[32.58932,-18.26549],[32.58999,-18.26511],[32.59021,-18.26517],[32.5905,-18.26531],[32.59076,-18.26526],[32.59093,-18.2651],[32.5911,-18.26509],[32.59152,-18.26465],[32.59241,-18.26348],[32.59252,-18.26274],[32.59323,-18.26197],[32.59401,-18.26192],[32.5974,-18.25999],[32.59914,-18.25871],[32.6015,-18.25732],[32.60225,-18.25688],[32.60383,-18.2559],[32.60426,-18.25544],[32.60442,-18.25495],[32.60456,-18.25458],[32.60534,-18.25366],[32.60573,-18.25409],[32.60652,-18.25397],[32.60785,-18.25301],[32.60971,-18.25138],[32.6124,-18.24902],[32.61384,-18.24849],[32.6144,-18.24788],[32.61806,-18.2457],[32.61948,-18.24429],[32.61982,-18.24356],[32.62016,-18.2433],[32.62064,-18.24293],[32.62343,-18.24156],[32.62563,-18.24021],[32.62605,-18.24006],[32.6266,-18.24031],[32.62733,-18.24036],[32.62785,-18.24001],[32.62872,-18.239],[32.62891,-18.2383],[32.62939,-18.23759],[32.62992,-18.23739],[32.63075,-18.23737],[32.63164,-18.23731],[32.63276,-18.23661],[32.63359,-18.23543],[32.63417,-18.23491],[32.63474,-18.23394],[32.63442,-18.23271],[32.63422,-18.23166],[32.63321,-18.2295],[32.63303,-18.22864],[32.63303,-18.22817],[32.63304,-18.22789],[32.63292,-18.22756]]}},{"type":"Feature","properties":{"kind":"road","name":""},"geometry":{"type":"LineString","coordinates":[[32.63759,-18.22684],[32.63753,-18.22667],[32.63752,-18.2266],[32.63752,-18.22654],[32.63758,-18.2264],[32.63779,-18.22619],[32.63866,-18.22525],[32.63929,-18.22452],[32.63977,-18.22397],[32.64016,-18.22358],[32.64056,-18.22317],[32.64097,-18.22285],[32.6415,-18.22245],[32.64188,-18.22215],[32.64222,-18.22184],[32.64246,-18.22157],[32.64277,-18.22122],[32.64317,-18.22067],[32.64349,-18.22024],[32.64387,-18.21981],[32.64468,-18.21906],[32.64495,-18.2188],[32.64542,-18.21842],[32.64577,-18.21815],[32.64604,-18.21796],[32.64636,-18.21778],[32.64656,-18.21768],[32.64719,-18.21742],[32.64737,-18.21734],[32.64755,-18.21728],[32.64842,-18.21696],[32.64916,-18.21671],[32.64978,-18.21653],[32.6504,-18.21638],[32.65121,-18.21622],[32.65202,-18.21603],[32.65263,-18.21587],[32.65326,-18.21576],[32.65366,-18.21572],[32.65476,-18.21567],[32.65618,-18.21564],[32.65787,-18.2154],[32.65885,-18.21524],[32.65995,-18.21504],[32.66038,-18.215],[32.66093,-18.21499],[32.66194,-18.21498]]}},{"type":"Feature","properties":{"kind":"road","name":""},"geometry":{"type":"LineString","coordinates":[[32.74435,-18.17444],[32.74331,-18.17447],[32.73983,-18.17487],[32.73439,-18.17477],[32.73283,-18.17488],[32.73177,-18.17494],[32.73131,-18.17493],[32.73089,-18.1749],[32.72961,-18.17459],[32.72897,-18.17445],[32.72837,-18.17425],[32.72777,-18.17401],[32.72768,-18.17396],[32.72762,-18.1739],[32.72655,-18.17266],[32.72576,-18.17209],[32.72524,-18.17181],[32.72451,-18.1713],[32.72432,-18.17125],[32.72415,-18.17122],[32.72183,-18.17136],[32.72145,-18.1714],[32.72107,-18.17143],[32.72043,-18.17142],[32.71981,-18.17135],[32.71861,-18.17127],[32.71808,-18.17128],[32.71686,-18.17166],[32.71671,-18.17178],[32.71662,-18.17188],[32.71651,-18.17231],[32.7165,-18.17238],[32.7165,-18.17245],[32.71658,-18.17294],[32.71661,-18.17318],[32.7166,-18.17343],[32.71654,-18.17362],[32.71645,-18.1738],[32.71601,-18.1745],[32.71559,-18.17509],[32.71521,-18.1757],[32.71484,-18.17633],[32.71333,-18.17877],[32.71287,-18.1795],[32.71246,-18.18026],[32.7124,-18.18043],[32.7124,-18.18061],[32.71237,-18.18246],[32.71243,-18.1826],[32.71251,-18.18273],[32.71329,-18.18361],[32.71331,-18.18369],[32.71329,-18.18377],[32.71275,-18.18459],[32.71264,-18.18551],[32.71256,-18.1858],[32.71188,-18.18678],[32.7116,-18.18712],[32.7113,-18.18743],[32.71075,-18.18799],[32.71012,-18.18865],[32.70997,-18.18879],[32.70967,-18.18893],[32.7091,-18.18909],[32.70851,-18.18913],[32.70794,-18.18913],[32.70761,-18.18908],[32.70664,-18.18897],[32.70606,-18.189],[32.70556,-18.18905],[32.70529,-18.18905],[32.70391,-18.18854],[32.70297,-18.18804],[32.70279,-18.18801],[32.70261,-18.18801],[32.70026,-18.18892],[32.69993,-18.1891],[32.69945,-18.18937],[32.69929,-18.18948],[32.69918,-18.18961],[32.69914,-18.18973],[32.6991,-18.18985],[32.69906,-18.19002],[32.69903,-18.19022],[32.699,-18.19032],[32.69895,-18.19048],[32.69888,-18.1907],[32.6988,-18.19091],[32.69875,-18.191],[32.69867,-18.19112],[32.6986,-18.19122],[32.69848,-18.19134],[32.69837,-18.19143],[32.6982,-18.1916],[32.69809,-18.19168],[32.69794,-18.1918],[32.69771,-18.19198],[32.69748,-18.19219],[32.69737,-18.1923],[32.69728,-18.19244],[32.69714,-18.19261],[32.69698,-18.1928],[32.69683,-18.19297],[32.6967,-18.1931],[32.69657,-18.19324],[32.69648,-18.19335],[32.69636,-18.19352],[32.69626,-18.19367],[32.69616,-18.19381],[32.696,-18.19407],[32.69583,-18.19434],[32.69568,-18.19453],[32.69559,-18.19462],[32.69553,-18.19468],[32.69545,-18.19472],[32.69524,-18.19485],[32.69469,-18.19518],[32.6945,-18.19533],[32.6943,-18.19552],[32.69414,-18.19569],[32.69399,-18.19588],[32.69386,-18.19609],[32.69374,-18.19634],[32.6935,-18.19684],[32.69338,-18.19711],[32.69321,-18.19748],[32.69306,-18.19778],[32.69299,-18.19791],[32.69291,-18.19803],[32.69258,-18.19848],[32.69196,-18.19939],[32.69185,-18.19956],[32.69177,-18.19971]]}},{"type":"Feature","properties":{"kind":"road","name":""},"geometry":{"type":"LineString","coordinates":[[32.74469,-18.17252],[32.7447,-18.17234]]}},{"type":"Feature","properties":{"kind":"road","name":""},"geometry":{"type":"LineString","coordinates":[[32.74546,-18.19823],[32.74591,-18.19775],[32.74609,-18.19759],[32.74639,-18.1973],[32.74655,-18.1972],[32.74801,-18.19637],[32.74815,-18.19627],[32.74831,-18.19612],[32.74839,-18.19597],[32.74842,-18.19581],[32.74842,-18.19567],[32.74837,-18.19549],[32.74822,-18.19525],[32.7481,-18.19511],[32.74797,-18.19502],[32.74781,-18.19496],[32.74759,-18.19493],[32.7473,-18.19491],[32.74708,-18.19484],[32.7469,-18.19473],[32.74668,-18.19449],[32.74653,-18.19416],[32.74648,-18.19383],[32.74649,-18.19364],[32.74656,-18.19348],[32.74673,-18.19325],[32.74692,-18.193],[32.74746,-18.19238],[32.74765,-18.19224],[32.74787,-18.19211],[32.74811,-18.19199],[32.74824,-18.1919],[32.74836,-18.19176]]}},{"type":"Feature","properties":{"kind":"road","name":""},"geometry":{"type":"LineString","coordinates":[[32.74509,-18.22817],[32.74468,-18.22785],[32.74442,-18.22761],[32.74427,-18.22752],[32.74403,-18.22744],[32.74367,-18.22735],[32.74353,-18.22734],[32.74343,-18.22736],[32.74335,-18.22742],[32.74312,-18.22774],[32.74313,-18.22784],[32.74322,-18.22796],[32.74399,-18.2286],[32.74436,-18.22892]]}},{"type":"Feature","properties":{"kind":"road","name":""},"geometry":{"type":"LineString","coordinates":[[32.74127,-18.21974],[32.74147,-18.21977],[32.74164,-18.21985],[32.7418,-18.22002]]}},{"type":"Feature","properties":{"kind":"road","name":""},"geometry":{"type":"LineString","coordinates":[[32.74159,-18.2183],[32.74173,-18.21836],[32.74182,-18.21843],[32.74187,-18.21852],[32.74193,-18.21859],[32.74208,-18.21865],[32.74227,-18.21867]]}},{"type":"Feature","properties":{"kind":"road","name":""},"geometry":{"type":"LineString","coordinates":[[32.74468,-18.2185],[32.74477,-18.21915],[32.7448,-18.2193],[32.74488,-18.21938],[32.74505,-18.21947],[32.74523,-18.21954],[32.74548,-18.21961]]}},{"type":"Feature","properties":{"kind":"road","name":""},"geometry":{"type":"LineString","coordinates":[[32.74346,-18.21834],[32.7437,-18.21852],[32.7438,-18.21857],[32.74394,-18.2186],[32.74413,-18.21858],[32.74468,-18.2185],[32.74496,-18.21843],[32.74523,-18.21839],[32.74549,-18.21835],[32.74572,-18.21829],[32.74588,-18.21819],[32.74599,-18.21808],[32.74614,-18.21791],[32.74623,-18.21776],[32.74629,-18.21765],[32.74631,-18.21745],[32.74634,-18.21731]]}},{"type":"Feature","properties":{"kind":"road","name":""},"geometry":{"type":"LineString","coordinates":[[32.74512,-18.21704],[32.74529,-18.21659],[32.74536,-18.21638],[32.74534,-18.2163],[32.74526,-18.21628],[32.74508,-18.21622],[32.74471,-18.21613],[32.74439,-18.21604],[32.74399,-18.21591]]}},{"type":"Feature","properties":{"kind":"road","name":""},"geometry":{"type":"LineString","coordinates":[[32.74501,-18.21701],[32.74494,-18.21718]]}},{"type":"Feature","properties":{"kind":"road","name":""},"geometry":{"type":"LineString","coordinates":[[32.74338,-18.21663],[32.74342,-18.21674],[32.74347,-18.21678],[32.74354,-18.2168],[32.74366,-18.21683],[32.74381,-18.21688],[32.74403,-18.21695],[32.7442,-18.217],[32.74436,-18.21704],[32.74464,-18.21712],[32.74494,-18.21718],[32.74535,-18.21729],[32.7457,-18.21736]]}},{"type":"Feature","properties":{"kind":"road","name":""},"geometry":{"type":"LineString","coordinates":[[32.74821,-18.21481],[32.74823,-18.21464],[32.74841,-18.21379],[32.74841,-18.21368],[32.74841,-18.21353],[32.74853,-18.21344],[32.74873,-18.21334],[32.74895,-18.21321],[32.74903,-18.21312],[32.74907,-18.21295],[32.74905,-18.21282],[32.74898,-18.21276],[32.74877,-18.21264],[32.74854,-18.21251],[32.74835,-18.21244],[32.74816,-18.2124],[32.74795,-18.21244],[32.74773,-18.21253],[32.74731,-18.21272]]}},{"type":"Feature","properties":{"kind":"road","name":""},"geometry":{"type":"LineString","coordinates":[[32.74662,-18.21566],[32.74643,-18.2157],[32.74637,-18.21577],[32.74636,-18.21584],[32.74642,-18.21597],[32.74662,-18.21635],[32.7467,-18.21648],[32.74678,-18.21658],[32.74688,-18.21662],[32.74703,-18.21664],[32.74728,-18.21666]]}},{"type":"Feature","properties":{"kind":"road","name":""},"geometry":{"type":"LineString","coordinates":[[32.74936,-18.21396],[32.74922,-18.21408],[32.74911,-18.21426],[32.74905,-18.21442],[32.74894,-18.21475]]}},{"type":"Feature","properties":{"kind":"road","name":""},"geometry":{"type":"LineString","coordinates":[[32.75172,-18.2123],[32.75093,-18.21292]]}},{"type":"Feature","properties":{"kind":"road","name":""},"geometry":{"type":"LineString","coordinates":[[32.74823,-18.21464],[32.74855,-18.2147],[32.74894,-18.21475],[32.74915,-18.21477],[32.74945,-18.21469],[32.74958,-18.21453],[32.74969,-18.21442],[32.74981,-18.21436],[32.75001,-18.21428],[32.75026,-18.2141],[32.75084,-18.21363],[32.75107,-18.21344],[32.75112,-18.21339],[32.75115,-18.21334],[32.75116,-18.21327],[32.75115,-18.21319],[32.75093,-18.21292],[32.75078,-18.21277],[32.75064,-18.21261],[32.75056,-18.21251],[32.75053,-18.21241],[32.75059,-18.21229],[32.75122,-18.21177]]}},{"type":"Feature","properties":{"kind":"road","name":""},"geometry":{"type":"LineString","coordinates":[[32.74879,-18.21368],[32.74876,-18.2138],[32.74855,-18.2147]]}},{"type":"Feature","properties":{"kind":"road","name":""},"geometry":{"type":"LineString","coordinates":[[32.74841,-18.21379],[32.74879,-18.21368],[32.7495,-18.21333]]}},{"type":"Feature","properties":{"kind":"road","name":""},"geometry":{"type":"LineString","coordinates":[[32.7479,-18.21358],[32.74806,-18.21351],[32.74818,-18.21349],[32.74841,-18.21353]]}},{"type":"Feature","properties":{"kind":"road","name":""},"geometry":{"type":"LineString","coordinates":[[32.7478,-18.20641],[32.7481,-18.20705],[32.74814,-18.20721],[32.74813,-18.20738],[32.74815,-18.20761],[32.74822,-18.20787],[32.74836,-18.20812],[32.74844,-18.20834],[32.74843,-18.20849],[32.74838,-18.20863],[32.74829,-18.2088],[32.74815,-18.20898],[32.74797,-18.20924],[32.74788,-18.20945],[32.74781,-18.20971],[32.7477,-18.21007],[32.74764,-18.21029],[32.74757,-18.21039],[32.74747,-18.2105],[32.74733,-18.21061],[32.74687,-18.21084],[32.74648,-18.21113],[32.74613,-18.21142],[32.74568,-18.21183],[32.74543,-18.21206],[32.74528,-18.21227],[32.74519,-18.21251],[32.74506,-18.21276],[32.7449,-18.21305],[32.74469,-18.21348],[32.74446,-18.21405],[32.74444,-18.21417],[32.74441,-18.21436],[32.7444,-18.2147],[32.74438,-18.21501],[32.74429,-18.21536],[32.74416,-18.21564],[32.74407,-18.21578],[32.74399,-18.21591],[32.74381,-18.21607],[32.74363,-18.21628],[32.74357,-18.21637],[32.74353,-18.21648],[32.74349,-18.21662]]}},{"type":"Feature","properties":{"kind":"track","name":""},"geometry":{"type":"LineString","coordinates":[[32.73283,-18.17488],[32.73282,-18.17504],[32.73272,-18.17531],[32.73265,-18.17571],[32.73249,-18.176],[32.73196,-18.17643],[32.73172,-18.17659],[32.73168,-18.17665],[32.73169,-18.17679],[32.73187,-18.17698],[32.73223,-18.17722],[32.73294,-18.1774],[32.7334,-18.1778],[32.73404,-18.17874],[32.73416,-18.17987],[32.7342,-18.18057],[32.73418,-18.181],[32.73424,-18.1814],[32.73436,-18.18183],[32.73441,-18.18236],[32.73441,-18.18248],[32.73433,-18.18247],[32.73376,-18.18242],[32.73351,-18.1824],[32.73339,-18.18246],[32.73326,-18.18264],[32.73307,-18.18293],[32.73302,-18.18311],[32.73313,-18.18347],[32.73334,-18.18409],[32.73294,-18.18437],[32.73254,-18.18452],[32.7321,-18.18491],[32.73163,-18.1855],[32.73072,-18.18624],[32.73029,-18.18686],[32.73011,-18.18735],[32.72996,-18.18771],[32.7299,-18.18784],[32.72991,-18.18797],[32.72991,-18.18818],[32.72999,-18.18866],[32.73003,-18.18893],[32.7301,-18.18915],[32.73021,-18.18935],[32.73038,-18.18948],[32.73071,-18.18975],[32.73088,-18.19005],[32.73092,-18.19036],[32.73086,-18.19054],[32.73089,-18.19067],[32.73102,-18.19083],[32.73114,-18.19102],[32.73157,-18.19141],[32.7318,-18.19168],[32.73253,-18.19233]]}},{"type":"Feature","properties":{"kind":"road","name":""},"geometry":{"type":"LineString","coordinates":[[32.74316,-18.19877],[32.74279,-18.19973],[32.74262,-18.20024],[32.74271,-18.2008],[32.74276,-18.20094],[32.74285,-18.201],[32.74299,-18.20103],[32.74304,-18.20102],[32.74308,-18.20096],[32.74312,-18.20076],[32.74322,-18.20055],[32.74414,-18.19956],[32.7442,-18.19931],[32.74423,-18.19915]]}},{"type":"Feature","properties":{"kind":"road","name":""},"geometry":{"type":"LineString","coordinates":[[32.74381,-18.19814],[32.74484,-18.19865],[32.745,-18.19877]]}},{"type":"Feature","properties":{"kind":"road","name":""},"geometry":{"type":"LineString","coordinates":[[32.7445,-18.19934],[32.74423,-18.19915],[32.74397,-18.19901],[32.74358,-18.1989],[32.74316,-18.19877],[32.74291,-18.19868],[32.74274,-18.19858],[32.74253,-18.19827],[32.74238,-18.19796],[32.74241,-18.19779],[32.74254,-18.19765],[32.74276,-18.19748],[32.74297,-18.19742],[32.74401,-18.19761]]}},{"type":"Feature","properties":{"kind":"road","name":""},"geometry":{"type":"LineString","coordinates":[[32.74358,-18.1989],[32.74369,-18.19845],[32.74381,-18.19814],[32.74401,-18.19761]]}},{"type":"Feature","properties":{"kind":"road","name":""},"geometry":{"type":"LineString","coordinates":[[32.74609,-18.19759],[32.7457,-18.19725],[32.74549,-18.19722],[32.74527,-18.19723],[32.74517,-18.19724],[32.74504,-18.19728],[32.74427,-18.19759],[32.74401,-18.19761]]}},{"type":"Feature","properties":{"kind":"road","name":""},"geometry":{"type":"LineString","coordinates":[[32.73499,-18.21059],[32.73491,-18.21071],[32.73487,-18.2109],[32.73485,-18.21114],[32.73481,-18.21136],[32.73477,-18.21152],[32.73465,-18.21182],[32.73448,-18.21218],[32.73435,-18.21245],[32.73416,-18.21266],[32.73397,-18.21288],[32.73384,-18.21313],[32.73376,-18.2133],[32.7337,-18.21348],[32.7337,-18.2136],[32.73374,-18.21379]]}},{"type":"Feature","properties":{"kind":"road","name":""},"geometry":{"type":"LineString","coordinates":[[32.73509,-18.2142],[32.73495,-18.21431],[32.73476,-18.21454],[32.7345,-18.21483],[32.73434,-18.21495],[32.73418,-18.21503],[32.73404,-18.21509]]}},{"type":"Feature","properties":{"kind":"road","name":""},"geometry":{"type":"LineString","coordinates":[[32.73537,-18.21305],[32.73562,-18.21327],[32.7358,-18.21341],[32.73599,-18.21364],[32.73616,-18.2139],[32.73641,-18.2143]]}},{"type":"Feature","properties":{"kind":"road","name":""},"geometry":{"type":"LineString","coordinates":[[32.738,-18.21551],[32.73804,-18.21528],[32.73808,-18.21502],[32.7381,-18.21467],[32.73808,-18.21424],[32.73805,-18.21386],[32.73803,-18.2136],[32.73799,-18.21345],[32.73784,-18.21332],[32.73768,-18.2132],[32.73752,-18.21305],[32.73741,-18.21294],[32.7373,-18.21288],[32.73718,-18.21292],[32.73704,-18.21307],[32.73616,-18.2139]]}},{"type":"Feature","properties":{"kind":"road","name":""},"geometry":{"type":"LineString","coordinates":[[32.73932,-18.21577],[32.73939,-18.216],[32.73948,-18.21615],[32.73958,-18.21631],[32.73966,-18.21645],[32.73971,-18.21661],[32.73977,-18.2168],[32.73981,-18.21712],[32.73981,-18.21739],[32.7398,-18.21764],[32.73984,-18.21785],[32.7399,-18.21815],[32.74,-18.21855],[32.74007,-18.21882]]}},{"type":"Feature","properties":{"kind":"road","name":""},"geometry":{"type":"LineString","coordinates":[[32.72779,-18.21344],[32.72784,-18.21316],[32.72791,-18.21305],[32.72799,-18.213],[32.72818,-18.2129],[32.72842,-18.21284],[32.72861,-18.21283],[32.72891,-18.21283],[32.72917,-18.21291],[32.72939,-18.21295],[32.72981,-18.213],[32.73015,-18.21303],[32.73038,-18.21307],[32.73055,-18.2131],[32.73073,-18.21315],[32.73081,-18.21315],[32.73089,-18.21314],[32.73103,-18.21309],[32.7312,-18.21309],[32.73141,-18.21314],[32.73161,-18.21331],[32.73171,-18.2134],[32.7318,-18.21352],[32.73181,-18.21366],[32.73181,-18.21375],[32.7324,-18.21376],[32.73283,-18.21376],[32.73317,-18.21375],[32.73346,-18.21377],[32.73374,-18.21379],[32.73388,-18.21381],[32.73407,-18.21383],[32.73438,-18.21389],[32.73471,-18.21402],[32.7349,-18.21413],[32.73509,-18.2142],[32.7353,-18.21419],[32.73554,-18.21412],[32.73569,-18.21408],[32.73577,-18.21407],[32.73598,-18.21411],[32.73615,-18.21419],[32.73641,-18.2143],[32.73673,-18.21465],[32.73698,-18.2149],[32.73726,-18.21513],[32.73755,-18.2153],[32.738,-18.21551],[32.73827,-18.21566],[32.73853,-18.21578],[32.73868,-18.21581],[32.73893,-18.21582],[32.73932,-18.21577],[32.73963,-18.21562]]}},{"type":"Feature","properties":{"kind":"road","name":""},"geometry":{"type":"LineString","coordinates":[[32.73779,-18.22315],[32.73813,-18.22296],[32.73817,-18.22292],[32.7382,-18.22285],[32.73823,-18.22272],[32.73826,-18.22261],[32.73831,-18.22251]]}},{"type":"Feature","properties":{"kind":"road","name":""},"geometry":{"type":"LineString","coordinates":[[32.73735,-18.22212],[32.73785,-18.22186],[32.73797,-18.22181],[32.73808,-18.2218],[32.73828,-18.22186],[32.73861,-18.22198],[32.73894,-18.22208]]}},{"type":"Feature","properties":{"kind":"road","name":""},"geometry":{"type":"LineString","coordinates":[[32.73832,-18.22535],[32.73844,-18.2253],[32.73872,-18.2252],[32.73881,-18.22523],[32.73889,-18.22527],[32.73895,-18.22533],[32.73902,-18.22545],[32.73904,-18.22554],[32.73899,-18.22564],[32.73878,-18.22574],[32.73852,-18.22584]]}},{"type":"Feature","properties":{"kind":"road","name":""},"geometry":{"type":"LineString","coordinates":[[32.73916,-18.22579],[32.73906,-18.22579],[32.73898,-18.22584],[32.73896,-18.22592],[32.739,-18.22604],[32.73903,-18.22615],[32.73905,-18.22629]]}},{"type":"Feature","properties":{"kind":"road","name":""},"geometry":{"type":"LineString","coordinates":[[32.73894,-18.22447],[32.7385,-18.22487],[32.73842,-18.22497]]}},{"type":"Feature","properties":{"kind":"road","name":""},"geometry":{"type":"LineString","coordinates":[[32.73844,-18.2253],[32.73842,-18.22511],[32.73842,-18.22497]]}},{"type":"Feature","properties":{"kind":"road","name":""},"geometry":{"type":"LineString","coordinates":[[32.73811,-18.22484],[32.73829,-18.22491],[32.73842,-18.22497],[32.73859,-18.22507],[32.73872,-18.2252]]}},{"type":"Feature","properties":{"kind":"road","name":""},"geometry":{"type":"LineString","coordinates":[[32.73817,-18.22499],[32.73793,-18.22516],[32.73734,-18.22553],[32.73682,-18.22585],[32.73676,-18.22588],[32.7363,-18.22615],[32.73588,-18.22641],[32.73537,-18.22671],[32.73462,-18.22721]]}},{"type":"Feature","properties":{"kind":"road","name":""},"geometry":{"type":"LineString","coordinates":[[32.73706,-18.22412],[32.73756,-18.22469],[32.73793,-18.22516]]}},{"type":"Feature","properties":{"kind":"road","name":""},"geometry":{"type":"LineString","coordinates":[[32.737,-18.22506],[32.73756,-18.22469]]}},{"type":"Feature","properties":{"kind":"road","name":""},"geometry":{"type":"LineString","coordinates":[[32.73654,-18.22443],[32.73677,-18.22481],[32.73686,-18.22492],[32.73693,-18.225],[32.737,-18.22506],[32.73711,-18.22518],[32.73722,-18.22533],[32.73734,-18.22553]]}},{"type":"Feature","properties":{"kind":"road","name":""},"geometry":{"type":"LineString","coordinates":[[32.73606,-18.22477],[32.73676,-18.22588]]}},{"type":"Feature","properties":{"kind":"road","name":""},"geometry":{"type":"LineString","coordinates":[[32.73562,-18.22503],[32.7363,-18.22615]]}},{"type":"Feature","properties":{"kind":"road","name":""},"geometry":{"type":"LineString","coordinates":[[32.73792,-18.22396],[32.73759,-18.22398],[32.73732,-18.22402],[32.73706,-18.22412],[32.73683,-18.22421],[32.73654,-18.22443],[32.73641,-18.22452],[32.73606,-18.22477],[32.73575,-18.22494],[32.73562,-18.22503],[32.7354,-18.22516],[32.73526,-18.22525],[32.73523,-18.22534],[32.73527,-18.22541],[32.73542,-18.22564],[32.73558,-18.2259],[32.73572,-18.22614],[32.73588,-18.22641]]}},{"type":"Feature","properties":{"kind":"road","name":""},"geometry":{"type":"LineString","coordinates":[[32.73594,-18.22366],[32.73641,-18.22452]]}},{"type":"Feature","properties":{"kind":"road","name":""},"geometry":{"type":"LineString","coordinates":[[32.73631,-18.22317],[32.73683,-18.22421]]}},{"type":"Feature","properties":{"kind":"road","name":""},"geometry":{"type":"LineString","coordinates":[[32.7366,-18.22268],[32.73732,-18.22402]]}},{"type":"Feature","properties":{"kind":"road","name":""},"geometry":{"type":"LineString","coordinates":[[32.73626,-18.22111],[32.73642,-18.22133],[32.73657,-18.22154],[32.73679,-18.22192]]}},{"type":"Feature","properties":{"kind":"road","name":""},"geometry":{"type":"LineString","coordinates":[[32.73669,-18.22089],[32.73654,-18.22096],[32.73637,-18.22105],[32.73626,-18.22111],[32.73618,-18.22109],[32.73613,-18.22102],[32.73601,-18.2208],[32.73589,-18.22063],[32.73586,-18.22055],[32.73587,-18.2205],[32.73589,-18.22046],[32.73595,-18.22045],[32.73606,-18.22043],[32.73628,-18.22046],[32.73656,-18.22057],[32.73672,-18.22065]]}},{"type":"Feature","properties":{"kind":"road","name":""},"geometry":{"type":"LineString","coordinates":[[32.73606,-18.21856],[32.73627,-18.21854]]}},{"type":"Feature","properties":{"kind":"road","name":""},"geometry":{"type":"LineString","coordinates":[[32.73601,-18.21835],[32.73623,-18.21827],[32.73636,-18.21826],[32.7365,-18.21829],[32.73669,-18.21836],[32.73684,-18.21842],[32.73689,-18.21845],[32.73692,-18.21848],[32.73692,-18.21853],[32.73692,-18.21859],[32.73676,-18.21899]]}},{"type":"Feature","properties":{"kind":"road","name":""},"geometry":{"type":"LineString","coordinates":[[32.7356,-18.21904],[32.73538,-18.21828],[32.73539,-18.21821],[32.73542,-18.21815],[32.73554,-18.21811],[32.73577,-18.21804],[32.73587,-18.21806],[32.73593,-18.21813],[32.73601,-18.21835],[32.73606,-18.21856],[32.73615,-18.21891]]}},{"type":"Feature","properties":{"kind":"road","name":""},"geometry":{"type":"LineString","coordinates":[[32.73556,-18.21961],[32.7358,-18.21953],[32.73596,-18.21948],[32.73612,-18.21944],[32.73628,-18.21944],[32.73648,-18.21947],[32.73684,-18.2196],[32.73713,-18.21973]]}},{"type":"Feature","properties":{"kind":"road","name":""},"geometry":{"type":"LineString","coordinates":[[32.73857,-18.23095],[32.7406,-18.23075]]}},{"type":"Feature","properties":{"kind":"road","name":""},"geometry":{"type":"LineString","coordinates":[[32.73844,-18.22949],[32.74041,-18.22934]]}},{"type":"Feature","properties":{"kind":"road","name":""},"geometry":{"type":"LineString","coordinates":[[32.74962,-18.22577],[32.74916,-18.22599],[32.74881,-18.22615],[32.74854,-18.2263],[32.74833,-18.22648],[32.74814,-18.22664],[32.74753,-18.22733],[32.74749,-18.22737]]}},{"type":"Feature","properties":{"kind":"road","name":""},"geometry":{"type":"LineString","coordinates":[[32.74912,-18.22478],[32.74922,-18.22495],[32.74942,-18.22534],[32.74952,-18.22555],[32.74962,-18.22577],[32.74982,-18.22615],[32.74993,-18.22639],[32.75001,-18.22663],[32.75012,-18.22708],[32.75022,-18.22738],[32.75025,-18.22749],[32.75024,-18.22757],[32.75019,-18.22764],[32.75009,-18.22773],[32.74991,-18.22789],[32.74966,-18.22814],[32.74951,-18.22827],[32.74933,-18.22842],[32.74915,-18.2286],[32.74897,-18.22879],[32.74884,-18.2289],[32.74873,-18.22895],[32.74862,-18.22896],[32.7485,-18.22895],[32.74837,-18.22892],[32.74826,-18.22889],[32.74814,-18.22882],[32.74803,-18.22873],[32.74794,-18.22865],[32.74784,-18.22856],[32.74766,-18.2284],[32.74755,-18.22832],[32.74745,-18.22826],[32.74735,-18.22822],[32.74726,-18.22818],[32.7472,-18.22813],[32.74717,-18.22807],[32.74713,-18.22798],[32.74711,-18.2279],[32.74712,-18.22782],[32.74716,-18.22775],[32.74722,-18.22766],[32.74733,-18.22755],[32.74742,-18.22746],[32.74749,-18.22737]]}},{"type":"Feature","properties":{"kind":"road","name":""},"geometry":{"type":"LineString","coordinates":[[32.74655,-18.22659],[32.74749,-18.22737]]}},{"type":"Feature","properties":{"kind":"road","name":""},"geometry":{"type":"LineString","coordinates":[[32.74793,-18.2253],[32.74751,-18.22441],[32.74721,-18.22371],[32.74705,-18.22348],[32.74697,-18.2233],[32.74693,-18.22315],[32.74693,-18.22286]]}},{"type":"Feature","properties":{"kind":"road","name":""},"geometry":{"type":"LineString","coordinates":[[32.74308,-18.22504],[32.74418,-18.22508],[32.74461,-18.22508],[32.745,-18.22507],[32.74528,-18.22502],[32.74548,-18.2249],[32.7459,-18.22461]]}},{"type":"Feature","properties":{"kind":"road","name":""},"geometry":{"type":"LineString","coordinates":[[32.74314,-18.2259],[32.74311,-18.22585],[32.7431,-18.2258],[32.74309,-18.22562],[32.74308,-18.22504],[32.74307,-18.22484],[32.74309,-18.22442],[32.74308,-18.22417],[32.74308,-18.22411],[32.74312,-18.22406],[32.74318,-18.22403],[32.74328,-18.22402],[32.74356,-18.22405],[32.74419,-18.22405],[32.74481,-18.22406],[32.74519,-18.22407],[32.7453,-18.22408],[32.74537,-18.2241],[32.74544,-18.22414],[32.74573,-18.2244],[32.7459,-18.22461],[32.74618,-18.22487],[32.74623,-18.22496],[32.74627,-18.22503],[32.74628,-18.2251],[32.74627,-18.2252],[32.74625,-18.22531],[32.7462,-18.22547],[32.74615,-18.22562],[32.74612,-18.2257],[32.74604,-18.22578],[32.74596,-18.22584],[32.74584,-18.22594],[32.74574,-18.22603],[32.74566,-18.22608],[32.74552,-18.22621],[32.74537,-18.22636],[32.74523,-18.2266]]}},{"type":"Feature","properties":{"kind":"track","name":""},"geometry":{"type":"LineString","coordinates":[[32.74763,-18.21704],[32.74771,-18.21709],[32.74781,-18.21712],[32.7479,-18.21713],[32.74812,-18.21715],[32.74833,-18.21716],[32.74853,-18.21718],[32.74873,-18.21722],[32.74907,-18.21729],[32.74944,-18.21737],[32.75,-18.2175],[32.75136,-18.21774],[32.75147,-18.21777],[32.75156,-18.21782],[32.75166,-18.21789],[32.75184,-18.21803],[32.75193,-18.21812],[32.75203,-18.21824],[32.75223,-18.21858],[32.7523,-18.21873],[32.75236,-18.21884],[32.75248,-18.21903],[32.75265,-18.21923],[32.7528,-18.2194],[32.75291,-18.21952],[32.75302,-18.21961],[32.75314,-18.21969],[32.75327,-18.21977],[32.75347,-18.21984],[32.7539,-18.21997],[32.75409,-18.22002],[32.75424,-18.22003],[32.75466,-18.22024],[32.7548,-18.22026],[32.75482,-18.22042],[32.75485,-18.22074]]}},{"type":"Feature","properties":{"kind":"road","name":""},"geometry":{"type":"LineString","coordinates":[[32.74343,-18.23001],[32.74352,-18.22985],[32.7438,-18.2295],[32.74436,-18.22892],[32.74509,-18.22817],[32.74596,-18.22723],[32.74655,-18.22659],[32.7472,-18.22591],[32.74761,-18.22552],[32.74793,-18.2253],[32.74838,-18.22511],[32.74912,-18.22478],[32.75278,-18.22312],[32.75419,-18.22246],[32.75487,-18.22215]]}},{"type":"Feature","properties":{"kind":"road","name":""},"geometry":{"type":"LineString","coordinates":[[32.74394,-18.2311],[32.74488,-18.23123]]}},{"type":"Feature","properties":{"kind":"road","name":""},"geometry":{"type":"LineString","coordinates":[[32.7436,-18.23461],[32.74356,-18.23407],[32.74353,-18.23377],[32.74346,-18.23323],[32.74346,-18.23282],[32.74347,-18.23244],[32.74348,-18.2322],[32.74353,-18.23196],[32.7436,-18.23167],[32.74366,-18.23152],[32.74379,-18.23132],[32.74394,-18.2311],[32.74403,-18.23089],[32.74407,-18.23071],[32.74406,-18.23057],[32.74403,-18.23044],[32.74398,-18.23036],[32.74384,-18.23022],[32.74366,-18.23007],[32.74354,-18.23002],[32.74343,-18.23001],[32.74331,-18.23006],[32.74315,-18.23018],[32.74293,-18.23044],[32.74276,-18.23074],[32.74256,-18.23116],[32.7423,-18.23198],[32.74225,-18.23213],[32.74219,-18.23225],[32.74211,-18.23232],[32.74201,-18.23238],[32.74177,-18.23249],[32.74148,-18.2326],[32.74129,-18.23269],[32.7412,-18.23273],[32.74121,-18.23288],[32.7413,-18.23321],[32.74147,-18.23382],[32.74154,-18.23408],[32.74154,-18.23431],[32.74151,-18.23447],[32.74144,-18.23466],[32.74132,-18.23482],[32.74118,-18.23496],[32.74106,-18.23506],[32.74091,-18.23515],[32.74076,-18.23518],[32.74061,-18.23518],[32.74044,-18.23514],[32.74021,-18.23507],[32.74005,-18.23495],[32.73985,-18.23476],[32.73958,-18.23461],[32.73934,-18.23452]]}},{"type":"Feature","properties":{"kind":"road","name":""},"geometry":{"type":"LineString","coordinates":[[32.73816,-18.23396],[32.73923,-18.23347],[32.7412,-18.23273]]}},{"type":"Feature","properties":{"kind":"road","name":""},"geometry":{"type":"LineString","coordinates":[[32.73758,-18.23373],[32.73816,-18.23396],[32.73867,-18.23408],[32.73899,-18.23414],[32.73943,-18.23419]]}},{"type":"Feature","properties":{"kind":"road","name":""},"geometry":{"type":"LineString","coordinates":[[32.73871,-18.2345],[32.73851,-18.23478]]}},{"type":"Feature","properties":{"kind":"road","name":""},"geometry":{"type":"LineString","coordinates":[[32.74075,-18.23687],[32.74084,-18.23718],[32.74098,-18.23751],[32.74104,-18.2377],[32.74115,-18.23835],[32.74125,-18.23868],[32.74134,-18.2389],[32.74146,-18.23917],[32.74154,-18.23926],[32.7416,-18.23931],[32.74174,-18.23935],[32.74191,-18.23932],[32.74224,-18.23921],[32.74258,-18.23906],[32.74276,-18.23895],[32.74291,-18.23888],[32.74306,-18.23887],[32.74324,-18.23888],[32.74341,-18.23893],[32.74359,-18.23903],[32.74374,-18.23922],[32.74382,-18.23951],[32.74405,-18.24045]]}},{"type":"Feature","properties":{"kind":"road","name":""},"geometry":{"type":"LineString","coordinates":[[32.74276,-18.23895],[32.74278,-18.23883],[32.74278,-18.23873],[32.74276,-18.2386],[32.74265,-18.23832],[32.74263,-18.2382],[32.74272,-18.2381],[32.74363,-18.23767],[32.74378,-18.23761],[32.74385,-18.23753],[32.74389,-18.23742],[32.74393,-18.23734],[32.744,-18.23724],[32.7441,-18.23718],[32.74418,-18.23717],[32.74436,-18.23721],[32.74449,-18.23721],[32.7446,-18.23717],[32.74472,-18.2371],[32.7449,-18.23708],[32.74502,-18.23705],[32.74512,-18.23696],[32.74523,-18.23685]]}},{"type":"Feature","properties":{"kind":"road","name":""},"geometry":{"type":"LineString","coordinates":[[32.73319,-18.24092],[32.73319,-18.24089],[32.73321,-18.24013],[32.73321,-18.23891],[32.73327,-18.2387],[32.73336,-18.23852],[32.73346,-18.2383],[32.73384,-18.23748],[32.73395,-18.23721],[32.73407,-18.23708],[32.73424,-18.237],[32.73461,-18.23691],[32.73495,-18.23686],[32.7351,-18.23687],[32.73527,-18.23696],[32.73551,-18.23725],[32.73562,-18.23737],[32.73578,-18.2376],[32.7361,-18.23801],[32.73659,-18.23855],[32.73759,-18.23981],[32.73773,-18.23998],[32.73798,-18.24026],[32.7381,-18.24043],[32.73812,-18.24056],[32.73811,-18.24069],[32.73809,-18.24081],[32.73808,-18.24095],[32.7381,-18.24113]]}},{"type":"Feature","properties":{"kind":"track","name":""},"geometry":{"type":"LineString","coordinates":[[32.74405,-18.24045],[32.74398,-18.24061],[32.74388,-18.24068],[32.74376,-18.24069],[32.74365,-18.24072],[32.7435,-18.24078],[32.74328,-18.24098],[32.74318,-18.24111],[32.74313,-18.24122],[32.74305,-18.24134],[32.7428,-18.24164],[32.74271,-18.2418],[32.74263,-18.24199],[32.74255,-18.24213],[32.74248,-18.24219],[32.74237,-18.24222],[32.74219,-18.24223],[32.74203,-18.24223],[32.74119,-18.24215],[32.74044,-18.24206],[32.73938,-18.24198],[32.73918,-18.24194],[32.73912,-18.24189],[32.73909,-18.2418],[32.73913,-18.24146],[32.73913,-18.24133],[32.73904,-18.24125],[32.73892,-18.24121],[32.73879,-18.2412],[32.7381,-18.24113]]}},{"type":"Feature","properties":{"kind":"road","name":""},"geometry":{"type":"LineString","coordinates":[[32.73955,-18.23619],[32.74055,-18.23677],[32.74065,-18.23683],[32.74075,-18.23687],[32.74086,-18.23686],[32.74101,-18.23679],[32.7414,-18.23651],[32.74166,-18.23631],[32.74253,-18.23554],[32.74268,-18.23543],[32.74291,-18.2353],[32.74315,-18.23521],[32.74334,-18.23514],[32.74343,-18.23515],[32.74351,-18.23519],[32.74359,-18.23521],[32.74366,-18.23519],[32.74369,-18.23513],[32.7437,-18.23506],[32.74366,-18.23487],[32.7436,-18.23461]]}},{"type":"Feature","properties":{"kind":"road","name":""},"geometry":{"type":"LineString","coordinates":[[32.73746,-18.23569],[32.73772,-18.23625]]}},{"type":"Feature","properties":{"kind":"road","name":""},"geometry":{"type":"LineString","coordinates":[[32.73772,-18.23625],[32.73755,-18.23639],[32.73741,-18.23654],[32.73735,-18.23664],[32.73732,-18.23676],[32.73732,-18.23687],[32.73736,-18.23699],[32.7375,-18.23718],[32.73761,-18.23731],[32.73769,-18.23739],[32.73783,-18.23746],[32.73797,-18.23753],[32.73806,-18.23756],[32.73818,-18.23753],[32.73829,-18.23744],[32.73832,-18.23737],[32.73834,-18.23729],[32.73832,-18.23712],[32.73825,-18.23692],[32.73803,-18.23666],[32.73791,-18.23654],[32.73783,-18.23642],[32.73772,-18.23625]]}},{"type":"Feature","properties":{"kind":"road","name":""},"geometry":{"type":"LineString","coordinates":[[32.73944,-18.23645],[32.73907,-18.23634],[32.73889,-18.23625],[32.73874,-18.23612],[32.73864,-18.23599]]}},{"type":"Feature","properties":{"kind":"road","name":""},"geometry":{"type":"LineString","coordinates":[[32.73626,-18.23466],[32.73647,-18.23425],[32.73656,-18.23413],[32.73663,-18.23406],[32.73674,-18.23403],[32.73684,-18.23405],[32.737,-18.23415],[32.7373,-18.23432],[32.73794,-18.23472],[32.73817,-18.23485],[32.73844,-18.23501],[32.73867,-18.23513],[32.73915,-18.23543]]}},{"type":"Feature","properties":{"kind":"road","name":""},"geometry":{"type":"LineString","coordinates":[[32.73601,-18.23343],[32.73524,-18.23232],[32.73519,-18.2323],[32.73513,-18.2323],[32.73507,-18.2323],[32.73502,-18.23233],[32.73464,-18.23257],[32.7346,-18.23263],[32.73459,-18.23268],[32.73461,-18.23275],[32.73464,-18.23281],[32.73486,-18.23317],[32.73516,-18.23366],[32.73537,-18.23395],[32.73558,-18.23429],[32.73562,-18.23435],[32.73567,-18.2344],[32.73572,-18.23443],[32.73585,-18.23449],[32.73626,-18.23466],[32.73641,-18.23476],[32.73648,-18.23479],[32.73652,-18.23483],[32.73656,-18.2349],[32.73667,-18.23518],[32.7369,-18.2358],[32.73693,-18.23583],[32.73698,-18.23584],[32.73705,-18.23583],[32.73725,-18.23576],[32.73746,-18.23569],[32.7376,-18.23562],[32.73764,-18.23559],[32.73767,-18.23556],[32.73769,-18.23551],[32.73769,-18.23544],[32.73765,-18.23528],[32.73731,-18.23451],[32.73729,-18.23443],[32.73729,-18.23438],[32.7373,-18.23432]]}},{"type":"Feature","properties":{"kind":"road","name":""},"geometry":{"type":"LineString","coordinates":[[32.73618,-18.23331],[32.73601,-18.23343],[32.73537,-18.23395]]}},{"type":"Feature","properties":{"kind":"road","name":""},"geometry":{"type":"LineString","coordinates":[[32.72404,-18.23648],[32.72468,-18.23695]]}},{"type":"Feature","properties":{"kind":"road","name":""},"geometry":{"type":"LineString","coordinates":[[32.72522,-18.23607],[32.72465,-18.23569]]}},{"type":"Feature","properties":{"kind":"road","name":""},"geometry":{"type":"LineString","coordinates":[[32.72567,-18.23641],[32.7263,-18.23684]]}},{"type":"Feature","properties":{"kind":"road","name":""},"geometry":{"type":"LineString","coordinates":[[32.72604,-18.23596],[32.72666,-18.23639]]}},{"type":"Feature","properties":{"kind":"road","name":""},"geometry":{"type":"LineString","coordinates":[[32.72502,-18.23521],[32.7255,-18.2356]]}},{"type":"Feature","properties":{"kind":"road","name":""},"geometry":{"type":"LineString","coordinates":[[32.72595,-18.2373],[32.72623,-18.23693],[32.7263,-18.23684],[32.72666,-18.23639],[32.72696,-18.23597],[32.72699,-18.23592],[32.72691,-18.23586],[32.7261,-18.23529],[32.72562,-18.23495]]}},{"type":"Feature","properties":{"kind":"road","name":""},"geometry":{"type":"LineString","coordinates":[[32.72377,-18.23835],[32.72401,-18.23852]]}},{"type":"Feature","properties":{"kind":"road","name":""},"geometry":{"type":"LineString","coordinates":[[32.72386,-18.23791],[32.72427,-18.2382]]}},{"type":"Feature","properties":{"kind":"road","name":""},"geometry":{"type":"LineString","coordinates":[[32.72415,-18.23706],[32.724,-18.23726],[32.72396,-18.23735],[32.72399,-18.23745],[32.72412,-18.23754],[32.7243,-18.23767],[32.72454,-18.23784]]}},{"type":"Feature","properties":{"kind":"road","name":""},"geometry":{"type":"LineString","coordinates":[[32.72504,-18.23722],[32.72539,-18.23747],[32.72616,-18.23803],[32.72621,-18.23805],[32.72626,-18.23803],[32.7264,-18.23789],[32.72652,-18.23774]]}},{"type":"Feature","properties":{"kind":"road","name":""},"geometry":{"type":"LineString","coordinates":[[32.72534,-18.23686],[32.72504,-18.23722],[32.72481,-18.23753],[32.72454,-18.23784],[32.72427,-18.2382],[32.72401,-18.23852],[32.724,-18.23862],[32.72404,-18.23867],[32.72416,-18.23875],[32.72428,-18.23878],[32.72439,-18.23875],[32.72452,-18.23863],[32.72474,-18.23833],[32.72539,-18.23747]]}},{"type":"Feature","properties":{"kind":"road","name":""},"geometry":{"type":"LineString","coordinates":[[32.72521,-18.23498],[32.72502,-18.23521],[32.72483,-18.23547],[32.72465,-18.23569],[32.72458,-18.23579],[32.72431,-18.23613],[32.72404,-18.23648],[32.7239,-18.23665],[32.72386,-18.23671],[32.72386,-18.23676],[32.72386,-18.2368],[32.72389,-18.23685],[32.72415,-18.23706],[32.72481,-18.23753]]}},{"type":"Feature","properties":{"kind":"road","name":""},"geometry":{"type":"LineString","coordinates":[[32.72689,-18.238],[32.72652,-18.23774],[32.72595,-18.2373],[32.72534,-18.23686],[32.72431,-18.23613]]}},{"type":"Feature","properties":{"kind":"road","name":""},"geometry":{"type":"LineString","coordinates":[[32.72755,-18.23937],[32.72758,-18.23939],[32.72762,-18.23942],[32.72769,-18.23946],[32.72776,-18.23947],[32.72784,-18.23948],[32.72811,-18.23948],[32.7288,-18.23945]]}},{"type":"Feature","properties":{"kind":"road","name":""},"geometry":{"type":"LineString","coordinates":[[32.72677,-18.23816],[32.7275,-18.2387]]}},{"type":"Feature","properties":{"kind":"road","name":""},"geometry":{"type":"LineString","coordinates":[[32.72649,-18.23853],[32.7272,-18.23906]]}},{"type":"Feature","properties":{"kind":"road","name":""},"geometry":{"type":"LineString","coordinates":[[32.72707,-18.23778],[32.72771,-18.23828],[32.72773,-18.23834],[32.72771,-18.23843],[32.7275,-18.2387],[32.7272,-18.23906],[32.72703,-18.23931],[32.72699,-18.23936],[32.72694,-18.23938],[32.7269,-18.23938],[32.72685,-18.23935],[32.7262,-18.2389]]}},{"type":"Feature","properties":{"kind":"road","name":""},"geometry":{"type":"LineString","coordinates":[[32.7274,-18.23738],[32.72807,-18.23787]]}},{"type":"Feature","properties":{"kind":"road","name":""},"geometry":{"type":"LineString","coordinates":[[32.72775,-18.23698],[32.72839,-18.23743]]}},{"type":"Feature","properties":{"kind":"road","name":""},"geometry":{"type":"LineString","coordinates":[[32.72812,-18.23651],[32.72775,-18.23698],[32.7274,-18.23738],[32.7272,-18.23761],[32.72707,-18.23778],[32.72689,-18.238],[32.72677,-18.23816],[32.72649,-18.23853],[32.7262,-18.2389],[32.72601,-18.23912],[32.72584,-18.23935],[32.72576,-18.23948],[32.72575,-18.23954],[32.72583,-18.23963],[32.7262,-18.23988],[32.72656,-18.24013],[32.72667,-18.24019],[32.72681,-18.24021],[32.72702,-18.2402],[32.72718,-18.24018],[32.72725,-18.24012],[32.72727,-18.24003],[32.72727,-18.2399],[32.72729,-18.23974],[32.72741,-18.23957],[32.72755,-18.23937]]}},{"type":"Feature","properties":{"kind":"road","name":""},"geometry":{"type":"LineString","coordinates":[[32.74092,-18.22107],[32.74118,-18.22118],[32.74134,-18.2213],[32.74152,-18.22146],[32.74177,-18.22168],[32.74185,-18.22177],[32.74196,-18.22184],[32.74209,-18.22186],[32.74227,-18.22183],[32.74239,-18.22179],[32.74248,-18.22173],[32.74251,-18.22165],[32.74249,-18.22154],[32.74243,-18.22134],[32.74238,-18.22119],[32.74228,-18.22107]]}},{"type":"Feature","properties":{"kind":"road","name":""},"geometry":{"type":"LineString","coordinates":[[32.7411,-18.21852],[32.7412,-18.2189],[32.74128,-18.21933],[32.74127,-18.21974],[32.74127,-18.21986],[32.74112,-18.22058],[32.74103,-18.22084],[32.74092,-18.22107],[32.74082,-18.22123]]}},{"type":"Feature","properties":{"kind":"road","name":""},"geometry":{"type":"LineString","coordinates":[[32.72446,-18.23522],[32.72483,-18.23547]]}},{"type":"Feature","properties":{"kind":"road","name":""},"geometry":{"type":"LineString","coordinates":[[32.72417,-18.23552],[32.72458,-18.23579]]}},{"type":"Feature","properties":{"kind":"road","name":""},"geometry":{"type":"LineString","coordinates":[[32.7239,-18.23585],[32.72431,-18.23613]]}},{"type":"Feature","properties":{"kind":"road","name":""},"geometry":{"type":"LineString","coordinates":[[32.72855,-18.23592],[32.72931,-18.23642],[32.72941,-18.23646],[32.72952,-18.23647],[32.72967,-18.23637]]}},{"type":"Feature","properties":{"kind":"path","name":""},"geometry":{"type":"LineString","coordinates":[[32.7255,-18.2356],[32.72558,-18.23565],[32.72589,-18.23587],[32.72604,-18.23596]]}},{"type":"Feature","properties":{"kind":"path","name":""},"geometry":{"type":"LineString","coordinates":[[32.72522,-18.23607],[32.72529,-18.23614],[32.72567,-18.23641]]}},{"type":"Feature","properties":{"kind":"road","name":"Sawmills Road"},"geometry":{"type":"LineString","coordinates":[[32.80741,-18.20227],[32.80879,-18.20229],[32.80897,-18.2023],[32.8094,-18.20239],[32.80954,-18.20243],[32.80976,-18.20245],[32.80992,-18.2024],[32.8101,-18.20225],[32.81024,-18.20217],[32.81034,-18.20214],[32.81043,-18.20213],[32.81056,-18.20217],[32.81062,-18.20222],[32.81084,-18.20237],[32.81094,-18.20242],[32.81104,-18.20243],[32.81115,-18.20243],[32.81144,-18.20235],[32.81178,-18.20222],[32.81243,-18.20177],[32.81313,-18.20132],[32.81334,-18.2012],[32.81351,-18.20107],[32.81365,-18.20096],[32.81383,-18.20074],[32.8139,-18.20052],[32.81392,-18.20034],[32.81382,-18.19905],[32.8146,-18.19773],[32.81464,-18.19763],[32.81495,-18.19697],[32.81515,-18.19656],[32.8153,-18.19633],[32.81553,-18.19621],[32.8156,-18.19619],[32.81607,-18.19603],[32.8162,-18.1959],[32.81658,-18.19553],[32.81685,-18.19527],[32.81689,-18.1952],[32.81687,-18.19511],[32.81686,-18.19464],[32.81666,-18.19368],[32.81652,-18.19313],[32.81657,-18.19243],[32.81669,-18.19216],[32.81679,-18.19196],[32.81694,-18.1918],[32.81737,-18.19154],[32.81758,-18.19137],[32.8177,-18.19118],[32.81777,-18.1909],[32.81772,-18.19023],[32.81761,-18.18899],[32.81758,-18.18837],[32.81807,-18.18666],[32.81834,-18.18582],[32.81852,-18.18496],[32.8187,-18.18434],[32.81885,-18.18419],[32.81899,-18.1841],[32.81999,-18.18364],[32.82034,-18.18358],[32.82064,-18.18348],[32.82078,-18.18335],[32.82088,-18.18279],[32.82094,-18.18264],[32.82103,-18.18252],[32.82123,-18.18239],[32.82146,-18.1823],[32.82276,-18.18192],[32.82319,-18.18183],[32.82375,-18.18164],[32.8243,-18.1815],[32.82483,-18.18146],[32.82505,-18.18138],[32.82561,-18.18078],[32.82612,-18.18051],[32.82657,-18.18021],[32.82769,-18.17909],[32.82816,-18.17848],[32.82885,-18.17789],[32.82925,-18.17742],[32.82932,-18.17722],[32.82932,-18.17704],[32.8293,-18.17677],[32.82925,-18.17617],[32.82924,-18.17604]]}},{"type":"Feature","properties":{"kind":"road","name":""},"geometry":{"type":"LineString","coordinates":[[32.80839,-18.18344],[32.80795,-18.18375],[32.80774,-18.18399],[32.80756,-18.1842],[32.8074,-18.18476],[32.80766,-18.18566],[32.80778,-18.18593],[32.80797,-18.18656],[32.80808,-18.18692],[32.80818,-18.18719],[32.80794,-18.18754],[32.80788,-18.18762],[32.80794,-18.18783],[32.80794,-18.18795],[32.80792,-18.18808],[32.80766,-18.18842],[32.80753,-18.18866],[32.80719,-18.18897],[32.80707,-18.1891],[32.80694,-18.18918],[32.80693,-18.18924],[32.80698,-18.18929],[32.80704,-18.18927],[32.80706,-18.18918],[32.80707,-18.1891]]}},{"type":"Feature","properties":{"kind":"road","name":""},"geometry":{"type":"LineString","coordinates":[[32.97824,-18.20377],[32.97847,-18.20347]]}},{"type":"Feature","properties":{"kind":"stream","name":""},"geometry":{"type":"LineString","coordinates":[[32.95734,-18.22413],[32.95806,-18.22386],[32.95854,-18.22377],[32.95884,-18.22365],[32.95921,-18.22359],[32.95991,-18.22345],[32.96089,-18.22327],[32.96147,-18.22317],[32.96218,-18.22298],[32.96283,-18.2228],[32.96295,-18.22248],[32.96263,-18.22216],[32.9625,-18.22189],[32.96248,-18.22157],[32.9625,-18.22114],[32.96257,-18.2208],[32.96275,-18.22055],[32.96314,-18.22031],[32.96347,-18.21987],[32.96362,-18.21945],[32.96373,-18.21929],[32.96383,-18.21938],[32.96406,-18.21933],[32.96447,-18.21935],[32.96473,-18.21941],[32.96493,-18.21971],[32.96516,-18.22],[32.96551,-18.22014],[32.96549,-18.21987],[32.96551,-18.21947],[32.96559,-18.21906],[32.96584,-18.21861],[32.96603,-18.21797],[32.96633,-18.21752],[32.9669,-18.21694],[32.96713,-18.21644],[32.96778,-18.21595],[32.96856,-18.21552],[32.96909,-18.21527],[32.96945,-18.21504],[32.96981,-18.21455],[32.97009,-18.21426],[32.97049,-18.21382],[32.97072,-18.21355],[32.97098,-18.21328],[32.97122,-18.21291],[32.97163,-18.21252],[32.97223,-18.21208],[32.97271,-18.21189],[32.97321,-18.21188],[32.97365,-18.212],[32.97405,-18.21179],[32.97443,-18.21151],[32.97509,-18.21096],[32.97581,-18.2106],[32.97606,-18.21022],[32.97647,-18.21016],[32.97664,-18.20992],[32.97663,-18.20952],[32.97656,-18.20914],[32.97654,-18.20879],[32.97643,-18.20878],[32.97646,-18.20841],[32.97645,-18.20801],[32.97648,-18.20713],[32.97641,-18.20667],[32.97639,-18.20623],[32.97649,-18.20582],[32.97728,-18.20575],[32.97715,-18.20497],[32.9772,-18.20445],[32.97693,-18.20407],[32.9772,-18.20385],[32.97744,-18.2039],[32.97759,-18.2043],[32.97791,-18.20438],[32.97833,-18.20409],[32.97848,-18.20369],[32.97832,-18.2033],[32.97821,-18.20309],[32.9781,-18.20285],[32.97843,-18.20194],[32.97909,-18.20167],[32.98077,-18.20194],[32.98118,-18.20182],[32.98136,-18.20139],[32.98181,-18.20113],[32.98248,-18.20105],[32.98298,-18.20133],[32.9835,-18.20154],[32.98404,-18.20158],[32.98433,-18.20115],[32.98431,-18.20068],[32.98387,-18.20024],[32.98373,-18.19987],[32.98334,-18.19954],[32.98342,-18.19921],[32.98317,-18.1988],[32.98325,-18.19823],[32.98323,-18.19771],[32.98353,-18.19748],[32.98375,-18.19723],[32.98399,-18.19737],[32.98415,-18.19752],[32.98459,-18.1978],[32.98518,-18.19781],[32.98602,-18.19773],[32.98647,-18.19778],[32.98683,-18.19786],[32.9872,-18.19785],[32.98714,-18.1975],[32.98728,-18.19714],[32.98725,-18.1967],[32.98728,-18.19644],[32.98739,-18.19624],[32.98767,-18.19616],[32.98798,-18.1962],[32.98821,-18.19623],[32.98837,-18.1962],[32.98853,-18.19614],[32.98892,-18.19598],[32.98914,-18.19583],[32.98935,-18.19585],[32.98964,-18.19586],[32.98988,-18.19565],[32.99008,-18.19552],[32.9903,-18.19533],[32.99039,-18.19518],[32.99039,-18.19489],[32.99056,-18.19453],[32.99064,-18.19421],[32.99083,-18.19399],[32.99083,-18.19368],[32.9908,-18.19323],[32.99074,-18.19293],[32.99092,-18.19222],[32.99066,-18.1917],[32.99051,-18.19147],[32.9903,-18.19142],[32.99011,-18.19125],[32.99003,-18.19099],[32.98998,-18.19068],[32.99009,-18.19059],[32.99026,-18.19051],[32.99043,-18.19036],[32.99044,-18.19016],[32.99036,-18.19012],[32.9901,-18.19012],[32.98964,-18.19001],[32.98943,-18.18973],[32.98909,-18.1895],[32.98878,-18.18917],[32.98847,-18.18874],[32.98844,-18.18823],[32.98853,-18.1879],[32.9886,-18.18757],[32.9887,-18.18646],[32.98887,-18.18624],[32.99046,-18.18643],[32.99217,-18.18532],[32.99293,-18.18428],[32.99298,-18.18364],[32.99297,-18.1831],[32.9927,-18.18295],[32.99199,-18.18365],[32.99183,-18.18362],[32.99177,-18.18319],[32.99245,-18.18257],[32.99193,-18.18183],[32.99216,-18.18073],[32.99171,-18.1788],[32.99195,-18.17848],[32.99308,-18.1786],[32.99393,-18.1786],[32.99478,-18.17843],[32.99556,-18.17859],[32.99576,-18.17832],[32.99536,-18.17754],[32.99454,-18.17704],[32.99419,-18.17562],[32.99407,-18.17476],[32.9937,-18.17468],[32.99319,-18.17397],[32.99308,-18.17338],[32.99354,-18.17306],[32.99408,-18.17302],[32.99508,-18.17245],[32.99537,-18.17217],[32.99506,-18.17159],[32.9952,-18.17103],[32.99546,-18.17016],[32.99628,-18.16908],[32.99655,-18.16856],[32.99604,-18.16817],[32.99563,-18.16841],[32.99514,-18.16877],[32.99494,-18.16831],[32.99511,-18.16787],[32.99577,-18.16757],[32.99596,-18.16702],[32.99646,-18.16682],[32.99693,-18.16702],[32.99745,-18.16696],[32.99743,-18.16662],[32.99805,-18.16627],[32.9989,-18.16579]]}},{"type":"Feature","properties":{"kind":"river","name":"Border Mozambique - Zimbabwe"},"geometry":{"type":"LineString","coordinates":[[32.9989,-18.16579],[32.99887,-18.16548],[32.99934,-18.16505],[32.99936,-18.16478],[32.99921,-18.16442],[32.99732,-18.16377],[32.997,-18.16346],[32.99695,-18.16277],[32.99658,-18.16223],[32.9965,-18.16149],[32.99744,-18.16053],[32.99907,-18.15972],[32.99913,-18.15946],[32.9988,-18.15919],[32.99715,-18.15882],[32.996,-18.15825],[32.9959,-18.15772],[32.99547,-18.15779],[32.99526,-18.15739],[32.99491,-18.15754],[32.99461,-18.15807],[32.99509,-18.15843],[32.99538,-18.15962],[32.99523,-18.15982],[32.99441,-18.15978],[32.99411,-18.16019],[32.99305,-18.15971],[32.99265,-18.15979],[32.99255,-18.16036],[32.99205,-18.16044],[32.99141,-18.15977],[32.99128,-18.15862],[32.992,-18.15792],[32.99205,-18.15749],[32.99153,-18.15721],[32.99102,-18.15802],[32.99034,-18.15796],[32.98955,-18.1578],[32.98863,-18.15822],[32.98813,-18.15901],[32.98743,-18.15951],[32.98673,-18.15945],[32.9866,-18.15916],[32.98545,-18.15817],[32.9846,-18.15818],[32.98392,-18.15721],[32.98334,-18.15661],[32.9824,-18.15645],[32.98217,-18.15635],[32.98216,-18.15497],[32.98208,-18.1544],[32.98172,-18.15396],[32.98121,-18.15374],[32.98019,-18.15258],[32.97956,-18.15166],[32.9794,-18.15079],[32.97922,-18.14925],[32.97954,-18.14848],[32.97976,-18.14723],[32.97998,-18.14672],[32.98076,-18.14634],[32.98139,-18.14573],[32.98196,-18.14543],[32.98214,-18.14507],[32.98186,-18.14453],[32.98113,-18.14448],[32.98055,-18.14475],[32.97985,-18.14458],[32.97893,-18.1438],[32.97805,-18.14363],[32.97778,-18.14333],[32.97805,-18.14282],[32.97793,-18.14237],[32.97698,-18.14163],[32.97571,-18.14127],[32.97537,-18.14141],[32.97477,-18.14153],[32.97434,-18.14116],[32.97384,-18.14023],[32.97387,-18.13969],[32.97415,-18.13947],[32.97532,-18.13949],[32.97558,-18.13924],[32.97564,-18.13883],[32.97552,-18.13809],[32.97543,-18.13776],[32.97492,-18.1379],[32.97454,-18.13787],[32.97305,-18.1374],[32.97236,-18.13719],[32.9722,-18.1368],[32.97192,-18.1351],[32.97224,-18.13402],[32.97247,-18.13342],[32.97264,-18.1325],[32.97332,-18.13156],[32.97378,-18.13117],[32.97414,-18.13099],[32.97442,-18.13115],[32.9746,-18.13243],[32.97488,-18.13268],[32.97523,-18.13236],[32.97543,-18.13201],[32.97599,-18.13137],[32.97608,-18.1309],[32.97577,-18.12929],[32.97597,-18.12897],[32.97611,-18.12875],[32.97587,-18.1279],[32.97612,-18.12735],[32.9766,-18.12737],[32.97714,-18.12797],[32.97751,-18.12793],[32.97808,-18.12722],[32.97819,-18.12688],[32.97839,-18.12647],[32.97844,-18.12601],[32.97804,-18.12544],[32.97752,-18.12521],[32.97683,-18.12413],[32.97687,-18.12387],[32.97728,-18.12358],[32.97732,-18.12345],[32.97765,-18.12322],[32.97781,-18.123],[32.97751,-18.12262],[32.9778,-18.12189],[32.97746,-18.12129],[32.9772,-18.12131],[32.97718,-18.1218],[32.97689,-18.1216],[32.97698,-18.12125],[32.9769,-18.12095],[32.97703,-18.12078],[32.97737,-18.12091],[32.97744,-18.12081],[32.97764,-18.12035],[32.97753,-18.11979],[32.97735,-18.1194],[32.97708,-18.11942],[32.97685,-18.11942],[32.97689,-18.11911],[32.97716,-18.11889],[32.97713,-18.11866],[32.97654,-18.11831],[32.97639,-18.11755],[32.97594,-18.11724],[32.97569,-18.11731],[32.97557,-18.11721],[32.97562,-18.11695],[32.97594,-18.11666],[32.97617,-18.11629],[32.97746,-18.11562],[32.9781,-18.11537],[32.97858,-18.11538],[32.97886,-18.11568],[32.97904,-18.11574],[32.97975,-18.1166],[32.98013,-18.11693],[32.98031,-18.11689],[32.98023,-18.1165],[32.98048,-18.11628],[32.9809,-18.11618],[32.98115,-18.11648],[32.98151,-18.11653],[32.98172,-18.11637],[32.98167,-18.11614],[32.98157,-18.11595],[32.98169,-18.11574],[32.98172,-18.1156],[32.98146,-18.11527],[32.98134,-18.11496],[32.98153,-18.11465],[32.98151,-18.11408],[32.98146,-18.1135],[32.98158,-18.11326],[32.9819,-18.11308],[32.98186,-18.11271],[32.98193,-18.1125],[32.98206,-18.11205],[32.98196,-18.1117],[32.98147,-18.11149],[32.98124,-18.11158],[32.98077,-18.11147],[32.98054,-18.11168],[32.98044,-18.11208],[32.98066,-18.1123],[32.98044,-18.11245],[32.97992,-18.11268],[32.97951,-18.11257],[32.97869,-18.11259],[32.97849,-18.11251],[32.97822,-18.11204],[32.9779,-18.11199],[32.9774,-18.11239],[32.97713,-18.1124],[32.97659,-18.11216],[32.97605,-18.11187],[32.97583,-18.11189],[32.97571,-18.11206],[32.97583,-18.11224],[32.97563,-18.11255],[32.97548,-18.11262],[32.97522,-18.11263],[32.97516,-18.11289],[32.97496,-18.11289],[32.97488,-18.1127],[32.97483,-18.11233],[32.97499,-18.11216],[32.97523,-18.11198],[32.97526,-18.1117],[32.97531,-18.1116],[32.97542,-18.11151],[32.97544,-18.11135],[32.97515,-18.11091],[32.975,-18.1109],[32.97493,-18.11115],[32.97475,-18.11127],[32.97468,-18.111],[32.97451,-18.11085],[32.97444,-18.11047],[32.97457,-18.11037],[32.97472,-18.11052],[32.97492,-18.11052],[32.97503,-18.11039],[32.97497,-18.11029],[32.97458,-18.11016],[32.9745,-18.11006],[32.97452,-18.10979],[32.97432,-18.10937],[32.97414,-18.1094],[32.97401,-18.10914],[32.97387,-18.10894],[32.97372,-18.10895],[32.97354,-18.10896],[32.97352,-18.10887],[32.97341,-18.10871],[32.97323,-18.10863],[32.97312,-18.10846],[32.97308,-18.10833],[32.97279,-18.10825],[32.9725,-18.10834],[32.97213,-18.10822],[32.97199,-18.10809],[32.97205,-18.10783],[32.97198,-18.10773],[32.97121,-18.10768],[32.97106,-18.10785],[32.97096,-18.10799],[32.97087,-18.10797],[32.97069,-18.1078],[32.97047,-18.10767],[32.97041,-18.10731],[32.97051,-18.10701],[32.9705,-18.10677],[32.9706,-18.10657],[32.97103,-18.10643],[32.97152,-18.10644],[32.97181,-18.10661],[32.97191,-18.10657],[32.97199,-18.1063],[32.9722,-18.10616],[32.97255,-18.10552],[32.97255,-18.10538],[32.97244,-18.10524],[32.97227,-18.10504],[32.97221,-18.10467],[32.97202,-18.10449],[32.97183,-18.10426],[32.97165,-18.10413],[32.97139,-18.10423],[32.97134,-18.10412],[32.97123,-18.10403],[32.97117,-18.1038],[32.97132,-18.10308],[32.97168,-18.10284],[32.97163,-18.10274],[32.9713,-18.10257],[32.97129,-18.10247],[32.97146,-18.10231],[32.9714,-18.10221],[32.97121,-18.10223],[32.97109,-18.10219],[32.97097,-18.10204],[32.97085,-18.10161],[32.97073,-18.10139],[32.97045,-18.1014],[32.97035,-18.10146],[32.97029,-18.10202],[32.97012,-18.10221],[32.96984,-18.10225],[32.9697,-18.10211],[32.96957,-18.10185],[32.96937,-18.10159],[32.969,-18.10132],[32.96888,-18.10108],[32.96901,-18.10074],[32.96926,-18.10045],[32.96942,-18.10025],[32.96946,-18.1],[32.96934,-18.09945],[32.96905,-18.09888],[32.96874,-18.0983],[32.96859,-18.09759],[32.96851,-18.09744],[32.96791,-18.0967],[32.96772,-18.09611],[32.96741,-18.09588],[32.96724,-18.09548],[32.96715,-18.09497],[32.96717,-18.0948],[32.96718,-18.09456]]}},{"type":"Feature","properties":{"kind":"track","name":""},"geometry":{"type":"LineString","coordinates":[[32.81741,-18.08667],[32.81727,-18.08658],[32.81667,-18.08641],[32.816,-18.08603],[32.81588,-18.086],[32.81577,-18.08607],[32.8157,-18.08639],[32.81552,-18.08669],[32.81541,-18.08701],[32.81531,-18.08708],[32.81518,-18.08715],[32.81489,-18.0872],[32.81416,-18.08716],[32.81391,-18.08707],[32.81364,-18.08678],[32.81347,-18.08665],[32.81323,-18.08661],[32.8125,-18.08661],[32.8122,-18.08659],[32.81205,-18.08648],[32.81135,-18.08552],[32.81106,-18.08532],[32.81088,-18.08537],[32.81009,-18.08634],[32.80961,-18.0868],[32.80937,-18.08728],[32.80901,-18.08754],[32.80856,-18.08767],[32.80806,-18.08769],[32.8074,-18.08772],[32.80696,-18.08774],[32.8063,-18.08808],[32.80613,-18.08845],[32.80591,-18.08858],[32.80567,-18.08893],[32.80547,-18.08912],[32.80527,-18.08917],[32.80499,-18.0892],[32.80378,-18.08929],[32.80341,-18.08962],[32.80319,-18.08979],[32.80295,-18.08977],[32.80289,-18.0895],[32.80273,-18.08945],[32.80236,-18.08947],[32.8018,-18.08998],[32.80118,-18.09123],[32.79988,-18.09346],[32.7991,-18.09403],[32.79822,-18.09446],[32.79659,-18.09475],[32.79505,-18.09511],[32.79367,-18.09568],[32.79224,-18.09599],[32.78964,-18.09646],[32.78848,-18.09697],[32.78747,-18.09764],[32.78473,-18.09829],[32.78127,-18.09829],[32.78016,-18.09823],[32.77775,-18.09689],[32.77582,-18.0966],[32.77501,-18.09687],[32.77421,-18.09766],[32.77288,-18.09862],[32.77244,-18.09879],[32.77123,-18.09867],[32.77039,-18.09844],[32.76984,-18.09873],[32.76959,-18.09873],[32.76896,-18.09874],[32.76859,-18.09893],[32.7678,-18.09861],[32.76703,-18.09813],[32.76654,-18.09762],[32.76621,-18.09744],[32.76585,-18.09758],[32.76555,-18.09785],[32.76554,-18.09805],[32.76565,-18.0983]]}},{"type":"Feature","properties":{"kind":"road","name":""},"geometry":{"type":"LineString","coordinates":[[32.70746,-18.28005],[32.70743,-18.27993],[32.7074,-18.27945],[32.70752,-18.27902],[32.70764,-18.27859],[32.70774,-18.2785],[32.70799,-18.27843],[32.70819,-18.2784],[32.70836,-18.27836],[32.70851,-18.27835]]}},{"type":"Feature","properties":{"kind":"path","name":""},"geometry":{"type":"LineString","coordinates":[[32.72331,-18.28698],[32.72322,-18.28702],[32.72316,-18.28709],[32.7231,-18.2871],[32.72298,-18.28706],[32.72292,-18.28706],[32.72285,-18.28709],[32.7228,-18.28712],[32.72274,-18.28715],[32.72272,-18.28718],[32.72268,-18.28721],[32.72264,-18.28722],[32.72259,-18.28723],[32.72255,-18.28726],[32.72249,-18.2873],[32.72244,-18.28732],[32.7224,-18.28732],[32.72234,-18.28733],[32.72228,-18.28736],[32.72224,-18.28738],[32.72222,-18.28738]]}},{"type":"Feature","properties":{"kind":"road","name":""},"geometry":{"type":"LineString","coordinates":[[32.72527,-18.28691],[32.72542,-18.28688],[32.72556,-18.28688],[32.72562,-18.28691],[32.72565,-18.28695],[32.72565,-18.28702],[32.72561,-18.28707],[32.72556,-18.28711],[32.72548,-18.28715],[32.72531,-18.28726],[32.72516,-18.28735],[32.72503,-18.28744],[32.72494,-18.28752],[32.72486,-18.28763],[32.72477,-18.28775],[32.72469,-18.28788],[32.72465,-18.28798],[32.72459,-18.2882],[32.72455,-18.28832],[32.72449,-18.28843],[32.72444,-18.28848],[32.72437,-18.28852],[32.72428,-18.28852],[32.72422,-18.2885],[32.72412,-18.28846],[32.72405,-18.28841],[32.72397,-18.28835]]}},{"type":"Feature","properties":{"kind":"road","name":""},"geometry":{"type":"LineString","coordinates":[[32.72512,-18.28654],[32.72514,-18.28658],[32.72522,-18.28662],[32.72527,-18.28667],[32.7253,-18.28672],[32.72531,-18.28679],[32.7253,-18.28685],[32.72527,-18.28691],[32.72516,-18.28696],[32.72504,-18.28701],[32.72487,-18.28708],[32.72468,-18.2872],[32.72449,-18.28733],[32.72435,-18.28743],[32.72422,-18.28758],[32.72408,-18.28778],[32.72398,-18.28795],[32.72395,-18.28804],[32.72394,-18.28816],[32.72395,-18.28827],[32.72397,-18.28835],[32.72404,-18.28856],[32.72413,-18.28877],[32.72428,-18.28905]]}},{"type":"Feature","properties":{"kind":"road","name":""},"geometry":{"type":"LineString","coordinates":[[32.72222,-18.28738],[32.7222,-18.28749],[32.72219,-18.28753],[32.72217,-18.28757],[32.72214,-18.2876],[32.7221,-18.28762],[32.72203,-18.28763]]}},{"type":"Feature","properties":{"kind":"road","name":""},"geometry":{"type":"LineString","coordinates":[[32.72333,-18.28683],[32.72331,-18.28668],[32.72328,-18.28662],[32.72325,-18.28658],[32.72321,-18.28651],[32.72318,-18.28644],[32.72315,-18.28634],[32.72307,-18.28623],[32.72299,-18.28611],[32.72293,-18.28605],[32.72284,-18.286],[32.72273,-18.286],[32.72263,-18.28602],[32.72252,-18.28609],[32.72237,-18.28623],[32.72226,-18.28637],[32.72218,-18.2865],[32.72215,-18.28665],[32.72214,-18.28675],[32.72214,-18.28686],[32.72217,-18.28714],[32.72222,-18.28738],[32.72238,-18.28764],[32.72251,-18.28786],[32.72259,-18.28806],[32.72267,-18.28827],[32.72272,-18.28836],[32.7228,-18.28843],[32.723,-18.28855],[32.72311,-18.28859],[32.72324,-18.28861],[32.72337,-18.28863]]}},{"type":"Feature","properties":{"kind":"road","name":""},"geometry":{"type":"LineString","coordinates":[[32.72337,-18.28863],[32.72334,-18.28842],[32.7233,-18.28815],[32.72327,-18.28791],[32.72327,-18.28773],[32.72328,-18.28757],[32.7233,-18.28724],[32.72331,-18.28698],[32.72333,-18.28683]]}},{"type":"Feature","properties":{"kind":"road","name":""},"geometry":{"type":"LineString","coordinates":[[32.72325,-18.28991],[32.72316,-18.29006],[32.72303,-18.29017],[32.72281,-18.29029],[32.72241,-18.29045],[32.72213,-18.29056],[32.72189,-18.29066],[32.72168,-18.29082],[32.72159,-18.29092],[32.72147,-18.29105],[32.7213,-18.29127],[32.72117,-18.29146],[32.72097,-18.29171],[32.72077,-18.29201],[32.7206,-18.29236]]}},{"type":"Feature","properties":{"kind":"road","name":""},"geometry":{"type":"LineString","coordinates":[[32.7213,-18.29127],[32.72123,-18.29108],[32.72121,-18.291],[32.72126,-18.29093],[32.72137,-18.29087],[32.72155,-18.29081],[32.72168,-18.29076],[32.72189,-18.29066]]}},{"type":"Feature","properties":{"kind":"road","name":""},"geometry":{"type":"LineString","coordinates":[[32.71783,-18.29121],[32.71688,-18.29082],[32.71663,-18.29075],[32.71638,-18.29072],[32.71598,-18.29076],[32.71544,-18.29089]]}},{"type":"Feature","properties":{"kind":"track","name":""},"geometry":{"type":"LineString","coordinates":[[32.74017,-18.28982],[32.7402,-18.28969],[32.74018,-18.28955],[32.7401,-18.28942],[32.73998,-18.2893],[32.73983,-18.28926],[32.73967,-18.28927],[32.73945,-18.28935],[32.73917,-18.28952],[32.73895,-18.28966],[32.73872,-18.28975],[32.7386,-18.28966],[32.73856,-18.28957]]}},{"type":"Feature","properties":{"kind":"road","name":""},"geometry":{"type":"LineString","coordinates":[[32.74792,-18.3174],[32.7478,-18.31746],[32.74734,-18.31766],[32.74692,-18.31781],[32.74662,-18.31789],[32.74644,-18.3179],[32.74627,-18.31789],[32.74612,-18.31793],[32.74597,-18.31796],[32.74578,-18.31799],[32.74561,-18.31797],[32.74545,-18.31789],[32.74528,-18.31774],[32.74519,-18.31761],[32.74489,-18.31723]]}},{"type":"Feature","properties":{"kind":"path","name":""},"geometry":{"type":"LineString","coordinates":[[32.68046,-18.28466],[32.68039,-18.28463],[32.68035,-18.28462],[32.6803,-18.28462],[32.68026,-18.2846],[32.68022,-18.28456],[32.68017,-18.28456],[32.68014,-18.28457],[32.68012,-18.28461],[32.68011,-18.28463],[32.68007,-18.28466],[32.68001,-18.28468],[32.67991,-18.28468],[32.67987,-18.2847],[32.67983,-18.28474],[32.67981,-18.28476],[32.67973,-18.28482],[32.67968,-18.28483],[32.67964,-18.28486],[32.67957,-18.28486],[32.67951,-18.28487],[32.67949,-18.28488],[32.67942,-18.28491],[32.67935,-18.28498],[32.6793,-18.28503],[32.67924,-18.28503],[32.6792,-18.285],[32.67917,-18.28494],[32.67915,-18.2849],[32.67908,-18.28484],[32.67901,-18.28482],[32.67891,-18.2848],[32.67884,-18.28477],[32.67879,-18.28474],[32.67877,-18.28469],[32.67874,-18.28464]]}},{"type":"Feature","properties":{"kind":"road","name":""},"geometry":{"type":"LineString","coordinates":[[32.7151,-18.28853],[32.71515,-18.28838],[32.7152,-18.28821],[32.7153,-18.28798],[32.71538,-18.2878]]}},{"type":"Feature","properties":{"kind":"road","name":""},"geometry":{"type":"LineString","coordinates":[[32.71544,-18.29089],[32.71525,-18.29037],[32.71507,-18.28973],[32.71502,-18.28937],[32.71503,-18.28907],[32.71507,-18.28871],[32.7151,-18.28853]]}},{"type":"Feature","properties":{"kind":"track","name":""},"geometry":{"type":"LineString","coordinates":[[32.72104,-18.26105],[32.72097,-18.26084],[32.72091,-18.26071],[32.72087,-18.26056],[32.72085,-18.2604],[32.72087,-18.26025],[32.72091,-18.26011],[32.72099,-18.25984],[32.72102,-18.25973],[32.72103,-18.25963],[32.72103,-18.25946],[32.72091,-18.25929],[32.72077,-18.25917],[32.7206,-18.259],[32.7204,-18.25893],[32.72029,-18.25886],[32.72021,-18.25878],[32.72016,-18.25868],[32.72017,-18.25856],[32.72028,-18.25824],[32.72036,-18.25793],[32.72036,-18.25769],[32.72039,-18.25758],[32.72047,-18.25747],[32.7206,-18.25737],[32.72075,-18.2573],[32.72088,-18.25724],[32.72104,-18.25712],[32.72128,-18.25705],[32.72146,-18.25696],[32.72155,-18.25682],[32.72163,-18.25654],[32.72163,-18.25637],[32.72165,-18.25621],[32.72167,-18.25611],[32.72163,-18.25601],[32.72161,-18.2559],[32.7216,-18.25575],[32.72156,-18.25545],[32.72155,-18.25508],[32.72151,-18.25485],[32.72153,-18.25465],[32.72152,-18.25445],[32.72147,-18.25423],[32.72143,-18.25388],[32.72137,-18.25361],[32.72132,-18.25343],[32.72129,-18.25301],[32.72129,-18.25272],[32.72139,-18.25118],[32.72151,-18.25046],[32.72199,-18.24787],[32.72213,-18.24762],[32.72334,-18.24621],[32.72362,-18.24602],[32.72424,-18.24579],[32.72473,-18.24558],[32.72592,-18.24505],[32.72659,-18.24476],[32.72716,-18.24444],[32.72763,-18.24394],[32.72818,-18.2433],[32.72835,-18.24303],[32.72842,-18.24285],[32.72852,-18.24272],[32.72868,-18.24266],[32.72889,-18.24263]]}},{"type":"Feature","properties":{"kind":"road","name":""},"geometry":{"type":"LineString","coordinates":[[32.7322,-18.24091],[32.7319,-18.2409]]}},{"type":"Feature","properties":{"kind":"road","name":""},"geometry":{"type":"LineString","coordinates":[[32.7381,-18.24113],[32.73709,-18.24108],[32.73626,-18.24104],[32.73561,-18.24101],[32.73544,-18.241],[32.73319,-18.24092],[32.7322,-18.24091]]}},{"type":"Feature","properties":{"kind":"road","name":""},"geometry":{"type":"LineString","coordinates":[[32.7319,-18.2409],[32.73139,-18.24089],[32.73086,-18.24089],[32.73065,-18.24097],[32.73058,-18.24121],[32.73055,-18.24179],[32.7305,-18.2423],[32.73041,-18.24263],[32.73012,-18.24286],[32.7297,-18.2431],[32.72953,-18.2432],[32.72923,-18.24335],[32.72898,-18.24341]]}},{"type":"Feature","properties":{"kind":"road","name":""},"geometry":{"type":"LineString","coordinates":[[32.7272,-18.23761],[32.72702,-18.23748],[32.72652,-18.23712],[32.72633,-18.237],[32.72623,-18.23693]]}},{"type":"Feature","properties":{"kind":"track","name":""},"geometry":{"type":"LineString","coordinates":[[32.72699,-18.23592],[32.72718,-18.23581],[32.72726,-18.23574],[32.72738,-18.23566],[32.72748,-18.2356],[32.72767,-18.23549],[32.72782,-18.23541],[32.7279,-18.23536],[32.72796,-18.23528]]}},{"type":"Feature","properties":{"kind":"road","name":""},"geometry":{"type":"LineString","coordinates":[[32.72915,-18.23497],[32.72918,-18.23484],[32.7292,-18.2347],[32.72924,-18.23447],[32.72925,-18.23441],[32.7293,-18.23409],[32.72935,-18.23379],[32.72937,-18.23362],[32.72935,-18.23345],[32.72926,-18.23329],[32.72913,-18.23311],[32.72894,-18.2329],[32.72864,-18.23261],[32.72848,-18.23247],[32.72836,-18.23237],[32.72827,-18.23228],[32.72824,-18.23215],[32.72828,-18.23202],[32.72836,-18.23189],[32.72842,-18.23178],[32.72845,-18.23169],[32.72843,-18.23157],[32.72839,-18.23141],[32.72831,-18.23108],[32.72826,-18.23087],[32.72819,-18.2307],[32.72791,-18.23019],[32.72778,-18.22993],[32.72769,-18.22972],[32.72757,-18.22953],[32.72747,-18.22934],[32.72739,-18.2292],[32.72734,-18.22902],[32.72734,-18.22885],[32.72735,-18.2286],[32.72738,-18.22847],[32.7274,-18.22834],[32.72739,-18.22815],[32.72736,-18.22788],[32.72734,-18.22764],[32.72729,-18.22738],[32.72724,-18.2272],[32.72715,-18.22702],[32.72708,-18.22683],[32.72704,-18.22664],[32.72706,-18.22653],[32.72712,-18.22641],[32.72716,-18.22633],[32.72715,-18.22623],[32.72712,-18.22607],[32.72709,-18.22594],[32.72713,-18.22577],[32.72719,-18.2256],[32.72722,-18.22546],[32.7273,-18.2253],[32.72739,-18.22519],[32.72747,-18.22506],[32.72755,-18.22487],[32.72761,-18.22464],[32.72762,-18.22441],[32.72765,-18.2242],[32.72772,-18.22411],[32.72778,-18.22401],[32.72782,-18.22387],[32.72787,-18.22368],[32.7279,-18.22352],[32.72788,-18.22341],[32.72783,-18.22328],[32.72774,-18.22308],[32.72769,-18.22287],[32.72769,-18.22269],[32.72774,-18.2225],[32.72779,-18.22225],[32.72782,-18.222],[32.72783,-18.22176],[32.72785,-18.22157],[32.72788,-18.22145],[32.72796,-18.2213],[32.72802,-18.22118],[32.72805,-18.22105],[32.72804,-18.22086],[32.72798,-18.22056],[32.72794,-18.22029],[32.72793,-18.22021],[32.72793,-18.22011],[32.72799,-18.22001],[32.72806,-18.21995],[32.72815,-18.21991],[32.7282,-18.21983],[32.72819,-18.21973],[32.72824,-18.21964],[32.72836,-18.21955],[32.72871,-18.21934],[32.72913,-18.2191],[32.72953,-18.21886],[32.73021,-18.21842],[32.73052,-18.2182],[32.73116,-18.21776],[32.73126,-18.21768],[32.73136,-18.21762],[32.73144,-18.21757],[32.73154,-18.21757],[32.73169,-18.21759],[32.73179,-18.21762],[32.73195,-18.21769],[32.73219,-18.21786],[32.73236,-18.21795],[32.73251,-18.21802],[32.73277,-18.2181],[32.7331,-18.21818],[32.73335,-18.21824],[32.73354,-18.21831],[32.73387,-18.21848],[32.73419,-18.21865],[32.73436,-18.21876],[32.73451,-18.21889],[32.73463,-18.21898],[32.73472,-18.21902],[32.73482,-18.21905],[32.73492,-18.21905],[32.73505,-18.21903],[32.73524,-18.21903],[32.73533,-18.21904],[32.73544,-18.21905],[32.73555,-18.21905]]}},{"type":"Feature","properties":{"kind":"road","name":""},"geometry":{"type":"LineString","coordinates":[[32.82956,-18.08889],[32.82933,-18.08906],[32.82916,-18.08921],[32.829,-18.08938],[32.82883,-18.0896],[32.82865,-18.08976],[32.82845,-18.08995],[32.82828,-18.09015],[32.82806,-18.09045],[32.8277,-18.09092],[32.82743,-18.09126],[32.82738,-18.09135],[32.82732,-18.09149],[32.82727,-18.09169],[32.8272,-18.09194],[32.82714,-18.09208],[32.82709,-18.09216],[32.82703,-18.09222],[32.8269,-18.09234],[32.82677,-18.09248],[32.82652,-18.09286],[32.82634,-18.09311],[32.82625,-18.09324],[32.82614,-18.09351],[32.82604,-18.09367],[32.82592,-18.09387],[32.82579,-18.09403],[32.82562,-18.09424],[32.82532,-18.09456],[32.82517,-18.0947],[32.82512,-18.09475],[32.82506,-18.09481],[32.82503,-18.0949],[32.82499,-18.09499],[32.8249,-18.0951],[32.82471,-18.09528],[32.82457,-18.0954],[32.82413,-18.09583],[32.82376,-18.09616],[32.82329,-18.09655],[32.8228,-18.09695],[32.82228,-18.09743],[32.82216,-18.09754],[32.82214,-18.09759],[32.82214,-18.09761],[32.82218,-18.09765],[32.82309,-18.09831],[32.82315,-18.09837],[32.82319,-18.09842],[32.8232,-18.09845],[32.8232,-18.09849],[32.82318,-18.09853],[32.82296,-18.09878],[32.82261,-18.09925],[32.8222,-18.09975],[32.82169,-18.10035],[32.82099,-18.10122],[32.82088,-18.10135],[32.82083,-18.10182],[32.82067,-18.10216],[32.82017,-18.10289],[32.82,-18.10334],[32.82001,-18.10408],[32.8204,-18.10536],[32.82052,-18.10582],[32.82065,-18.10611],[32.82081,-18.10633],[32.82089,-18.10637],[32.821,-18.10638],[32.8211,-18.10635],[32.82118,-18.1063],[32.82131,-18.10605],[32.82137,-18.10591],[32.82145,-18.10578],[32.82154,-18.10568],[32.82167,-18.10561],[32.82173,-18.10559],[32.82179,-18.10558],[32.82217,-18.10565],[32.82262,-18.10589],[32.82303,-18.10622],[32.82338,-18.10657],[32.82375,-18.10701],[32.82381,-18.10718],[32.82383,-18.10738],[32.82381,-18.10759],[32.82357,-18.1083],[32.82333,-18.10893],[32.82317,-18.1095],[32.82286,-18.1105],[32.8228,-18.1111],[32.8227,-18.11167],[32.82259,-18.11295],[32.82248,-18.11398],[32.82233,-18.1142],[32.82232,-18.11432],[32.82235,-18.11439],[32.82241,-18.11445],[32.82251,-18.11446],[32.82259,-18.11442],[32.82282,-18.11417],[32.82301,-18.11403],[32.82323,-18.11394],[32.82332,-18.11396],[32.82336,-18.114],[32.82337,-18.11405],[32.82323,-18.11491],[32.82322,-18.11542],[32.82327,-18.11556],[32.82333,-18.11568],[32.8235,-18.1159],[32.82373,-18.11608],[32.82427,-18.11644],[32.8248,-18.11682],[32.82489,-18.11698],[32.82501,-18.11713],[32.82528,-18.11726],[32.8261,-18.11778],[32.82646,-18.118],[32.82681,-18.11824],[32.8273,-18.11861],[32.82744,-18.11877],[32.82757,-18.11892]]}},{"type":"Feature","properties":{"kind":"road","name":""},"geometry":{"type":"LineString","coordinates":[[32.79995,-18.12424],[32.80005,-18.12405],[32.8001,-18.12399],[32.80014,-18.12397],[32.80024,-18.12399],[32.80053,-18.124],[32.80087,-18.12392],[32.80098,-18.12389],[32.80105,-18.12382],[32.80111,-18.1237],[32.80112,-18.12362],[32.80114,-18.12355],[32.80122,-18.12342],[32.80129,-18.12333],[32.80131,-18.12325],[32.80136,-18.12317],[32.80151,-18.1231],[32.80166,-18.12306],[32.80268,-18.12278],[32.80301,-18.12271],[32.80334,-18.12259],[32.8038,-18.12247],[32.80421,-18.12233],[32.80475,-18.12219],[32.8048,-18.12219],[32.80484,-18.12223],[32.80489,-18.12237],[32.80497,-18.12259],[32.805,-18.12266],[32.80497,-18.12299],[32.80499,-18.1232],[32.80497,-18.12349],[32.80493,-18.12375],[32.80494,-18.12384],[32.80497,-18.12389],[32.80513,-18.12401],[32.80544,-18.12423],[32.80596,-18.12447],[32.80697,-18.12482],[32.80716,-18.12492],[32.8072,-18.1251],[32.80727,-18.12517],[32.8074,-18.12521],[32.80832,-18.12531],[32.80861,-18.12541],[32.80917,-18.12555],[32.80964,-18.12569],[32.80989,-18.12585],[32.81006,-18.12594],[32.81029,-18.12595],[32.81038,-18.12596],[32.81045,-18.12599],[32.81065,-18.1262],[32.81091,-18.12649],[32.81092,-18.12666],[32.8108,-18.12698],[32.81076,-18.12723],[32.8108,-18.12733],[32.81107,-18.12752],[32.81136,-18.12776],[32.81184,-18.12851],[32.81239,-18.12918],[32.81248,-18.12921],[32.81258,-18.1292],[32.81284,-18.1291],[32.8131,-18.12896],[32.81384,-18.12852],[32.81463,-18.1281],[32.81538,-18.12769],[32.81549,-18.12766],[32.81559,-18.12766],[32.8158,-18.12772],[32.81625,-18.128],[32.81689,-18.12828],[32.81783,-18.12861],[32.81793,-18.12864],[32.81806,-18.12878],[32.81823,-18.12894],[32.81843,-18.12908],[32.8187,-18.12918],[32.81947,-18.12952],[32.81989,-18.12975]]}},{"type":"Feature","properties":{"kind":"track","name":""},"geometry":{"type":"LineString","coordinates":[[32.79127,-18.15226],[32.79139,-18.15259],[32.79153,-18.15271],[32.79172,-18.15267],[32.79194,-18.15246],[32.79212,-18.15223],[32.79229,-18.15209],[32.79253,-18.15198],[32.79286,-18.15186],[32.79334,-18.15165],[32.79445,-18.15141],[32.79498,-18.15124],[32.79524,-18.15098],[32.79534,-18.1507],[32.79543,-18.15045],[32.79554,-18.15032],[32.79584,-18.15023],[32.79631,-18.14985],[32.79709,-18.1493],[32.79747,-18.14904],[32.79781,-18.14873],[32.79805,-18.14853],[32.79827,-18.14843],[32.79837,-18.14845],[32.79854,-18.14851],[32.79925,-18.14897],[32.79951,-18.14916],[32.79971,-18.14925],[32.80052,-18.14945],[32.80067,-18.14945],[32.80084,-18.14931],[32.80092,-18.14928],[32.80102,-18.1493],[32.80128,-18.14943],[32.80163,-18.1497],[32.80196,-18.14984],[32.80223,-18.15015],[32.80303,-18.15087],[32.8037,-18.15127],[32.80387,-18.15135],[32.80397,-18.15134],[32.80406,-18.15127],[32.80452,-18.15075],[32.80474,-18.1506],[32.8049,-18.15055],[32.80513,-18.15061],[32.80542,-18.15069],[32.80559,-18.15066],[32.80572,-18.1506],[32.80599,-18.15036],[32.80644,-18.14986],[32.80687,-18.14933],[32.80702,-18.14907],[32.80711,-18.14858],[32.80717,-18.14807]]}},{"type":"Feature","properties":{"kind":"road","name":""},"geometry":{"type":"LineString","coordinates":[[32.70265,-18.32292],[32.70271,-18.32285],[32.70277,-18.32275],[32.70279,-18.32267],[32.70283,-18.32253],[32.70287,-18.32244],[32.70293,-18.32236],[32.703,-18.32231],[32.70314,-18.32223],[32.70384,-18.3219],[32.70434,-18.32149],[32.705,-18.32103],[32.70593,-18.32042],[32.70602,-18.32028],[32.70616,-18.31958],[32.7062,-18.31942],[32.70634,-18.31931],[32.70654,-18.31923],[32.70718,-18.31898],[32.70747,-18.31893],[32.70759,-18.31892],[32.70767,-18.3189],[32.70775,-18.31885],[32.70793,-18.31868],[32.70812,-18.31852],[32.70828,-18.3184],[32.70846,-18.31832],[32.70855,-18.31829],[32.70868,-18.31831],[32.70894,-18.31845],[32.70906,-18.31854],[32.70915,-18.31863],[32.70918,-18.3187],[32.70917,-18.31879],[32.70914,-18.31892],[32.70915,-18.319],[32.70917,-18.31909],[32.70922,-18.31916],[32.70931,-18.31921],[32.70943,-18.31923],[32.70968,-18.31922],[32.70989,-18.31916],[32.71009,-18.31909],[32.71024,-18.31901],[32.71035,-18.31894],[32.71051,-18.31875],[32.71066,-18.31856],[32.71084,-18.31835],[32.7109,-18.31824],[32.71095,-18.31806],[32.71098,-18.31797],[32.71102,-18.31791],[32.71126,-18.31767],[32.71133,-18.31764],[32.71143,-18.31762],[32.71155,-18.31762],[32.71168,-18.31765],[32.71182,-18.31768],[32.71213,-18.3177],[32.71227,-18.31769],[32.71235,-18.31768],[32.71259,-18.31756],[32.71293,-18.31736],[32.71299,-18.31731],[32.71303,-18.31725],[32.71306,-18.31712],[32.71309,-18.31695],[32.71312,-18.31681],[32.71312,-18.31655],[32.7131,-18.31645],[32.71309,-18.31633],[32.71311,-18.3162],[32.71312,-18.31611],[32.71317,-18.31604],[32.71323,-18.316],[32.7133,-18.31598],[32.71345,-18.31597],[32.7135,-18.31596],[32.71354,-18.31595],[32.71358,-18.31592],[32.71362,-18.31584],[32.71373,-18.31542],[32.7138,-18.31485],[32.71383,-18.3147],[32.71388,-18.31456],[32.71399,-18.31438],[32.71413,-18.31418],[32.71431,-18.31392],[32.71448,-18.31373],[32.71465,-18.31357],[32.71482,-18.31346],[32.71512,-18.31333],[32.71521,-18.3133],[32.71533,-18.31324],[32.71538,-18.31319],[32.71544,-18.31309],[32.7155,-18.31289],[32.71554,-18.31274],[32.71556,-18.31265],[32.7156,-18.31257],[32.71568,-18.31245],[32.716,-18.31214],[32.71623,-18.31188],[32.71634,-18.31178],[32.7165,-18.31168],[32.71679,-18.31147],[32.71697,-18.31131],[32.71732,-18.31098],[32.71744,-18.31087],[32.71753,-18.31077],[32.71763,-18.31063],[32.71773,-18.31052],[32.71785,-18.31042],[32.71799,-18.31033],[32.71823,-18.31022],[32.71846,-18.31012],[32.71866,-18.31006],[32.71877,-18.31002],[32.7189,-18.30996],[32.71905,-18.30985],[32.71917,-18.30974],[32.71924,-18.3096],[32.71925,-18.30947],[32.71922,-18.30923],[32.7192,-18.30905],[32.71924,-18.30891],[32.7194,-18.30837],[32.71967,-18.30752],[32.7198,-18.30701],[32.71989,-18.30682],[32.72007,-18.30641],[32.72009,-18.30628],[32.72009,-18.30617],[32.72008,-18.30597],[32.72011,-18.30571],[32.72025,-18.3045],[32.7204,-18.30338],[32.72043,-18.30249],[32.72044,-18.30179],[32.72042,-18.30171],[32.72038,-18.30162],[32.72033,-18.30154],[32.72008,-18.30129],[32.72003,-18.30124],[32.71999,-18.30118],[32.71995,-18.30109],[32.71991,-18.30095],[32.71976,-18.30061],[32.71946,-18.30022],[32.71939,-18.30014],[32.71934,-18.30002],[32.71928,-18.29987],[32.71925,-18.29966],[32.71927,-18.29954],[32.7193,-18.29932],[32.71928,-18.29912],[32.71925,-18.2989],[32.71929,-18.29876],[32.71936,-18.29865],[32.7195,-18.29854],[32.71967,-18.29844],[32.71979,-18.29835],[32.71989,-18.29821],[32.72,-18.29808],[32.7202,-18.29792],[32.72035,-18.29777],[32.72054,-18.29763],[32.7208,-18.29747],[32.72098,-18.29734],[32.72115,-18.2973],[32.72135,-18.29729],[32.72152,-18.29728],[32.72173,-18.29722],[32.72207,-18.29711],[32.72237,-18.29698],[32.72264,-18.29681],[32.72283,-18.29663],[32.72301,-18.29649],[32.72327,-18.29631],[32.72352,-18.29616],[32.72365,-18.29609],[32.72384,-18.29595],[32.72394,-18.29582],[32.72406,-18.29566],[32.72424,-18.29547],[32.72443,-18.29528],[32.72459,-18.29508],[32.72469,-18.29493],[32.72478,-18.29479],[32.72481,-18.2947],[32.72483,-18.29458],[32.72483,-18.2945],[32.7248,-18.29442],[32.72478,-18.29432],[32.7248,-18.29422]]}},{"type":"Feature","properties":{"kind":"road","name":""},"geometry":{"type":"LineString","coordinates":[[32.72352,-18.29616],[32.72369,-18.29633],[32.72394,-18.29656],[32.7241,-18.2967],[32.72425,-18.29682],[32.7244,-18.29696],[32.72452,-18.29708],[32.72461,-18.29722],[32.72483,-18.29753],[32.72493,-18.29767],[32.72506,-18.2978],[32.72517,-18.29796],[32.72527,-18.29806],[32.72535,-18.29808],[32.72549,-18.29811],[32.72555,-18.29815],[32.72564,-18.29825],[32.7257,-18.29832],[32.72577,-18.29841],[32.72583,-18.2985],[32.72588,-18.29854],[32.72592,-18.29855],[32.72599,-18.29855],[32.72608,-18.29856],[32.72617,-18.29861],[32.72624,-18.29868],[32.72632,-18.29878],[32.72651,-18.29907],[32.72656,-18.29918],[32.72658,-18.29928],[32.7266,-18.29938],[32.72661,-18.29951],[32.72659,-18.29967],[32.7266,-18.29983],[32.72664,-18.29996],[32.72669,-18.30005],[32.72677,-18.30011],[32.72686,-18.30015],[32.72692,-18.30016],[32.727,-18.30015],[32.72706,-18.3001],[32.72712,-18.30004],[32.72717,-18.29993],[32.72725,-18.29975],[32.72734,-18.29953],[32.72743,-18.29933],[32.7275,-18.29921],[32.72754,-18.2991],[32.72755,-18.29899],[32.72758,-18.29857],[32.7276,-18.2979],[32.7276,-18.29773],[32.7276,-18.29759],[32.72763,-18.29753],[32.7277,-18.29749],[32.72778,-18.29746],[32.72792,-18.29744],[32.72807,-18.29738],[32.72818,-18.29733],[32.72826,-18.29723],[32.7283,-18.29714],[32.72831,-18.29701],[32.72828,-18.29689],[32.72825,-18.29678],[32.72819,-18.29668],[32.72809,-18.29655],[32.72798,-18.29645],[32.72781,-18.29634],[32.72763,-18.29623],[32.72754,-18.29617],[32.72746,-18.29609],[32.72741,-18.29602],[32.72739,-18.29594],[32.72735,-18.29574],[32.72732,-18.29547]]}},{"type":"Feature","properties":{"kind":"road","name":""},"geometry":{"type":"LineString","coordinates":[[32.83654,-18.08712],[32.83546,-18.08538]]}},{"type":"Feature","properties":{"kind":"road","name":""},"geometry":{"type":"LineString","coordinates":[[32.73321,-18.23891],[32.73289,-18.23889],[32.73246,-18.2389],[32.73239,-18.23893],[32.73234,-18.239],[32.73232,-18.23911],[32.73232,-18.23923],[32.73234,-18.24008]]}},{"type":"Feature","properties":{"kind":"road","name":""},"geometry":{"type":"LineString","coordinates":[[32.73626,-18.24104],[32.73609,-18.24287]]}},{"type":"Feature","properties":{"kind":"road","name":""},"geometry":{"type":"LineString","coordinates":[[32.73544,-18.241],[32.73541,-18.2413],[32.73538,-18.24175],[32.73534,-18.24222],[32.73532,-18.24239],[32.73532,-18.24251],[32.73534,-18.24259],[32.73539,-18.24271],[32.73544,-18.24276],[32.73552,-18.24279],[32.73609,-18.24287],[32.73676,-18.24296],[32.73682,-18.24295],[32.73686,-18.24293],[32.73689,-18.24289],[32.73691,-18.24279],[32.73703,-18.24186],[32.73709,-18.24108]]}},{"type":"Feature","properties":{"kind":"road","name":""},"geometry":{"type":"LineString","coordinates":[[32.73561,-18.24101],[32.73562,-18.24016]]}},{"type":"Feature","properties":{"kind":"road","name":""},"geometry":{"type":"LineString","coordinates":[[32.73773,-18.23998],[32.73749,-18.24015],[32.73732,-18.24019],[32.73711,-18.24019],[32.73562,-18.24016],[32.73493,-18.24011],[32.73413,-18.2401],[32.73321,-18.24013]]}},{"type":"Feature","properties":{"kind":"road","name":""},"geometry":{"type":"LineString","coordinates":[[32.7361,-18.23801],[32.7354,-18.23856],[32.73515,-18.23876],[32.73504,-18.23896],[32.73497,-18.23914],[32.73493,-18.23932],[32.73492,-18.23953],[32.73493,-18.24011]]}},{"type":"Feature","properties":{"kind":"road","name":""},"geometry":{"type":"LineString","coordinates":[[32.73562,-18.23737],[32.73538,-18.23754],[32.73521,-18.23766],[32.73507,-18.23771],[32.73491,-18.23775],[32.73474,-18.23778],[32.73465,-18.23785],[32.7346,-18.23795],[32.73447,-18.23823],[32.73424,-18.23865],[32.73413,-18.23896],[32.73409,-18.23928],[32.73413,-18.2401]]}},{"type":"Feature","properties":{"kind":"road","name":""},"geometry":{"type":"LineString","coordinates":[[32.70876,-18.36792],[32.70913,-18.36796]]}},{"type":"Feature","properties":{"kind":"track","name":""},"geometry":{"type":"LineString","coordinates":[[32.69891,-18.37972],[32.69872,-18.3796],[32.69832,-18.37942],[32.69809,-18.37917]]}},{"type":"Feature","properties":{"kind":"track","name":""},"geometry":{"type":"LineString","coordinates":[[32.70055,-18.37854],[32.70034,-18.37936],[32.7001,-18.37974],[32.69982,-18.38011],[32.69974,-18.38036],[32.6997,-18.38066],[32.6997,-18.38089],[32.69967,-18.38098],[32.69962,-18.38101],[32.69952,-18.38101],[32.69932,-18.38088],[32.69914,-18.3805],[32.69914,-18.38004],[32.6991,-18.37988],[32.69891,-18.37972],[32.69768,-18.38055],[32.69742,-18.38058],[32.69688,-18.38031],[32.6965,-18.38015],[32.6961,-18.38025],[32.69562,-18.38072],[32.69472,-18.38123],[32.69445,-18.38158],[32.69437,-18.38169],[32.69425,-18.38195]]}},{"type":"Feature","properties":{"kind":"road","name":""},"geometry":{"type":"LineString","coordinates":[[32.68525,-18.38748],[32.68549,-18.38741],[32.68552,-18.3874],[32.68555,-18.38737],[32.6855,-18.38709],[32.68544,-18.3868],[32.68544,-18.3866],[32.68548,-18.38648],[32.68555,-18.3864],[32.68575,-18.38625],[32.68597,-18.38603],[32.68621,-18.38569],[32.68635,-18.38545],[32.68643,-18.3851],[32.68652,-18.3846],[32.68651,-18.38442],[32.68646,-18.38433],[32.68632,-18.38417],[32.68627,-18.38412],[32.68622,-18.384],[32.68623,-18.38392],[32.68628,-18.38386],[32.68642,-18.38386],[32.68661,-18.3839],[32.68692,-18.38394],[32.68719,-18.38394],[32.68745,-18.38396],[32.68759,-18.384],[32.68772,-18.38409],[32.68779,-18.38422],[32.6879,-18.38432],[32.68811,-18.3844],[32.68842,-18.38446],[32.68866,-18.38443],[32.689,-18.3842],[32.6892,-18.38412],[32.68937,-18.38413],[32.68956,-18.38421],[32.68973,-18.38423],[32.68999,-18.3842],[32.69026,-18.38422],[32.69049,-18.38427],[32.69064,-18.38426],[32.69074,-18.38423],[32.69081,-18.38413],[32.69096,-18.38374],[32.69106,-18.38358],[32.69114,-18.3835],[32.69135,-18.38334],[32.69147,-18.38327],[32.69166,-18.38324],[32.6919,-18.38328],[32.69211,-18.38331],[32.69231,-18.38328],[32.69245,-18.38322],[32.69256,-18.38316],[32.6929,-18.38279],[32.69301,-18.38267],[32.69316,-18.3825],[32.69337,-18.3823],[32.69372,-18.38212],[32.69405,-18.38201],[32.69425,-18.38195],[32.69432,-18.382],[32.69434,-18.38205],[32.69432,-18.38212],[32.69425,-18.38224],[32.69419,-18.38239],[32.69418,-18.38261],[32.6942,-18.38292],[32.69421,-18.38333],[32.69417,-18.38365],[32.69413,-18.38386],[32.69408,-18.38408],[32.69408,-18.38416],[32.69411,-18.38421],[32.69418,-18.38425],[32.6943,-18.38424],[32.6945,-18.38421],[32.69467,-18.38421],[32.69482,-18.38424],[32.69493,-18.38428],[32.69502,-18.38436],[32.69513,-18.3845],[32.69516,-18.38458],[32.6953,-18.38471],[32.69575,-18.38492],[32.69579,-18.38492],[32.69584,-18.38491],[32.69588,-18.38488],[32.69588,-18.38482],[32.69577,-18.38463],[32.69569,-18.38442],[32.69565,-18.38429],[32.69567,-18.38422],[32.69586,-18.38392],[32.69611,-18.38354],[32.69615,-18.38351],[32.69618,-18.3835],[32.69626,-18.38354],[32.6963,-18.38359],[32.6963,-18.38362],[32.69642,-18.38393],[32.69656,-18.38416],[32.6968,-18.38438],[32.69702,-18.38464],[32.6972,-18.38491],[32.69745,-18.3853],[32.69749,-18.38533],[32.69756,-18.38536],[32.69764,-18.38534],[32.69778,-18.38525],[32.69799,-18.3851],[32.69806,-18.38499],[32.69812,-18.3849],[32.6983,-18.38472],[32.69834,-18.38467],[32.69837,-18.38461],[32.69841,-18.38405],[32.69849,-18.38386],[32.69854,-18.38374],[32.69873,-18.38341],[32.69912,-18.38267],[32.69945,-18.38221],[32.69983,-18.38152],[32.7,-18.38118],[32.70006,-18.38103],[32.70015,-18.38071],[32.70046,-18.37994],[32.7005,-18.37985],[32.70059,-18.37957],[32.7006,-18.37947],[32.70058,-18.37933],[32.70055,-18.37854],[32.70056,-18.37838],[32.70063,-18.37821],[32.70067,-18.37815],[32.70072,-18.37807],[32.70132,-18.37729],[32.70151,-18.37699],[32.7016,-18.37679],[32.70167,-18.3766],[32.7017,-18.37633],[32.70166,-18.37622],[32.70171,-18.37543],[32.70172,-18.37537],[32.70174,-18.37533],[32.70179,-18.37524],[32.70192,-18.37514],[32.70297,-18.37415],[32.70317,-18.37398],[32.70338,-18.37385],[32.7036,-18.3737],[32.70381,-18.37354],[32.70399,-18.3734],[32.70411,-18.37327],[32.70421,-18.3731],[32.70426,-18.37296],[32.70434,-18.37274],[32.70443,-18.37246],[32.70446,-18.3724],[32.70467,-18.37203],[32.70491,-18.37167],[32.70522,-18.37127],[32.70541,-18.37105],[32.70549,-18.37095],[32.70563,-18.37083],[32.70579,-18.37073],[32.70633,-18.37053],[32.70684,-18.37027],[32.70713,-18.37003],[32.70743,-18.36977],[32.70757,-18.36958],[32.70815,-18.36876],[32.70839,-18.36843],[32.70876,-18.36792],[32.70891,-18.36762],[32.70901,-18.36737],[32.70893,-18.36696],[32.70876,-18.36614]]}},{"type":"Feature","properties":{"kind":"track","name":""},"geometry":{"type":"LineString","coordinates":[[32.68983,-18.36904],[32.68973,-18.37027],[32.68982,-18.37036],[32.69021,-18.37078],[32.69024,-18.37104],[32.69024,-18.3725],[32.69049,-18.3726],[32.69494,-18.37311],[32.69515,-18.37312],[32.69518,-18.37302],[32.69514,-18.37276],[32.69538,-18.3727],[32.69544,-18.37284],[32.69544,-18.37306],[32.69537,-18.37342],[32.69547,-18.3741],[32.69575,-18.37479],[32.69644,-18.37497],[32.69651,-18.37517],[32.69604,-18.37563],[32.69598,-18.37594],[32.69614,-18.37644],[32.69753,-18.37722],[32.69789,-18.37775],[32.69777,-18.37828],[32.69784,-18.37846],[32.69789,-18.3786],[32.69771,-18.37897],[32.69766,-18.37923],[32.69782,-18.37926],[32.69809,-18.37917],[32.6987,-18.3788],[32.69993,-18.37738],[32.70004,-18.37727],[32.70071,-18.37665],[32.70109,-18.37638],[32.70142,-18.37624],[32.70166,-18.37622]]}},{"type":"Feature","properties":{"kind":"track","name":""},"geometry":{"type":"LineString","coordinates":[[32.72861,-18.36859],[32.72767,-18.36872],[32.72689,-18.36889],[32.72658,-18.36904],[32.72599,-18.36955],[32.7253,-18.36977],[32.72476,-18.36988],[32.72451,-18.36998],[32.72422,-18.37018],[32.72332,-18.37034],[32.72282,-18.3703],[32.72144,-18.37129],[32.72083,-18.37147],[32.72031,-18.37203],[32.7199,-18.37218],[32.71891,-18.37225],[32.71851,-18.37248],[32.71819,-18.37286],[32.71736,-18.37284],[32.71682,-18.37262],[32.71639,-18.37219],[32.71611,-18.37196],[32.71583,-18.37187],[32.71548,-18.37197]]}},{"type":"Feature","properties":{"kind":"track","name":""},"geometry":{"type":"LineString","coordinates":[[32.7194,-18.36073],[32.71948,-18.36085]]}},{"type":"Feature","properties":{"kind":"track","name":""},"geometry":{"type":"LineString","coordinates":[[32.72243,-18.36733],[32.72187,-18.36631],[32.72128,-18.36541],[32.7212,-18.36493],[32.72132,-18.36446],[32.72123,-18.36441],[32.72107,-18.36443],[32.72004,-18.3653],[32.71974,-18.36549],[32.7194,-18.36551],[32.7191,-18.36552],[32.71787,-18.36628],[32.7173,-18.36683],[32.71703,-18.36736],[32.71735,-18.36805],[32.71729,-18.36889],[32.71715,-18.36925],[32.71604,-18.37022],[32.71568,-18.37043],[32.71545,-18.37079]]}},{"type":"Feature","properties":{"kind":"road","name":""},"geometry":{"type":"LineString","coordinates":[[32.67999,-18.35919],[32.68002,-18.35906],[32.68011,-18.35887],[32.68013,-18.35873]]}},{"type":"Feature","properties":{"kind":"track","name":""},"geometry":{"type":"LineString","coordinates":[[32.72813,-18.38855],[32.72798,-18.38912],[32.72788,-18.38979],[32.72802,-18.39029],[32.72841,-18.39066],[32.72864,-18.3907],[32.72881,-18.39066],[32.72903,-18.3905],[32.72933,-18.39027],[32.7297,-18.39028],[32.73017,-18.39037],[32.73039,-18.39035],[32.73065,-18.39018],[32.73078,-18.3901],[32.73093,-18.39009],[32.73103,-18.39015],[32.73104,-18.39025],[32.73087,-18.39054],[32.73075,-18.39073],[32.73069,-18.39102],[32.73069,-18.39124],[32.73076,-18.39193],[32.73085,-18.39228]]}},{"type":"Feature","properties":{"kind":"track","name":""},"geometry":{"type":"LineString","coordinates":[[32.72813,-18.38855],[32.72818,-18.38889],[32.7283,-18.38933],[32.72856,-18.38948],[32.72897,-18.38942],[32.72934,-18.38932],[32.72984,-18.38916],[32.7301,-18.38895],[32.73026,-18.38863],[32.73041,-18.38809],[32.73048,-18.38708]]}},{"type":"Feature","properties":{"kind":"track","name":""},"geometry":{"type":"LineString","coordinates":[[32.7017,-18.37633],[32.70186,-18.3764],[32.70193,-18.37644],[32.70202,-18.37644],[32.70209,-18.37639],[32.70242,-18.37598],[32.70325,-18.3747],[32.70362,-18.37451],[32.70449,-18.3742],[32.70479,-18.374],[32.70501,-18.37379],[32.70531,-18.37323],[32.7055,-18.37291],[32.70572,-18.37265],[32.70622,-18.37242],[32.70669,-18.37235],[32.70717,-18.37232],[32.70734,-18.37232],[32.70769,-18.37233],[32.70794,-18.37234],[32.70914,-18.37245],[32.70971,-18.37238],[32.71021,-18.37208],[32.71059,-18.37181],[32.71089,-18.37156],[32.71186,-18.37137],[32.71248,-18.37134],[32.71289,-18.37128],[32.71332,-18.37083],[32.71359,-18.37067],[32.71398,-18.37066],[32.71434,-18.37087],[32.7148,-18.3707]]}},{"type":"Feature","properties":{"kind":"road","name":"Nyamiza Falls Road"},"geometry":{"type":"LineString","coordinates":[[32.7871,-18.26438],[32.78706,-18.26258],[32.78689,-18.26125],[32.78666,-18.25904],[32.78661,-18.25863],[32.78667,-18.25837],[32.78689,-18.25804],[32.78708,-18.25781],[32.78722,-18.25754],[32.78738,-18.25734],[32.78786,-18.25694],[32.78877,-18.25628],[32.78912,-18.25601],[32.78946,-18.25587],[32.78971,-18.25583],[32.78989,-18.25578],[32.79004,-18.25564],[32.79015,-18.25548],[32.79033,-18.25518],[32.7904,-18.25503],[32.79046,-18.25492],[32.79057,-18.25485],[32.79076,-18.25476],[32.79097,-18.25465]]}},{"type":"Feature","properties":{"kind":"stream","name":""},"geometry":{"type":"LineString","coordinates":[[32.78891,-18.24347],[32.78851,-18.24378],[32.7875,-18.24405],[32.78687,-18.24395],[32.78609,-18.24414],[32.7855,-18.24452],[32.78496,-18.24534],[32.78467,-18.24567],[32.78413,-18.24571],[32.78357,-18.24555],[32.78309,-18.24564],[32.78279,-18.24613],[32.78254,-18.2467]]}},{"type":"Feature","properties":{"kind":"stream","name":"Inyangombe River"},"geometry":{"type":"LineString","coordinates":[[32.78254,-18.2467],[32.78285,-18.24772],[32.7828,-18.24822],[32.78229,-18.24894],[32.78157,-18.24928],[32.78052,-18.24936],[32.77961,-18.24892],[32.77828,-18.24957],[32.77786,-18.24996],[32.77721,-18.25012],[32.77537,-18.25051],[32.7746,-18.25042],[32.774,-18.25061],[32.77382,-18.25104],[32.77417,-18.25238],[32.77248,-18.25309],[32.77225,-18.25304],[32.77197,-18.25269],[32.77162,-18.25245],[32.77102,-18.25261],[32.77085,-18.2538],[32.77071,-18.2542],[32.77047,-18.25414],[32.76989,-18.25492],[32.76999,-18.25537],[32.76996,-18.25564],[32.76965,-18.25636],[32.76941,-18.257],[32.76868,-18.25726],[32.76768,-18.25789],[32.76659,-18.25924],[32.76595,-18.26036],[32.76516,-18.26053],[32.76506,-18.26099],[32.76514,-18.26137],[32.7649,-18.26182],[32.76497,-18.26249],[32.7646,-18.26362],[32.76389,-18.2647],[32.76382,-18.26467],[32.76375,-18.26446],[32.76341,-18.26439],[32.76313,-18.26414],[32.76291,-18.26397],[32.76276,-18.26431],[32.763,-18.26436],[32.76299,-18.26467],[32.76296,-18.26491],[32.76278,-18.2649],[32.76255,-18.26573],[32.76201,-18.26607],[32.76197,-18.2663],[32.76155,-18.26661],[32.76121,-18.26718],[32.76117,-18.26789],[32.76127,-18.26835],[32.76096,-18.26907],[32.76076,-18.26873],[32.76062,-18.26862],[32.7605,-18.26872],[32.76038,-18.26888],[32.76022,-18.26892],[32.7602,-18.2691],[32.75979,-18.26948],[32.75897,-18.27021],[32.75845,-18.27038]]}},{"type":"Feature","properties":{"kind":"track","name":""},"geometry":{"type":"LineString","coordinates":[[32.67779,-18.22953],[32.67752,-18.2298],[32.67721,-18.23],[32.67696,-18.2302],[32.67676,-18.23043],[32.67659,-18.2306],[32.67634,-18.23075],[32.67579,-18.23105],[32.67538,-18.2313],[32.6753,-18.23133],[32.67521,-18.23129],[32.6751,-18.23114],[32.67498,-18.23107],[32.67475,-18.23099],[32.67468,-18.23093],[32.67466,-18.23084],[32.67469,-18.23051],[32.67477,-18.23004]]}},{"type":"Feature","properties":{"kind":"track","name":""},"geometry":{"type":"LineString","coordinates":[[32.67365,-18.22985],[32.67342,-18.23039],[32.6732,-18.23077],[32.67285,-18.23128],[32.67268,-18.2318],[32.67256,-18.23246],[32.67243,-18.23334],[32.67242,-18.23349],[32.67222,-18.23365],[32.67193,-18.23374],[32.67151,-18.23386],[32.67108,-18.23413],[32.67085,-18.23427],[32.67052,-18.2346],[32.67028,-18.23503],[32.67012,-18.23553],[32.67001,-18.23563],[32.66985,-18.23571],[32.66955,-18.23576],[32.66936,-18.23586],[32.66916,-18.23595],[32.66884,-18.23616],[32.66858,-18.23637],[32.66835,-18.23645],[32.66811,-18.23654],[32.66766,-18.23682],[32.66736,-18.23699],[32.6671,-18.23702],[32.66682,-18.23701]]}},{"type":"Feature","properties":{"kind":"track","name":""},"geometry":{"type":"LineString","coordinates":[[32.67213,-18.22973],[32.67189,-18.23047],[32.67181,-18.23075],[32.6715,-18.23132],[32.67141,-18.23166]]}},{"type":"Feature","properties":{"kind":"road","name":""},"geometry":{"type":"LineString","coordinates":[[32.67477,-18.23004],[32.67458,-18.23005],[32.67432,-18.23003],[32.67392,-18.22995],[32.67365,-18.22985],[32.67348,-18.22983],[32.67324,-18.22983],[32.67236,-18.22973],[32.67213,-18.22973],[32.67171,-18.22975],[32.6714,-18.22972],[32.67131,-18.22969],[32.67121,-18.22963],[32.67109,-18.22956],[32.67093,-18.22938],[32.67077,-18.22925],[32.67066,-18.22917],[32.67046,-18.2291],[32.67034,-18.22901],[32.67025,-18.22892],[32.67002,-18.22876],[32.6694,-18.22836],[32.66897,-18.22808],[32.66861,-18.22789],[32.66843,-18.22782],[32.66773,-18.22764],[32.66765,-18.22761],[32.66759,-18.22755],[32.66751,-18.22747],[32.66734,-18.22718],[32.66726,-18.22705],[32.66717,-18.22691],[32.66706,-18.22683],[32.66696,-18.22678],[32.66666,-18.22675],[32.66645,-18.22673],[32.66627,-18.22672],[32.66609,-18.22673],[32.66586,-18.22672],[32.66558,-18.22668],[32.66547,-18.22666],[32.66532,-18.22663],[32.66509,-18.22655],[32.66489,-18.22645],[32.66454,-18.22617],[32.6644,-18.22608],[32.66389,-18.2258],[32.66362,-18.22566],[32.6634,-18.22553],[32.66318,-18.2254],[32.66284,-18.22514],[32.66269,-18.22502],[32.66239,-18.22485],[32.6622,-18.22477],[32.66203,-18.22467],[32.66195,-18.2246],[32.6618,-18.22448],[32.6616,-18.22433],[32.66138,-18.22413],[32.66115,-18.22386],[32.66086,-18.22353],[32.66049,-18.22323],[32.66023,-18.22302],[32.65976,-18.22257],[32.65966,-18.22247],[32.65928,-18.22198],[32.65902,-18.22163],[32.65869,-18.22124],[32.65829,-18.22065],[32.65799,-18.22027],[32.65771,-18.21986],[32.65748,-18.21961],[32.65737,-18.21952],[32.65725,-18.2194],[32.6571,-18.21927],[32.657,-18.21918],[32.65679,-18.21905],[32.65651,-18.21892],[32.65642,-18.21883],[32.6563,-18.21868],[32.65619,-18.21852],[32.65602,-18.21828],[32.65585,-18.21791],[32.65574,-18.21769],[32.65554,-18.21713],[32.65544,-18.21691],[32.65526,-18.21664],[32.65507,-18.2163],[32.65493,-18.21604],[32.65487,-18.2159],[32.65476,-18.21567]]}},{"type":"Feature","properties":{"kind":"track","name":""},"geometry":{"type":"LineString","coordinates":[[32.64274,-18.22849],[32.64126,-18.22801]]}},{"type":"Feature","properties":{"kind":"track","name":""},"geometry":{"type":"LineString","coordinates":[[32.63982,-18.22821],[32.63968,-18.22886],[32.63951,-18.22956],[32.63936,-18.22989],[32.6391,-18.23013],[32.63911,-18.23025],[32.64038,-18.2308],[32.64072,-18.23073],[32.64107,-18.23072],[32.64245,-18.23082],[32.64257,-18.23075],[32.64256,-18.22936],[32.64274,-18.22849],[32.64296,-18.22803],[32.64276,-18.22741]]}},{"type":"Feature","properties":{"kind":"road","name":""},"geometry":{"type":"LineString","coordinates":[[32.63847,-18.2283],[32.63879,-18.22864],[32.63968,-18.22886],[32.64256,-18.22936]]}},{"type":"Feature","properties":{"kind":"road","name":""},"geometry":{"type":"LineString","coordinates":[[32.67476,-18.38032],[32.67578,-18.37955]]}},{"type":"Feature","properties":{"kind":"road","name":""},"geometry":{"type":"LineString","coordinates":[[32.67578,-18.37955],[32.67634,-18.37896],[32.67658,-18.37856],[32.67671,-18.37828],[32.67684,-18.37792],[32.67693,-18.37751],[32.67696,-18.37717],[32.67694,-18.37657],[32.67689,-18.37344],[32.67683,-18.3713],[32.67686,-18.37103],[32.67692,-18.37081],[32.677,-18.37059],[32.67712,-18.37029],[32.67726,-18.37005]]}},{"type":"Feature","properties":{"kind":"track","name":""},"geometry":{"type":"LineString","coordinates":[[32.68111,-18.31321],[32.68038,-18.31251],[32.68001,-18.31243],[32.67935,-18.31258],[32.67862,-18.31245],[32.67767,-18.31185],[32.6772,-18.31132],[32.67712,-18.31075],[32.67716,-18.31045],[32.67728,-18.3097],[32.67724,-18.30951],[32.67691,-18.3093],[32.67671,-18.30924],[32.67671,-18.30909],[32.67648,-18.30724],[32.67644,-18.30624],[32.67694,-18.30522],[32.67734,-18.30464],[32.6777,-18.30456],[32.67862,-18.30476]]}},{"type":"Feature","properties":{"kind":"road","name":""},"geometry":{"type":"LineString","coordinates":[[32.68857,-18.29638],[32.68848,-18.29668],[32.68849,-18.29684],[32.68849,-18.29711],[32.6884,-18.29744],[32.68826,-18.29784],[32.68817,-18.29802],[32.68805,-18.29815],[32.68794,-18.29828],[32.68789,-18.29834],[32.68772,-18.29849],[32.68732,-18.29885],[32.6872,-18.29896],[32.68706,-18.29903],[32.68688,-18.29906],[32.6865,-18.29903],[32.68592,-18.29896],[32.68565,-18.29897],[32.68555,-18.29899],[32.68547,-18.29907],[32.68545,-18.29915],[32.6853,-18.30008],[32.68507,-18.30135],[32.68491,-18.30215],[32.68458,-18.30403],[32.68432,-18.30532],[32.68423,-18.30586],[32.68393,-18.3077],[32.6839,-18.30789],[32.68392,-18.30809],[32.68397,-18.30851],[32.684,-18.30879],[32.68402,-18.30908],[32.68402,-18.30917],[32.68392,-18.30964],[32.68382,-18.30998],[32.6838,-18.31004],[32.68376,-18.3101],[32.68357,-18.31017],[32.68338,-18.31028],[32.68334,-18.31034],[32.68336,-18.31045],[32.68348,-18.3117],[32.68347,-18.31178],[32.68344,-18.31184],[32.68336,-18.31193],[32.68312,-18.31208],[32.68215,-18.31263],[32.68111,-18.31321],[32.68272,-18.31464],[32.68374,-18.31558],[32.68428,-18.31641],[32.68482,-18.31697],[32.68554,-18.31721],[32.68589,-18.31735],[32.68608,-18.31745],[32.68623,-18.31755],[32.68645,-18.31775],[32.68649,-18.31784],[32.68658,-18.318],[32.68663,-18.31808],[32.68679,-18.31821],[32.68706,-18.31837],[32.68733,-18.31856],[32.68742,-18.31865],[32.68753,-18.31878],[32.6877,-18.31917],[32.68837,-18.32085],[32.68864,-18.32134],[32.68878,-18.32155],[32.68892,-18.32166],[32.6893,-18.32178],[32.69027,-18.32196],[32.69072,-18.32207],[32.69104,-18.32206],[32.69279,-18.32151],[32.69337,-18.32133],[32.69383,-18.32114],[32.69402,-18.32093],[32.69438,-18.32029],[32.69476,-18.31954],[32.69485,-18.31941],[32.6949,-18.31938],[32.69497,-18.31935],[32.6952,-18.31936],[32.69543,-18.31943]]}},{"type":"Feature","properties":{"kind":"road","name":"Access Road to Claremont Estates"},"geometry":{"type":"LineString","coordinates":[[32.68825,-18.29604],[32.68787,-18.29571],[32.68771,-18.2956],[32.68753,-18.29552],[32.68741,-18.29548],[32.68728,-18.29542],[32.68718,-18.2953],[32.68711,-18.29517],[32.68678,-18.29462],[32.6867,-18.29452],[32.6865,-18.29437],[32.68625,-18.2942],[32.6858,-18.29391],[32.68557,-18.29381],[32.68534,-18.29372],[32.68494,-18.29354],[32.68482,-18.29348],[32.68472,-18.29338],[32.68449,-18.29318],[32.68424,-18.29301],[32.6841,-18.29289],[32.68372,-18.29269],[32.68347,-18.29252],[32.68307,-18.29224],[32.6827,-18.29192],[32.6824,-18.29172],[32.68208,-18.29148],[32.68177,-18.29126],[32.68165,-18.29117]]}},{"type":"Feature","properties":{"kind":"road","name":"Access Road to Claremont Estates"},"geometry":{"type":"LineString","coordinates":[[32.68839,-18.2962],[32.68825,-18.29604]]}},{"type":"Feature","properties":{"kind":"road","name":"Access Road to Gairezi River"},"geometry":{"type":"LineString","coordinates":[[32.87712,-18.2504],[32.87718,-18.2504],[32.87723,-18.25039],[32.87727,-18.25033],[32.87733,-18.25005],[32.87738,-18.24988],[32.87747,-18.2496],[32.87751,-18.24942],[32.87755,-18.24931],[32.87762,-18.24922],[32.87778,-18.24906],[32.87793,-18.24892],[32.87802,-18.2488],[32.8782,-18.24853],[32.87826,-18.24836],[32.87834,-18.24817],[32.87843,-18.24805],[32.87866,-18.24787],[32.87888,-18.2477],[32.87896,-18.24761],[32.87903,-18.24749],[32.87909,-18.24734],[32.87914,-18.24725],[32.87934,-18.24704],[32.87942,-18.24696],[32.87971,-18.24671],[32.88008,-18.24642],[32.88034,-18.24627],[32.8806,-18.24617],[32.88122,-18.24601],[32.88153,-18.24594],[32.88183,-18.24591],[32.88199,-18.24592],[32.8821,-18.24595],[32.88221,-18.24598],[32.88234,-18.24606],[32.88301,-18.24662],[32.88309,-18.24668],[32.88312,-18.24674],[32.88314,-18.24683],[32.88317,-18.2469],[32.88321,-18.24696],[32.88325,-18.24698],[32.8833,-18.24699],[32.88336,-18.24697],[32.88342,-18.24694],[32.88351,-18.2469],[32.88391,-18.24682],[32.88406,-18.24679],[32.88436,-18.24681],[32.88463,-18.24681],[32.88493,-18.24677],[32.88521,-18.24665],[32.88532,-18.24659],[32.8854,-18.24651],[32.88548,-18.24643],[32.8856,-18.24636],[32.8858,-18.24628],[32.88592,-18.24622],[32.88601,-18.24617],[32.88646,-18.24579],[32.88663,-18.24571],[32.88684,-18.24562],[32.88717,-18.24548],[32.88754,-18.24533],[32.88786,-18.24522],[32.88817,-18.24513],[32.88836,-18.2451],[32.88866,-18.24505],[32.88875,-18.24504],[32.88883,-18.24505],[32.88894,-18.24508],[32.88915,-18.24516],[32.88927,-18.24523],[32.88948,-18.24537],[32.88963,-18.24546],[32.88973,-18.24555],[32.88982,-18.24563],[32.88985,-18.24566],[32.8899,-18.24568],[32.88994,-18.24569],[32.88998,-18.2457],[32.89009,-18.24569],[32.89021,-18.24567],[32.89036,-18.24567],[32.89042,-18.24567],[32.89049,-18.24568],[32.89062,-18.24571],[32.89075,-18.24575],[32.89082,-18.24575],[32.89089,-18.24575],[32.89095,-18.24574],[32.891,-18.24572],[32.89113,-18.24569],[32.89131,-18.24561],[32.89139,-18.24557],[32.89146,-18.24554],[32.89155,-18.24554],[32.89162,-18.24555],[32.89167,-18.24557],[32.8917,-18.24559],[32.89172,-18.24561],[32.89173,-18.24565],[32.89174,-18.24569],[32.89174,-18.24596],[32.89172,-18.24613],[32.89174,-18.24641],[32.89176,-18.24659],[32.89177,-18.24674],[32.89175,-18.24687],[32.89171,-18.24697],[32.89164,-18.24712],[32.89162,-18.24716],[32.89159,-18.24724],[32.8916,-18.24726],[32.89161,-18.24727],[32.89163,-18.24728],[32.89165,-18.24728],[32.89167,-18.24728],[32.8917,-18.24727],[32.89176,-18.24723],[32.89186,-18.24715],[32.89202,-18.24699],[32.89221,-18.24683],[32.89238,-18.24671],[32.8925,-18.24655],[32.8926,-18.24643],[32.89272,-18.2463],[32.8929,-18.24616],[32.89319,-18.24592],[32.89349,-18.24572],[32.89369,-18.24561],[32.8939,-18.24553],[32.89405,-18.24548],[32.89426,-18.24545],[32.89462,-18.24546],[32.89515,-18.24559],[32.89558,-18.24566],[32.89612,-18.24566],[32.89742,-18.24564],[32.89789,-18.24562],[32.8982,-18.24563],[32.89868,-18.24568],[32.89954,-18.24583],[32.89976,-18.24584],[32.89986,-18.24584],[32.89993,-18.24583],[32.89999,-18.24582],[32.90004,-18.2458],[32.90009,-18.24578],[32.90013,-18.24579],[32.90016,-18.24582],[32.90018,-18.24587],[32.90019,-18.2459],[32.90018,-18.24597],[32.90014,-18.24606],[32.90007,-18.24616],[32.89984,-18.24641],[32.89969,-18.24659],[32.89963,-18.24672],[32.8996,-18.24682],[32.8996,-18.24691],[32.89964,-18.24703],[32.89969,-18.24715],[32.89975,-18.24728],[32.8998,-18.24737],[32.89989,-18.24751],[32.9002,-18.24782],[32.90053,-18.24812],[32.90065,-18.24825],[32.90099,-18.24872],[32.90109,-18.24888],[32.90123,-18.24912],[32.90139,-18.24946],[32.90148,-18.24966],[32.9015,-18.24976],[32.90151,-18.2499],[32.90149,-18.25003],[32.90146,-18.25014],[32.90145,-18.25023],[32.90146,-18.25032],[32.90153,-18.25045],[32.90159,-18.25056],[32.90163,-18.25066],[32.90165,-18.25076],[32.90167,-18.25089],[32.90169,-18.25114],[32.90186,-18.25189],[32.90208,-18.25264],[32.90214,-18.25292],[32.90215,-18.25304],[32.90212,-18.25313],[32.90204,-18.25319],[32.902,-18.25324],[32.90198,-18.25332],[32.90198,-18.25344],[32.90198,-18.25365],[32.902,-18.25376],[32.90204,-18.25389],[32.90213,-18.25411],[32.90218,-18.2542],[32.90221,-18.25427],[32.9022,-18.25435],[32.90219,-18.25444],[32.90215,-18.25455],[32.90209,-18.25482],[32.90205,-18.2552],[32.90203,-18.25536],[32.9019,-18.25587],[32.90181,-18.25635],[32.90181,-18.25652],[32.90183,-18.25664],[32.90187,-18.25678],[32.90199,-18.25711],[32.90224,-18.25764],[32.9025,-18.25816],[32.90267,-18.25856],[32.90269,-18.25865],[32.90269,-18.25874],[32.90263,-18.25901],[32.90245,-18.25952],[32.90235,-18.25988],[32.90229,-18.26035],[32.90224,-18.26063],[32.90219,-18.26077],[32.90205,-18.261],[32.90192,-18.26125],[32.90186,-18.26141],[32.90171,-18.26185],[32.90158,-18.26228],[32.90155,-18.26237],[32.90151,-18.26243],[32.90147,-18.26247],[32.90128,-18.26263],[32.90113,-18.26272],[32.90103,-18.26282],[32.90098,-18.26286],[32.90095,-18.26291],[32.90093,-18.26296],[32.90094,-18.263],[32.90098,-18.26303],[32.90109,-18.26305],[32.90124,-18.26307],[32.90151,-18.26317],[32.90165,-18.26319],[32.90174,-18.26319],[32.9018,-18.26318],[32.90183,-18.26317],[32.90187,-18.26316],[32.90195,-18.26312],[32.90208,-18.26305],[32.90214,-18.26302],[32.90218,-18.26302],[32.90222,-18.26303],[32.90226,-18.26305],[32.90228,-18.26308],[32.90246,-18.26367],[32.90257,-18.26418],[32.90258,-18.26436],[32.90254,-18.26461],[32.90249,-18.2647],[32.90242,-18.26475],[32.90234,-18.26477],[32.90222,-18.26477],[32.90146,-18.26474],[32.90089,-18.26468],[32.90018,-18.2646],[32.90004,-18.26462],[32.89995,-18.26465],[32.89988,-18.26469],[32.89976,-18.26481],[32.89964,-18.26501],[32.89962,-18.26505],[32.89961,-18.26511],[32.89959,-18.26522],[32.89957,-18.26527],[32.89953,-18.2653],[32.89948,-18.2653],[32.89942,-18.2653],[32.89914,-18.26526],[32.89891,-18.26526],[32.89879,-18.26526],[32.89875,-18.26527],[32.89872,-18.2653],[32.89868,-18.26536],[32.89868,-18.2654],[32.89868,-18.26544],[32.89875,-18.26553]]}},{"type":"Feature","properties":{"kind":"road","name":"Access Road to Gairezi River"},"geometry":{"type":"LineString","coordinates":[[32.87682,-18.25031],[32.87695,-18.25033],[32.87712,-18.2504]]}},{"type":"Feature","properties":{"kind":"road","name":""},"geometry":{"type":"LineString","coordinates":[[32.66062,-18.42179],[32.65859,-18.4185],[32.65836,-18.41816],[32.65816,-18.41787],[32.65793,-18.41778],[32.65767,-18.41787],[32.6555,-18.4191],[32.65468,-18.41952]]}},{"type":"Feature","properties":{"kind":"road","name":""},"geometry":{"type":"LineString","coordinates":[[32.65294,-18.43587],[32.65313,-18.43578],[32.65321,-18.43573],[32.65332,-18.4357],[32.65346,-18.4357],[32.65357,-18.43571],[32.6537,-18.43572],[32.6538,-18.4357],[32.65392,-18.43564],[32.6541,-18.43556],[32.65444,-18.43538],[32.65466,-18.43528],[32.65484,-18.43521],[32.655,-18.43514],[32.65517,-18.43504],[32.65543,-18.43484],[32.65574,-18.43462],[32.65597,-18.43446],[32.65624,-18.43427],[32.65639,-18.43413],[32.6565,-18.43405],[32.65656,-18.43398],[32.65659,-18.4339],[32.65662,-18.43379],[32.65663,-18.43362],[32.65663,-18.4333],[32.65665,-18.43315],[32.65669,-18.43303],[32.65673,-18.43293],[32.65679,-18.43285],[32.65692,-18.43273],[32.65771,-18.43219],[32.6586,-18.43157],[32.65913,-18.43119],[32.65935,-18.431],[32.65948,-18.43088],[32.65961,-18.43071],[32.65983,-18.43033],[32.65992,-18.43016],[32.66,-18.42997],[32.66004,-18.42971],[32.66004,-18.42902],[32.66004,-18.42865],[32.66001,-18.42661],[32.66017,-18.4247],[32.66015,-18.42428],[32.66009,-18.42394],[32.66,-18.42339],[32.65996,-18.42305],[32.66003,-18.42282],[32.66025,-18.42247],[32.6604,-18.42222],[32.66048,-18.42202],[32.66062,-18.42179],[32.66073,-18.42161],[32.66098,-18.42135],[32.66113,-18.42114],[32.66129,-18.42087],[32.66153,-18.42048],[32.66163,-18.42026],[32.66174,-18.42008],[32.66188,-18.41991],[32.66204,-18.41973],[32.66218,-18.41955],[32.66227,-18.41939],[32.66232,-18.4192],[32.66235,-18.41896],[32.6624,-18.4187],[32.6625,-18.41851],[32.66257,-18.41843],[32.66269,-18.41838],[32.66293,-18.4184],[32.66314,-18.4184],[32.66329,-18.41838],[32.66344,-18.41832],[32.66358,-18.41821],[32.66377,-18.418],[32.66396,-18.41783],[32.66411,-18.41766],[32.6642,-18.41751],[32.66428,-18.41733],[32.66431,-18.41712],[32.66431,-18.41697],[32.66432,-18.41685],[32.66442,-18.41672],[32.66461,-18.41656],[32.66497,-18.41629],[32.66523,-18.41614],[32.66548,-18.41597],[32.66593,-18.41557],[32.66611,-18.41546],[32.66633,-18.41534],[32.66649,-18.4152],[32.66667,-18.41495],[32.66712,-18.4143],[32.6673,-18.41405],[32.6675,-18.41384],[32.66769,-18.41372],[32.6681,-18.41354],[32.66877,-18.41326],[32.6693,-18.4131],[32.66964,-18.41302],[32.66983,-18.41299],[32.67,-18.41294],[32.67014,-18.4128],[32.67029,-18.41262],[32.67052,-18.41233],[32.67069,-18.41214],[32.67089,-18.412],[32.67116,-18.41189],[32.67155,-18.41173],[32.67172,-18.41164],[32.67199,-18.41157],[32.6721,-18.41158],[32.67226,-18.41164],[32.67242,-18.41178],[32.67252,-18.41186],[32.67258,-18.41201],[32.67255,-18.4122],[32.67244,-18.41243],[32.6723,-18.41268],[32.67223,-18.41293],[32.67226,-18.41302],[32.67234,-18.41309],[32.67248,-18.41312],[32.6727,-18.41314],[32.67292,-18.41311],[32.67304,-18.41309],[32.67315,-18.41307],[32.67329,-18.41307],[32.67339,-18.41311],[32.67353,-18.41323],[32.67368,-18.41338],[32.67383,-18.41347],[32.67398,-18.41352],[32.67415,-18.41355],[32.6744,-18.41357],[32.67497,-18.41361],[32.67537,-18.41367],[32.67557,-18.41368],[32.67583,-18.41365],[32.67613,-18.41358],[32.67675,-18.41342],[32.67704,-18.41335],[32.67721,-18.4133],[32.67732,-18.41325],[32.67738,-18.41319],[32.6774,-18.41309],[32.67741,-18.41297],[32.67732,-18.41276],[32.67715,-18.41254],[32.67705,-18.41236],[32.67699,-18.41219],[32.6769,-18.41181],[32.67679,-18.41147],[32.67652,-18.4107],[32.67644,-18.41051],[32.67643,-18.41039],[32.67648,-18.41027],[32.67656,-18.41017],[32.67672,-18.41008]]}},{"type":"Feature","properties":{"kind":"road","name":""},"geometry":{"type":"LineString","coordinates":[[32.82888,-18.17598],[32.82896,-18.17599],[32.82914,-18.17602],[32.82924,-18.17604]]}},{"type":"Feature","properties":{"kind":"road","name":""},"geometry":{"type":"LineString","coordinates":[[32.82924,-18.17604],[32.82939,-18.17608],[32.82963,-18.17616],[32.82979,-18.17623],[32.82989,-18.1763],[32.82999,-18.17639],[32.83008,-18.17649],[32.83007,-18.17658]]}},{"type":"Feature","properties":{"kind":"road","name":"Sawmills"},"geometry":{"type":"LineString","coordinates":[[32.82924,-18.17604],[32.82917,-18.17569]]}},{"type":"Feature","properties":{"kind":"road","name":""},"geometry":{"type":"LineString","coordinates":[[32.8974,-18.18793],[32.89615,-18.18704],[32.89392,-18.18646],[32.8934,-18.18645],[32.89289,-18.18653],[32.89199,-18.18646],[32.8918,-18.18631],[32.89173,-18.18617],[32.89162,-18.1859],[32.89157,-18.1859],[32.89144,-18.18604],[32.89135,-18.18614],[32.89137,-18.18629],[32.89149,-18.18652],[32.89182,-18.18687],[32.89247,-18.18715],[32.8927,-18.18741],[32.89315,-18.18766]]}},{"type":"Feature","properties":{"kind":"road","name":""},"geometry":{"type":"LineString","coordinates":[[32.81001,-18.18259],[32.81023,-18.1826],[32.81047,-18.18265],[32.81069,-18.18261]]}},{"type":"Feature","properties":{"kind":"road","name":""},"geometry":{"type":"LineString","coordinates":[[32.80882,-18.18634],[32.80929,-18.18665]]}},{"type":"Feature","properties":{"kind":"road","name":""},"geometry":{"type":"LineString","coordinates":[[32.80922,-18.18675],[32.80906,-18.18665],[32.80884,-18.18644],[32.80882,-18.18634]]}},{"type":"Feature","properties":{"kind":"road","name":""},"geometry":{"type":"LineString","coordinates":[[32.80999,-18.18301],[32.80995,-18.18298],[32.8099,-18.18292],[32.80985,-18.18283],[32.80982,-18.18281],[32.80977,-18.18283],[32.80947,-18.18296],[32.80944,-18.18301],[32.80946,-18.18305],[32.8095,-18.18313],[32.80953,-18.18323],[32.80952,-18.18329]]}},{"type":"Feature","properties":{"kind":"road","name":""},"geometry":{"type":"LineString","coordinates":[[32.80999,-18.18276],[32.8099,-18.18292],[32.80971,-18.18301],[32.8095,-18.18313]]}},{"type":"Feature","properties":{"kind":"road","name":""},"geometry":{"type":"LineString","coordinates":[[32.80927,-18.18276],[32.80933,-18.18274],[32.80972,-18.18262],[32.80994,-18.18259],[32.81001,-18.18259],[32.80999,-18.18276],[32.81001,-18.18293],[32.80999,-18.18301],[32.80997,-18.18305],[32.80994,-18.18308],[32.80955,-18.18327],[32.80952,-18.18329],[32.80857,-18.18395],[32.80849,-18.18397]]}},{"type":"Feature","properties":{"kind":"road","name":""},"geometry":{"type":"LineString","coordinates":[[32.80921,-18.18278],[32.80927,-18.18276]]}},{"type":"Feature","properties":{"kind":"road","name":""},"geometry":{"type":"LineString","coordinates":[[32.81386,-18.17793],[32.81375,-18.17774],[32.81371,-18.17768],[32.81313,-18.17767]]}},{"type":"Feature","properties":{"kind":"stream","name":""},"geometry":{"type":"LineString","coordinates":[[32.80663,-18.18397],[32.80674,-18.18345],[32.80684,-18.18234],[32.80812,-18.18092],[32.80854,-18.18046],[32.8091,-18.18017],[32.81036,-18.18025],[32.81052,-18.1803],[32.81056,-18.18032],[32.8107,-18.18056],[32.81125,-18.18069],[32.81133,-18.18082],[32.81139,-18.18094],[32.81153,-18.18146],[32.81196,-18.18179],[32.81202,-18.18183]]}},{"type":"Feature","properties":{"kind":"road","name":""},"geometry":{"type":"LineString","coordinates":[[32.81128,-18.1813],[32.8115,-18.18114],[32.81171,-18.18099]]}},{"type":"Feature","properties":{"kind":"stream","name":""},"geometry":{"type":"LineString","coordinates":[[32.80455,-18.19296],[32.80476,-18.19286],[32.805,-18.19271],[32.80525,-18.19246],[32.80551,-18.1922],[32.80556,-18.19207],[32.80555,-18.1918],[32.8056,-18.19149],[32.80559,-18.19119],[32.80554,-18.19101],[32.80567,-18.19085],[32.80577,-18.19066],[32.80577,-18.19061]]}},{"type":"Feature","properties":{"kind":"stream","name":""},"geometry":{"type":"LineString","coordinates":[[32.80393,-18.18338],[32.80411,-18.18343],[32.80424,-18.18346],[32.80424,-18.18352],[32.80422,-18.18357],[32.80426,-18.18363],[32.80428,-18.1837],[32.80427,-18.18377],[32.80428,-18.18382],[32.80435,-18.18395],[32.80441,-18.18404],[32.80448,-18.18408],[32.80452,-18.18414],[32.80447,-18.1842],[32.80446,-18.18425],[32.80446,-18.18429],[32.80446,-18.18433],[32.80469,-18.18471],[32.80539,-18.18496],[32.80588,-18.18473],[32.80616,-18.18462],[32.8064,-18.18447]]}},{"type":"Feature","properties":{"kind":"stream","name":""},"geometry":{"type":"LineString","coordinates":[[32.8058,-18.19037],[32.80594,-18.18993],[32.80597,-18.18966],[32.80614,-18.18932],[32.80624,-18.18911],[32.80632,-18.18888],[32.80638,-18.18881],[32.80662,-18.18854],[32.80677,-18.18823],[32.80685,-18.18793],[32.80686,-18.18772],[32.80681,-18.18759],[32.80673,-18.18736]]}},{"type":"Feature","properties":{"kind":"path","name":"Horse Trail Track"},"geometry":{"type":"LineString","coordinates":[[32.80359,-18.18917],[32.80368,-18.18918],[32.80383,-18.18911],[32.80392,-18.18904],[32.80401,-18.18896],[32.80422,-18.18889],[32.80431,-18.18886],[32.80461,-18.18877],[32.8049,-18.18869],[32.80522,-18.18872],[32.8054,-18.18874],[32.80556,-18.18868],[32.80565,-18.18869],[32.80574,-18.18872],[32.80593,-18.18871],[32.80626,-18.18875],[32.80638,-18.18881],[32.80655,-18.18869],[32.80691,-18.18843],[32.80727,-18.18819],[32.80742,-18.18802],[32.80754,-18.18781],[32.80762,-18.18772],[32.80779,-18.18761],[32.80794,-18.18754]]}},{"type":"Feature","properties":{"kind":"road","name":""},"geometry":{"type":"LineString","coordinates":[[32.72662,-18.25662],[32.72816,-18.25773],[32.72839,-18.25788],[32.72873,-18.25804],[32.72905,-18.25815],[32.72986,-18.25835],[32.73151,-18.25874],[32.7336,-18.25925],[32.73415,-18.25932],[32.73453,-18.25933],[32.73485,-18.2593],[32.73519,-18.25925],[32.73568,-18.25912],[32.73614,-18.25895],[32.73779,-18.25827],[32.73891,-18.25781],[32.73937,-18.25758],[32.73967,-18.25742],[32.73998,-18.25719],[32.74112,-18.25624],[32.74169,-18.25573],[32.74192,-18.25555],[32.74218,-18.25539],[32.7424,-18.25527],[32.74267,-18.25515],[32.74301,-18.25504],[32.74337,-18.25494],[32.74374,-18.25489],[32.74413,-18.25487],[32.74457,-18.25487],[32.74629,-18.25477],[32.74668,-18.2547],[32.74707,-18.2546],[32.74742,-18.25447],[32.74798,-18.25415],[32.74833,-18.2539],[32.74863,-18.25362],[32.75074,-18.25127],[32.751,-18.25109],[32.75122,-18.25092],[32.75162,-18.2507],[32.75202,-18.25053],[32.75274,-18.25029],[32.75319,-18.25011],[32.75361,-18.24986],[32.7548,-18.24897],[32.75513,-18.24879],[32.75545,-18.24864],[32.75598,-18.2485],[32.75699,-18.24832],[32.75739,-18.24824],[32.7579,-18.24812],[32.75833,-18.24795],[32.75952,-18.24745],[32.75991,-18.24733],[32.76032,-18.24722],[32.76083,-18.24717],[32.76165,-18.24708],[32.76206,-18.24699],[32.76241,-18.24686],[32.76276,-18.24669],[32.76308,-18.24647],[32.76346,-18.24616],[32.76408,-18.24549],[32.7647,-18.2449],[32.7651,-18.24465],[32.76554,-18.24447],[32.76599,-18.24439],[32.76632,-18.24439],[32.76676,-18.24446],[32.76723,-18.24463],[32.76768,-18.24478],[32.76806,-18.2448],[32.76854,-18.24469],[32.76958,-18.24425],[32.77052,-18.24385],[32.77084,-18.24366],[32.77113,-18.24338],[32.77134,-18.24308],[32.77186,-18.24231],[32.77235,-18.24151],[32.77245,-18.24124],[32.77252,-18.24089],[32.77251,-18.2406],[32.7724,-18.24031],[32.7723,-18.23985],[32.77229,-18.23944],[32.77234,-18.2391],[32.7726,-18.23862],[32.77345,-18.23728],[32.77358,-18.23694],[32.77362,-18.23653],[32.77355,-18.23621],[32.77334,-18.23588],[32.77317,-18.23557],[32.77308,-18.23528],[32.77304,-18.23494],[32.77312,-18.23458],[32.77348,-18.23391],[32.77468,-18.23192],[32.7748,-18.23159],[32.77487,-18.23126],[32.77492,-18.23074],[32.775,-18.23026],[32.77507,-18.23],[32.77523,-18.22973],[32.77542,-18.22951],[32.77576,-18.22925],[32.77609,-18.22906],[32.77684,-18.22864],[32.77723,-18.22831],[32.77755,-18.22792],[32.77784,-18.22742],[32.77809,-18.22663],[32.77822,-18.22629],[32.77836,-18.22598],[32.77857,-18.22569],[32.77889,-18.22541],[32.77921,-18.22519],[32.77968,-18.22501],[32.78026,-18.22489],[32.78067,-18.22477],[32.78109,-18.22458],[32.78147,-18.22433],[32.7821,-18.22389],[32.78265,-18.22339],[32.78335,-18.22267],[32.78565,-18.22033],[32.78609,-18.21991],[32.78623,-18.21974],[32.78632,-18.21958],[32.78641,-18.21934],[32.78649,-18.21906],[32.78655,-18.21868],[32.78658,-18.21848],[32.78666,-18.21827],[32.78684,-18.21803],[32.78707,-18.21783],[32.78763,-18.21742],[32.78789,-18.21721],[32.78802,-18.21705],[32.78809,-18.21693],[32.78819,-18.21675],[32.78826,-18.21659],[32.78832,-18.21647],[32.78837,-18.21627],[32.7886,-18.21505],[32.78868,-18.21412],[32.78873,-18.21386],[32.78879,-18.21369],[32.78893,-18.21346],[32.78905,-18.21329],[32.79002,-18.21231],[32.79091,-18.2115],[32.79104,-18.21135],[32.79123,-18.2111],[32.79152,-18.21064],[32.79187,-18.20999],[32.79212,-18.2096],[32.79245,-18.20918],[32.79278,-18.20861],[32.79299,-18.20826],[32.79312,-18.20809],[32.79328,-18.20791],[32.79349,-18.20772],[32.79382,-18.20748],[32.79554,-18.20647],[32.79577,-18.20632],[32.79605,-18.20613],[32.79707,-18.20523],[32.79727,-18.20504],[32.79741,-18.20486],[32.79754,-18.20464],[32.79762,-18.20446],[32.79771,-18.20418],[32.79773,-18.20395],[32.79775,-18.20359],[32.79768,-18.20328],[32.79759,-18.20304],[32.79751,-18.20284],[32.79731,-18.20249],[32.79573,-18.1998],[32.79518,-18.19885],[32.79476,-18.19808],[32.79467,-18.19786],[32.79461,-18.19762],[32.79458,-18.19742],[32.79457,-18.19719],[32.79458,-18.19689],[32.79462,-18.19659],[32.79475,-18.19628],[32.79488,-18.19606],[32.79501,-18.19587],[32.79516,-18.19568],[32.79535,-18.19552],[32.79557,-18.19536],[32.79588,-18.19518],[32.79703,-18.1947],[32.79721,-18.19463],[32.79738,-18.19452],[32.79779,-18.19426],[32.79826,-18.19394],[32.79848,-18.1938],[32.79871,-18.1937],[32.79894,-18.19363],[32.79976,-18.19344],[32.80014,-18.19336],[32.80036,-18.19328],[32.80057,-18.19319],[32.80079,-18.19306],[32.80092,-18.19296],[32.80114,-18.19276],[32.80132,-18.19256],[32.80153,-18.19224],[32.80164,-18.192],[32.80177,-18.19165],[32.80193,-18.19092],[32.802,-18.19062],[32.80206,-18.19042],[32.80215,-18.19024],[32.80225,-18.19006],[32.80236,-18.18994],[32.80246,-18.18982],[32.80271,-18.18966],[32.80296,-18.18956],[32.80315,-18.1895],[32.80342,-18.1895],[32.80368,-18.18953],[32.80393,-18.18961],[32.8048,-18.19015],[32.80521,-18.19039],[32.80554,-18.19049],[32.80585,-18.19051],[32.80606,-18.19048],[32.80636,-18.19039],[32.80657,-18.19026],[32.80672,-18.19012],[32.80685,-18.19],[32.8083,-18.18796],[32.80867,-18.18749],[32.80922,-18.18675],[32.80929,-18.18665],[32.80989,-18.18576],[32.81049,-18.18476],[32.81069,-18.18431],[32.81078,-18.18399],[32.81081,-18.18373],[32.8108,-18.18331],[32.81076,-18.18302],[32.81069,-18.18261],[32.81068,-18.18235],[32.81068,-18.18213],[32.81077,-18.1819],[32.81091,-18.18167],[32.8111,-18.18144],[32.81128,-18.1813]]}},{"type":"Feature","properties":{"kind":"stream","name":""},"geometry":{"type":"LineString","coordinates":[[32.80577,-18.19061],[32.8058,-18.19037]]}},{"type":"Feature","properties":{"kind":"path","name":"Horse Trail"},"geometry":{"type":"LineString","coordinates":[[32.80626,-18.18875],[32.8063,-18.1886],[32.80638,-18.18835],[32.80644,-18.18811],[32.80643,-18.18796],[32.80641,-18.18787],[32.80637,-18.1877],[32.80624,-18.18755],[32.80604,-18.18733],[32.80584,-18.18706],[32.80566,-18.18691],[32.80561,-18.18685],[32.80532,-18.18665],[32.805,-18.18658],[32.80472,-18.18653],[32.8044,-18.18655],[32.8041,-18.18663],[32.80395,-18.18667]]}},{"type":"Feature","properties":{"kind":"road","name":"Brackenhills Dam Road"},"geometry":{"type":"LineString","coordinates":[[32.8048,-18.19015],[32.80471,-18.19031],[32.80467,-18.19046],[32.8048,-18.19082],[32.80505,-18.19152],[32.80501,-18.19178],[32.80489,-18.19196],[32.80468,-18.19212],[32.8045,-18.1922],[32.80438,-18.19229],[32.80424,-18.19252],[32.80417,-18.19258]]}},{"type":"Feature","properties":{"kind":"path","name":"Troutbeck Lower Dam Walk"},"geometry":{"type":"LineString","coordinates":[[32.81064,-18.18019],[32.81055,-18.18002],[32.81042,-18.17993],[32.81036,-18.17985],[32.81035,-18.17971],[32.81013,-18.17949],[32.81006,-18.17941],[32.81,-18.17926],[32.80991,-18.17912],[32.8099,-18.17908],[32.80994,-18.17901],[32.80994,-18.17891],[32.80977,-18.17871],[32.80962,-18.17849],[32.80956,-18.17836],[32.80945,-18.17817],[32.80943,-18.17794],[32.80942,-18.17789],[32.80943,-18.17787],[32.80943,-18.17785],[32.80937,-18.17779],[32.80933,-18.17757],[32.80933,-18.17735],[32.8093,-18.17734],[32.80916,-18.1774],[32.80907,-18.17744],[32.80907,-18.17763],[32.80906,-18.17775],[32.80907,-18.17787],[32.809,-18.17813],[32.80898,-18.17822],[32.80894,-18.17828],[32.80882,-18.17839],[32.80875,-18.17838],[32.80844,-18.17831],[32.80837,-18.17832],[32.80797,-18.17859],[32.80742,-18.17875],[32.80731,-18.17867],[32.80713,-18.17883],[32.80711,-18.1789],[32.80697,-18.17911],[32.80681,-18.17918],[32.80664,-18.17917],[32.80663,-18.17929],[32.8066,-18.17938],[32.8066,-18.17948],[32.80661,-18.1795],[32.80661,-18.17964],[32.80672,-18.17969],[32.80709,-18.17976],[32.8072,-18.17967],[32.80731,-18.1796],[32.80746,-18.17963],[32.80759,-18.17972],[32.80773,-18.17995],[32.80771,-18.18011],[32.80775,-18.1804],[32.80773,-18.18055],[32.80765,-18.18072],[32.80748,-18.18089],[32.80733,-18.18117],[32.80719,-18.18135],[32.80708,-18.18163],[32.807,-18.18176],[32.80698,-18.18181],[32.80692,-18.1819],[32.80661,-18.18237],[32.80659,-18.18251],[32.80654,-18.18274],[32.80649,-18.18294],[32.80644,-18.18321],[32.80641,-18.18354],[32.80637,-18.18365],[32.8062,-18.18378],[32.80619,-18.18386],[32.80625,-18.18394],[32.80627,-18.18404],[32.8067,-18.18412],[32.80719,-18.18423],[32.80751,-18.1839],[32.80774,-18.18399]]}},{"type":"Feature","properties":{"kind":"track","name":""},"geometry":{"type":"LineString","coordinates":[[32.80904,-18.18981],[32.80935,-18.18997],[32.80993,-18.19022],[32.81075,-18.19031],[32.81107,-18.19025],[32.81166,-18.1898],[32.81199,-18.18967],[32.81252,-18.1897],[32.81281,-18.1898],[32.81307,-18.18984],[32.81318,-18.19008],[32.81329,-18.19032],[32.81343,-18.19031],[32.81354,-18.19021],[32.8137,-18.18997],[32.81374,-18.18991]]}},{"type":"Feature","properties":{"kind":"track","name":""},"geometry":{"type":"LineString","coordinates":[[32.83892,-18.18907],[32.83894,-18.18914],[32.83888,-18.18954],[32.83908,-18.19033],[32.83928,-18.19075],[32.83946,-18.19111],[32.83964,-18.19135],[32.83969,-18.19165],[32.83957,-18.19181],[32.83928,-18.19213],[32.83902,-18.19251],[32.83872,-18.19333],[32.83861,-18.19355],[32.83813,-18.19388],[32.83803,-18.19408],[32.83793,-18.19437],[32.83793,-18.19461],[32.838,-18.19464],[32.83819,-18.19462],[32.83847,-18.19475],[32.83874,-18.19501],[32.83898,-18.1954],[32.839,-18.19553],[32.83892,-18.19559],[32.83879,-18.19581],[32.83869,-18.19616],[32.83862,-18.19662],[32.83844,-18.19693],[32.83831,-18.19717],[32.83796,-18.19753],[32.83784,-18.19779],[32.83783,-18.19812],[32.83773,-18.19834],[32.83767,-18.19873]]}},{"type":"Feature","properties":{"kind":"track","name":""},"geometry":{"type":"LineString","coordinates":[[32.82505,-18.18138],[32.82521,-18.18172],[32.82534,-18.18179],[32.826,-18.182],[32.82679,-18.18232],[32.82758,-18.1823],[32.82819,-18.18227],[32.82856,-18.18209],[32.82966,-18.1819],[32.8299,-18.18182],[32.8308,-18.18163],[32.83112,-18.18169],[32.83153,-18.18174],[32.83197,-18.18177],[32.83257,-18.18188],[32.83271,-18.18204],[32.83276,-18.18284],[32.83283,-18.18299],[32.83314,-18.18308],[32.83414,-18.18338],[32.83509,-18.18395],[32.83544,-18.18453],[32.83564,-18.18477],[32.83584,-18.1848],[32.83593,-18.18473],[32.83594,-18.18463],[32.83599,-18.18447],[32.8361,-18.18446],[32.83614,-18.18454],[32.83632,-18.1851],[32.83653,-18.18533],[32.83697,-18.18569],[32.83749,-18.18684],[32.83755,-18.18718],[32.83757,-18.18729],[32.83764,-18.18786],[32.83773,-18.18805],[32.83783,-18.18802],[32.83793,-18.18776],[32.83807,-18.18754],[32.8383,-18.18748],[32.83842,-18.18753],[32.83837,-18.18769],[32.83812,-18.18815],[32.83804,-18.18873],[32.83807,-18.18902],[32.83836,-18.18924],[32.83853,-18.1892],[32.83878,-18.18909],[32.83892,-18.18907],[32.83905,-18.18913],[32.8391,-18.18911],[32.83919,-18.18896],[32.83927,-18.18858],[32.83942,-18.18842],[32.83956,-18.18795],[32.83965,-18.18756],[32.83975,-18.18691]]}},{"type":"Feature","properties":{"kind":"road","name":""},"geometry":{"type":"LineString","coordinates":[[32.81488,-18.17994],[32.81458,-18.18009],[32.81418,-18.1801],[32.81349,-18.17995],[32.81305,-18.17993],[32.81271,-18.17988]]}},{"type":"Feature","properties":{"kind":"stream","name":"Troutbeck Lower Dam Walk"},"geometry":{"type":"LineString","coordinates":[[32.81049,-18.18033],[32.81052,-18.1803],[32.81064,-18.18019]]}},{"type":"Feature","properties":{"kind":"path","name":"Troutbeck Lower Dam Walk"},"geometry":{"type":"LineString","coordinates":[[32.80991,-18.18115],[32.81006,-18.18098],[32.81012,-18.18077],[32.81016,-18.1807],[32.81031,-18.18049],[32.81049,-18.18033]]}},{"type":"Feature","properties":{"kind":"road","name":""},"geometry":{"type":"LineString","coordinates":[[32.74343,-18.21567],[32.74335,-18.21588],[32.74329,-18.21613],[32.74323,-18.21634],[32.74324,-18.21665]]}},{"type":"Feature","properties":{"kind":"road","name":""},"geometry":{"type":"LineString","coordinates":[[32.74446,-18.21405],[32.74438,-18.21396],[32.74431,-18.21364],[32.74422,-18.2135],[32.74425,-18.21329]]}},{"type":"Feature","properties":{"kind":"road","name":""},"geometry":{"type":"LineString","coordinates":[[32.7444,-18.2147],[32.74468,-18.21424],[32.74536,-18.21358],[32.74553,-18.21322],[32.74576,-18.21271]]}},{"type":"Feature","properties":{"kind":"road","name":""},"geometry":{"type":"LineString","coordinates":[[32.74508,-18.21622],[32.74534,-18.21466]]}},{"type":"Feature","properties":{"kind":"track","name":""},"geometry":{"type":"LineString","coordinates":[[32.74881,-18.20403],[32.74885,-18.20423],[32.74886,-18.20434],[32.74884,-18.20449],[32.74879,-18.20459],[32.74869,-18.20471],[32.74855,-18.20485],[32.74843,-18.20506],[32.74838,-18.2052],[32.7484,-18.20537],[32.74842,-18.20547],[32.74841,-18.20555],[32.74835,-18.20566],[32.74832,-18.20585],[32.7484,-18.20609],[32.74849,-18.20621],[32.74853,-18.20635],[32.74856,-18.2065],[32.74864,-18.2067],[32.74868,-18.20684],[32.74869,-18.207],[32.74876,-18.20724],[32.74882,-18.20736],[32.74902,-18.20764],[32.7491,-18.20772],[32.74925,-18.20779],[32.74932,-18.20788],[32.74936,-18.20797],[32.74935,-18.2081],[32.74934,-18.20828],[32.74933,-18.20839],[32.74928,-18.20852],[32.74919,-18.20862],[32.74902,-18.20875],[32.74884,-18.2089],[32.74872,-18.20897],[32.74861,-18.20897],[32.74848,-18.20893],[32.74829,-18.2088]]}},{"type":"Feature","properties":{"kind":"track","name":""},"geometry":{"type":"LineString","coordinates":[[32.74602,-18.20544],[32.7465,-18.20513],[32.74675,-18.20496],[32.74723,-18.20456],[32.74764,-18.20435],[32.7479,-18.20424],[32.74833,-18.2041],[32.74881,-18.20403],[32.74953,-18.20392]]}},{"type":"Feature","properties":{"kind":"road","name":""},"geometry":{"type":"LineString","coordinates":[[32.74733,-18.21727],[32.74731,-18.21711],[32.74728,-18.21666],[32.74727,-18.21557]]}},{"type":"Feature","properties":{"kind":"river","name":"Ramapako"},"geometry":{"type":"LineString","coordinates":[[32.64895,-18.1326],[32.64802,-18.13242],[32.64763,-18.13211],[32.64734,-18.13193],[32.6468,-18.13187],[32.64629,-18.13149],[32.64591,-18.13112],[32.64565,-18.1312],[32.64541,-18.13102],[32.64489,-18.13067],[32.64458,-18.13013],[32.64441,-18.12954],[32.64413,-18.129],[32.64395,-18.12868],[32.64374,-18.12814],[32.64332,-18.12709],[32.64286,-18.12674],[32.64239,-18.12643],[32.64166,-18.12623],[32.64106,-18.12638],[32.64061,-18.1261],[32.63993,-18.12512],[32.63955,-18.12466],[32.63881,-18.12434],[32.63757,-18.12421],[32.63677,-18.12424],[32.63627,-18.12426],[32.63598,-18.12368],[32.63542,-18.12342],[32.63509,-18.12312],[32.63457,-18.12244],[32.63385,-18.1216],[32.63313,-18.12136],[32.6327,-18.12092],[32.63243,-18.12077],[32.6323,-18.12067],[32.63224,-18.12062],[32.63214,-18.12029],[32.63209,-18.12004],[32.63183,-18.11941],[32.63151,-18.1188],[32.63149,-18.1184],[32.63135,-18.11796],[32.63106,-18.11793],[32.63065,-18.11734],[32.63043,-18.11684],[32.6301,-18.11659],[32.62975,-18.11572],[32.62936,-18.11525],[32.62893,-18.11499],[32.62875,-18.11488],[32.62797,-18.11488],[32.62715,-18.11475],[32.62577,-18.11492],[32.62427,-18.11541],[32.62369,-18.11547],[32.62252,-18.11571],[32.62188,-18.1158],[32.62089,-18.11551],[32.62007,-18.11528],[32.61942,-18.11516],[32.61819,-18.11447],[32.61764,-18.11386],[32.61728,-18.11358],[32.61587,-18.11334],[32.61398,-18.11249],[32.61304,-18.11225],[32.61237,-18.11151],[32.61221,-18.11128],[32.61213,-18.11113],[32.61198,-18.11094],[32.61179,-18.11062],[32.61169,-18.11053],[32.61162,-18.11036],[32.61158,-18.1102],[32.61157,-18.1101],[32.61158,-18.10996],[32.61155,-18.10981],[32.61154,-18.10975],[32.61148,-18.10969],[32.61133,-18.10956],[32.61126,-18.10949],[32.61122,-18.10936],[32.61116,-18.10929],[32.61108,-18.10921],[32.61102,-18.10915],[32.611,-18.10907],[32.61101,-18.109],[32.61101,-18.10893],[32.61092,-18.10882],[32.61085,-18.10873],[32.6107,-18.10865],[32.61049,-18.10856],[32.61043,-18.10846],[32.61027,-18.10834],[32.61019,-18.10828],[32.61002,-18.10819],[32.60984,-18.10816],[32.60977,-18.10827],[32.60957,-18.10819],[32.60948,-18.10815],[32.60927,-18.10823],[32.60909,-18.10818],[32.60899,-18.1081],[32.60879,-18.10799],[32.60849,-18.10788],[32.60839,-18.10774],[32.6084,-18.10751],[32.60834,-18.1074],[32.60825,-18.10726],[32.60808,-18.10711],[32.60798,-18.107],[32.60792,-18.1069],[32.60784,-18.10687],[32.60778,-18.1067],[32.60748,-18.10644],[32.60731,-18.10637],[32.60725,-18.10631],[32.60706,-18.1062],[32.60683,-18.10604],[32.60658,-18.10592],[32.60649,-18.1059],[32.60634,-18.10589],[32.60618,-18.10591],[32.60599,-18.10592],[32.60593,-18.10587],[32.60589,-18.10583],[32.60586,-18.10575],[32.60573,-18.1056],[32.60571,-18.10545],[32.60547,-18.10522],[32.60543,-18.10501],[32.60546,-18.10486],[32.60549,-18.10463],[32.60546,-18.10453],[32.60547,-18.10433],[32.60538,-18.10423],[32.60535,-18.10415],[32.60533,-18.10398],[32.60547,-18.10358],[32.60549,-18.10345],[32.60549,-18.10332],[32.60548,-18.10323],[32.60537,-18.10311],[32.60512,-18.10302],[32.60484,-18.10318],[32.60447,-18.10329],[32.60428,-18.10318],[32.60426,-18.10283],[32.60422,-18.10263],[32.60419,-18.10237],[32.60428,-18.10216],[32.60421,-18.10155]]}},{"type":"Feature","properties":{"kind":"road","name":"Binya Road"},"geometry":{"type":"LineString","coordinates":[[32.74109,-18.15283],[32.74094,-18.15255]]}},{"type":"Feature","properties":{"kind":"road","name":"Binya Road"},"geometry":{"type":"LineString","coordinates":[[32.7447,-18.17234],[32.74469,-18.17221],[32.74465,-18.1721],[32.74461,-18.17202],[32.74453,-18.17191],[32.74437,-18.17174],[32.74399,-18.17138],[32.74367,-18.17102],[32.74354,-18.1708],[32.74346,-18.17064],[32.74343,-18.17044],[32.7434,-18.17029],[32.7434,-18.17016],[32.74341,-18.17002],[32.74344,-18.16989],[32.74354,-18.16966],[32.7442,-18.16846],[32.74434,-18.16817],[32.74459,-18.16745],[32.7452,-18.1657]]}},{"type":"Feature","properties":{"kind":"road","name":""},"geometry":{"type":"LineString","coordinates":[[32.62412,-18.33893],[32.62446,-18.33826],[32.62515,-18.3369],[32.62562,-18.33599],[32.62575,-18.3357],[32.62575,-18.33567],[32.62575,-18.33564],[32.62511,-18.33488],[32.6247,-18.33442],[32.62466,-18.3344],[32.62463,-18.33439],[32.62458,-18.33439],[32.62427,-18.33442],[32.62407,-18.33441],[32.62382,-18.33427],[32.62363,-18.33415],[32.62356,-18.33416],[32.6235,-18.33418],[32.62343,-18.33425],[32.62334,-18.3344],[32.62309,-18.33483],[32.62279,-18.33554],[32.62263,-18.33588],[32.62258,-18.33591],[32.62252,-18.33593],[32.62212,-18.33589],[32.62208,-18.33588],[32.62205,-18.33589],[32.62202,-18.3359],[32.62174,-18.33618],[32.62156,-18.33637],[32.62154,-18.33638],[32.62154,-18.3364],[32.62154,-18.33642],[32.62211,-18.33702],[32.62292,-18.33781],[32.62347,-18.3383],[32.62388,-18.33871],[32.62412,-18.33893]]}},{"type":"Feature","properties":{"kind":"road","name":""},"geometry":{"type":"LineString","coordinates":[[32.64258,-18.36454],[32.64256,-18.36468],[32.64252,-18.36475],[32.64247,-18.3648],[32.64234,-18.3649],[32.64001,-18.36593],[32.63972,-18.36601],[32.63949,-18.36609],[32.63912,-18.36633],[32.63896,-18.36645],[32.63882,-18.36656],[32.63846,-18.36686],[32.63797,-18.36727],[32.63794,-18.36728],[32.63791,-18.36726],[32.63783,-18.36715],[32.63775,-18.36705],[32.63756,-18.36675],[32.63727,-18.36646],[32.63725,-18.36639],[32.63719,-18.36517]]}},{"type":"Feature","properties":{"kind":"road","name":"Valley Road"},"geometry":{"type":"LineString","coordinates":[[32.66311,-18.37164],[32.66326,-18.37125],[32.6633,-18.37121],[32.66334,-18.3712],[32.66345,-18.3712],[32.66353,-18.37124],[32.66365,-18.37136],[32.66371,-18.37144],[32.66379,-18.37153],[32.66385,-18.37156],[32.66395,-18.37157],[32.6641,-18.37153],[32.66417,-18.37146],[32.66423,-18.37127],[32.6642,-18.37098],[32.66407,-18.37019],[32.66378,-18.36927],[32.66353,-18.36858],[32.6633,-18.36814],[32.66321,-18.36798],[32.66302,-18.36779],[32.66261,-18.36748],[32.66173,-18.36689],[32.66137,-18.36673],[32.66102,-18.36661],[32.66028,-18.36644],[32.66019,-18.36641],[32.6601,-18.36636],[32.66004,-18.36629],[32.66,-18.3662],[32.65992,-18.36591],[32.65986,-18.36566],[32.65988,-18.36556],[32.65991,-18.36548],[32.66014,-18.36522],[32.66063,-18.36469],[32.66102,-18.36416],[32.66119,-18.36395],[32.66127,-18.36389],[32.66143,-18.36379],[32.6616,-18.36375],[32.6618,-18.3637],[32.66202,-18.36374],[32.66246,-18.36388],[32.6628,-18.36392],[32.66315,-18.36397],[32.66341,-18.364],[32.66369,-18.3641],[32.664,-18.3642],[32.66426,-18.36426],[32.66443,-18.36425],[32.6645,-18.3642],[32.66463,-18.36403],[32.6647,-18.36385],[32.66475,-18.36338],[32.66474,-18.36311],[32.6647,-18.36255],[32.66461,-18.36206],[32.66435,-18.36102],[32.66423,-18.36054],[32.66407,-18.35995],[32.66382,-18.35946],[32.66358,-18.35908],[32.66342,-18.35879],[32.66337,-18.3587],[32.66329,-18.3585],[32.6632,-18.35796],[32.66315,-18.35759],[32.66306,-18.35725],[32.66303,-18.35696],[32.66304,-18.35666],[32.66304,-18.35647],[32.66306,-18.35631],[32.66313,-18.35617],[32.6635,-18.35551],[32.66356,-18.35539],[32.66363,-18.35523],[32.66364,-18.35505],[32.66362,-18.35494],[32.66358,-18.35484],[32.66352,-18.35475],[32.66345,-18.35469],[32.66337,-18.35461],[32.6633,-18.35457],[32.66319,-18.35456],[32.66284,-18.35457],[32.6625,-18.35459],[32.66232,-18.35462],[32.66225,-18.35462],[32.6622,-18.35461],[32.66208,-18.35459],[32.66185,-18.35452],[32.66159,-18.35442],[32.66109,-18.35414],[32.66091,-18.35406],[32.6607,-18.35397],[32.66027,-18.35385],[32.66005,-18.35377],[32.65966,-18.35357],[32.65918,-18.35327],[32.65872,-18.353],[32.65859,-18.35293],[32.65848,-18.3529],[32.65844,-18.35291],[32.65836,-18.35294],[32.65826,-18.35298],[32.65791,-18.35317],[32.65741,-18.35343],[32.65697,-18.35364],[32.65679,-18.35373],[32.65669,-18.35377],[32.65664,-18.3538],[32.65663,-18.35382],[32.65662,-18.35387],[32.65667,-18.35403],[32.65684,-18.35432],[32.65691,-18.35448],[32.65701,-18.35468],[32.65713,-18.35482],[32.65726,-18.35498],[32.65735,-18.35505],[32.65751,-18.35509],[32.65762,-18.35513],[32.65771,-18.35516],[32.65778,-18.35521],[32.65794,-18.35542],[32.65797,-18.35549],[32.65798,-18.35557],[32.65802,-18.35587],[32.65803,-18.35597],[32.65801,-18.35608],[32.65797,-18.35616],[32.65787,-18.35627],[32.65779,-18.35633],[32.65775,-18.35638],[32.65773,-18.35643],[32.65772,-18.35651],[32.65776,-18.35663],[32.65794,-18.35686],[32.65807,-18.35706],[32.6582,-18.35728],[32.65823,-18.35734],[32.65823,-18.35739],[32.65822,-18.35748],[32.65819,-18.35762],[32.65808,-18.35793]]}},{"type":"Feature","properties":{"kind":"river","name":"Nyarukokwa"},"geometry":{"type":"LineString","coordinates":[[32.66696,-18.08892],[32.66704,-18.08865],[32.66712,-18.08855],[32.66722,-18.08863],[32.66733,-18.08851],[32.6673,-18.08812],[32.66698,-18.08699],[32.6667,-18.08682],[32.66662,-18.08646],[32.66644,-18.08609],[32.66659,-18.08551],[32.66648,-18.08532],[32.66656,-18.08484],[32.66643,-18.08458],[32.66616,-18.08439],[32.66612,-18.08414],[32.66636,-18.08382],[32.66633,-18.08328],[32.66593,-18.08256],[32.66589,-18.08217],[32.66613,-18.08157],[32.66607,-18.08128],[32.66599,-18.0803],[32.66594,-18.08014],[32.66566,-18.08005],[32.66557,-18.07983],[32.66566,-18.07927],[32.66554,-18.07865],[32.66514,-18.07851],[32.66413,-18.07817],[32.66289,-18.07777],[32.66182,-18.07777],[32.66154,-18.07769],[32.66093,-18.07773],[32.66043,-18.07789],[32.65995,-18.07802],[32.6597,-18.07793],[32.65942,-18.07772],[32.6593,-18.07772],[32.65926,-18.07767],[32.65885,-18.07752],[32.65825,-18.07744],[32.65775,-18.07735],[32.65654,-18.07762],[32.65609,-18.0776],[32.65581,-18.07761],[32.65546,-18.07749],[32.65522,-18.0776],[32.65482,-18.07762],[32.65417,-18.07786],[32.65352,-18.07805],[32.65296,-18.07809],[32.65228,-18.0782],[32.65193,-18.07832],[32.65194,-18.07846],[32.65186,-18.07868],[32.65138,-18.07904],[32.65111,-18.07898],[32.65066,-18.07893],[32.65036,-18.07907],[32.65007,-18.07914],[32.649,-18.07905],[32.64838,-18.07881],[32.64786,-18.0787],[32.64743,-18.07856],[32.64683,-18.07858],[32.64659,-18.07888],[32.64585,-18.07925],[32.64555,-18.07936],[32.64466,-18.07987],[32.64472,-18.07997],[32.64482,-18.08008],[32.64494,-18.08034],[32.64495,-18.0805],[32.64415,-18.08114],[32.644,-18.08153],[32.64368,-18.08211],[32.6435,-18.08236],[32.64332,-18.08255],[32.64319,-18.08281],[32.64322,-18.0829],[32.64306,-18.08315],[32.64255,-18.08361],[32.64228,-18.08371],[32.64206,-18.08384],[32.64192,-18.08394],[32.64179,-18.08409],[32.64144,-18.08446],[32.64122,-18.08468],[32.64099,-18.08494],[32.64082,-18.08507],[32.64072,-18.08526],[32.64021,-18.08551],[32.63965,-18.08564],[32.63932,-18.08565],[32.63792,-18.08531],[32.63751,-18.08528],[32.63666,-18.08516],[32.63607,-18.08498],[32.63567,-18.08499],[32.63537,-18.08505],[32.63469,-18.08517],[32.63434,-18.08536],[32.63406,-18.08568],[32.63373,-18.08584],[32.63351,-18.08592],[32.6331,-18.08598],[32.633,-18.08604],[32.63292,-18.08612],[32.63281,-18.08613],[32.63273,-18.08624],[32.63247,-18.0863],[32.63216,-18.08629],[32.63192,-18.08618],[32.63173,-18.08617],[32.6314,-18.08632],[32.63122,-18.08627],[32.63107,-18.08624],[32.6309,-18.0863],[32.63071,-18.08634],[32.63036,-18.0863],[32.63,-18.08622],[32.6291,-18.08603],[32.6289,-18.08605],[32.62856,-18.08605],[32.62835,-18.08619],[32.62792,-18.08662],[32.62749,-18.08702],[32.62733,-18.08713],[32.62716,-18.08718],[32.62686,-18.08725],[32.62674,-18.08734],[32.62658,-18.08739],[32.62637,-18.08759],[32.62606,-18.08773],[32.6259,-18.088],[32.62565,-18.08831],[32.62506,-18.08901],[32.62463,-18.08926],[32.62433,-18.08947],[32.62422,-18.08973],[32.62421,-18.08991],[32.62436,-18.08991],[32.62439,-18.09016],[32.62444,-18.09039],[32.62452,-18.09063],[32.62463,-18.09086],[32.62469,-18.09096],[32.62478,-18.09114],[32.6248,-18.09145],[32.62474,-18.09152],[32.62465,-18.09163],[32.62461,-18.09188],[32.62452,-18.09194],[32.62446,-18.09199],[32.62431,-18.09237],[32.62424,-18.09247],[32.62419,-18.09255],[32.62409,-18.09267],[32.62397,-18.09276],[32.62382,-18.09294],[32.62371,-18.09308],[32.62357,-18.09321],[32.62343,-18.09337],[32.6232,-18.09347],[32.62314,-18.09343],[32.62269,-18.09358],[32.6226,-18.09355],[32.62243,-18.09361],[32.62227,-18.09359],[32.62218,-18.09355],[32.62204,-18.09355],[32.62178,-18.09344],[32.62168,-18.09336],[32.62162,-18.09328],[32.6215,-18.09331],[32.62128,-18.09349],[32.62105,-18.09368],[32.62091,-18.09377],[32.62079,-18.09387],[32.62071,-18.09411],[32.62065,-18.09438],[32.6203,-18.09455],[32.62024,-18.09481],[32.62,-18.09496],[32.61991,-18.09501],[32.61983,-18.09508],[32.61966,-18.09506],[32.61948,-18.0951],[32.61937,-18.09516],[32.61923,-18.09517],[32.61897,-18.09532],[32.61874,-18.09538],[32.6185,-18.09535],[32.61846,-18.09523],[32.61833,-18.09514],[32.61817,-18.09511],[32.61795,-18.09529],[32.61756,-18.09554],[32.61726,-18.09568],[32.61674,-18.09592],[32.61674,-18.09577],[32.61648,-18.09578],[32.61617,-18.09587],[32.61584,-18.09595],[32.61562,-18.09626],[32.61537,-18.09642],[32.61484,-18.09629],[32.6137,-18.09625],[32.61289,-18.09707],[32.61282,-18.0973],[32.61265,-18.09745],[32.61264,-18.09754],[32.61239,-18.09791],[32.61233,-18.09797],[32.61159,-18.09855],[32.61022,-18.0991],[32.60605,-18.09984]]}},{"type":"Feature","properties":{"kind":"road","name":""},"geometry":{"type":"LineString","coordinates":[[32.6402,-18.35464],[32.64057,-18.35469],[32.64086,-18.35459],[32.64105,-18.35443],[32.64124,-18.35418],[32.6414,-18.35403],[32.64155,-18.35398],[32.64166,-18.35406],[32.64177,-18.35423],[32.64184,-18.35441],[32.64192,-18.35471],[32.64208,-18.35494],[32.64249,-18.35523]]}},{"type":"Feature","properties":{"kind":"road","name":""},"geometry":{"type":"LineString","coordinates":[[32.62029,-18.34678],[32.62029,-18.3471],[32.62033,-18.34721],[32.6206,-18.34728],[32.62153,-18.34754],[32.62222,-18.34771],[32.62256,-18.34785],[32.6229,-18.3482],[32.6231,-18.34853],[32.6232,-18.34866],[32.62342,-18.3487],[32.62367,-18.34866],[32.62423,-18.34861],[32.62442,-18.34862],[32.62459,-18.34857],[32.62472,-18.34842],[32.6247,-18.34833]]}},{"type":"Feature","properties":{"kind":"road","name":""},"geometry":{"type":"LineString","coordinates":[[32.6232,-18.34866],[32.62346,-18.34885],[32.62366,-18.34921],[32.624,-18.34984]]}},{"type":"Feature","properties":{"kind":"road","name":""},"geometry":{"type":"LineString","coordinates":[[32.62033,-18.34721],[32.62034,-18.34749],[32.62031,-18.34816],[32.62029,-18.34846],[32.62024,-18.34866],[32.62016,-18.34882],[32.62,-18.34894],[32.61982,-18.34902],[32.61974,-18.34904],[32.61949,-18.34907],[32.61936,-18.34908],[32.61925,-18.34909]]}},{"type":"Feature","properties":{"kind":"river","name":""},"geometry":{"type":"LineString","coordinates":[[32.6323,-18.12067],[32.63223,-18.12273],[32.63212,-18.12368],[32.63164,-18.12567],[32.63087,-18.12701]]}},{"type":"Feature","properties":{"kind":"river","name":""},"geometry":{"type":"LineString","coordinates":[[32.67852,-18.21419],[32.67834,-18.21401],[32.67766,-18.21339],[32.67707,-18.21247],[32.67686,-18.21153],[32.67594,-18.21074],[32.67554,-18.20985],[32.67516,-18.20911],[32.67467,-18.20877],[32.67363,-18.20871],[32.67263,-18.20818],[32.67254,-18.20669],[32.67182,-18.20532],[32.67077,-18.20401],[32.66937,-18.20291],[32.66721,-18.2024],[32.66623,-18.20216],[32.66469,-18.2024],[32.6629,-18.20276],[32.66036,-18.20256],[32.65868,-18.20192],[32.65834,-18.20144],[32.65814,-18.20071],[32.65816,-18.19971],[32.65814,-18.19895],[32.65731,-18.19833],[32.65664,-18.19789],[32.65597,-18.19697],[32.65553,-18.19618],[32.65439,-18.19529],[32.65374,-18.19449],[32.6524,-18.19292],[32.65194,-18.19239],[32.65128,-18.19153],[32.65069,-18.19069],[32.65075,-18.19024],[32.65097,-18.18964],[32.65082,-18.18905],[32.6503,-18.18815],[32.64921,-18.1875],[32.64795,-18.18624],[32.64697,-18.18517],[32.64673,-18.18391],[32.64612,-18.18293],[32.64591,-18.18256],[32.64516,-18.18192],[32.64472,-18.1811],[32.64374,-18.17989],[32.64353,-18.17971],[32.64307,-18.17985],[32.64267,-18.17989],[32.64219,-18.17983],[32.64216,-18.17955],[32.64219,-18.17893],[32.64229,-18.17841],[32.64211,-18.17791],[32.64178,-18.17723],[32.64159,-18.17676],[32.64203,-18.17624],[32.64211,-18.17568],[32.64203,-18.17511],[32.64156,-18.17465]]}},{"type":"Feature","properties":{"kind":"road","name":""},"geometry":{"type":"LineString","coordinates":[[32.63314,-18.20269],[32.63302,-18.20242],[32.63289,-18.20199],[32.63262,-18.20114],[32.63238,-18.20046],[32.63224,-18.20014],[32.63223,-18.19999],[32.63231,-18.19985],[32.63266,-18.19969],[32.6332,-18.1995]]}},{"type":"Feature","properties":{"kind":"road","name":""},"geometry":{"type":"LineString","coordinates":[[32.70005,-18.32009],[32.70029,-18.31956],[32.70048,-18.31927],[32.70066,-18.31903],[32.70094,-18.31876],[32.70118,-18.31853],[32.7015,-18.31821],[32.70165,-18.31802],[32.70173,-18.31789],[32.70183,-18.31767],[32.70193,-18.31743],[32.70203,-18.3173],[32.7022,-18.31713],[32.70247,-18.31685],[32.70269,-18.31664],[32.70286,-18.31653],[32.70299,-18.3165],[32.70311,-18.31651],[32.70327,-18.31655],[32.70341,-18.3166],[32.70354,-18.31671],[32.7036,-18.31676],[32.70366,-18.31689],[32.70368,-18.317],[32.70368,-18.3171],[32.70364,-18.31724],[32.70349,-18.31739],[32.70342,-18.31745],[32.70334,-18.31752],[32.70326,-18.31761],[32.70315,-18.31774],[32.70298,-18.318],[32.70284,-18.31827],[32.70266,-18.31854],[32.70234,-18.31899],[32.70199,-18.31946],[32.70183,-18.31966],[32.70168,-18.31985],[32.70153,-18.32001],[32.70142,-18.32013]]}},{"type":"Feature","properties":{"kind":"path","name":""},"geometry":{"type":"LineString","coordinates":[[32.63726,-18.13627],[32.63768,-18.13639],[32.6379,-18.13644],[32.63874,-18.13651],[32.63912,-18.13649],[32.63961,-18.13638],[32.63972,-18.13634]]}},{"type":"Feature","properties":{"kind":"road","name":""},"geometry":{"type":"LineString","coordinates":[[32.63551,-18.14491],[32.63567,-18.14456],[32.63581,-18.14427],[32.63602,-18.14393],[32.6362,-18.1437],[32.63646,-18.14333],[32.63681,-18.14287],[32.63728,-18.14229],[32.63757,-18.14195],[32.63781,-18.1417],[32.63792,-18.14151],[32.63802,-18.14117],[32.63809,-18.14088],[32.63811,-18.1407],[32.6381,-18.14046],[32.63808,-18.14027],[32.63796,-18.14004],[32.63786,-18.13983],[32.63782,-18.13965],[32.63777,-18.13949],[32.63761,-18.1391],[32.63758,-18.13881],[32.63757,-18.13837],[32.63757,-18.13812],[32.63758,-18.13781],[32.63763,-18.13763],[32.63762,-18.13748],[32.63755,-18.13731],[32.63744,-18.13708],[32.63726,-18.13627],[32.63725,-18.13623],[32.63721,-18.1359],[32.63713,-18.13563],[32.63705,-18.13549],[32.63696,-18.13538],[32.63636,-18.13476],[32.63562,-18.13369]]}},{"type":"Feature","properties":{"kind":"road","name":""},"geometry":{"type":"LineString","coordinates":[[32.73475,-18.13699],[32.73407,-18.13733],[32.73356,-18.13763],[32.73272,-18.13845],[32.73192,-18.13898],[32.73156,-18.13924],[32.73134,-18.13947],[32.73105,-18.1398],[32.73078,-18.13998],[32.73015,-18.14025],[32.7296,-18.14056],[32.72945,-18.14065],[32.72928,-18.14087],[32.72893,-18.14126],[32.72788,-18.14193],[32.72759,-18.14201],[32.72711,-18.14208],[32.72651,-18.14215],[32.72591,-18.14212],[32.72551,-18.14214],[32.72531,-18.14216],[32.72508,-18.14213],[32.72475,-18.14217],[32.72428,-18.14228],[32.72377,-18.14245],[32.72309,-18.14271],[32.72232,-18.14308],[32.72144,-18.14356],[32.72096,-18.14401],[32.72071,-18.14421],[32.7206,-18.14432],[32.72034,-18.14464],[32.72011,-18.14519],[32.71977,-18.14579],[32.7195,-18.14612],[32.71905,-18.14671],[32.71861,-18.14756],[32.71821,-18.14846],[32.71805,-18.14893],[32.71793,-18.1492],[32.71785,-18.14946],[32.71776,-18.14994],[32.71767,-18.15012],[32.71762,-18.15038],[32.71764,-18.15067],[32.71758,-18.15116],[32.71765,-18.15181],[32.71772,-18.15271],[32.71774,-18.1529],[32.71764,-18.15319],[32.71739,-18.15349],[32.7173,-18.15366],[32.71699,-18.15453],[32.7169,-18.15474],[32.71675,-18.15492],[32.71657,-18.15505],[32.71648,-18.15517],[32.71645,-18.15527],[32.71641,-18.15556],[32.71617,-18.15626],[32.71609,-18.1567],[32.71607,-18.15681],[32.716,-18.15691],[32.71588,-18.157],[32.71555,-18.15722],[32.71547,-18.15731],[32.71543,-18.15737],[32.71537,-18.15759],[32.71536,-18.15794],[32.71533,-18.15835],[32.7153,-18.15867],[32.71531,-18.1591],[32.7153,-18.15943],[32.7154,-18.15968],[32.71542,-18.15976],[32.71541,-18.15984],[32.71533,-18.15992],[32.71512,-18.16002],[32.71493,-18.16025],[32.71479,-18.16045],[32.71464,-18.16069],[32.71456,-18.16075],[32.71334,-18.1615],[32.71302,-18.16163],[32.71287,-18.16167],[32.71273,-18.16166],[32.71255,-18.16161],[32.71238,-18.16156],[32.7122,-18.16156],[32.7114,-18.16166],[32.7111,-18.16165],[32.71084,-18.16164],[32.71058,-18.16164],[32.7105,-18.16169],[32.70998,-18.16195],[32.70956,-18.16213]]}},{"type":"Feature","properties":{"kind":"road","name":""},"geometry":{"type":"LineString","coordinates":[[32.73475,-18.13706],[32.73518,-18.13697],[32.73527,-18.1369],[32.73533,-18.13683],[32.73547,-18.13672],[32.73566,-18.13666],[32.73619,-18.13645],[32.73645,-18.13629],[32.73712,-18.13602],[32.73767,-18.13578],[32.73794,-18.13562],[32.73803,-18.13559],[32.73816,-18.13558],[32.73848,-18.13563],[32.73899,-18.13585],[32.73944,-18.13602],[32.7397,-18.13621],[32.73989,-18.13637],[32.74015,-18.13669],[32.74034,-18.13716],[32.74047,-18.13768],[32.74057,-18.13808],[32.74066,-18.13821],[32.74078,-18.13832],[32.74089,-18.13837],[32.74101,-18.13841],[32.74119,-18.13843],[32.74125,-18.13842],[32.74131,-18.13839],[32.74213,-18.13778],[32.74242,-18.13756],[32.74252,-18.13753],[32.74261,-18.13753],[32.74285,-18.13764],[32.743,-18.13769],[32.74361,-18.13783],[32.74417,-18.13792],[32.74508,-18.13803],[32.74616,-18.13808],[32.74671,-18.13808],[32.74685,-18.13805],[32.74697,-18.13801],[32.74708,-18.13796],[32.74716,-18.1379],[32.74725,-18.13775],[32.74735,-18.13752],[32.74742,-18.13738],[32.74752,-18.13727],[32.74774,-18.13709],[32.74797,-18.13693],[32.74834,-18.13672],[32.74851,-18.13662],[32.7488,-18.13644],[32.74911,-18.13628],[32.75005,-18.1359],[32.751,-18.1355],[32.75159,-18.13525],[32.75218,-18.13506],[32.75262,-18.13498],[32.75303,-18.13492],[32.75355,-18.13486],[32.75369,-18.13488],[32.75402,-18.13499],[32.75448,-18.13511],[32.75461,-18.13521],[32.75504,-18.13559],[32.75513,-18.13575],[32.75524,-18.13608],[32.75528,-18.13686],[32.7553,-18.13708],[32.75534,-18.13732],[32.75542,-18.13759],[32.75547,-18.13783],[32.75551,-18.13797],[32.75556,-18.13804],[32.75564,-18.13816],[32.75578,-18.13823],[32.75584,-18.13834],[32.75586,-18.13842],[32.75584,-18.13851],[32.75577,-18.13873],[32.75575,-18.13884],[32.75575,-18.13895],[32.75586,-18.13939],[32.75593,-18.13978],[32.75595,-18.14015],[32.756,-18.14096],[32.756,-18.14125],[32.75579,-18.14182],[32.75547,-18.14285],[32.75506,-18.14374],[32.75478,-18.14457],[32.75455,-18.14517],[32.75449,-18.14572],[32.75443,-18.1462],[32.7544,-18.14666],[32.75437,-18.14713],[32.75432,-18.14742],[32.75426,-18.14771],[32.75405,-18.14805],[32.75383,-18.14828],[32.7536,-18.1485],[32.75348,-18.14858],[32.75335,-18.14865],[32.75314,-18.1487],[32.75293,-18.14873],[32.75257,-18.14876],[32.75223,-18.14879],[32.75208,-18.14881],[32.75201,-18.14883],[32.75194,-18.14885],[32.75187,-18.14891],[32.75159,-18.14934],[32.75149,-18.14958],[32.75143,-18.14983],[32.75101,-18.1512],[32.75093,-18.15163],[32.75086,-18.15185],[32.75082,-18.15195],[32.75077,-18.15204],[32.75037,-18.15264],[32.75005,-18.15304],[32.74989,-18.1532],[32.74985,-18.15324],[32.7498,-18.15326],[32.74968,-18.15326],[32.74956,-18.15331],[32.74946,-18.15337],[32.74936,-18.15348],[32.74931,-18.15357],[32.74928,-18.15375],[32.74923,-18.15385],[32.74919,-18.15398],[32.74912,-18.15423],[32.74908,-18.15442]]}},{"type":"Feature","properties":{"kind":"track","name":""},"geometry":{"type":"LineString","coordinates":[[32.74471,-18.15977],[32.74396,-18.15939],[32.7436,-18.15932],[32.74336,-18.15934],[32.74322,-18.15937],[32.74256,-18.15973],[32.74238,-18.15984],[32.74213,-18.1599],[32.74192,-18.15989],[32.74174,-18.15991],[32.74117,-18.16002],[32.7408,-18.16005],[32.7403,-18.16012],[32.73982,-18.16017],[32.73955,-18.16016],[32.73934,-18.16009],[32.73917,-18.16008],[32.73833,-18.16012],[32.73761,-18.16028],[32.73703,-18.16053],[32.73679,-18.16066],[32.73659,-18.16077],[32.73639,-18.1609],[32.73616,-18.1611],[32.73598,-18.1613],[32.73562,-18.16173],[32.73553,-18.16176],[32.73536,-18.16177],[32.73493,-18.16173],[32.73336,-18.16187],[32.73289,-18.16187],[32.73283,-18.16184],[32.73282,-18.16179],[32.73269,-18.16113],[32.73236,-18.16063],[32.73211,-18.1603],[32.73206,-18.16027],[32.732,-18.1603],[32.73155,-18.16056],[32.73127,-18.16064],[32.73095,-18.16067],[32.7306,-18.16074],[32.73041,-18.16072],[32.73023,-18.1606],[32.73011,-18.16056],[32.72969,-18.16059],[32.7294,-18.16062],[32.72918,-18.16052],[32.72907,-18.16043],[32.7289,-18.16036],[32.72862,-18.16032],[32.72852,-18.16028],[32.72832,-18.16014],[32.72821,-18.15997]]}},{"type":"Feature","properties":{"kind":"river","name":"Tsanga"},"geometry":{"type":"LineString","coordinates":[[32.6757,-18.11527],[32.67556,-18.11446],[32.6754,-18.11438],[32.675,-18.11371],[32.67484,-18.11365],[32.67474,-18.11355],[32.67466,-18.11332],[32.67442,-18.11321],[32.67414,-18.11303],[32.67384,-18.11293],[32.6735,-18.11274],[32.67326,-18.11277],[32.67292,-18.11265],[32.67278,-18.11264],[32.67265,-18.11249],[32.67216,-18.1123],[32.67159,-18.11211],[32.67138,-18.11188],[32.67092,-18.1117],[32.67034,-18.11126],[32.66995,-18.1105],[32.66965,-18.11049],[32.66923,-18.11022],[32.66912,-18.1101],[32.66885,-18.10994],[32.66853,-18.11005],[32.66832,-18.10987],[32.66804,-18.10958],[32.66793,-18.10938],[32.66789,-18.10902],[32.66776,-18.1088],[32.66741,-18.10859],[32.6671,-18.10834],[32.66676,-18.1082],[32.66614,-18.10816],[32.66553,-18.10801],[32.66496,-18.10776],[32.66447,-18.10761],[32.66422,-18.10767],[32.66373,-18.1075],[32.66365,-18.10744],[32.66343,-18.10724],[32.66321,-18.10704],[32.66273,-18.10672],[32.66262,-18.1067],[32.66247,-18.10666],[32.66238,-18.10657],[32.6623,-18.10655],[32.66189,-18.10642],[32.66162,-18.10628],[32.6615,-18.10617],[32.6614,-18.10601],[32.66124,-18.1058],[32.66118,-18.10574],[32.66095,-18.10561],[32.66057,-18.10542],[32.66029,-18.10526],[32.65993,-18.10512],[32.65952,-18.10479],[32.65932,-18.10455],[32.65921,-18.10439],[32.659,-18.10427],[32.65879,-18.10404],[32.65854,-18.10385],[32.65817,-18.10377],[32.65766,-18.10345],[32.65773,-18.10317],[32.65754,-18.10296],[32.65719,-18.10285],[32.65676,-18.103],[32.65618,-18.10281],[32.65579,-18.10279],[32.65535,-18.1027],[32.65444,-18.10245],[32.65367,-18.10248],[32.6535,-18.10241],[32.65347,-18.10226],[32.65336,-18.10209],[32.65321,-18.10205],[32.65284,-18.102],[32.65259,-18.10192],[32.65209,-18.10177],[32.65187,-18.10189],[32.6516,-18.10202],[32.65129,-18.10209],[32.65102,-18.10208],[32.65072,-18.10199],[32.65046,-18.10167],[32.64986,-18.10138],[32.64908,-18.10121],[32.64852,-18.10099],[32.64836,-18.10086],[32.64827,-18.10067],[32.64814,-18.10047],[32.64769,-18.10008],[32.6477,-18.09997],[32.64767,-18.09986],[32.64762,-18.09969],[32.64765,-18.09945],[32.64781,-18.09925],[32.64772,-18.09909],[32.64745,-18.09911],[32.64725,-18.09894],[32.64714,-18.09878],[32.64711,-18.09839],[32.64692,-18.09796],[32.64678,-18.09783],[32.64661,-18.09772],[32.6466,-18.09752],[32.64645,-18.09733],[32.64646,-18.09719],[32.64668,-18.09688],[32.64645,-18.0967],[32.64624,-18.09676],[32.64569,-18.0965],[32.64554,-18.09631],[32.64536,-18.09594],[32.64542,-18.09557],[32.64524,-18.09514],[32.645,-18.09512],[32.64497,-18.09502],[32.64473,-18.09469],[32.64464,-18.09462],[32.64424,-18.09456],[32.64402,-18.09441],[32.64396,-18.0943],[32.64376,-18.09417],[32.64353,-18.09413],[32.64347,-18.09406],[32.64329,-18.09405],[32.64307,-18.09406],[32.64295,-18.09399],[32.64279,-18.09388],[32.64251,-18.09343],[32.64245,-18.09335],[32.64223,-18.09337],[32.6419,-18.09343],[32.64179,-18.0934],[32.64156,-18.09323],[32.64137,-18.0931],[32.64129,-18.09314],[32.64099,-18.09313],[32.64087,-18.09305],[32.64066,-18.09276],[32.64025,-18.09252],[32.63998,-18.09246],[32.63973,-18.09254],[32.63955,-18.09252],[32.63911,-18.0925],[32.63883,-18.09246],[32.63831,-18.09226],[32.63788,-18.09217],[32.6377,-18.0923],[32.63745,-18.09222],[32.6369,-18.09204],[32.63679,-18.09226],[32.63665,-18.09233],[32.63595,-18.09188],[32.63536,-18.09147],[32.63463,-18.09111],[32.63446,-18.09085],[32.63406,-18.09028],[32.63372,-18.08978],[32.63331,-18.08959],[32.63268,-18.08962],[32.63245,-18.08953],[32.63237,-18.08929],[32.63219,-18.08901],[32.632,-18.08894],[32.63167,-18.08866],[32.63136,-18.08856],[32.63107,-18.08862],[32.63053,-18.08837],[32.63007,-18.08843],[32.62986,-18.08841],[32.62966,-18.08831],[32.62918,-18.08813],[32.62883,-18.08831],[32.62864,-18.08859],[32.62815,-18.08854],[32.62779,-18.08878],[32.62774,-18.08891],[32.62751,-18.08894],[32.62717,-18.08932],[32.6268,-18.08967],[32.62659,-18.08996],[32.62627,-18.09012],[32.62613,-18.09039],[32.62571,-18.0907],[32.62492,-18.09139],[32.6248,-18.09145]]}},{"type":"Feature","properties":{"kind":"river","name":""},"geometry":{"type":"LineString","coordinates":[[32.63271,-18.0975],[32.63259,-18.09742],[32.63242,-18.09742],[32.63231,-18.0972],[32.63219,-18.09707],[32.63221,-18.0969],[32.63213,-18.09676],[32.63209,-18.09657],[32.63197,-18.09645],[32.63177,-18.09605],[32.6317,-18.09593],[32.63146,-18.09576],[32.63134,-18.09556],[32.63133,-18.09526],[32.63064,-18.0946],[32.63033,-18.09448],[32.63,-18.09437],[32.62951,-18.09409],[32.62942,-18.0941],[32.62922,-18.09401],[32.62874,-18.09383],[32.62863,-18.0937],[32.62855,-18.09361],[32.62798,-18.09342],[32.62786,-18.09343],[32.6273,-18.09358],[32.62717,-18.09358],[32.62698,-18.09351],[32.62671,-18.09331],[32.6261,-18.09287],[32.62578,-18.09272],[32.62557,-18.09275],[32.62535,-18.09256],[32.62526,-18.09252],[32.62514,-18.09255],[32.62489,-18.0926],[32.6246,-18.09261],[32.62424,-18.09247]]}},{"type":"Feature","properties":{"kind":"river","name":""},"geometry":{"type":"LineString","coordinates":[[32.64472,-18.11555],[32.64411,-18.11523],[32.64366,-18.11465],[32.64334,-18.11449],[32.64298,-18.11373],[32.64268,-18.11322],[32.64255,-18.11304],[32.64225,-18.11277],[32.64238,-18.11224],[32.64166,-18.11046],[32.64127,-18.11014],[32.64005,-18.10958],[32.63956,-18.10928],[32.63923,-18.10963],[32.63816,-18.11021],[32.6368,-18.111],[32.63653,-18.11116],[32.63588,-18.11106],[32.63545,-18.11106],[32.63436,-18.11155],[32.63395,-18.11125],[32.63364,-18.11155],[32.63327,-18.11162],[32.63238,-18.11222],[32.63189,-18.11289],[32.63152,-18.11319],[32.63089,-18.11361],[32.63078,-18.1137],[32.63036,-18.1143],[32.63004,-18.11444],[32.62934,-18.1144],[32.62893,-18.11499]]}},{"type":"Feature","properties":{"kind":"river","name":"Peta"},"geometry":{"type":"LineString","coordinates":[[32.75069,-18.1416],[32.7506,-18.1415],[32.74955,-18.14199],[32.74871,-18.14238],[32.74766,-18.14299],[32.74715,-18.14315],[32.74663,-18.14352],[32.74491,-18.14344],[32.74433,-18.1439],[32.74288,-18.14481],[32.74093,-18.14606],[32.74027,-18.14642],[32.73902,-18.14662],[32.73801,-18.14703],[32.73648,-18.14782],[32.73523,-18.14824],[32.7341,-18.1487],[32.73314,-18.14981],[32.73269,-18.15121],[32.73245,-18.15145],[32.73171,-18.15259],[32.73055,-18.15469],[32.72941,-18.15568],[32.72786,-18.15738],[32.72713,-18.15795],[32.72467,-18.15875],[32.72368,-18.15905],[32.72294,-18.15966],[32.72256,-18.1599],[32.72206,-18.16081],[32.72112,-18.16155],[32.72067,-18.16254],[32.72005,-18.16337],[32.71899,-18.16419],[32.71695,-18.16554],[32.71595,-18.16577],[32.71443,-18.16671],[32.71334,-18.16747],[32.71314,-18.16821],[32.71268,-18.16863],[32.71204,-18.16944],[32.71114,-18.16993],[32.71089,-18.16974],[32.71081,-18.1695],[32.71065,-18.16904],[32.71037,-18.16882],[32.70993,-18.16889],[32.70885,-18.1695],[32.70795,-18.17029],[32.70748,-18.1705],[32.70586,-18.17052],[32.70458,-18.17041],[32.70232,-18.1708]]}},{"type":"Feature","properties":{"kind":"river","name":"Biya"},"geometry":{"type":"LineString","coordinates":[[32.73269,-18.15121],[32.73331,-18.1514],[32.7339,-18.1511],[32.73426,-18.1511],[32.73472,-18.15129],[32.735,-18.1514],[32.7356,-18.15145],[32.7359,-18.15145],[32.73661,-18.1516],[32.73709,-18.15181],[32.73768,-18.15187],[32.73792,-18.15186],[32.73825,-18.15186],[32.73936,-18.15194],[32.73995,-18.15213],[32.74047,-18.15253],[32.74081,-18.15267],[32.74188,-18.15271],[32.74195,-18.15272],[32.7429,-18.15302],[32.74385,-18.15325],[32.74423,-18.1534],[32.74485,-18.15333],[32.74563,-18.15362],[32.74616,-18.15374],[32.74627,-18.15379],[32.7466,-18.15392],[32.74762,-18.15393],[32.74836,-18.15405],[32.74867,-18.15434],[32.74899,-18.15446],[32.74943,-18.15481],[32.74967,-18.15495],[32.7502,-18.15579],[32.75118,-18.15636],[32.75184,-18.15625],[32.75251,-18.15636],[32.75351,-18.15623],[32.75388,-18.1562],[32.75487,-18.15595],[32.75548,-18.15608],[32.75697,-18.15675],[32.75786,-18.157]]}},{"type":"Feature","properties":{"kind":"stream","name":""},"geometry":{"type":"LineString","coordinates":[[32.75212,-18.15857],[32.75176,-18.15842],[32.75147,-18.15821],[32.75136,-18.15798],[32.75109,-18.15781],[32.75048,-18.15767],[32.74997,-18.15762],[32.74973,-18.15745],[32.74965,-18.15733],[32.74954,-18.15712],[32.74945,-18.15679],[32.74917,-18.15649],[32.74903,-18.15638],[32.74859,-18.15618],[32.74814,-18.1557],[32.74786,-18.15548],[32.74735,-18.15488],[32.74663,-18.15454],[32.74627,-18.15379]]}},{"type":"Feature","properties":{"kind":"river","name":"Nyarerwe"},"geometry":{"type":"LineString","coordinates":[[32.74068,-18.22256],[32.74038,-18.22256],[32.74025,-18.22245],[32.74014,-18.22232],[32.73997,-18.22185],[32.73966,-18.22159],[32.73875,-18.21997],[32.73798,-18.21928],[32.73773,-18.21875],[32.7376,-18.21784],[32.7376,-18.21737],[32.73729,-18.2172],[32.73691,-18.21704],[32.73618,-18.21708],[32.7356,-18.21731],[32.73491,-18.21804],[32.73456,-18.21802],[32.73398,-18.21784],[32.73285,-18.21728],[32.7325,-18.2171],[32.73219,-18.2167],[32.7312,-18.21629],[32.7296,-18.21623],[32.72914,-18.21605],[32.72805,-18.21567],[32.72754,-18.21544],[32.72698,-18.21547],[32.72648,-18.21549],[32.72557,-18.21508],[32.72384,-18.21447],[32.72305,-18.21418],[32.72193,-18.21424],[32.72069,-18.21461],[32.72014,-18.21459],[32.71979,-18.21455],[32.71961,-18.21401],[32.71974,-18.21301],[32.719,-18.21203],[32.71884,-18.21152],[32.71916,-18.21104],[32.72011,-18.21015],[32.71976,-18.20965],[32.71949,-18.20896],[32.71961,-18.2082],[32.71971,-18.20722],[32.72025,-18.20409],[32.72039,-18.20354],[32.72079,-18.20295],[32.72138,-18.20265],[32.72191,-18.20213],[32.72231,-18.20153],[32.72241,-18.20119],[32.72255,-18.20068],[32.7217,-18.19944],[32.72119,-18.19822],[32.72114,-18.19781],[32.72088,-18.19645],[32.71953,-18.1956],[32.71884,-18.19527],[32.71766,-18.19411],[32.71733,-18.19393],[32.71711,-18.19369],[32.71678,-18.19327],[32.71668,-18.19274],[32.71612,-18.19194],[32.71618,-18.19151],[32.71634,-18.19096],[32.71646,-18.19061],[32.71604,-18.19024],[32.71517,-18.18956],[32.71515,-18.18843],[32.71525,-18.18684],[32.71427,-18.18562],[32.71327,-18.18469],[32.71197,-18.18418],[32.71065,-18.18391],[32.71029,-18.18302],[32.7098,-18.18223],[32.70963,-18.18104],[32.70975,-18.18075],[32.70978,-18.18013],[32.70931,-18.17923],[32.70919,-18.17905],[32.70879,-18.1786],[32.70795,-18.17824],[32.70769,-18.1781],[32.70666,-18.17829],[32.70585,-18.1789],[32.70511,-18.17901],[32.70403,-18.17879],[32.70381,-18.17855],[32.70369,-18.17836],[32.70344,-18.17784],[32.70301,-18.17723],[32.70273,-18.17708],[32.70241,-18.17693],[32.70155,-18.17637],[32.70132,-18.17624],[32.70098,-18.17614],[32.70075,-18.17613],[32.70058,-18.17605],[32.70008,-18.17591],[32.6996,-18.1757],[32.69932,-18.17581],[32.69905,-18.17555],[32.69891,-18.1753],[32.69894,-18.17504],[32.69895,-18.17481],[32.699,-18.17426],[32.69904,-18.1736],[32.69886,-18.17341],[32.69874,-18.17327],[32.69854,-18.17317],[32.6983,-18.17299],[32.69816,-18.17262],[32.69811,-18.17227],[32.69804,-18.17172],[32.69783,-18.17132],[32.69751,-18.17115]]}},{"type":"Feature","properties":{"kind":"stream","name":""},"geometry":{"type":"LineString","coordinates":[[32.75874,-18.15376],[32.75824,-18.1536],[32.75794,-18.15353],[32.75733,-18.1534],[32.75703,-18.15321],[32.75676,-18.15302],[32.75654,-18.15311],[32.75583,-18.15255],[32.75553,-18.15234],[32.75522,-18.1523],[32.75506,-18.15217],[32.7547,-18.15211],[32.75426,-18.15212],[32.75398,-18.15215],[32.75381,-18.15215],[32.7534,-18.15223],[32.75294,-18.15266],[32.75273,-18.15267],[32.75237,-18.15277],[32.75202,-18.15291],[32.75152,-18.15319],[32.75121,-18.15321],[32.75092,-18.15318],[32.75036,-18.15318],[32.74994,-18.1533],[32.74942,-18.15384],[32.74836,-18.15405]]}},{"type":"Feature","properties":{"kind":"road","name":""},"geometry":{"type":"LineString","coordinates":[[32.69922,-18.43097],[32.69876,-18.43065],[32.69859,-18.43055],[32.69833,-18.43044],[32.69799,-18.43032],[32.69749,-18.4302],[32.69706,-18.4301],[32.69681,-18.43005],[32.69654,-18.42997],[32.69621,-18.42986],[32.69593,-18.42973],[32.69538,-18.42939],[32.69453,-18.4289],[32.69327,-18.42816],[32.69304,-18.42801],[32.69284,-18.42786],[32.69252,-18.42758],[32.69197,-18.42708],[32.69092,-18.42607],[32.68977,-18.425],[32.68926,-18.42455],[32.68892,-18.42421],[32.6887,-18.42398],[32.68856,-18.42378],[32.68836,-18.42352],[32.68824,-18.42328],[32.68812,-18.42304],[32.68802,-18.42277],[32.68789,-18.4222],[32.68774,-18.42149],[32.68767,-18.42123],[32.68759,-18.42105],[32.68747,-18.42079],[32.6872,-18.42034],[32.68705,-18.42007],[32.68687,-18.41981],[32.68643,-18.41929],[32.68595,-18.41865],[32.68575,-18.41841],[32.68547,-18.41807],[32.68523,-18.41782],[32.68507,-18.41768],[32.68483,-18.4175],[32.68449,-18.41723],[32.68425,-18.41703],[32.6841,-18.41682],[32.68401,-18.41669],[32.68386,-18.41645],[32.68352,-18.41579],[32.6826,-18.41392],[32.68253,-18.41377],[32.68243,-18.41359],[32.68234,-18.41343],[32.68223,-18.41329],[32.68213,-18.41318],[32.68201,-18.41307],[32.68186,-18.41297],[32.68168,-18.41287],[32.68154,-18.41282],[32.68132,-18.41277],[32.6811,-18.41274],[32.68014,-18.41272],[32.67928,-18.41274],[32.67906,-18.41273],[32.6789,-18.41271],[32.67873,-18.41268],[32.67859,-18.41264],[32.67841,-18.41257],[32.67831,-18.4125],[32.6782,-18.41242],[32.6781,-18.41233],[32.678,-18.4122],[32.67775,-18.41182],[32.67752,-18.41145],[32.67709,-18.41071],[32.67672,-18.41008],[32.67651,-18.4097],[32.67643,-18.4095],[32.67637,-18.40931],[32.67634,-18.40914],[32.67631,-18.40888],[32.6763,-18.40844],[32.67627,-18.40759],[32.67627,-18.40717],[32.67628,-18.40701],[32.6763,-18.40685],[32.67634,-18.40667],[32.67645,-18.40636],[32.67661,-18.40595],[32.67673,-18.40564],[32.67679,-18.40544],[32.67684,-18.40515],[32.67689,-18.40487],[32.67691,-18.40461],[32.67694,-18.40438],[32.67694,-18.40412],[32.67693,-18.40392],[32.67692,-18.40364],[32.67688,-18.40335],[32.67687,-18.40315],[32.67689,-18.40293],[32.67694,-18.40273],[32.67704,-18.40248],[32.67717,-18.40216],[32.67733,-18.40184],[32.67742,-18.40164],[32.67749,-18.40147],[32.67752,-18.40138],[32.67756,-18.40127],[32.67759,-18.40116],[32.6776,-18.40107],[32.67761,-18.40095],[32.67763,-18.4008],[32.67764,-18.40054],[32.67764,-18.40034],[32.67767,-18.40009],[32.6777,-18.39995],[32.67773,-18.39982],[32.67779,-18.3997],[32.67788,-18.39955],[32.67802,-18.39938],[32.67823,-18.39914],[32.6786,-18.39876],[32.67893,-18.39846],[32.67913,-18.39828],[32.67934,-18.39806],[32.6795,-18.3979],[32.67966,-18.39773],[32.6798,-18.39753],[32.67997,-18.3973],[32.68015,-18.39707],[32.68027,-18.39693],[32.68033,-18.39687],[32.68041,-18.3968],[32.68052,-18.39672],[32.68069,-18.39662],[32.68096,-18.39649],[32.68137,-18.39632],[32.68153,-18.39623],[32.68167,-18.39613],[32.68178,-18.39604],[32.68186,-18.39595],[32.68196,-18.39583],[32.68208,-18.39563],[32.68246,-18.39493],[32.68264,-18.39461],[32.68273,-18.39446],[32.68284,-18.39428],[32.68302,-18.39403],[32.68327,-18.39373],[32.68378,-18.39314],[32.68401,-18.39284],[32.6841,-18.3927],[32.68424,-18.39247],[32.68447,-18.39206],[32.68481,-18.39145],[32.68492,-18.39122],[32.68503,-18.39094],[32.6851,-18.39073],[32.68514,-18.39055],[32.68518,-18.39027],[32.68522,-18.38989],[32.68529,-18.38936],[32.68535,-18.38881],[32.68538,-18.38851],[32.6854,-18.38829],[32.68538,-18.38811],[32.68536,-18.38795],[32.68533,-18.38778],[32.68525,-18.38748],[32.68521,-18.3873],[32.68518,-18.3871],[32.68516,-18.38689],[32.68516,-18.38663],[32.68515,-18.3862],[32.68513,-18.38598],[32.68511,-18.38584],[32.68507,-18.3857],[32.685,-18.38555],[32.68494,-18.3854],[32.68485,-18.38523],[32.68474,-18.3851],[32.6846,-18.38496],[32.68449,-18.38487],[32.68434,-18.38475],[32.68419,-18.38462],[32.68409,-18.38453],[32.68399,-18.38442],[32.68391,-18.38431],[32.68385,-18.38418],[32.68382,-18.38404],[32.68381,-18.38391],[32.68383,-18.38379],[32.68387,-18.38363],[32.68392,-18.38352],[32.68399,-18.38339],[32.68407,-18.38326],[32.68415,-18.38313],[32.68423,-18.38299],[32.68429,-18.38284],[32.68434,-18.38268],[32.68437,-18.38252],[32.68438,-18.38235],[32.68437,-18.38219],[32.68435,-18.38205],[32.68432,-18.38191],[32.68426,-18.38178],[32.68417,-18.38159],[32.6841,-18.38149],[32.684,-18.38137],[32.68384,-18.38121],[32.68373,-18.38113],[32.68359,-18.38105],[32.68342,-18.38098],[32.68325,-18.38094],[32.68312,-18.38092],[32.68294,-18.38092],[32.68277,-18.38093],[32.6826,-18.38096],[32.68245,-18.38102],[32.68227,-18.38109],[32.68213,-18.38117],[32.68198,-18.38129],[32.68187,-18.3814],[32.68179,-18.38151],[32.6817,-18.38166],[32.68163,-18.38182],[32.68154,-18.38204],[32.68148,-18.38221],[32.68141,-18.38237],[32.68132,-18.38251],[32.68123,-18.38263],[32.68115,-18.38271],[32.68105,-18.38279],[32.68036,-18.38319],[32.67979,-18.38349],[32.6796,-18.38357],[32.67939,-18.38363],[32.67918,-18.38364],[32.67892,-18.3836],[32.67873,-18.38353],[32.67854,-18.38341],[32.67834,-18.38323],[32.67737,-18.38224],[32.67621,-18.38101],[32.67567,-18.38043]]}},{"type":"Feature","properties":{"kind":"river","name":""},"geometry":{"type":"LineString","coordinates":[[32.63988,-18.27599],[32.64014,-18.27599],[32.64037,-18.27603],[32.64042,-18.27588],[32.64047,-18.27556],[32.64069,-18.27553],[32.64088,-18.2754],[32.64103,-18.27531],[32.64128,-18.27518],[32.6414,-18.27498],[32.64161,-18.27478],[32.64203,-18.27456],[32.6424,-18.27423],[32.64252,-18.27383],[32.64261,-18.27376],[32.64299,-18.27339],[32.64308,-18.27333],[32.64324,-18.27324],[32.6434,-18.27316],[32.64359,-18.27291],[32.6436,-18.27284],[32.64359,-18.27272],[32.64346,-18.27261],[32.64331,-18.27238],[32.6432,-18.27227],[32.64317,-18.27216],[32.64328,-18.27198],[32.64352,-18.27182],[32.64355,-18.27175],[32.64358,-18.27161],[32.64357,-18.27146],[32.64347,-18.27136],[32.6433,-18.27119],[32.64333,-18.2707],[32.64336,-18.27024],[32.64338,-18.26998],[32.64344,-18.26982],[32.64347,-18.26954],[32.64325,-18.26806],[32.64342,-18.26773],[32.6436,-18.26734],[32.64377,-18.26704],[32.64416,-18.26674],[32.64424,-18.26664],[32.64434,-18.26658],[32.64448,-18.26655],[32.64458,-18.26646],[32.64473,-18.26633],[32.64492,-18.26626],[32.64507,-18.26615],[32.6453,-18.26597],[32.64554,-18.26583],[32.64578,-18.2657],[32.64638,-18.26525],[32.64672,-18.26502],[32.64687,-18.26497],[32.64699,-18.26507],[32.64731,-18.26493]]}},{"type":"Feature","properties":{"kind":"river","name":""},"geometry":{"type":"LineString","coordinates":[[32.65338,-18.32281],[32.65315,-18.32261],[32.65282,-18.32224],[32.65252,-18.32177],[32.65243,-18.32135],[32.65232,-18.31988],[32.65197,-18.31914],[32.65178,-18.31879],[32.65189,-18.31828],[32.65201,-18.31807],[32.65215,-18.31767],[32.65204,-18.31717],[32.65151,-18.31624],[32.65078,-18.31484],[32.65095,-18.31385],[32.65147,-18.31302],[32.65238,-18.31195],[32.65245,-18.31148],[32.65238,-18.31079],[32.65217,-18.3103],[32.65206,-18.30972],[32.65161,-18.30861],[32.65165,-18.30841],[32.65166,-18.30808],[32.65164,-18.30779],[32.65174,-18.30734],[32.6518,-18.30708],[32.65188,-18.30673],[32.65191,-18.30633],[32.65185,-18.30598],[32.65188,-18.30575],[32.65182,-18.30544],[32.65161,-18.30487],[32.65151,-18.30448],[32.65157,-18.30393],[32.65185,-18.30304],[32.65193,-18.30284],[32.65214,-18.30226],[32.65211,-18.30158],[32.65212,-18.30107],[32.65204,-18.30072],[32.65188,-18.30036],[32.6515,-18.29973],[32.6515,-18.29863],[32.65162,-18.29832],[32.65164,-18.29776],[32.65163,-18.29731],[32.65155,-18.29688],[32.65135,-18.29642],[32.6513,-18.29557],[32.65151,-18.29486],[32.6517,-18.29444],[32.6522,-18.2939],[32.65249,-18.29365],[32.65256,-18.29322],[32.65264,-18.2926],[32.65264,-18.2923],[32.65261,-18.29134],[32.6525,-18.29093],[32.65261,-18.29063],[32.65275,-18.28971],[32.65234,-18.2887],[32.65215,-18.28774],[32.65203,-18.28713],[32.65181,-18.28646],[32.6518,-18.28598],[32.65185,-18.28559],[32.65207,-18.28515],[32.65267,-18.28393],[32.65239,-18.28364],[32.65228,-18.28349],[32.65231,-18.28322],[32.65228,-18.28279],[32.65234,-18.28246],[32.65252,-18.28215],[32.65273,-18.28165],[32.65276,-18.28135],[32.6527,-18.28083],[32.65221,-18.28018]]}},{"type":"Feature","properties":{"kind":"road","name":""},"geometry":{"type":"LineString","coordinates":[[32.83513,-18.51261],[32.83526,-18.51253],[32.83565,-18.5123],[32.83577,-18.51221],[32.83586,-18.51212],[32.83596,-18.512],[32.83603,-18.51187],[32.83624,-18.51146],[32.83637,-18.51122],[32.83654,-18.51099],[32.8367,-18.51077],[32.83704,-18.5104],[32.83754,-18.50983],[32.83767,-18.50965],[32.83779,-18.50948],[32.83789,-18.50933],[32.83797,-18.5092],[32.83808,-18.509],[32.83816,-18.50885],[32.8382,-18.5087],[32.83823,-18.50851],[32.83822,-18.50835],[32.8382,-18.50801],[32.83816,-18.50756],[32.83813,-18.50729],[32.83813,-18.50718],[32.83815,-18.50704],[32.83819,-18.50689],[32.83826,-18.50671],[32.8384,-18.5064],[32.83846,-18.50628],[32.83853,-18.50619],[32.83862,-18.50612],[32.83898,-18.50593],[32.83995,-18.5054],[32.84067,-18.50501],[32.84079,-18.50493],[32.84089,-18.50482],[32.84097,-18.50472],[32.84103,-18.5046],[32.84106,-18.5045],[32.84106,-18.50439],[32.84106,-18.50409],[32.841,-18.50264],[32.84099,-18.50244],[32.841,-18.50231],[32.84105,-18.50219],[32.8411,-18.50211],[32.84119,-18.50201],[32.8425,-18.50083],[32.84285,-18.50052],[32.84304,-18.50038],[32.84326,-18.50027],[32.84355,-18.50015],[32.84375,-18.50009],[32.84386,-18.50007],[32.84401,-18.50008],[32.84411,-18.50013],[32.84422,-18.5002],[32.84433,-18.50033],[32.84481,-18.50124],[32.84511,-18.50188],[32.84519,-18.50206],[32.84532,-18.50226],[32.84544,-18.50236],[32.84555,-18.50241],[32.84575,-18.50243],[32.84593,-18.50244],[32.84629,-18.50243],[32.84636,-18.50242],[32.84659,-18.50242],[32.84682,-18.50239],[32.84694,-18.50235],[32.84702,-18.50232],[32.8472,-18.50224],[32.84743,-18.5021],[32.84774,-18.50181],[32.84791,-18.5016],[32.84855,-18.50067],[32.84868,-18.50053],[32.84881,-18.50039],[32.84918,-18.50005],[32.84949,-18.49981],[32.84995,-18.49945],[32.85043,-18.49908],[32.85207,-18.49782],[32.85248,-18.49752],[32.85317,-18.497],[32.85353,-18.49673],[32.8544,-18.49607],[32.85471,-18.49583],[32.85531,-18.49539],[32.85553,-18.49523],[32.85583,-18.49503],[32.85631,-18.49472],[32.8566,-18.49455],[32.85685,-18.49442],[32.85713,-18.49426],[32.85799,-18.49379],[32.85854,-18.4935],[32.85885,-18.49333],[32.85995,-18.49275],[32.8602,-18.49261],[32.86027,-18.49258],[32.86052,-18.49244],[32.86066,-18.49238],[32.86139,-18.49204],[32.86177,-18.49184],[32.86207,-18.4917],[32.86236,-18.49157],[32.86245,-18.49153],[32.86323,-18.49119],[32.86364,-18.49105],[32.86408,-18.49092],[32.86451,-18.49079],[32.86729,-18.48995],[32.86822,-18.48962],[32.86846,-18.4895],[32.86865,-18.48933],[32.86884,-18.48912],[32.86893,-18.48899],[32.86902,-18.48884],[32.86907,-18.4887],[32.86912,-18.48854],[32.86916,-18.48827],[32.86919,-18.48729],[32.86919,-18.48692],[32.86922,-18.48655],[32.86924,-18.48639],[32.86928,-18.48613],[32.86944,-18.48537],[32.86948,-18.48519],[32.86966,-18.4844],[32.87048,-18.47984],[32.87056,-18.47953],[32.87062,-18.47929],[32.87069,-18.47908],[32.87079,-18.47883],[32.87166,-18.47704],[32.87185,-18.47666],[32.87192,-18.47651],[32.87196,-18.47637],[32.87199,-18.47622],[32.87202,-18.47601],[32.87203,-18.47579],[32.87201,-18.47557],[32.87197,-18.47535],[32.87194,-18.47524],[32.8719,-18.47513],[32.87178,-18.47492],[32.87173,-18.47482],[32.87165,-18.47471],[32.8716,-18.47466],[32.87154,-18.47458],[32.87148,-18.4745],[32.8714,-18.47437],[32.87107,-18.47364],[32.87099,-18.47347],[32.87091,-18.47323],[32.87089,-18.47304],[32.87091,-18.47286],[32.87095,-18.47266],[32.87102,-18.47248],[32.87113,-18.47231],[32.87135,-18.47206],[32.8716,-18.47177],[32.87167,-18.47166],[32.87177,-18.47146],[32.87209,-18.4706],[32.87216,-18.4704],[32.87242,-18.4699],[32.87251,-18.46977],[32.87266,-18.46963],[32.87291,-18.46941],[32.8737,-18.46878],[32.87379,-18.46869],[32.8739,-18.46856],[32.87398,-18.46842],[32.87409,-18.46821],[32.87415,-18.46804],[32.87422,-18.46777],[32.87442,-18.46703],[32.87451,-18.46675],[32.87461,-18.46652],[32.87469,-18.46639],[32.8748,-18.46624],[32.87495,-18.46601],[32.87513,-18.46582],[32.87566,-18.4653],[32.87572,-18.46525],[32.87607,-18.46487],[32.87617,-18.46471],[32.87628,-18.46452],[32.87645,-18.46419],[32.87667,-18.46354],[32.87714,-18.46226],[32.87721,-18.46212],[32.87728,-18.46199],[32.87738,-18.46185],[32.87749,-18.46171],[32.878,-18.46111],[32.8783,-18.46075],[32.87875,-18.46027],[32.87888,-18.46017],[32.879,-18.46011],[32.87912,-18.46007],[32.87932,-18.46001],[32.8796,-18.45992],[32.87973,-18.45985],[32.87985,-18.45977],[32.87994,-18.45964],[32.88,-18.45951],[32.88003,-18.45937],[32.88003,-18.45923],[32.87999,-18.45906],[32.87996,-18.45868],[32.87995,-18.45848],[32.87999,-18.45833],[32.88004,-18.45816],[32.88015,-18.45799],[32.88031,-18.45774],[32.88089,-18.45702],[32.88102,-18.45686],[32.88106,-18.45677],[32.88111,-18.45665],[32.8812,-18.45645],[32.88134,-18.45604],[32.88174,-18.45486],[32.88194,-18.45433],[32.882,-18.45419],[32.88208,-18.45405],[32.88217,-18.45394],[32.88231,-18.45381],[32.88241,-18.45371],[32.88254,-18.45364],[32.88277,-18.45351],[32.88315,-18.45327],[32.88326,-18.45317],[32.88333,-18.45305],[32.88341,-18.4529],[32.88345,-18.45277],[32.88346,-18.45257],[32.88341,-18.452],[32.88342,-18.45186],[32.88345,-18.45171],[32.88356,-18.45152],[32.88398,-18.45095],[32.88408,-18.45082],[32.88421,-18.4507],[32.88433,-18.4506],[32.88448,-18.45048],[32.88512,-18.45002],[32.88574,-18.44962],[32.88595,-18.44946],[32.88612,-18.44932],[32.88634,-18.44913],[32.88647,-18.449],[32.88663,-18.44884],[32.88683,-18.44858],[32.88704,-18.44828],[32.88715,-18.44808],[32.88724,-18.44777],[32.88728,-18.44746],[32.88731,-18.44715],[32.88737,-18.44631],[32.88744,-18.446],[32.88752,-18.44576],[32.88762,-18.44557],[32.88774,-18.44538],[32.8879,-18.4452],[32.88812,-18.44499],[32.88846,-18.44472],[32.88935,-18.44399],[32.89013,-18.44335],[32.89133,-18.44232],[32.89153,-18.44215],[32.8917,-18.44202],[32.89187,-18.44189],[32.89206,-18.44178],[32.8924,-18.4416],[32.89273,-18.44146],[32.89294,-18.44136],[32.8932,-18.44125],[32.89345,-18.44111],[32.89357,-18.44102],[32.8937,-18.44088],[32.89379,-18.44077],[32.89388,-18.44061],[32.89397,-18.44041],[32.89401,-18.44027],[32.89403,-18.44011],[32.89402,-18.43989],[32.89396,-18.43958],[32.89389,-18.43933],[32.89383,-18.43909],[32.89381,-18.43888],[32.89379,-18.43864],[32.89379,-18.43832],[32.89385,-18.43782],[32.89391,-18.43731],[32.89396,-18.43713],[32.89401,-18.43697],[32.8941,-18.43677],[32.89421,-18.4366],[32.89438,-18.43637],[32.89457,-18.43617],[32.89527,-18.43539],[32.89539,-18.43526],[32.89552,-18.43511],[32.89556,-18.43507],[32.8957,-18.43492],[32.89667,-18.43387],[32.89677,-18.43377],[32.89685,-18.43369],[32.89692,-18.43363],[32.89704,-18.43355],[32.8972,-18.43346],[32.89736,-18.43339],[32.89948,-18.43253],[32.89965,-18.43245],[32.89976,-18.4324],[32.89985,-18.43233],[32.89998,-18.43222],[32.90008,-18.43209],[32.90017,-18.43195],[32.90026,-18.43177],[32.90041,-18.43146],[32.90056,-18.43114],[32.90071,-18.43083],[32.9008,-18.43065],[32.90094,-18.43046],[32.901,-18.43038],[32.90106,-18.43032],[32.90122,-18.43017],[32.9014,-18.43002],[32.90182,-18.42968],[32.90239,-18.42926],[32.90317,-18.42865],[32.90538,-18.42702],[32.90558,-18.4269],[32.90581,-18.4268],[32.90604,-18.42674],[32.9063,-18.4267],[32.90659,-18.42667],[32.90692,-18.4267],[32.9072,-18.42676],[32.90746,-18.4268],[32.90761,-18.42678],[32.90786,-18.42672],[32.90806,-18.42663],[32.9083,-18.42648],[32.90845,-18.42635],[32.90873,-18.42606],[32.90918,-18.42552],[32.90934,-18.42534],[32.90956,-18.42515],[32.90979,-18.425],[32.91017,-18.4248],[32.91057,-18.42464],[32.91081,-18.42454],[32.91105,-18.42437],[32.91116,-18.42424],[32.91131,-18.42404],[32.91137,-18.42391],[32.91146,-18.42371],[32.91152,-18.42347],[32.91171,-18.42276],[32.91174,-18.42266],[32.9118,-18.42253],[32.91192,-18.42237],[32.91211,-18.42222],[32.91321,-18.42161],[32.91417,-18.4209],[32.91536,-18.41994],[32.91588,-18.41951],[32.9167,-18.41889],[32.91689,-18.41872],[32.91701,-18.41857],[32.91707,-18.4184],[32.91708,-18.41826],[32.91706,-18.41805],[32.91699,-18.41783],[32.91693,-18.4176],[32.91689,-18.41742],[32.9169,-18.41725],[32.91694,-18.41711],[32.91701,-18.41697],[32.91713,-18.41683],[32.91734,-18.41666],[32.91872,-18.41567],[32.91898,-18.41544],[32.92054,-18.4139],[32.92074,-18.41373],[32.92091,-18.41361],[32.92112,-18.41349],[32.92134,-18.41339],[32.92157,-18.41333],[32.92188,-18.41327],[32.92283,-18.4132],[32.92315,-18.41315],[32.9235,-18.41305],[32.92376,-18.41294],[32.92427,-18.41262],[32.92649,-18.41102],[32.92704,-18.41052],[32.92825,-18.40928],[32.9286,-18.40893],[32.92871,-18.40881],[32.92897,-18.40854],[32.92913,-18.40831],[32.92948,-18.40775],[32.92964,-18.40741],[32.9297,-18.40729],[32.92978,-18.40716],[32.92986,-18.40707],[32.93003,-18.40692],[32.93053,-18.40654],[32.93173,-18.40564],[32.93182,-18.40558],[32.93196,-18.40551],[32.93219,-18.40541],[32.93249,-18.40528],[32.93276,-18.40516],[32.93298,-18.40502],[32.93314,-18.40487],[32.93319,-18.40479],[32.93324,-18.4047],[32.9334,-18.4042],[32.93346,-18.40401],[32.93351,-18.40385],[32.93355,-18.40375],[32.93362,-18.40366],[32.93367,-18.40362],[32.93374,-18.40357],[32.93381,-18.40355],[32.9339,-18.40353],[32.93396,-18.40352],[32.93406,-18.40353],[32.93414,-18.40357],[32.93423,-18.40362],[32.93459,-18.40388],[32.93477,-18.40401],[32.93486,-18.40404],[32.935,-18.40405],[32.93512,-18.40402],[32.93524,-18.40396],[32.93531,-18.40389],[32.93536,-18.40383],[32.9354,-18.40373],[32.93542,-18.40364],[32.93546,-18.40324],[32.93546,-18.40295],[32.93549,-18.40248],[32.93552,-18.40236],[32.93555,-18.40225],[32.93559,-18.40218],[32.93562,-18.40214],[32.93567,-18.40207],[32.93574,-18.40203],[32.9358,-18.40199],[32.9359,-18.40196],[32.93605,-18.40193],[32.93616,-18.40192],[32.93628,-18.40194],[32.93641,-18.40198],[32.93657,-18.40204],[32.93782,-18.40271],[32.93801,-18.40285],[32.9381,-18.40292],[32.93819,-18.40304],[32.93823,-18.40312],[32.93827,-18.40321],[32.93835,-18.40344],[32.93847,-18.4037],[32.93851,-18.40376],[32.93857,-18.40384],[32.93863,-18.40389],[32.9387,-18.40392],[32.9388,-18.40394],[32.93891,-18.40396],[32.93905,-18.40393],[32.93915,-18.40391],[32.93928,-18.40385],[32.93938,-18.40379],[32.93946,-18.40372],[32.93999,-18.40315],[32.94021,-18.40289],[32.9403,-18.40274],[32.94035,-18.40264],[32.94036,-18.40256],[32.94036,-18.40243],[32.94034,-18.40232],[32.94028,-18.40214],[32.94018,-18.4019],[32.94017,-18.40177],[32.94018,-18.40162],[32.9402,-18.40152],[32.94023,-18.40144],[32.94029,-18.40135],[32.94035,-18.40128],[32.94041,-18.40122],[32.94049,-18.40117],[32.94062,-18.40111],[32.94075,-18.40109],[32.94085,-18.40109],[32.94155,-18.40115],[32.94271,-18.40128],[32.94295,-18.40127],[32.94306,-18.40124],[32.94315,-18.4012],[32.94323,-18.40114],[32.9433,-18.40107],[32.94337,-18.40096],[32.94341,-18.40088],[32.94357,-18.40051],[32.94362,-18.40044],[32.94368,-18.40038],[32.94373,-18.40033],[32.94381,-18.4003],[32.94394,-18.40027],[32.94406,-18.40027],[32.945,-18.40025],[32.94509,-18.40024],[32.94518,-18.40021],[32.94527,-18.40015],[32.94534,-18.40008],[32.94544,-18.39997],[32.94548,-18.39988],[32.94561,-18.39958],[32.94576,-18.39906],[32.9458,-18.39894],[32.94586,-18.39883],[32.94591,-18.39877],[32.94595,-18.39873],[32.94609,-18.39864],[32.94647,-18.39847],[32.94664,-18.3984],[32.94671,-18.39837],[32.94677,-18.39835],[32.94682,-18.39835],[32.94687,-18.39837]]}},{"type":"Feature","properties":{"kind":"river","name":""},"geometry":{"type":"LineString","coordinates":[[32.89058,-18.3838],[32.89046,-18.38455],[32.89044,-18.38516],[32.89065,-18.38543],[32.89077,-18.38559],[32.89136,-18.38591],[32.89167,-18.38598],[32.89222,-18.38599],[32.89247,-18.38612],[32.89277,-18.38651],[32.89293,-18.38684],[32.89296,-18.3871],[32.89327,-18.38747],[32.89356,-18.38809],[32.8938,-18.38851],[32.8937,-18.38904],[32.89356,-18.38942],[32.89384,-18.38965],[32.89428,-18.38991],[32.89498,-18.39033],[32.89533,-18.39066],[32.89588,-18.39108],[32.89616,-18.39166],[32.89624,-18.39208],[32.89662,-18.39277],[32.89697,-18.39311],[32.89714,-18.39355],[32.89746,-18.39373],[32.89755,-18.39436],[32.89772,-18.39454],[32.89791,-18.3947],[32.89844,-18.39491],[32.89872,-18.39539],[32.89935,-18.39536],[32.89981,-18.39519],[32.90042,-18.39464],[32.90061,-18.39459],[32.90077,-18.39458],[32.90115,-18.39467],[32.90134,-18.39458],[32.90153,-18.39448],[32.9017,-18.39453],[32.90242,-18.39413],[32.90287,-18.39413],[32.90338,-18.39416],[32.90405,-18.39433],[32.90461,-18.39408],[32.90501,-18.39399],[32.9054,-18.39406],[32.90558,-18.39426],[32.90567,-18.3945],[32.90591,-18.39481],[32.9065,-18.39537],[32.90692,-18.3958],[32.90715,-18.39592],[32.90721,-18.39596],[32.90727,-18.39599],[32.90738,-18.39603],[32.90765,-18.39612],[32.90815,-18.39606],[32.90865,-18.39595],[32.90901,-18.39564],[32.90938,-18.39528],[32.9096,-18.39493],[32.91003,-18.39471],[32.91048,-18.39464],[32.91068,-18.39474],[32.9108,-18.39508],[32.91103,-18.39521],[32.9114,-18.39548],[32.91189,-18.39555],[32.91229,-18.39542],[32.91253,-18.39515],[32.91321,-18.39531],[32.91381,-18.39523],[32.9143,-18.39515],[32.91479,-18.39499],[32.9152,-18.39476],[32.91685,-18.39448],[32.91722,-18.3945],[32.91775,-18.39463],[32.91819,-18.39486],[32.91859,-18.39535],[32.91882,-18.39595],[32.91873,-18.39672],[32.9191,-18.39737],[32.91984,-18.39822],[32.92034,-18.39947],[32.92067,-18.40078],[32.92106,-18.40114],[32.92139,-18.40144],[32.92194,-18.40194],[32.9225,-18.4034],[32.92359,-18.40496],[32.92365,-18.40506]]}},{"type":"Feature","properties":{"kind":"road","name":""},"geometry":{"type":"LineString","coordinates":[[32.96964,-18.30426],[32.96952,-18.30404],[32.96927,-18.30384],[32.96911,-18.30379],[32.96896,-18.30381],[32.96882,-18.30388],[32.96871,-18.30397],[32.96853,-18.30401],[32.96832,-18.30396],[32.96817,-18.30378],[32.96805,-18.30353],[32.96797,-18.30323],[32.96798,-18.30306],[32.96797,-18.30292],[32.96797,-18.30268],[32.96767,-18.3024],[32.96757,-18.30221],[32.96749,-18.30197],[32.9674,-18.30194],[32.96734,-18.30198],[32.96726,-18.30207],[32.96704,-18.30249],[32.96679,-18.30287],[32.96663,-18.30295],[32.96638,-18.30294],[32.96624,-18.30287],[32.966,-18.30272],[32.96588,-18.30263],[32.96584,-18.30261],[32.96579,-18.30261],[32.96567,-18.30272],[32.96558,-18.30287],[32.96533,-18.30385],[32.96509,-18.30425],[32.96498,-18.30436],[32.96485,-18.3044]]}},{"type":"Feature","properties":{"kind":"road","name":""},"geometry":{"type":"LineString","coordinates":[[32.96964,-18.30426],[32.96976,-18.30415],[32.96982,-18.30405],[32.96995,-18.3038],[32.97002,-18.30366],[32.97004,-18.30345],[32.97006,-18.30311],[32.97001,-18.30287],[32.96969,-18.30242],[32.96939,-18.30212],[32.9691,-18.30184],[32.96898,-18.30162],[32.969,-18.30134],[32.96929,-18.30088],[32.96965,-18.30042],[32.96976,-18.30029],[32.96981,-18.30019],[32.9698,-18.30008],[32.96977,-18.29999],[32.96968,-18.29991],[32.96958,-18.29983],[32.9695,-18.29982],[32.96942,-18.29986],[32.96929,-18.29998],[32.96918,-18.30004],[32.96904,-18.3001],[32.9689,-18.30015],[32.96885,-18.30018],[32.96865,-18.30028],[32.9685,-18.3003],[32.9684,-18.30027],[32.96829,-18.30015],[32.96824,-18.30002],[32.9681,-18.29953],[32.96802,-18.29914],[32.96804,-18.29872],[32.96817,-18.29805],[32.96825,-18.2978],[32.96831,-18.29767],[32.96832,-18.29754],[32.96825,-18.29741],[32.96819,-18.29729],[32.96808,-18.29718],[32.96795,-18.29713],[32.96778,-18.29709],[32.96765,-18.2971],[32.96754,-18.29713],[32.96739,-18.2972],[32.96729,-18.29728],[32.96718,-18.29747],[32.96709,-18.29767],[32.96695,-18.29789],[32.9668,-18.29813],[32.96664,-18.29824],[32.96648,-18.29833],[32.96632,-18.29838],[32.96618,-18.29836],[32.96608,-18.29828],[32.96602,-18.29816],[32.96605,-18.29801],[32.96609,-18.29786],[32.96624,-18.29752],[32.96631,-18.29731],[32.96645,-18.29701],[32.96657,-18.29676],[32.96671,-18.29642],[32.96674,-18.29631],[32.96671,-18.29617],[32.96663,-18.29593],[32.96623,-18.29555],[32.96595,-18.29528],[32.96567,-18.29499],[32.96547,-18.29474],[32.96526,-18.29444],[32.96515,-18.29408],[32.96514,-18.29366],[32.9652,-18.29334],[32.96522,-18.29307],[32.96531,-18.2928],[32.96522,-18.29245],[32.96523,-18.29229],[32.96523,-18.29217],[32.9653,-18.29208],[32.96544,-18.29201],[32.96547,-18.29197],[32.96549,-18.29184],[32.96552,-18.29169],[32.96563,-18.29154],[32.96576,-18.29142],[32.96588,-18.29136],[32.96609,-18.2913],[32.9662,-18.2913],[32.96628,-18.29132],[32.96634,-18.29137],[32.96637,-18.29146],[32.96649,-18.2919],[32.96655,-18.29199],[32.96662,-18.29206],[32.96673,-18.29213],[32.96688,-18.29219],[32.96747,-18.29231],[32.96757,-18.29232],[32.96766,-18.29226],[32.96771,-18.29219],[32.96776,-18.29194],[32.96783,-18.29136],[32.96782,-18.29093],[32.96784,-18.29076],[32.96786,-18.29063],[32.9679,-18.29046],[32.96798,-18.29027],[32.96811,-18.29009],[32.96824,-18.2899],[32.96832,-18.28975],[32.96837,-18.28958],[32.96844,-18.28931],[32.96851,-18.28904],[32.9686,-18.28887],[32.9687,-18.28875],[32.96883,-18.28864],[32.9689,-18.2886],[32.96894,-18.28854],[32.96896,-18.28848],[32.96895,-18.28806],[32.9689,-18.28796],[32.9688,-18.28784],[32.96871,-18.28779],[32.96865,-18.28775],[32.96864,-18.28771],[32.96864,-18.28766],[32.96868,-18.28763],[32.96877,-18.28759],[32.969,-18.28752],[32.96909,-18.28749],[32.96916,-18.28745],[32.96921,-18.28741],[32.96925,-18.28734],[32.96936,-18.28712],[32.96947,-18.28685],[32.96952,-18.28661],[32.96956,-18.2863],[32.96958,-18.28602],[32.96956,-18.28586],[32.9695,-18.28565],[32.96945,-18.2855],[32.96939,-18.28529],[32.96938,-18.28513],[32.96941,-18.28497],[32.96948,-18.28484],[32.96965,-18.28463],[32.96979,-18.28448],[32.96986,-18.28435],[32.96989,-18.28424],[32.96997,-18.28384],[32.97006,-18.28335],[32.97013,-18.28317],[32.97018,-18.28308],[32.97029,-18.283],[32.97046,-18.28292],[32.97061,-18.28288],[32.97086,-18.28285],[32.97112,-18.28286],[32.97131,-18.28293],[32.97139,-18.28293],[32.9715,-18.28289],[32.97155,-18.28282],[32.9716,-18.28275],[32.97163,-18.28266],[32.97167,-18.28232],[32.97172,-18.28202],[32.9717,-18.28191],[32.97166,-18.28182],[32.97159,-18.28173],[32.97154,-18.28164],[32.9715,-18.28155],[32.97148,-18.28144],[32.97148,-18.28121],[32.97146,-18.28105],[32.97141,-18.28092],[32.97134,-18.28078],[32.97134,-18.28069],[32.97137,-18.28065],[32.97142,-18.28062],[32.9715,-18.28064],[32.97162,-18.28069],[32.97171,-18.28072],[32.97181,-18.28071],[32.97208,-18.28071],[32.97222,-18.28071],[32.97234,-18.28069],[32.97247,-18.28063],[32.97261,-18.28051],[32.9727,-18.28038],[32.97278,-18.28022],[32.97286,-18.28006],[32.97294,-18.27995],[32.97311,-18.27983],[32.9733,-18.27973],[32.97349,-18.27969],[32.97367,-18.27969],[32.97385,-18.27973],[32.97401,-18.27979],[32.97422,-18.27992],[32.97438,-18.28002],[32.97491,-18.28028],[32.9751,-18.28049],[32.97553,-18.28106],[32.97561,-18.28123],[32.9759,-18.28158],[32.97604,-18.28173],[32.97616,-18.28181],[32.97632,-18.28188],[32.97652,-18.28192],[32.97668,-18.28194],[32.97684,-18.28199],[32.97695,-18.28205],[32.97724,-18.28228],[32.97734,-18.28237],[32.97741,-18.28245],[32.97755,-18.28261],[32.97768,-18.28279],[32.97777,-18.28298],[32.97782,-18.28314],[32.97786,-18.28333],[32.97795,-18.28373],[32.97806,-18.28403],[32.97832,-18.28441],[32.97856,-18.2847],[32.97875,-18.28487],[32.97903,-18.28492],[32.9795,-18.28488],[32.97975,-18.28484]]}},{"type":"Feature","properties":{"kind":"road","name":""},"geometry":{"type":"LineString","coordinates":[[32.96567,-18.29499],[32.96601,-18.29505],[32.96624,-18.29507],[32.96657,-18.29511],[32.9669,-18.2951],[32.96724,-18.29507],[32.96751,-18.29505],[32.96774,-18.295],[32.96788,-18.29498],[32.96804,-18.29498],[32.96835,-18.29487],[32.96867,-18.29486],[32.96881,-18.29489],[32.96895,-18.29484]]}},{"type":"Feature","properties":{"kind":"track","name":""},"geometry":{"type":"LineString","coordinates":[[32.96825,-18.2978],[32.96835,-18.29794],[32.96839,-18.29835],[32.96841,-18.29895],[32.96852,-18.29915],[32.96867,-18.29928],[32.96883,-18.2993],[32.96899,-18.29919],[32.96927,-18.29897],[32.96948,-18.29876],[32.96976,-18.29851],[32.96986,-18.29841],[32.97009,-18.29834],[32.97044,-18.29822],[32.97064,-18.2981],[32.9708,-18.29794],[32.97099,-18.29774],[32.97122,-18.29739],[32.97134,-18.29726],[32.97149,-18.29713],[32.97165,-18.29709],[32.97182,-18.29703],[32.97194,-18.29695],[32.97224,-18.29653],[32.97231,-18.29626],[32.9724,-18.29604],[32.97245,-18.29582],[32.97244,-18.29558],[32.9724,-18.29539],[32.9723,-18.29517],[32.97215,-18.29488],[32.97206,-18.29473],[32.97197,-18.29454],[32.97182,-18.2943],[32.97158,-18.29392],[32.97139,-18.29373],[32.97114,-18.29351]]}},{"type":"Feature","properties":{"kind":"road","name":""},"geometry":{"type":"LineString","coordinates":[[32.96463,-18.32811],[32.9643,-18.32783],[32.96294,-18.32708],[32.96268,-18.32696],[32.96258,-18.32694],[32.96249,-18.32698],[32.96208,-18.32719],[32.96161,-18.32736],[32.96118,-18.3275],[32.96107,-18.32753],[32.96102,-18.32759],[32.9608,-18.3283],[32.96078,-18.32847],[32.96082,-18.32885],[32.96083,-18.32934],[32.96093,-18.32995],[32.96097,-18.33032],[32.96113,-18.33106],[32.96114,-18.33122],[32.96114,-18.33149],[32.96128,-18.33202],[32.96141,-18.33225],[32.96147,-18.33244],[32.96147,-18.33257],[32.96144,-18.33265],[32.96129,-18.33272],[32.96108,-18.33275],[32.96099,-18.33276],[32.9609,-18.33287],[32.96089,-18.33297],[32.96095,-18.33315],[32.96103,-18.33335],[32.96117,-18.3338],[32.96121,-18.33402],[32.96112,-18.33418],[32.96102,-18.33432],[32.96086,-18.33444],[32.96064,-18.3345],[32.9604,-18.33453],[32.96019,-18.33456],[32.96009,-18.33454],[32.96002,-18.33449],[32.95985,-18.33416],[32.95979,-18.33396],[32.95978,-18.33375],[32.9598,-18.33355],[32.9598,-18.33346],[32.9598,-18.33332],[32.95979,-18.33313],[32.95976,-18.33285],[32.95979,-18.33258],[32.95994,-18.3322],[32.96015,-18.33191],[32.96028,-18.33171],[32.96032,-18.33153],[32.96036,-18.33094],[32.96038,-18.33058],[32.96036,-18.33034],[32.96013,-18.3293],[32.96008,-18.3291],[32.96007,-18.32895],[32.96009,-18.32865],[32.96009,-18.32852],[32.96006,-18.32846],[32.95998,-18.32841],[32.95971,-18.32828],[32.95946,-18.32807],[32.95941,-18.32793],[32.95938,-18.32775],[32.95934,-18.32755],[32.95924,-18.32736],[32.95911,-18.32715],[32.95891,-18.32695],[32.95831,-18.3268],[32.95714,-18.32662],[32.95666,-18.32661],[32.9563,-18.32668],[32.95598,-18.32683],[32.95571,-18.32701],[32.95557,-18.3271],[32.95544,-18.32722],[32.95537,-18.32733],[32.95531,-18.32766],[32.95519,-18.32796],[32.95506,-18.32816],[32.95488,-18.32838]]}},{"type":"Feature","properties":{"kind":"road","name":""},"geometry":{"type":"LineString","coordinates":[[32.96121,-18.33402],[32.96133,-18.33422]]}},{"type":"Feature","properties":{"kind":"track","name":""},"geometry":{"type":"LineString","coordinates":[[32.92313,-18.34982],[32.92363,-18.35038],[32.92394,-18.35106],[32.92417,-18.35139],[32.92428,-18.35182],[32.92441,-18.35224],[32.92453,-18.35266],[32.9246,-18.35298],[32.92472,-18.35328],[32.92473,-18.3534],[32.92447,-18.35373],[32.9244,-18.3539],[32.92434,-18.35398],[32.92434,-18.35406],[32.92448,-18.35415],[32.9248,-18.35456],[32.92532,-18.35523],[32.9258,-18.35559],[32.92603,-18.35583],[32.92613,-18.3561],[32.92621,-18.35651],[32.92635,-18.35685],[32.92695,-18.35739],[32.92807,-18.35854],[32.92865,-18.35934],[32.92904,-18.35972],[32.92943,-18.36024],[32.92966,-18.36062],[32.92989,-18.36097],[32.93017,-18.36129],[32.93044,-18.36154],[32.93062,-18.36168],[32.93083,-18.36179],[32.93105,-18.36183],[32.93122,-18.36189],[32.93138,-18.36199],[32.93154,-18.36217],[32.93156,-18.3622],[32.93169,-18.36241],[32.93178,-18.36257],[32.93183,-18.36287],[32.93185,-18.36317],[32.93191,-18.3635],[32.93196,-18.36382],[32.93206,-18.36421],[32.93213,-18.36437],[32.93227,-18.36453],[32.93244,-18.36463],[32.93282,-18.36486],[32.93299,-18.36503],[32.93314,-18.36524],[32.93325,-18.36547],[32.93333,-18.36574],[32.93335,-18.36579],[32.93344,-18.36608],[32.93354,-18.36628],[32.93375,-18.36651],[32.93398,-18.36667],[32.93455,-18.36689],[32.93497,-18.36694],[32.93516,-18.36694],[32.9353,-18.36699],[32.93553,-18.36724],[32.9357,-18.36751],[32.93574,-18.36768],[32.93576,-18.36783],[32.93576,-18.36816]]}},{"type":"Feature","properties":{"kind":"track","name":""},"geometry":{"type":"LineString","coordinates":[[32.93439,-18.36986],[32.93438,-18.36978],[32.93437,-18.36971],[32.93436,-18.36966],[32.93414,-18.36912],[32.93404,-18.3689],[32.93396,-18.36876],[32.93389,-18.36865],[32.93358,-18.36826],[32.93348,-18.36815],[32.93314,-18.36788],[32.93293,-18.36764],[32.93204,-18.36655],[32.93168,-18.36598],[32.93161,-18.36583],[32.93146,-18.36532],[32.9314,-18.3651],[32.93131,-18.36488],[32.93126,-18.36479],[32.9312,-18.36474],[32.93112,-18.36471],[32.93099,-18.36472],[32.93043,-18.3649],[32.93006,-18.36505],[32.92989,-18.36513],[32.92969,-18.36521],[32.92955,-18.36523],[32.92948,-18.36523],[32.92942,-18.36518],[32.9294,-18.3651],[32.92938,-18.365],[32.92931,-18.36432],[32.92926,-18.36399],[32.92923,-18.36386],[32.92916,-18.36366],[32.92904,-18.36338],[32.92889,-18.36312],[32.9287,-18.36276],[32.92834,-18.36208],[32.92828,-18.362],[32.9282,-18.36185],[32.9277,-18.361],[32.92701,-18.35983],[32.92661,-18.35917],[32.9261,-18.35832],[32.92591,-18.35817]]}},{"type":"Feature","properties":{"kind":"track","name":""},"geometry":{"type":"LineString","coordinates":[[32.97114,-18.29351],[32.97102,-18.29361],[32.97099,-18.29365],[32.97097,-18.29374],[32.97097,-18.29385],[32.97102,-18.29394],[32.97112,-18.29409],[32.97124,-18.29422],[32.97142,-18.2944],[32.9715,-18.29453],[32.97162,-18.29475],[32.97169,-18.29486],[32.97171,-18.29495],[32.97173,-18.29507],[32.97178,-18.29525],[32.97181,-18.29534],[32.97186,-18.29549],[32.9719,-18.29562],[32.97191,-18.29585],[32.97188,-18.29596],[32.97185,-18.29605],[32.97179,-18.29613],[32.97174,-18.2962],[32.97164,-18.29625],[32.97137,-18.29634],[32.9711,-18.29639],[32.97097,-18.29641],[32.97087,-18.2964],[32.97077,-18.29638],[32.97064,-18.29629],[32.97054,-18.2962],[32.97047,-18.2961],[32.97042,-18.29602],[32.97034,-18.29578],[32.97028,-18.29566],[32.97025,-18.2956],[32.97019,-18.29557],[32.97014,-18.29556],[32.97007,-18.29557],[32.97002,-18.29558],[32.96997,-18.29563],[32.96993,-18.29572],[32.96992,-18.2958],[32.96989,-18.29589],[32.96995,-18.29647],[32.96997,-18.29675],[32.96996,-18.29689],[32.96994,-18.29705],[32.96993,-18.29713],[32.96989,-18.29718],[32.96984,-18.29727]]}},{"type":"Feature","properties":{"kind":"road","name":""},"geometry":{"type":"LineString","coordinates":[[32.96712,-18.30673],[32.96682,-18.30678],[32.9667,-18.30682],[32.96662,-18.30686],[32.96637,-18.30699],[32.96626,-18.30701],[32.96621,-18.307],[32.96613,-18.30697],[32.96601,-18.30689],[32.96589,-18.30681],[32.96582,-18.30677],[32.96544,-18.3067],[32.96525,-18.30674],[32.96517,-18.30677],[32.96498,-18.30689],[32.96493,-18.30697],[32.96491,-18.3071],[32.96495,-18.30729],[32.965,-18.30749],[32.96504,-18.30766],[32.96511,-18.30781],[32.96521,-18.30797],[32.96523,-18.30807],[32.96521,-18.30814],[32.96514,-18.30822],[32.96505,-18.30824],[32.96499,-18.30821],[32.96492,-18.3081],[32.96486,-18.30797],[32.9648,-18.30791],[32.96473,-18.30787],[32.96468,-18.30787],[32.96463,-18.30792],[32.96461,-18.308],[32.96458,-18.3082],[32.96456,-18.30829],[32.96453,-18.30846],[32.9645,-18.30873],[32.96436,-18.3092],[32.96432,-18.30939],[32.96431,-18.30952],[32.96429,-18.30972],[32.96423,-18.30986],[32.96401,-18.31021],[32.96369,-18.31076],[32.96358,-18.31085],[32.96342,-18.3109],[32.96327,-18.3109],[32.96314,-18.31087],[32.96297,-18.31078],[32.96291,-18.31076],[32.96286,-18.31076],[32.96277,-18.31082],[32.9627,-18.31096],[32.96262,-18.31112],[32.9626,-18.31129],[32.96266,-18.31143],[32.96265,-18.31182],[32.96271,-18.31204],[32.96275,-18.31209],[32.96283,-18.31211],[32.96297,-18.31209],[32.96303,-18.3121],[32.96307,-18.31213]]}},{"type":"Feature","properties":{"kind":"road","name":""},"geometry":{"type":"LineString","coordinates":[[32.96307,-18.31213],[32.96307,-18.31228],[32.96305,-18.31247],[32.963,-18.31272],[32.96299,-18.3129],[32.96294,-18.31303],[32.96287,-18.31311],[32.96277,-18.31317],[32.96262,-18.31319],[32.96253,-18.31318],[32.96243,-18.31314],[32.96233,-18.31311],[32.96225,-18.3131],[32.96216,-18.3131],[32.96205,-18.31312],[32.96198,-18.31317],[32.96191,-18.31327],[32.96185,-18.31335],[32.9618,-18.31339],[32.96174,-18.3134],[32.96167,-18.31337],[32.96159,-18.31333],[32.96152,-18.31326],[32.96147,-18.31323],[32.96138,-18.31323],[32.9612,-18.31325],[32.96099,-18.31329],[32.96076,-18.31331],[32.96061,-18.31331],[32.96049,-18.31332],[32.96044,-18.31334],[32.96038,-18.31341],[32.96032,-18.3135],[32.96027,-18.31367],[32.96019,-18.31389],[32.96016,-18.314],[32.9601,-18.31409],[32.95979,-18.3145],[32.95956,-18.31483],[32.95944,-18.31495],[32.95938,-18.31505],[32.95934,-18.31515],[32.95931,-18.31532],[32.9593,-18.31549],[32.95929,-18.31563],[32.95922,-18.31582],[32.9591,-18.31609],[32.959,-18.31622],[32.95888,-18.31631],[32.95871,-18.31638],[32.95863,-18.31645],[32.95858,-18.3165],[32.95858,-18.31656],[32.95858,-18.31667],[32.95863,-18.31677],[32.95875,-18.31699],[32.95884,-18.3171],[32.95898,-18.31724],[32.95916,-18.31728],[32.95947,-18.31733],[32.95972,-18.31728],[32.95989,-18.31728],[32.96005,-18.31728],[32.96028,-18.31725],[32.96041,-18.31726],[32.96054,-18.31729],[32.96076,-18.31739],[32.96095,-18.31754],[32.96118,-18.31773],[32.96129,-18.3178],[32.96139,-18.31784],[32.96157,-18.31791],[32.96178,-18.31797],[32.96213,-18.31811],[32.96241,-18.31815],[32.96255,-18.3182],[32.96261,-18.31826],[32.96264,-18.31833],[32.96264,-18.31842],[32.96258,-18.31865],[32.96248,-18.31888],[32.96242,-18.31905],[32.96233,-18.31915],[32.96215,-18.31929],[32.96207,-18.31933],[32.962,-18.3194],[32.96198,-18.31949],[32.96201,-18.31955],[32.96206,-18.3196],[32.96217,-18.31973],[32.96223,-18.31982],[32.96225,-18.31993],[32.96223,-18.32026],[32.9622,-18.32045],[32.96223,-18.3206],[32.96246,-18.32096],[32.96263,-18.32112],[32.96269,-18.32125],[32.96269,-18.32139],[32.96272,-18.32153],[32.96283,-18.32169],[32.96303,-18.32183],[32.96309,-18.32193],[32.96311,-18.32214],[32.96317,-18.32238],[32.96319,-18.32252],[32.96336,-18.32264],[32.96348,-18.32271],[32.96371,-18.32282],[32.96385,-18.32285],[32.96413,-18.32288],[32.96426,-18.32287],[32.96437,-18.32285],[32.96457,-18.32276],[32.96473,-18.32268],[32.96483,-18.32263],[32.96493,-18.3226],[32.96503,-18.32258],[32.96511,-18.32253]]}},{"type":"Feature","properties":{"kind":"road","name":""},"geometry":{"type":"LineString","coordinates":[[32.97692,-18.2764],[32.97693,-18.27635],[32.9769,-18.2763],[32.97684,-18.2763],[32.97674,-18.2763],[32.97665,-18.2763],[32.97663,-18.27625],[32.97658,-18.27612],[32.9766,-18.27594],[32.97673,-18.27567],[32.97687,-18.27532],[32.97697,-18.27524],[32.97709,-18.27522],[32.97723,-18.27525],[32.97736,-18.27528],[32.97745,-18.2753],[32.97765,-18.27526],[32.97781,-18.27524],[32.97793,-18.27527],[32.97801,-18.27531],[32.97829,-18.27542],[32.97861,-18.27554],[32.9788,-18.27562],[32.97902,-18.27573],[32.97913,-18.27575],[32.97924,-18.27571],[32.97934,-18.27561],[32.97942,-18.27556],[32.97949,-18.27554],[32.97954,-18.27554],[32.97961,-18.27554],[32.97966,-18.27554],[32.97977,-18.27549],[32.97982,-18.27539],[32.97981,-18.27526],[32.9798,-18.27503],[32.97972,-18.27487],[32.97957,-18.27474],[32.97917,-18.27454],[32.97896,-18.27446],[32.97877,-18.27443],[32.97861,-18.27441],[32.97848,-18.27437],[32.97843,-18.2743],[32.97834,-18.27417],[32.97833,-18.27403],[32.97841,-18.27396],[32.97853,-18.27392],[32.97875,-18.27385],[32.97909,-18.27368],[32.97923,-18.27348],[32.97925,-18.2734],[32.97926,-18.27333],[32.97922,-18.27324],[32.97913,-18.2732],[32.97881,-18.27317],[32.97844,-18.27314],[32.97822,-18.27308],[32.97816,-18.27303]]}},{"type":"Feature","properties":{"kind":"track","name":""},"geometry":{"type":"LineString","coordinates":[[32.96443,-18.41131],[32.96451,-18.41132],[32.96477,-18.41134],[32.96488,-18.41135],[32.96503,-18.41137],[32.96519,-18.41143],[32.96538,-18.41156],[32.9655,-18.41169],[32.96571,-18.41197],[32.96582,-18.41211],[32.96593,-18.41224],[32.9661,-18.41242],[32.96633,-18.41261],[32.96648,-18.41269],[32.96668,-18.41275],[32.96689,-18.4128],[32.96715,-18.41281],[32.96735,-18.4128],[32.96767,-18.41277],[32.96789,-18.41274],[32.96808,-18.41271],[32.9683,-18.41265],[32.96842,-18.41261],[32.96856,-18.41257],[32.96882,-18.41247],[32.96895,-18.41241],[32.96908,-18.41235],[32.96918,-18.41231],[32.96927,-18.41229],[32.96943,-18.41226],[32.96956,-18.41225],[32.9697,-18.41226],[32.96991,-18.41231],[32.97014,-18.41238],[32.97028,-18.41242],[32.97042,-18.41245],[32.97056,-18.41248],[32.97074,-18.41252],[32.9709,-18.41254],[32.97105,-18.41255],[32.97122,-18.41254],[32.97148,-18.41251],[32.97174,-18.41249],[32.97196,-18.41248],[32.97214,-18.41246],[32.97228,-18.41243],[32.97246,-18.41238],[32.97259,-18.41232],[32.97294,-18.41217],[32.97325,-18.41203],[32.97336,-18.41195],[32.97345,-18.41186],[32.97353,-18.41173],[32.97362,-18.41155],[32.97368,-18.41146],[32.97374,-18.41138],[32.97382,-18.41127],[32.97391,-18.4112],[32.974,-18.41114],[32.97413,-18.41108],[32.97427,-18.41102],[32.97453,-18.41087],[32.97498,-18.41063],[32.97513,-18.41053],[32.97522,-18.41046],[32.97533,-18.41041],[32.97548,-18.41036],[32.97571,-18.41033],[32.97591,-18.41028],[32.97599,-18.41024],[32.97608,-18.4102],[32.97616,-18.41017],[32.97628,-18.41015],[32.9765,-18.41015],[32.97671,-18.41017],[32.97684,-18.41018],[32.97698,-18.41017],[32.97712,-18.41013],[32.9773,-18.41008],[32.97746,-18.40999],[32.97755,-18.40991],[32.9776,-18.40986],[32.97765,-18.40981],[32.97771,-18.40979],[32.97778,-18.40979],[32.97787,-18.40982],[32.97818,-18.40992],[32.97844,-18.41009],[32.97862,-18.41022],[32.97877,-18.41028],[32.97898,-18.41037],[32.97932,-18.41046],[32.97955,-18.41053],[32.9798,-18.4106],[32.98,-18.41071],[32.98025,-18.41091],[32.98065,-18.41129],[32.98101,-18.41166],[32.98111,-18.41182],[32.9813,-18.41212],[32.9816,-18.41254],[32.98181,-18.41288],[32.98205,-18.41326],[32.98213,-18.41338],[32.9822,-18.41348],[32.98228,-18.41355],[32.98239,-18.41362],[32.98255,-18.41369],[32.98285,-18.41381],[32.98314,-18.41387],[32.9834,-18.41388],[32.98362,-18.41385],[32.98396,-18.41376],[32.98418,-18.41366],[32.98438,-18.41354],[32.9847,-18.41323],[32.98498,-18.41296],[32.9851,-18.41275],[32.98527,-18.41256],[32.9854,-18.41244],[32.98558,-18.41235],[32.98566,-18.41232],[32.98577,-18.41232],[32.98591,-18.41239],[32.98607,-18.41247],[32.98631,-18.41258],[32.98645,-18.41267],[32.98662,-18.41279],[32.98671,-18.41288],[32.9868,-18.41298],[32.98686,-18.413],[32.98696,-18.41303],[32.98705,-18.41301],[32.98715,-18.41299],[32.98723,-18.413],[32.98728,-18.41303],[32.98732,-18.41314],[32.98735,-18.41325],[32.98741,-18.41334],[32.98749,-18.41345],[32.98759,-18.41362],[32.98771,-18.41372],[32.98782,-18.41378],[32.98792,-18.41383],[32.98801,-18.41385],[32.98804,-18.41391],[32.98807,-18.41397],[32.98806,-18.41403],[32.98802,-18.41414],[32.98801,-18.41423],[32.98806,-18.41433],[32.98811,-18.41445],[32.98816,-18.41455],[32.98824,-18.4146],[32.98841,-18.41468],[32.9886,-18.41476],[32.98874,-18.41482],[32.98889,-18.41492],[32.98908,-18.41506],[32.98923,-18.41519],[32.98933,-18.41528],[32.98938,-18.41535],[32.98946,-18.4154],[32.98958,-18.41542],[32.98977,-18.41543],[32.99003,-18.41543],[32.99027,-18.41546],[32.99044,-18.4155],[32.99062,-18.41554],[32.99069,-18.41554],[32.99076,-18.41553],[32.99082,-18.41552],[32.99089,-18.4155],[32.99097,-18.41549],[32.99106,-18.41549],[32.99119,-18.41548],[32.99126,-18.41547],[32.99133,-18.41544],[32.99139,-18.41541],[32.99143,-18.4154],[32.99152,-18.41539],[32.99159,-18.41539],[32.99166,-18.4154],[32.99169,-18.41541],[32.99172,-18.41545],[32.99176,-18.41548],[32.99183,-18.41552],[32.99189,-18.41555],[32.99199,-18.41559],[32.99212,-18.41567],[32.99223,-18.41573],[32.99237,-18.4158],[32.99254,-18.41585],[32.99268,-18.41592],[32.99281,-18.41598],[32.99289,-18.41606],[32.99297,-18.41614],[32.99303,-18.41621],[32.99309,-18.41629],[32.99319,-18.41639],[32.99325,-18.4165],[32.99328,-18.41657],[32.99334,-18.41663],[32.99344,-18.41675],[32.99352,-18.41688],[32.99361,-18.41697],[32.99368,-18.41703],[32.99375,-18.41714],[32.99385,-18.41727],[32.99394,-18.41741],[32.99399,-18.41749],[32.99405,-18.41754],[32.99413,-18.41758],[32.99423,-18.41762],[32.9943,-18.41762],[32.99434,-18.41762],[32.99437,-18.41764],[32.99441,-18.41767],[32.99446,-18.41767],[32.99452,-18.41768],[32.99455,-18.41769],[32.99459,-18.41773],[32.99463,-18.41778],[32.99466,-18.41782],[32.99472,-18.41786],[32.99484,-18.41794],[32.99496,-18.41801],[32.99506,-18.41809],[32.99513,-18.41817],[32.9952,-18.41826],[32.9953,-18.41831],[32.99544,-18.41835],[32.99558,-18.41837],[32.9957,-18.41838],[32.99583,-18.41842],[32.99601,-18.41847],[32.9961,-18.41849],[32.99615,-18.41854],[32.99626,-18.41869],[32.99635,-18.4188],[32.99642,-18.41886],[32.99648,-18.41892],[32.99653,-18.41901],[32.99657,-18.41912],[32.99663,-18.41925],[32.99676,-18.41941],[32.99683,-18.41952],[32.99688,-18.41962],[32.99689,-18.4198],[32.99694,-18.41995],[32.99703,-18.42012],[32.99713,-18.42039],[32.99725,-18.42059],[32.99739,-18.42076],[32.99752,-18.42094],[32.99763,-18.4211],[32.99774,-18.42127],[32.99779,-18.42147],[32.99786,-18.42164],[32.99795,-18.42182],[32.99803,-18.42201],[32.99808,-18.42215],[32.99814,-18.42223],[32.99822,-18.42233],[32.99826,-18.42241],[32.99826,-18.42249],[32.99827,-18.42266],[32.99827,-18.42292],[32.99826,-18.42311],[32.99821,-18.42332],[32.99818,-18.42349],[32.99819,-18.42374],[32.99818,-18.42399],[32.99818,-18.4241],[32.99821,-18.42419],[32.99831,-18.42433],[32.99839,-18.4245],[32.99844,-18.42466],[32.99846,-18.4248],[32.99853,-18.42498],[32.99862,-18.42519],[32.99879,-18.42538],[32.9989,-18.42552],[32.99901,-18.42571],[32.9992,-18.42607],[32.99938,-18.42666],[32.99948,-18.42692],[32.99967,-18.42724],[32.99993,-18.42751],[33.00023,-18.42779],[33.00056,-18.4281],[33.00083,-18.42826],[33.00108,-18.42833],[33.00146,-18.42836],[33.00173,-18.42842],[33.002,-18.42848],[33.00239,-18.42854]]}},{"type":"Feature","properties":{"kind":"track","name":""},"geometry":{"type":"LineString","coordinates":[[32.96882,-18.41247],[32.96891,-18.41233],[32.96897,-18.41219],[32.96902,-18.41201],[32.96906,-18.41183],[32.96908,-18.41158],[32.9691,-18.41134],[32.9691,-18.41123],[32.96912,-18.41106],[32.96918,-18.41089],[32.96929,-18.41072],[32.96938,-18.41059],[32.9695,-18.41037],[32.96964,-18.41015],[32.96975,-18.41002],[32.96983,-18.40993],[32.96986,-18.40979],[32.96994,-18.40951],[32.97011,-18.409],[32.97016,-18.40883],[32.97023,-18.40845],[32.97023,-18.40811],[32.97024,-18.40791],[32.97025,-18.40746],[32.97023,-18.40723],[32.97019,-18.40693],[32.97012,-18.4067],[32.97002,-18.4065],[32.96994,-18.4064],[32.96979,-18.40633],[32.96965,-18.40628],[32.96953,-18.40623],[32.96944,-18.40615],[32.96938,-18.40602],[32.96933,-18.40588],[32.96927,-18.40565],[32.96927,-18.40538],[32.96927,-18.40509],[32.96925,-18.40466],[32.96924,-18.40446],[32.96922,-18.40428],[32.96916,-18.40416],[32.96909,-18.40403]]}},{"type":"Feature","properties":{"kind":"track","name":""},"geometry":{"type":"LineString","coordinates":[[32.97696,-18.42289],[32.97696,-18.42282],[32.97694,-18.42277],[32.97692,-18.42272],[32.97688,-18.42265],[32.97678,-18.42253],[32.97675,-18.42248],[32.97676,-18.42242],[32.97679,-18.42233],[32.97683,-18.42223],[32.9769,-18.42205],[32.97702,-18.42174],[32.97711,-18.42149],[32.97722,-18.4211],[32.97737,-18.42064],[32.97741,-18.42046],[32.97743,-18.42033],[32.97744,-18.42021],[32.97748,-18.42009],[32.97753,-18.41998],[32.97761,-18.41986],[32.97766,-18.41979],[32.97773,-18.41971],[32.97781,-18.41962],[32.97791,-18.41952],[32.97802,-18.41944],[32.97815,-18.41936],[32.97828,-18.41932],[32.97851,-18.41927],[32.97881,-18.41921],[32.97914,-18.41912],[32.97976,-18.41897],[32.98019,-18.41887],[32.98065,-18.41873],[32.98078,-18.41869],[32.98085,-18.41868],[32.98089,-18.41867],[32.98093,-18.41869],[32.98098,-18.41873],[32.98108,-18.41896]]}},{"type":"Feature","properties":{"kind":"road","name":"Binya Road"},"geometry":{"type":"LineString","coordinates":[[32.74511,-18.16441],[32.74503,-18.16432]]}},{"type":"Feature","properties":{"kind":"road","name":"Binya Road"},"geometry":{"type":"LineString","coordinates":[[32.74524,-18.16558],[32.74532,-18.16537],[32.74537,-18.16518],[32.74539,-18.16504],[32.74538,-18.16487],[32.74538,-18.16479],[32.74535,-18.16472],[32.74529,-18.16461],[32.74523,-18.16452],[32.74511,-18.16441]]}},{"type":"Feature","properties":{"kind":"road","name":"Binya Road"},"geometry":{"type":"LineString","coordinates":[[32.74503,-18.16432],[32.74434,-18.16372],[32.74424,-18.16361],[32.74414,-18.1635],[32.74406,-18.16334],[32.74399,-18.16316],[32.74397,-18.163],[32.74398,-18.16277],[32.74401,-18.1625],[32.74454,-18.16068],[32.74469,-18.1601],[32.74471,-18.15992],[32.74471,-18.15977],[32.74471,-18.15972],[32.74467,-18.1595],[32.74459,-18.15919],[32.74449,-18.15899],[32.74402,-18.15817],[32.74333,-18.15691],[32.74289,-18.15608],[32.74242,-18.15524],[32.74197,-18.15436],[32.74165,-18.15378],[32.74109,-18.15283]]}},{"type":"Feature","properties":{"kind":"road","name":"Binya Road"},"geometry":{"type":"LineString","coordinates":[[32.7452,-18.1657],[32.74524,-18.16558]]}},{"type":"Feature","properties":{"kind":"road","name":""},"geometry":{"type":"LineString","coordinates":[[32.74594,-18.1815],[32.74587,-18.18133],[32.74583,-18.18114],[32.74582,-18.18098],[32.74582,-18.18035],[32.74584,-18.17887],[32.74585,-18.17824],[32.74584,-18.17792],[32.74579,-18.17762],[32.74572,-18.17734],[32.74563,-18.17705],[32.74556,-18.17683],[32.74537,-18.17649],[32.74512,-18.17612],[32.74489,-18.17576],[32.74477,-18.17559],[32.74467,-18.17543],[32.74458,-18.17519],[32.74443,-18.1747],[32.74435,-18.17444],[32.74419,-18.17388],[32.74419,-18.17367],[32.74423,-18.17351],[32.74437,-18.17325],[32.74458,-18.17286],[32.74464,-18.1727],[32.74469,-18.17252]]}},{"type":"Feature","properties":{"kind":"road","name":""},"geometry":{"type":"LineString","coordinates":[[32.74599,-18.18161],[32.74594,-18.1815]]}},{"type":"Feature","properties":{"kind":"road","name":""},"geometry":{"type":"LineString","coordinates":[[32.7485,-18.19156],[32.74861,-18.19134],[32.74864,-18.19122],[32.74866,-18.19112],[32.74863,-18.1909],[32.74856,-18.19072],[32.74837,-18.1904],[32.74819,-18.19009],[32.74807,-18.18972],[32.74802,-18.18944],[32.74796,-18.18909],[32.74796,-18.18878],[32.748,-18.18818],[32.74798,-18.18787],[32.74796,-18.18765],[32.74775,-18.18695],[32.74771,-18.18677],[32.7477,-18.18648],[32.74772,-18.1863],[32.74776,-18.18608],[32.74779,-18.18592],[32.74779,-18.18579],[32.74778,-18.1857],[32.74774,-18.18559],[32.74768,-18.1855],[32.74754,-18.18537],[32.74731,-18.18523],[32.74716,-18.18511],[32.74692,-18.18479],[32.74666,-18.18431],[32.74638,-18.18387],[32.74628,-18.18369],[32.74621,-18.18351],[32.74618,-18.1834],[32.74614,-18.18319],[32.74615,-18.18294],[32.74616,-18.18246],[32.74614,-18.18217],[32.74611,-18.18201],[32.74605,-18.18176],[32.74599,-18.18161]]}},{"type":"Feature","properties":{"kind":"road","name":""},"geometry":{"type":"LineString","coordinates":[[32.74836,-18.19176],[32.7485,-18.19156]]}},{"type":"Feature","properties":{"kind":"road","name":""},"geometry":{"type":"LineString","coordinates":[[32.74047,-18.22229],[32.74056,-18.2192],[32.74057,-18.21877],[32.74058,-18.21855],[32.74054,-18.21806],[32.74049,-18.21775],[32.74039,-18.21737],[32.74029,-18.217],[32.74007,-18.21647],[32.73985,-18.21605],[32.73963,-18.21562],[32.73948,-18.21529],[32.73937,-18.21501],[32.73926,-18.21462],[32.73922,-18.21434],[32.73921,-18.21406],[32.73924,-18.21373],[32.7393,-18.21321],[32.73946,-18.21172],[32.73957,-18.21073],[32.73973,-18.20902],[32.73979,-18.20838],[32.73984,-18.20777],[32.73989,-18.20733],[32.73999,-18.20699],[32.7401,-18.20672],[32.74023,-18.20651],[32.74045,-18.20618],[32.74155,-18.20476],[32.74177,-18.20448],[32.74196,-18.2043],[32.74277,-18.20365],[32.74291,-18.20349],[32.74302,-18.20332],[32.74316,-18.20295],[32.74319,-18.20267],[32.74316,-18.20228],[32.74309,-18.20168],[32.7431,-18.2014],[32.74315,-18.20119],[32.74324,-18.20091],[32.74337,-18.20062],[32.74359,-18.20034],[32.7445,-18.19934],[32.745,-18.19877],[32.74546,-18.19823]]}},{"type":"Feature","properties":{"kind":"road","name":""},"geometry":{"type":"LineString","coordinates":[[32.74046,-18.22273],[32.74047,-18.22229]]}},{"type":"Feature","properties":{"kind":"road","name":"Binya Road"},"geometry":{"type":"LineString","coordinates":[[32.72349,-18.11752],[32.72346,-18.11733],[32.72342,-18.11706],[32.72337,-18.11681],[32.72332,-18.11654],[32.72322,-18.11608],[32.7231,-18.11559],[32.7229,-18.11498],[32.72276,-18.11446],[32.72264,-18.11407],[32.72245,-18.11347],[32.72241,-18.11322],[32.72236,-18.11299],[32.72232,-18.11281],[32.72222,-18.11202],[32.72218,-18.11175],[32.72217,-18.11152],[32.72216,-18.11117],[32.72219,-18.11086],[32.72235,-18.10995],[32.72238,-18.10977],[32.72239,-18.10963],[32.7224,-18.10944],[32.72239,-18.10922],[32.72237,-18.10906],[32.72235,-18.10885],[32.72228,-18.1086],[32.72215,-18.10825],[32.72205,-18.108],[32.72197,-18.1078],[32.7219,-18.10767],[32.72181,-18.10755],[32.72169,-18.10745],[32.72155,-18.10734],[32.72136,-18.10723],[32.72125,-18.10716],[32.72,-18.10663],[32.7198,-18.10652],[32.7196,-18.10636],[32.71943,-18.10622],[32.71932,-18.10609],[32.71925,-18.10597],[32.71894,-18.10534],[32.71887,-18.10516],[32.71879,-18.10493],[32.71871,-18.10468],[32.71868,-18.10452],[32.71868,-18.10433],[32.71871,-18.10408],[32.71876,-18.10382],[32.71889,-18.10352],[32.71894,-18.1033],[32.71905,-18.10282],[32.7191,-18.10251],[32.71913,-18.10223],[32.71911,-18.10199],[32.7191,-18.10183],[32.71904,-18.10169],[32.71899,-18.1016],[32.71889,-18.10148],[32.71882,-18.1014],[32.71867,-18.10127],[32.71815,-18.10094],[32.71754,-18.10047],[32.71727,-18.10025],[32.7172,-18.10016],[32.71713,-18.10008],[32.71702,-18.0999],[32.71694,-18.09971],[32.71692,-18.09956],[32.71691,-18.09933],[32.71695,-18.09907],[32.71697,-18.09895],[32.71704,-18.09872],[32.71708,-18.09859],[32.7172,-18.09834],[32.71731,-18.09819],[32.71741,-18.09808],[32.71761,-18.09783],[32.7178,-18.09763],[32.71801,-18.09744],[32.71893,-18.09674],[32.71904,-18.09663],[32.71915,-18.09648],[32.71925,-18.09633],[32.71936,-18.09608],[32.71955,-18.09561],[32.71979,-18.09492],[32.72007,-18.09409],[32.72016,-18.09368],[32.72019,-18.09353],[32.72021,-18.09336],[32.72024,-18.09322],[32.72024,-18.09286],[32.72022,-18.08892],[32.72025,-18.08686],[32.72029,-18.08638],[32.72032,-18.08621],[32.72038,-18.08606],[32.72052,-18.08565],[32.72075,-18.08515],[32.7208,-18.08497],[32.72082,-18.08479],[32.72083,-18.08461],[32.72082,-18.08441],[32.72074,-18.08391],[32.72069,-18.08361],[32.72024,-18.08147],[32.72004,-18.08036],[32.71979,-18.07915],[32.7197,-18.07871],[32.71958,-18.07832],[32.71941,-18.07792],[32.71912,-18.07723],[32.71902,-18.07697],[32.71886,-18.07671],[32.71869,-18.07644],[32.71853,-18.07618],[32.71764,-18.0749],[32.71709,-18.07406],[32.71701,-18.07393],[32.71691,-18.07375],[32.71683,-18.07357],[32.71676,-18.07339],[32.71662,-18.07281],[32.71653,-18.07249],[32.71644,-18.07209],[32.71638,-18.07182],[32.71624,-18.07125],[32.71592,-18.06995],[32.71569,-18.06904],[32.7154,-18.06795],[32.71515,-18.06702],[32.71486,-18.06582],[32.7146,-18.06479],[32.71428,-18.06356],[32.71398,-18.06237],[32.71389,-18.06205],[32.7138,-18.06173],[32.71375,-18.0615],[32.71371,-18.06129],[32.71366,-18.06111],[32.71361,-18.06093],[32.71356,-18.06083],[32.71349,-18.06071],[32.71339,-18.06058],[32.7132,-18.06038],[32.71309,-18.0603],[32.71299,-18.06025],[32.71257,-18.06007],[32.71242,-18.05999],[32.71227,-18.0599],[32.71211,-18.05977],[32.71198,-18.05966],[32.71193,-18.05959],[32.71188,-18.05947],[32.71179,-18.05922],[32.71176,-18.0591],[32.71167,-18.05877],[32.71155,-18.05834],[32.7113,-18.05735],[32.7112,-18.05703],[32.71111,-18.05671],[32.71104,-18.05648],[32.711,-18.05634],[32.71092,-18.05614],[32.7108,-18.05594],[32.71064,-18.05569],[32.71046,-18.05542],[32.71037,-18.05527],[32.71027,-18.05509],[32.71017,-18.05489],[32.71012,-18.05471],[32.71008,-18.05452],[32.71005,-18.05418],[32.70994,-18.05299],[32.70978,-18.05192],[32.70973,-18.0516],[32.70957,-18.0507],[32.70946,-18.05013],[32.70934,-18.04946],[32.70931,-18.04922],[32.70931,-18.049],[32.70933,-18.04885],[32.70944,-18.04857],[32.70949,-18.04843],[32.70954,-18.04825],[32.70957,-18.04815],[32.70956,-18.04808],[32.70953,-18.04796],[32.70947,-18.04783],[32.70941,-18.04773],[32.70921,-18.04742]]}},{"type":"Feature","properties":{"kind":"road","name":"Binya Road"},"geometry":{"type":"LineString","coordinates":[[32.7236,-18.11806],[32.72349,-18.11752]]}},{"type":"Feature","properties":{"kind":"road","name":"Binya Road"},"geometry":{"type":"LineString","coordinates":[[32.73729,-18.14751],[32.73721,-18.14727]]}},{"type":"Feature","properties":{"kind":"road","name":"Binya Road"},"geometry":{"type":"LineString","coordinates":[[32.74094,-18.15255],[32.74082,-18.15232],[32.74071,-18.15218],[32.74047,-18.15187],[32.74037,-18.15178],[32.74001,-18.15148],[32.73918,-18.15077],[32.73908,-18.15067],[32.73901,-18.15059],[32.73891,-18.15046],[32.73882,-18.15032],[32.73857,-18.14989],[32.73846,-18.1497],[32.73804,-18.14901],[32.73782,-18.14871],[32.73765,-18.1484],[32.73754,-18.14816],[32.73746,-18.14795],[32.73729,-18.14751]]}},{"type":"Feature","properties":{"kind":"track","name":""},"geometry":{"type":"LineString","coordinates":[[32.90704,-18.22653],[32.90736,-18.22608],[32.90764,-18.22574],[32.90802,-18.22542],[32.90927,-18.22432],[32.90935,-18.22423],[32.90937,-18.2241],[32.90935,-18.22391],[32.90939,-18.22371],[32.90945,-18.22351],[32.90955,-18.22329],[32.90977,-18.22294],[32.90991,-18.22255],[32.90995,-18.2223],[32.90989,-18.22214],[32.90976,-18.22202],[32.90959,-18.22203],[32.90936,-18.22208],[32.90905,-18.22212],[32.90886,-18.22209],[32.90861,-18.22196],[32.90851,-18.22185],[32.90846,-18.22175],[32.90841,-18.22152],[32.90837,-18.22127],[32.90827,-18.22083],[32.90807,-18.22041],[32.90774,-18.21982],[32.90753,-18.21906],[32.90726,-18.21834],[32.90665,-18.21683],[32.90631,-18.21594],[32.90618,-18.21572],[32.90589,-18.21551],[32.90527,-18.21532],[32.90443,-18.21504],[32.90417,-18.21501],[32.90397,-18.21489],[32.90389,-18.21474],[32.90381,-18.21442],[32.90378,-18.21408],[32.90383,-18.21381],[32.90394,-18.21359],[32.90408,-18.2134],[32.90464,-18.21289],[32.90537,-18.21216],[32.9055,-18.21195],[32.90554,-18.21178],[32.9055,-18.21165],[32.90542,-18.21158],[32.9052,-18.21146],[32.90508,-18.21136],[32.90498,-18.21123],[32.90492,-18.21109],[32.90485,-18.21077],[32.90465,-18.21009],[32.90443,-18.20943],[32.9042,-18.20871],[32.90411,-18.2086],[32.90403,-18.20843],[32.90406,-18.20823],[32.90419,-18.20804],[32.90468,-18.20736],[32.90489,-18.207],[32.90509,-18.20632],[32.90518,-18.2056],[32.9052,-18.20539],[32.90518,-18.20507],[32.90507,-18.20489],[32.90483,-18.20479],[32.90339,-18.20446],[32.90319,-18.20441],[32.90314,-18.20426],[32.90316,-18.20409],[32.90348,-18.20298],[32.90411,-18.20088],[32.90423,-18.20067],[32.90435,-18.20048],[32.90465,-18.20027],[32.90504,-18.19994],[32.90633,-18.1994],[32.90724,-18.19915],[32.90749,-18.1991],[32.90862,-18.19905],[32.91006,-18.19842],[32.91023,-18.19827],[32.91101,-18.19816],[32.91128,-18.19797],[32.91167,-18.1975],[32.91216,-18.19715],[32.91238,-18.19688],[32.91255,-18.19656],[32.91304,-18.19561],[32.91288,-18.19522],[32.91264,-18.19435],[32.9128,-18.1937],[32.91298,-18.19328],[32.91335,-18.19298],[32.91368,-18.1927],[32.91382,-18.19228],[32.91387,-18.19193],[32.9136,-18.1911],[32.91314,-18.18996],[32.91297,-18.18945],[32.91288,-18.18886],[32.91286,-18.18837],[32.91279,-18.18795],[32.91256,-18.18743]]}},{"type":"Feature","properties":{"kind":"track","name":""},"geometry":{"type":"LineString","coordinates":[[32.91335,-18.19298],[32.9134,-18.19317],[32.91333,-18.1934],[32.91339,-18.19368],[32.91348,-18.19401],[32.91354,-18.1942],[32.91385,-18.19452],[32.91421,-18.19476],[32.91478,-18.19519],[32.91519,-18.19544],[32.91553,-18.19569],[32.91575,-18.19607],[32.9159,-18.19637],[32.91593,-18.19654],[32.91593,-18.19673],[32.91588,-18.19721],[32.91586,-18.1977],[32.9159,-18.19826],[32.91594,-18.19909],[32.91592,-18.19927],[32.91591,-18.1994],[32.91598,-18.20059],[32.91627,-18.20133],[32.91649,-18.20156],[32.91666,-18.20177],[32.91668,-18.20251],[32.91671,-18.20278],[32.91675,-18.20302],[32.91678,-18.20313],[32.9168,-18.20322],[32.91681,-18.20327],[32.91681,-18.20329],[32.91679,-18.2033],[32.91656,-18.2034],[32.9163,-18.20358],[32.91611,-18.20369],[32.916,-18.20376],[32.91594,-18.20383],[32.9158,-18.20407],[32.91574,-18.20421],[32.91563,-18.20446],[32.91556,-18.20454],[32.91544,-18.20471],[32.91535,-18.20483],[32.91531,-18.20491],[32.91526,-18.20497],[32.91519,-18.20504],[32.91512,-18.2051],[32.91509,-18.20514],[32.91502,-18.20524],[32.91497,-18.20531],[32.91486,-18.20549],[32.91475,-18.20563],[32.91459,-18.20588],[32.9145,-18.20603],[32.91447,-18.20612],[32.91445,-18.20618],[32.91443,-18.20622],[32.91443,-18.20626],[32.91444,-18.2063],[32.91445,-18.20633],[32.91445,-18.20638],[32.91444,-18.20641],[32.91441,-18.20644],[32.9143,-18.20651],[32.91425,-18.20659],[32.91419,-18.20672],[32.91414,-18.20686],[32.91405,-18.20699],[32.91398,-18.20712],[32.91393,-18.20717],[32.91389,-18.20721],[32.91385,-18.20725],[32.91376,-18.20741],[32.91369,-18.20752],[32.91366,-18.20755],[32.91363,-18.20759],[32.91362,-18.20763],[32.91361,-18.20775],[32.91359,-18.20785],[32.91355,-18.20791],[32.91351,-18.20795],[32.9135,-18.20798],[32.91351,-18.20802],[32.91348,-18.20808],[32.91343,-18.20816],[32.91338,-18.20819],[32.91324,-18.20827],[32.91317,-18.20829],[32.91312,-18.20829],[32.91305,-18.20829],[32.91297,-18.20831],[32.91287,-18.20836],[32.91282,-18.2084],[32.91276,-18.20842],[32.9127,-18.20841],[32.91258,-18.20838],[32.91242,-18.20834],[32.91228,-18.20826],[32.91207,-18.2082],[32.91196,-18.20815],[32.91188,-18.20811],[32.9118,-18.20809],[32.9117,-18.20809],[32.91157,-18.20808],[32.91129,-18.20799],[32.9111,-18.20793],[32.91102,-18.20793],[32.91095,-18.20795]]}},{"type":"Feature","properties":{"kind":"stream","name":""},"geometry":{"type":"LineString","coordinates":[[32.86265,-18.23551],[32.86324,-18.23531],[32.86343,-18.23529],[32.8638,-18.23529],[32.864,-18.2353],[32.86407,-18.23538],[32.86422,-18.23552],[32.86438,-18.23557],[32.86464,-18.2355],[32.86495,-18.23521],[32.86519,-18.23504],[32.86557,-18.23463],[32.86577,-18.23449],[32.86605,-18.23445],[32.86635,-18.23421],[32.86653,-18.23405],[32.86668,-18.23382],[32.86694,-18.23354],[32.86701,-18.23319],[32.86711,-18.23281],[32.86718,-18.23245],[32.86725,-18.23228],[32.86723,-18.23196],[32.86759,-18.23191],[32.86783,-18.2319],[32.86815,-18.23171],[32.86836,-18.23172],[32.86893,-18.23166],[32.86924,-18.23152],[32.86945,-18.23128],[32.86959,-18.23111],[32.86988,-18.23074],[32.8703,-18.23047],[32.87056,-18.23043],[32.87093,-18.23038],[32.87135,-18.23027],[32.87148,-18.23],[32.87166,-18.22979],[32.8718,-18.22951],[32.8719,-18.22922],[32.87201,-18.22882],[32.87226,-18.22859],[32.87264,-18.22845],[32.8736,-18.2279],[32.87399,-18.22767],[32.87415,-18.22757],[32.87429,-18.22744],[32.8745,-18.22718],[32.87472,-18.22705],[32.87496,-18.22694],[32.87521,-18.2269],[32.87563,-18.22684],[32.87578,-18.22676],[32.8759,-18.22655],[32.8761,-18.22608],[32.8763,-18.22594],[32.87674,-18.22587],[32.877,-18.22575],[32.87738,-18.22559],[32.87825,-18.22481],[32.8789,-18.22441],[32.87957,-18.22408],[32.88006,-18.22388],[32.88025,-18.22383],[32.88078,-18.22379],[32.88112,-18.22363],[32.88142,-18.22332],[32.88173,-18.22312],[32.88213,-18.22311],[32.88274,-18.22328],[32.88314,-18.22334],[32.88408,-18.2232],[32.88446,-18.22328],[32.88507,-18.22355],[32.88551,-18.22364],[32.88586,-18.22376],[32.88596,-18.2236],[32.88599,-18.22332],[32.88615,-18.22314],[32.88647,-18.22296],[32.8867,-18.22292],[32.88698,-18.22278],[32.88706,-18.22244],[32.88725,-18.22209],[32.88757,-18.22185],[32.88786,-18.22139],[32.88835,-18.22114],[32.88868,-18.22114],[32.88904,-18.221],[32.88937,-18.22058],[32.88984,-18.21988],[32.88992,-18.21941],[32.8899,-18.21891],[32.89002,-18.21862],[32.89027,-18.21775],[32.89071,-18.21752],[32.89124,-18.21728],[32.89179,-18.21661],[32.89202,-18.21657],[32.89249,-18.2168],[32.89316,-18.21676],[32.89377,-18.21674],[32.89412,-18.21674],[32.89438,-18.21684],[32.89475,-18.21707],[32.8954,-18.21676],[32.89567,-18.21614],[32.89614,-18.21587],[32.89658,-18.21599],[32.89683,-18.2161],[32.89726,-18.21653],[32.89746,-18.21665],[32.89799,-18.21655],[32.89866,-18.21645],[32.8996,-18.21645],[32.90115,-18.21676]]}},{"type":"Feature","properties":{"kind":"track","name":""},"geometry":{"type":"LineString","coordinates":[[32.97556,-18.36688],[32.97533,-18.36665],[32.97507,-18.36653],[32.9749,-18.36633],[32.97449,-18.36628],[32.97433,-18.36617],[32.97425,-18.36592],[32.97412,-18.3655],[32.97398,-18.36532]]}},{"type":"Feature","properties":{"kind":"track","name":""},"geometry":{"type":"LineString","coordinates":[[32.96997,-18.36886],[32.9699,-18.36885],[32.96987,-18.36881],[32.97005,-18.36857],[32.97027,-18.36824],[32.97032,-18.36785],[32.97013,-18.36734],[32.97004,-18.36716],[32.96986,-18.36689],[32.96974,-18.36679],[32.96951,-18.36659],[32.96922,-18.36623],[32.96903,-18.366],[32.96876,-18.3658],[32.96846,-18.36565],[32.96822,-18.36561],[32.96799,-18.36567],[32.9679,-18.36571],[32.96777,-18.36581],[32.96761,-18.3659],[32.96746,-18.36609],[32.96729,-18.36636],[32.96716,-18.36652],[32.96711,-18.36665],[32.96704,-18.36678],[32.96697,-18.36689],[32.96688,-18.367],[32.96675,-18.36709],[32.96657,-18.36718],[32.96644,-18.36728],[32.96625,-18.36748],[32.96613,-18.3676],[32.96603,-18.36775],[32.96595,-18.36786],[32.96586,-18.36803],[32.96577,-18.36823],[32.96572,-18.36835],[32.96568,-18.36847],[32.96567,-18.3686],[32.96562,-18.36881],[32.96557,-18.36894],[32.96548,-18.36911],[32.96538,-18.36927],[32.96529,-18.3694],[32.96522,-18.36953],[32.96507,-18.36972],[32.96491,-18.36989],[32.96477,-18.37],[32.96463,-18.37006],[32.96452,-18.37016],[32.96446,-18.37029],[32.96444,-18.3704],[32.96441,-18.37061],[32.9644,-18.37075],[32.96425,-18.37111],[32.96423,-18.37131],[32.96416,-18.37147],[32.96414,-18.37161],[32.96413,-18.37176],[32.96407,-18.37191],[32.96404,-18.37199],[32.96402,-18.37206],[32.96394,-18.37211],[32.96367,-18.37218],[32.96356,-18.37222],[32.96348,-18.3723],[32.96334,-18.37241],[32.96327,-18.37248],[32.96317,-18.37252],[32.96305,-18.37262],[32.9629,-18.37273],[32.96274,-18.37283],[32.96256,-18.3729],[32.96245,-18.37291],[32.96229,-18.37284],[32.96219,-18.3728],[32.96209,-18.37275],[32.96195,-18.37272],[32.96184,-18.37274],[32.96174,-18.37279],[32.96165,-18.37287],[32.96156,-18.37295],[32.96145,-18.37299],[32.96123,-18.37308],[32.9609,-18.37306],[32.9606,-18.3731],[32.96026,-18.37317],[32.96004,-18.3732],[32.95972,-18.37322],[32.95951,-18.3733],[32.95944,-18.37337],[32.95936,-18.37374],[32.95926,-18.37395],[32.9592,-18.37413],[32.95906,-18.37429],[32.95895,-18.3744],[32.95885,-18.37448],[32.95868,-18.3746],[32.9586,-18.37466],[32.95847,-18.37484],[32.95833,-18.37508],[32.95835,-18.37518],[32.95824,-18.37528],[32.95806,-18.37538],[32.95791,-18.37546],[32.95792,-18.37555],[32.95793,-18.3758],[32.95799,-18.37608],[32.95774,-18.37627],[32.95746,-18.37641],[32.95733,-18.37646],[32.95721,-18.37665],[32.95709,-18.37673],[32.95692,-18.37673],[32.95671,-18.37671],[32.95653,-18.37675],[32.95638,-18.37683],[32.95584,-18.37703],[32.95552,-18.37727],[32.95536,-18.37745],[32.95511,-18.37761],[32.95498,-18.3779],[32.95489,-18.3782],[32.9547,-18.37841],[32.95458,-18.37879],[32.95453,-18.379],[32.95443,-18.3791],[32.95433,-18.37927]]}},{"type":"Feature","properties":{"kind":"track","name":""},"geometry":{"type":"LineString","coordinates":[[32.9679,-18.36571],[32.96774,-18.3657],[32.96761,-18.3657],[32.96741,-18.36567],[32.96711,-18.36542],[32.96698,-18.3653],[32.96679,-18.36517],[32.96661,-18.36507],[32.96632,-18.36483],[32.96594,-18.36473],[32.96568,-18.36463],[32.9653,-18.36453],[32.96509,-18.36427],[32.96484,-18.36398],[32.96468,-18.36372],[32.96464,-18.36342],[32.9646,-18.36333],[32.96452,-18.36329],[32.96398,-18.36331],[32.96368,-18.36332],[32.96358,-18.36332],[32.96342,-18.36337],[32.96319,-18.36339],[32.96295,-18.36343],[32.9625,-18.36339],[32.962,-18.36339],[32.96169,-18.36345]]}},{"type":"Feature","properties":{"kind":"track","name":""},"geometry":{"type":"LineString","coordinates":[[32.95094,-18.38838],[32.95125,-18.38834],[32.95141,-18.38835],[32.95173,-18.38842],[32.95226,-18.38861],[32.95253,-18.38871],[32.95323,-18.3889],[32.95337,-18.3889],[32.9535,-18.38889],[32.95359,-18.38884],[32.95378,-18.3886],[32.95417,-18.38826],[32.95421,-18.38825],[32.95428,-18.38828],[32.95436,-18.38833],[32.95487,-18.38907],[32.9553,-18.38973],[32.9556,-18.39017],[32.95593,-18.39056],[32.95649,-18.39118],[32.9574,-18.39232],[32.95855,-18.39391],[32.95896,-18.39441],[32.95916,-18.39468],[32.96,-18.39572],[32.96071,-18.39668],[32.96104,-18.39715]]}},{"type":"Feature","properties":{"kind":"track","name":""},"geometry":{"type":"LineString","coordinates":[[32.94868,-18.39897],[32.9492,-18.39863],[32.94931,-18.39857],[32.94952,-18.39849],[32.94983,-18.39839],[32.94993,-18.39836],[32.95012,-18.39827],[32.95028,-18.39817],[32.95039,-18.39813],[32.95062,-18.39806],[32.9509,-18.39802],[32.95123,-18.39803],[32.95141,-18.39807],[32.95169,-18.39818],[32.95214,-18.39843],[32.95225,-18.39846],[32.95239,-18.39846],[32.95251,-18.39844],[32.95279,-18.39831],[32.953,-18.39817],[32.95319,-18.39802],[32.95333,-18.39795],[32.95354,-18.39786],[32.95399,-18.39774],[32.95411,-18.39768],[32.95435,-18.39749],[32.9547,-18.39707],[32.9552,-18.39662],[32.95538,-18.39646],[32.95544,-18.39642],[32.95561,-18.39624],[32.95591,-18.39581],[32.95607,-18.3956],[32.95619,-18.39547],[32.95627,-18.39538],[32.95642,-18.39514],[32.9567,-18.39461],[32.95679,-18.39449],[32.95689,-18.39443],[32.95705,-18.39438],[32.95756,-18.3943],[32.95788,-18.39428],[32.95804,-18.39429],[32.9582,-18.39431],[32.95872,-18.39451],[32.95916,-18.39468]]}},{"type":"Feature","properties":{"kind":"road","name":""},"geometry":{"type":"LineString","coordinates":[[32.95372,-18.10182],[32.95431,-18.10167],[32.95458,-18.1016],[32.95489,-18.10146]]}},{"type":"Feature","properties":{"kind":"road","name":""},"geometry":{"type":"LineString","coordinates":[[32.95372,-18.10182],[32.95322,-18.10089],[32.95268,-18.09991],[32.9526,-18.09975],[32.95227,-18.09909],[32.95199,-18.09857],[32.95191,-18.09855],[32.95183,-18.09855],[32.95173,-18.09857],[32.95155,-18.09865],[32.95145,-18.09871],[32.95138,-18.09878],[32.95124,-18.09896],[32.95109,-18.09917],[32.95098,-18.09929],[32.95073,-18.09945],[32.95059,-18.09953],[32.95041,-18.09962],[32.95027,-18.09968],[32.95013,-18.09975],[32.95005,-18.09981],[32.94993,-18.09992],[32.94979,-18.10006]]}},{"type":"Feature","properties":{"kind":"road","name":""},"geometry":{"type":"LineString","coordinates":[[32.9526,-18.09975],[32.95376,-18.09933],[32.95417,-18.09919],[32.95428,-18.09919],[32.95432,-18.09919],[32.95435,-18.09922],[32.95438,-18.09928],[32.95443,-18.09938],[32.9545,-18.09965],[32.95463,-18.1002],[32.95472,-18.10053]]}},{"type":"Feature","properties":{"kind":"road","name":""},"geometry":{"type":"LineString","coordinates":[[32.95199,-18.09857],[32.95187,-18.09823],[32.95184,-18.09807],[32.95182,-18.09797],[32.95179,-18.09789],[32.95172,-18.09778],[32.9517,-18.09775],[32.95164,-18.09767],[32.95159,-18.09755],[32.95156,-18.09747],[32.95154,-18.09734],[32.95151,-18.09704],[32.95149,-18.09698],[32.95146,-18.0969],[32.95145,-18.09685],[32.95146,-18.09664],[32.95145,-18.09645],[32.95147,-18.09639],[32.95153,-18.09631],[32.95157,-18.09624],[32.9516,-18.09616],[32.95161,-18.09606],[32.95171,-18.09584],[32.95173,-18.09572],[32.95169,-18.09537],[32.95173,-18.0952],[32.95174,-18.09502],[32.95158,-18.09361],[32.95153,-18.09277],[32.95152,-18.09271],[32.95142,-18.09251],[32.9514,-18.09247],[32.95134,-18.09211],[32.95124,-18.09143],[32.95112,-18.09099]]}},{"type":"Feature","properties":{"kind":"road","name":""},"geometry":{"type":"LineString","coordinates":[[32.94396,-18.09065],[32.94438,-18.0908],[32.94492,-18.0911],[32.94563,-18.09138],[32.9459,-18.09138],[32.94637,-18.09128],[32.94676,-18.09131],[32.94808,-18.09191],[32.94861,-18.09204],[32.94877,-18.09202],[32.94975,-18.09163],[32.95022,-18.09127],[32.95036,-18.09116],[32.95058,-18.09108],[32.95112,-18.09099]]}},{"type":"Feature","properties":{"kind":"path","name":""},"geometry":{"type":"LineString","coordinates":[[32.94732,-18.09988],[32.94756,-18.09974],[32.94772,-18.0996],[32.94775,-18.09943],[32.94804,-18.09904],[32.9486,-18.09858],[32.94922,-18.09821],[32.94943,-18.09818],[32.94983,-18.0981],[32.94991,-18.09804],[32.95005,-18.0975],[32.95012,-18.09712],[32.9501,-18.09685],[32.95033,-18.0968],[32.95053,-18.09691],[32.95085,-18.09699],[32.95106,-18.0971],[32.95118,-18.09723],[32.95118,-18.09731],[32.95172,-18.09778]]}},{"type":"Feature","properties":{"kind":"path","name":""},"geometry":{"type":"LineString","coordinates":[[32.951,-18.10096],[32.95084,-18.10138],[32.95085,-18.10162],[32.95094,-18.10175],[32.95127,-18.1021],[32.95152,-18.10243],[32.95169,-18.10272],[32.9521,-18.10334],[32.95221,-18.10358],[32.95239,-18.10371],[32.95296,-18.104],[32.95332,-18.10417],[32.95346,-18.10428]]}},{"type":"Feature","properties":{"kind":"path","name":""},"geometry":{"type":"LineString","coordinates":[[32.95431,-18.10167],[32.95453,-18.10194],[32.95474,-18.10207],[32.95485,-18.10211],[32.95506,-18.1022],[32.9552,-18.10229],[32.95538,-18.10242]]}},{"type":"Feature","properties":{"kind":"river","name":""},"geometry":{"type":"LineString","coordinates":[[32.89908,-18.42875],[32.899,-18.42878],[32.89892,-18.4288],[32.89883,-18.4288],[32.89863,-18.42874],[32.89846,-18.42875],[32.89834,-18.4288],[32.89822,-18.42892],[32.89802,-18.4291],[32.89725,-18.42944],[32.89682,-18.42957],[32.89641,-18.42961],[32.89597,-18.42958],[32.89569,-18.42948],[32.89547,-18.42903],[32.89561,-18.42817],[32.89569,-18.4278],[32.8961,-18.42785],[32.89605,-18.42724],[32.89539,-18.42697],[32.89356,-18.42589],[32.89259,-18.42501],[32.8916,-18.42433],[32.89067,-18.42358],[32.88953,-18.42326],[32.88901,-18.42279],[32.88858,-18.42235],[32.88838,-18.42133],[32.8884,-18.42053],[32.88853,-18.41999],[32.88854,-18.41931],[32.88832,-18.41885],[32.8883,-18.41831],[32.88856,-18.41747],[32.8884,-18.41688],[32.88847,-18.41617],[32.88792,-18.41512],[32.88753,-18.41484],[32.88772,-18.41427],[32.88742,-18.41362],[32.88719,-18.41308],[32.88703,-18.41288],[32.88687,-18.41286],[32.88642,-18.41249],[32.88601,-18.41204],[32.88526,-18.41106],[32.88504,-18.40992],[32.88478,-18.40875],[32.88479,-18.40827],[32.88515,-18.40735],[32.8861,-18.40647],[32.88612,-18.40549],[32.88582,-18.40504],[32.88554,-18.40459],[32.88502,-18.40409],[32.88456,-18.40392],[32.88368,-18.40362],[32.88294,-18.40331],[32.88195,-18.4029],[32.88144,-18.40262],[32.88071,-18.40216],[32.88032,-18.40176],[32.87984,-18.40123],[32.87947,-18.40102],[32.87921,-18.40094],[32.87875,-18.40101],[32.87799,-18.40117],[32.87752,-18.40103],[32.87723,-18.40076],[32.8767,-18.40055],[32.8762,-18.40037],[32.87553,-18.40023],[32.87488,-18.40007],[32.87459,-18.39978],[32.87441,-18.39966],[32.87399,-18.3997],[32.87342,-18.39991],[32.87256,-18.40023],[32.87199,-18.40025],[32.87158,-18.40015],[32.87077,-18.39959],[32.87035,-18.39926],[32.86983,-18.39876],[32.86939,-18.39836],[32.86905,-18.39803],[32.86883,-18.39759]]}},{"type":"Feature","properties":{"kind":"road","name":""},"geometry":{"type":"LineString","coordinates":[[32.91411,-18.39529],[32.91395,-18.39555],[32.91384,-18.39564],[32.91371,-18.39576],[32.91359,-18.39584],[32.91334,-18.39599],[32.91326,-18.3961],[32.913,-18.39644],[32.91256,-18.39676],[32.91234,-18.39697],[32.91211,-18.39716],[32.91178,-18.3974],[32.91171,-18.39747],[32.91166,-18.39753],[32.9116,-18.3976],[32.91126,-18.3982],[32.91117,-18.3984],[32.91114,-18.39852],[32.91114,-18.39862],[32.91115,-18.39869],[32.9112,-18.39888],[32.91127,-18.39912],[32.91129,-18.39926],[32.91129,-18.39941],[32.91127,-18.39954],[32.91124,-18.39966],[32.91111,-18.39993],[32.91054,-18.40097],[32.91051,-18.40103],[32.9105,-18.40109],[32.9105,-18.40112],[32.91051,-18.40114],[32.91058,-18.40122],[32.9106,-18.40124],[32.91063,-18.4013],[32.91064,-18.40137],[32.91065,-18.40142],[32.91062,-18.40208],[32.91062,-18.40214],[32.91064,-18.4022],[32.91067,-18.40225],[32.91072,-18.40232],[32.91077,-18.40238],[32.91087,-18.40245],[32.91106,-18.40257],[32.91128,-18.40272],[32.91133,-18.40278],[32.91135,-18.40281],[32.91135,-18.40284],[32.91134,-18.40287],[32.91132,-18.40289],[32.91128,-18.40293],[32.91123,-18.40298],[32.91117,-18.40301],[32.91083,-18.40314],[32.91078,-18.40316],[32.91073,-18.4032],[32.91068,-18.40324],[32.91056,-18.40338],[32.91048,-18.40348],[32.91046,-18.40352],[32.91046,-18.40355],[32.91047,-18.40361],[32.91051,-18.40365],[32.91056,-18.40369],[32.91066,-18.40374],[32.91073,-18.40378],[32.91086,-18.40388],[32.91093,-18.40396],[32.91096,-18.40402],[32.91098,-18.40406],[32.91098,-18.4041],[32.91098,-18.40415],[32.91095,-18.40525],[32.91094,-18.40542],[32.91094,-18.40566],[32.91095,-18.40576],[32.91097,-18.40581],[32.91101,-18.4059],[32.91107,-18.406],[32.9111,-18.40606],[32.91111,-18.40609],[32.91112,-18.40613],[32.91112,-18.40617],[32.91112,-18.4062],[32.91109,-18.40626],[32.91105,-18.40631],[32.91097,-18.40635],[32.91088,-18.40638],[32.91082,-18.40641],[32.91072,-18.40642],[32.91057,-18.40641],[32.90928,-18.40619],[32.90924,-18.40619],[32.90918,-18.4062],[32.90915,-18.40621],[32.90912,-18.40623],[32.90909,-18.40625],[32.90904,-18.40629],[32.9089,-18.40638],[32.9088,-18.40646],[32.90878,-18.40649],[32.90877,-18.40651],[32.90876,-18.40653],[32.90877,-18.40657],[32.90878,-18.40661],[32.9088,-18.40665],[32.90902,-18.40698],[32.90912,-18.40713],[32.90916,-18.40721],[32.90918,-18.40727],[32.90919,-18.40733],[32.90918,-18.40737],[32.90917,-18.40742],[32.90916,-18.40747],[32.90912,-18.40751],[32.90901,-18.40762],[32.90885,-18.40777],[32.90839,-18.40829],[32.9083,-18.40841],[32.90826,-18.40848],[32.90824,-18.40856],[32.90824,-18.4086],[32.90824,-18.40864],[32.90826,-18.40869],[32.90838,-18.40895],[32.90841,-18.40901],[32.90842,-18.40906],[32.90841,-18.40911],[32.90839,-18.40916],[32.90836,-18.40921],[32.90832,-18.40924],[32.90811,-18.40939],[32.90799,-18.40949],[32.90794,-18.40954],[32.90792,-18.40958],[32.90791,-18.40962],[32.90789,-18.40971],[32.90787,-18.40984],[32.90785,-18.40995],[32.90783,-18.41002],[32.90778,-18.4101],[32.90773,-18.41017],[32.90762,-18.41029],[32.90749,-18.41039],[32.90743,-18.41043],[32.90737,-18.41047],[32.90727,-18.41052],[32.90723,-18.41055],[32.90719,-18.41058],[32.90715,-18.41063],[32.9071,-18.41072],[32.90706,-18.41086],[32.90701,-18.41106],[32.90699,-18.41121],[32.90699,-18.41128],[32.907,-18.41136],[32.90701,-18.41153],[32.90706,-18.41179],[32.90706,-18.41184],[32.90705,-18.41187],[32.90704,-18.41191],[32.90699,-18.41197],[32.90694,-18.41202],[32.90687,-18.41205],[32.90674,-18.41207],[32.90665,-18.41209],[32.90657,-18.41211],[32.90652,-18.41213],[32.90639,-18.41219],[32.90628,-18.41224],[32.90618,-18.4123],[32.90607,-18.41237],[32.90597,-18.4124],[32.90592,-18.41242],[32.90587,-18.41242],[32.90579,-18.41241],[32.90572,-18.41239],[32.9056,-18.41235],[32.90551,-18.4123],[32.9054,-18.4122],[32.90527,-18.41206],[32.90518,-18.41194],[32.90512,-18.41182],[32.90509,-18.41169],[32.90506,-18.41156],[32.90505,-18.41145],[32.90506,-18.4113],[32.90508,-18.41106],[32.9051,-18.41083],[32.90508,-18.41066],[32.90502,-18.41029],[32.90487,-18.40968],[32.90477,-18.40937],[32.90472,-18.40923],[32.9047,-18.40913],[32.90468,-18.40906],[32.90466,-18.40902],[32.90464,-18.40899],[32.90463,-18.40897],[32.90462,-18.40896],[32.90459,-18.40895],[32.90457,-18.40894],[32.90455,-18.40894],[32.90452,-18.40895],[32.90449,-18.40898],[32.90446,-18.409],[32.90443,-18.40904],[32.9044,-18.40909],[32.90433,-18.40924],[32.90428,-18.40935],[32.90424,-18.40949],[32.90417,-18.40965],[32.90414,-18.40972],[32.9041,-18.40977],[32.90402,-18.40989],[32.90384,-18.41016],[32.90382,-18.4102],[32.90369,-18.41044],[32.90365,-18.4105],[32.90362,-18.41054],[32.90358,-18.41058],[32.90349,-18.41065],[32.90345,-18.41067],[32.90341,-18.41069],[32.90337,-18.41069],[32.90333,-18.41068],[32.90329,-18.41067],[32.90325,-18.41065],[32.90318,-18.41059],[32.90296,-18.41039],[32.90292,-18.41036],[32.90283,-18.41028],[32.90272,-18.4102],[32.9026,-18.41012],[32.90255,-18.41007],[32.9025,-18.41003],[32.90239,-18.4099],[32.90233,-18.40984],[32.90229,-18.40982],[32.90226,-18.4098],[32.90222,-18.40979],[32.90219,-18.4098],[32.90214,-18.40981],[32.90206,-18.40984],[32.90201,-18.40986],[32.90196,-18.4099],[32.90189,-18.40995],[32.90172,-18.41012],[32.9014,-18.4104],[32.90122,-18.41056],[32.90117,-18.41059],[32.90113,-18.41062],[32.90108,-18.41064],[32.90102,-18.41067],[32.90088,-18.41072],[32.90074,-18.41076],[32.90067,-18.41077],[32.90045,-18.41081],[32.90037,-18.41083],[32.90033,-18.41084],[32.9003,-18.41086],[32.90027,-18.41087],[32.90026,-18.4109],[32.90026,-18.41093],[32.90027,-18.41096],[32.90029,-18.41098],[32.90031,-18.411],[32.90039,-18.41106],[32.90042,-18.41108],[32.9005,-18.41114],[32.90052,-18.41118],[32.90054,-18.41123],[32.90054,-18.4113],[32.90053,-18.41137],[32.90051,-18.41143],[32.90048,-18.41147],[32.90044,-18.41152],[32.90032,-18.41164],[32.90026,-18.41169],[32.90021,-18.41176],[32.90016,-18.41183],[32.90012,-18.41196],[32.90007,-18.4122],[32.90006,-18.41232],[32.90006,-18.41239],[32.90007,-18.41244],[32.90009,-18.41251],[32.90011,-18.41256],[32.90022,-18.41269],[32.90033,-18.41279],[32.90041,-18.41284],[32.90054,-18.4129],[32.90058,-18.41291],[32.90072,-18.41295],[32.9008,-18.41297],[32.90086,-18.413],[32.90089,-18.41302],[32.90091,-18.41304],[32.90094,-18.41308],[32.90097,-18.41317],[32.90099,-18.41325],[32.90102,-18.41341],[32.90103,-18.41352],[32.90104,-18.41364],[32.90103,-18.41377],[32.90101,-18.41386],[32.90097,-18.41398],[32.90091,-18.41413],[32.90084,-18.41424],[32.90079,-18.41431],[32.90072,-18.41437],[32.90065,-18.41442],[32.90059,-18.41444],[32.90053,-18.41446],[32.90047,-18.41446],[32.90022,-18.41444],[32.90015,-18.41445],[32.90009,-18.41446],[32.90003,-18.41448],[32.89999,-18.4145],[32.89994,-18.41452],[32.89985,-18.41461],[32.89974,-18.4148],[32.89969,-18.4151],[32.89958,-18.41552],[32.89956,-18.41595],[32.89951,-18.41605],[32.89944,-18.41615],[32.8992,-18.4166],[32.89918,-18.41684],[32.89932,-18.41701],[32.89947,-18.41722],[32.89951,-18.41743],[32.89947,-18.4176],[32.89927,-18.41788],[32.89923,-18.41805],[32.89939,-18.41824],[32.89961,-18.41848],[32.89976,-18.41874],[32.89977,-18.41918],[32.89971,-18.41936],[32.89969,-18.41942],[32.89945,-18.41972],[32.89918,-18.4201],[32.89907,-18.4202],[32.89894,-18.42027],[32.89879,-18.42025],[32.89863,-18.42017],[32.8985,-18.42001],[32.89825,-18.41969],[32.89807,-18.41961],[32.89768,-18.41958],[32.89736,-18.41967],[32.89726,-18.41974],[32.89715,-18.41983],[32.89695,-18.41992],[32.89676,-18.41993],[32.89604,-18.41991],[32.89591,-18.41993],[32.89573,-18.42002],[32.89563,-18.42018],[32.89549,-18.42044],[32.89537,-18.42053],[32.89496,-18.42058],[32.89456,-18.42058],[32.89418,-18.4206],[32.89386,-18.42053],[32.89372,-18.4204],[32.89368,-18.42023],[32.89371,-18.41993],[32.89371,-18.4196],[32.89383,-18.41919],[32.89407,-18.41875],[32.89409,-18.41867],[32.89403,-18.41861],[32.89392,-18.41859],[32.89373,-18.41866],[32.89354,-18.41879],[32.89344,-18.41882],[32.89316,-18.41887],[32.89304,-18.41892],[32.8929,-18.41899],[32.89287,-18.41908],[32.89288,-18.41916],[32.89286,-18.41927],[32.8928,-18.41939],[32.8927,-18.41954],[32.89264,-18.41963],[32.8925,-18.41972],[32.89234,-18.41981],[32.89217,-18.41987],[32.89207,-18.41994],[32.89203,-18.42004],[32.89183,-18.42066],[32.89176,-18.42081],[32.89172,-18.42091],[32.8917,-18.42104],[32.89172,-18.42135],[32.89175,-18.4215],[32.89179,-18.42168],[32.89176,-18.42205],[32.89173,-18.42223],[32.89158,-18.42238],[32.8914,-18.42241],[32.89118,-18.42238],[32.89066,-18.4223],[32.89014,-18.42228],[32.88961,-18.42234],[32.88935,-18.42247],[32.88901,-18.42271]]}},{"type":"Feature","properties":{"kind":"road","name":""},"geometry":{"type":"LineString","coordinates":[[32.90704,-18.41191],[32.90738,-18.41205],[32.90747,-18.41208],[32.90754,-18.4121],[32.90758,-18.4121],[32.90771,-18.41208],[32.90785,-18.41205],[32.90791,-18.41203],[32.90816,-18.41191],[32.90824,-18.41187],[32.90832,-18.41185],[32.9086,-18.41178],[32.90871,-18.41174],[32.9088,-18.4117],[32.90892,-18.41164],[32.90912,-18.41149],[32.90989,-18.41086],[32.91006,-18.41073],[32.91022,-18.41062],[32.91035,-18.41054],[32.91046,-18.41049],[32.91062,-18.41045],[32.91077,-18.41042],[32.91088,-18.41041],[32.911,-18.41043],[32.91109,-18.41047],[32.91117,-18.41052],[32.91124,-18.41057],[32.9113,-18.41064],[32.91134,-18.41072],[32.91143,-18.41098],[32.91145,-18.41107],[32.91154,-18.41127],[32.91162,-18.4114],[32.91165,-18.41144],[32.9117,-18.41147],[32.91175,-18.4115],[32.9118,-18.41151],[32.91185,-18.41153],[32.91198,-18.41155],[32.91238,-18.41156],[32.91246,-18.41156],[32.91253,-18.41154],[32.91265,-18.41149],[32.91304,-18.41129],[32.91311,-18.41125],[32.9132,-18.41122],[32.91329,-18.41118],[32.9134,-18.41116],[32.91355,-18.41114],[32.91474,-18.41106],[32.91523,-18.41107],[32.91548,-18.41111],[32.91586,-18.41121],[32.91603,-18.41123],[32.91618,-18.41121],[32.91634,-18.41114],[32.91653,-18.41104],[32.91673,-18.41094],[32.91683,-18.41085],[32.9169,-18.41068],[32.91691,-18.41056],[32.91695,-18.41043],[32.91699,-18.41035],[32.91708,-18.41026],[32.91717,-18.41013],[32.91724,-18.40997],[32.91732,-18.40969],[32.91735,-18.40941],[32.91739,-18.40916],[32.91743,-18.40901],[32.9175,-18.40884],[32.91766,-18.4086],[32.91787,-18.40839],[32.91803,-18.4082],[32.91823,-18.40793],[32.91828,-18.40773],[32.91827,-18.40733],[32.91827,-18.40719],[32.91828,-18.40716],[32.91829,-18.40714]]}},{"type":"Feature","properties":{"kind":"road","name":""},"geometry":{"type":"LineString","coordinates":[[32.92111,-18.41253],[32.92108,-18.41245],[32.92105,-18.41233],[32.92101,-18.4121],[32.92097,-18.41181],[32.92093,-18.41156],[32.9209,-18.4114],[32.92086,-18.41125],[32.92082,-18.41113],[32.92075,-18.41103],[32.92067,-18.41091],[32.9206,-18.4108],[32.92052,-18.41062],[32.92044,-18.41043],[32.92037,-18.41031],[32.92029,-18.41017],[32.92021,-18.40998],[32.92015,-18.40979],[32.92006,-18.40957],[32.92002,-18.40944],[32.91997,-18.40934],[32.91993,-18.40927],[32.91983,-18.40915],[32.91966,-18.40894],[32.91956,-18.40881],[32.91944,-18.40867],[32.91936,-18.40857],[32.91928,-18.40848],[32.91923,-18.40842],[32.91916,-18.40836],[32.91911,-18.40832],[32.91904,-18.40825],[32.919,-18.40818],[32.91895,-18.40808],[32.91892,-18.40796],[32.91887,-18.40777],[32.91885,-18.40765],[32.91882,-18.40757],[32.91878,-18.40747],[32.91873,-18.40737],[32.9187,-18.40733],[32.91866,-18.40727],[32.91862,-18.40721],[32.91857,-18.40719],[32.91853,-18.40717],[32.91846,-18.40716],[32.9184,-18.40715],[32.91836,-18.40714],[32.91832,-18.40713],[32.91831,-18.40713],[32.91829,-18.40714]]}},{"type":"Feature","properties":{"kind":"road","name":""},"geometry":{"type":"LineString","coordinates":[[32.91481,-18.39379],[32.91461,-18.39389],[32.91423,-18.39403],[32.91401,-18.3941],[32.91363,-18.39416],[32.91309,-18.39415],[32.91252,-18.39411],[32.91218,-18.39403],[32.91197,-18.39393],[32.91172,-18.39376],[32.91153,-18.39365],[32.91137,-18.3936],[32.91114,-18.39358],[32.91095,-18.39359],[32.91083,-18.39362],[32.91044,-18.39372],[32.9102,-18.39373],[32.90991,-18.39367],[32.90967,-18.39357],[32.90834,-18.39298],[32.90762,-18.39273],[32.90712,-18.39261],[32.90656,-18.39251],[32.90627,-18.3924],[32.90606,-18.39227],[32.90588,-18.39206],[32.90577,-18.39177],[32.90563,-18.39147],[32.90548,-18.39116],[32.90532,-18.39091],[32.90516,-18.39075],[32.90502,-18.3907],[32.90475,-18.3906],[32.90456,-18.39029],[32.90443,-18.39015],[32.90441,-18.39002],[32.90437,-18.38985],[32.90439,-18.38968],[32.90444,-18.38943],[32.90436,-18.38916],[32.90422,-18.38883],[32.90408,-18.38865],[32.90397,-18.38856],[32.9035,-18.3884],[32.90317,-18.38831],[32.90295,-18.38828],[32.90241,-18.38823],[32.90228,-18.38825],[32.9022,-18.38831],[32.90214,-18.3884],[32.90212,-18.38856],[32.90217,-18.38868],[32.90225,-18.38881],[32.90231,-18.38902],[32.90236,-18.3892],[32.90238,-18.38939],[32.90238,-18.38949],[32.90228,-18.38956],[32.9022,-18.38958],[32.9021,-18.38958],[32.90195,-18.38958],[32.90175,-18.38962],[32.9016,-18.38967],[32.9015,-18.38974],[32.90139,-18.38988],[32.9012,-18.38996],[32.90108,-18.38998],[32.90092,-18.38999],[32.90076,-18.39008],[32.90067,-18.39016],[32.90066,-18.39026],[32.9007,-18.39033],[32.90078,-18.39042],[32.90087,-18.39055],[32.90097,-18.39062],[32.90112,-18.39064],[32.90127,-18.39069],[32.90145,-18.39086],[32.90171,-18.39112],[32.90175,-18.39119],[32.90175,-18.39125],[32.90169,-18.39129],[32.90162,-18.39128],[32.90144,-18.3912],[32.90111,-18.3911],[32.90048,-18.391],[32.90004,-18.39089],[32.89979,-18.39082],[32.89964,-18.39075],[32.89956,-18.39076],[32.89952,-18.39082],[32.89957,-18.39091],[32.89973,-18.39104],[32.89981,-18.39114],[32.89981,-18.3912],[32.89981,-18.39126],[32.89963,-18.39141],[32.89957,-18.39146],[32.89942,-18.39155],[32.89929,-18.39154],[32.89916,-18.39148],[32.89893,-18.3913],[32.89878,-18.39115],[32.89864,-18.39108],[32.89852,-18.39107],[32.89834,-18.39108],[32.89818,-18.39106],[32.89808,-18.391],[32.89798,-18.39088],[32.89794,-18.39077],[32.89792,-18.39065],[32.89793,-18.39036],[32.89791,-18.39025],[32.89785,-18.39017],[32.89773,-18.39009],[32.89725,-18.3898],[32.89708,-18.38966],[32.89694,-18.38951],[32.89677,-18.38921],[32.89658,-18.3888],[32.89634,-18.38823],[32.89622,-18.388],[32.89589,-18.38759],[32.89566,-18.38735],[32.89532,-18.38713],[32.89516,-18.38705],[32.89489,-18.38697],[32.89475,-18.38689],[32.89463,-18.38679],[32.89441,-18.38658],[32.89429,-18.38644],[32.89373,-18.38573]]}},{"type":"Feature","properties":{"kind":"road","name":""},"geometry":{"type":"LineString","coordinates":[[32.9159,-18.38781],[32.9158,-18.38776],[32.91557,-18.38776],[32.91508,-18.38797],[32.91486,-18.38815],[32.91446,-18.38861],[32.91433,-18.38883],[32.9141,-18.3893],[32.9139,-18.38959],[32.91374,-18.38983],[32.91369,-18.38994],[32.91368,-18.39003],[32.91378,-18.39019]]}},{"type":"Feature","properties":{"kind":"road","name":""},"geometry":{"type":"LineString","coordinates":[[32.91486,-18.39373],[32.91495,-18.39371],[32.91521,-18.39355],[32.91574,-18.39316],[32.91621,-18.39274],[32.91679,-18.39213],[32.91696,-18.39197],[32.9171,-18.39186],[32.91728,-18.39175],[32.91776,-18.39158],[32.91829,-18.39143],[32.91849,-18.39139],[32.91886,-18.3914],[32.91895,-18.39139],[32.91908,-18.39134],[32.91944,-18.39116],[32.91954,-18.39112],[32.91965,-18.39111],[32.91982,-18.39116],[32.92056,-18.39147],[32.92077,-18.39156],[32.92104,-18.39169],[32.92122,-18.39182],[32.92141,-18.39206],[32.92179,-18.39271],[32.92211,-18.39342],[32.92229,-18.39375],[32.92243,-18.39387],[32.9229,-18.39418],[32.92312,-18.39432],[32.92325,-18.39447],[32.92336,-18.39467],[32.92342,-18.39482],[32.92347,-18.39494],[32.92358,-18.39512],[32.92377,-18.39532],[32.92402,-18.39554],[32.92417,-18.39564],[32.92451,-18.39588],[32.92465,-18.39602],[32.92474,-18.39606],[32.92488,-18.39609],[32.92596,-18.39598],[32.92611,-18.39595],[32.92625,-18.39588],[32.92623,-18.39622],[32.92623,-18.39641],[32.92623,-18.39653],[32.9262,-18.39678],[32.92617,-18.39705],[32.9262,-18.39728],[32.92625,-18.39749],[32.92634,-18.39767],[32.92642,-18.3979],[32.92651,-18.39801],[32.92662,-18.3981],[32.92673,-18.39814],[32.92688,-18.39814],[32.92695,-18.39815],[32.92704,-18.39819],[32.92723,-18.39831],[32.92766,-18.39853],[32.92809,-18.39876],[32.92825,-18.39886],[32.92842,-18.39896]]}},{"type":"Feature","properties":{"kind":"road","name":""},"geometry":{"type":"LineString","coordinates":[[32.91793,-18.38094],[32.91863,-18.38117],[32.91921,-18.38174],[32.91993,-18.38238],[32.92018,-18.38263],[32.92056,-18.38369],[32.9206,-18.38386],[32.92061,-18.3841],[32.92059,-18.38442],[32.92062,-18.38478],[32.92072,-18.38512],[32.92116,-18.38596],[32.92163,-18.38664],[32.92193,-18.38699],[32.92212,-18.38737],[32.92221,-18.38766],[32.92226,-18.38797],[32.92212,-18.38845],[32.92197,-18.38896],[32.92185,-18.38962],[32.92176,-18.38989],[32.92155,-18.39025],[32.92135,-18.39042],[32.92109,-18.39053],[32.92099,-18.39055],[32.92088,-18.39063],[32.92083,-18.39076],[32.92069,-18.39127],[32.92056,-18.39147]]}},{"type":"Feature","properties":{"kind":"road","name":""},"geometry":{"type":"LineString","coordinates":[[32.94549,-18.38307],[32.94528,-18.38336],[32.94499,-18.38373],[32.94487,-18.38389],[32.94483,-18.38401],[32.94485,-18.38417],[32.94499,-18.38476],[32.94506,-18.38524],[32.94503,-18.38573],[32.94501,-18.386],[32.94492,-18.38626],[32.94483,-18.38638],[32.94472,-18.3865],[32.94366,-18.38725],[32.94346,-18.38752],[32.94334,-18.38767],[32.94329,-18.38784],[32.94325,-18.38804],[32.9432,-18.38837],[32.94318,-18.38868],[32.94311,-18.38891],[32.94301,-18.38907],[32.94292,-18.38926],[32.94286,-18.38939],[32.94269,-18.38968],[32.94255,-18.38986],[32.94197,-18.39036],[32.94182,-18.39047],[32.94151,-18.39059],[32.94128,-18.39058],[32.94104,-18.39056],[32.94008,-18.39042],[32.93971,-18.39039],[32.93944,-18.3904],[32.93929,-18.39044],[32.93819,-18.39054],[32.93772,-18.39059],[32.93746,-18.39062],[32.93676,-18.39092],[32.93626,-18.39087],[32.93575,-18.391],[32.93438,-18.39183],[32.93387,-18.39221],[32.93311,-18.39242],[32.93184,-18.39343],[32.93149,-18.39368],[32.93148,-18.39394],[32.93087,-18.3942],[32.92989,-18.39463],[32.92924,-18.3946],[32.92857,-18.39452],[32.92806,-18.39478],[32.92728,-18.39486],[32.92707,-18.39513],[32.92625,-18.39588]]}},{"type":"Feature","properties":{"kind":"road","name":""},"geometry":{"type":"LineString","coordinates":[[32.94977,-18.2287],[32.94982,-18.22862],[32.94995,-18.2285],[32.95006,-18.22837],[32.95021,-18.22788],[32.95031,-18.22766],[32.95045,-18.22733],[32.95054,-18.22702],[32.95056,-18.2267],[32.95045,-18.22596],[32.95042,-18.22502],[32.95055,-18.22422],[32.95074,-18.22385],[32.95093,-18.22365],[32.95113,-18.22352],[32.95137,-18.22326],[32.95152,-18.22306],[32.95169,-18.223],[32.95172,-18.22293],[32.95174,-18.22278],[32.95186,-18.22271],[32.95205,-18.22275],[32.95227,-18.22292],[32.95254,-18.22309],[32.95287,-18.22325],[32.95316,-18.22323],[32.95342,-18.22314],[32.95412,-18.22276],[32.95454,-18.22241],[32.95468,-18.22226],[32.9548,-18.2219],[32.95479,-18.22148],[32.95477,-18.22128],[32.95459,-18.22096],[32.95446,-18.22047],[32.95439,-18.22019],[32.95449,-18.21975],[32.95471,-18.21894],[32.95468,-18.21878],[32.95464,-18.21864],[32.95467,-18.21843],[32.95467,-18.21826],[32.95475,-18.21811],[32.9549,-18.21803],[32.95508,-18.21796],[32.95523,-18.21781],[32.95558,-18.21741],[32.9557,-18.21728],[32.95591,-18.21716],[32.95624,-18.21684],[32.95649,-18.21652],[32.95679,-18.21623],[32.95694,-18.21597],[32.95695,-18.2158],[32.95691,-18.21551],[32.95683,-18.21522],[32.95674,-18.21504],[32.95669,-18.21486],[32.95673,-18.21469],[32.95688,-18.21446],[32.95731,-18.21372],[32.95772,-18.2132],[32.95777,-18.21297],[32.95775,-18.21269],[32.95782,-18.21235],[32.95787,-18.21223],[32.95806,-18.21214],[32.95827,-18.21214],[32.95852,-18.21229],[32.95868,-18.21231],[32.95884,-18.21224],[32.95906,-18.21204],[32.95949,-18.2116],[32.95987,-18.21089],[32.96016,-18.21039],[32.96035,-18.2102],[32.96045,-18.2101],[32.96048,-18.20996],[32.96043,-18.20988],[32.9603,-18.20986],[32.96004,-18.20973],[32.95983,-18.20946],[32.95881,-18.20837],[32.95871,-18.20818],[32.95848,-18.20773],[32.95835,-18.2075],[32.95831,-18.20739],[32.95831,-18.20729],[32.95837,-18.20715],[32.95848,-18.207],[32.95864,-18.20677],[32.95869,-18.20646],[32.95873,-18.20636],[32.95876,-18.20628],[32.95895,-18.20615],[32.95912,-18.20601],[32.95925,-18.20584],[32.95935,-18.20569],[32.95937,-18.20557],[32.95935,-18.20537],[32.95916,-18.20512],[32.95915,-18.20504],[32.95918,-18.205],[32.95927,-18.20498],[32.95935,-18.20501],[32.95945,-18.20511],[32.95953,-18.20523],[32.95963,-18.20545],[32.95967,-18.20557],[32.9597,-18.20568],[32.95976,-18.2057],[32.95982,-18.20565],[32.95982,-18.20557],[32.95977,-18.20537],[32.95967,-18.20511],[32.95952,-18.20481],[32.95944,-18.20459],[32.95937,-18.20441],[32.95923,-18.20433],[32.95909,-18.20434],[32.95896,-18.2044],[32.95877,-18.20457],[32.95863,-18.20469],[32.95848,-18.20481],[32.95835,-18.20476],[32.95835,-18.20465],[32.95838,-18.20449],[32.95844,-18.20425],[32.95851,-18.20404],[32.95839,-18.20389],[32.95801,-18.2037],[32.95766,-18.20347],[32.95755,-18.20332],[32.95752,-18.20314],[32.95762,-18.20296],[32.95801,-18.20265],[32.95815,-18.20249],[32.95839,-18.20232],[32.9588,-18.20218],[32.95901,-18.20211],[32.9595,-18.20157],[32.95979,-18.20126],[32.95998,-18.20087],[32.96008,-18.20055],[32.96008,-18.2003],[32.96026,-18.19997],[32.96023,-18.19984],[32.96025,-18.19968],[32.96024,-18.19951],[32.96029,-18.19937],[32.96073,-18.19905],[32.96099,-18.19886],[32.96104,-18.1988],[32.96132,-18.19823],[32.96143,-18.19814],[32.96156,-18.19809],[32.96181,-18.19853],[32.96213,-18.19893],[32.96245,-18.19927],[32.96269,-18.19939],[32.96299,-18.1994],[32.96326,-18.19915],[32.9634,-18.19871],[32.96332,-18.19834],[32.96325,-18.1981],[32.96294,-18.19705],[32.96285,-18.19674],[32.96277,-18.19633],[32.9626,-18.19582],[32.9625,-18.195],[32.96241,-18.19424],[32.96234,-18.19369],[32.9623,-18.19337],[32.96194,-18.19287],[32.96168,-18.19256],[32.96148,-18.19217],[32.96138,-18.19196],[32.96125,-18.19165],[32.96116,-18.19133],[32.96091,-18.19074],[32.96068,-18.19008],[32.96064,-18.18982],[32.96033,-18.18906],[32.96025,-18.18883],[32.96021,-18.18872]]}},{"type":"Feature","properties":{"kind":"track","name":""},"geometry":{"type":"LineString","coordinates":[[32.9634,-18.19871],[32.96415,-18.19885]]}},{"type":"Feature","properties":{"kind":"road","name":""},"geometry":{"type":"LineString","coordinates":[[32.97766,-18.3065],[32.97771,-18.3064],[32.97787,-18.30626],[32.97793,-18.30602],[32.97785,-18.30594],[32.97775,-18.30592],[32.97748,-18.30604],[32.97723,-18.30608],[32.97689,-18.3059],[32.97681,-18.30585],[32.97682,-18.30573],[32.97687,-18.30549],[32.97689,-18.30506],[32.97681,-18.30478],[32.97674,-18.30464],[32.9766,-18.30449],[32.97639,-18.30434],[32.97622,-18.30429],[32.97588,-18.3043],[32.97572,-18.3043],[32.97562,-18.30424],[32.97554,-18.30412],[32.97548,-18.30395],[32.97523,-18.30364],[32.97473,-18.3033],[32.97455,-18.30319],[32.97454,-18.30315],[32.97455,-18.30312],[32.97457,-18.30311],[32.97463,-18.30311],[32.975,-18.30331],[32.97527,-18.30347],[32.97556,-18.30364],[32.97564,-18.30366],[32.97582,-18.30369],[32.97594,-18.3037],[32.97611,-18.30373],[32.97624,-18.30379],[32.97637,-18.30384],[32.9766,-18.30389],[32.97672,-18.30391],[32.97676,-18.30394],[32.97689,-18.30405],[32.9771,-18.30429],[32.97738,-18.30466],[32.97742,-18.3047],[32.97747,-18.30471],[32.97753,-18.30469],[32.97768,-18.30461],[32.97773,-18.30459],[32.97776,-18.30459],[32.97785,-18.3046],[32.97801,-18.30467],[32.97823,-18.30479],[32.97828,-18.30483],[32.97835,-18.30491],[32.97843,-18.30507],[32.97853,-18.30534],[32.97859,-18.30547],[32.9787,-18.30562],[32.97884,-18.30564],[32.97897,-18.30561],[32.97913,-18.30544],[32.97926,-18.30517],[32.97939,-18.30498],[32.97957,-18.30491],[32.9797,-18.30494],[32.97985,-18.30496],[32.98004,-18.30491],[32.98022,-18.30478],[32.98033,-18.30453],[32.98039,-18.3042],[32.98045,-18.30406],[32.98057,-18.30394],[32.98063,-18.30385],[32.98067,-18.30356],[32.98073,-18.30342],[32.98081,-18.30333],[32.9809,-18.30329],[32.98099,-18.30331],[32.98127,-18.30351],[32.98153,-18.3037],[32.98159,-18.30371],[32.98164,-18.30368],[32.98167,-18.30364],[32.98167,-18.30355],[32.98169,-18.30317],[32.98174,-18.30289],[32.98194,-18.30228],[32.98198,-18.30208],[32.98207,-18.3019],[32.98221,-18.30171],[32.9823,-18.30149],[32.98234,-18.30081],[32.98236,-18.3007],[32.98241,-18.30056],[32.98252,-18.30046],[32.98266,-18.30043],[32.98285,-18.30045],[32.98307,-18.30051],[32.98334,-18.30061],[32.98357,-18.30061],[32.98374,-18.3005],[32.98402,-18.30022],[32.98431,-18.29993],[32.98456,-18.29978],[32.98478,-18.29976],[32.98492,-18.29979],[32.98539,-18.29998],[32.98608,-18.30036],[32.98733,-18.30133],[32.98746,-18.30143],[32.98765,-18.30148],[32.98789,-18.30151],[32.98823,-18.30152],[32.98841,-18.30154],[32.98873,-18.30168],[32.98908,-18.30185],[32.98923,-18.30191],[32.98937,-18.30204],[32.98945,-18.30222],[32.98952,-18.30231],[32.98966,-18.30238],[32.98994,-18.30242],[32.99022,-18.30253],[32.99053,-18.30274],[32.99087,-18.30295],[32.99106,-18.30307],[32.99118,-18.30321],[32.99123,-18.30333],[32.99118,-18.3035],[32.99107,-18.30366],[32.99094,-18.30383],[32.99078,-18.30394],[32.99063,-18.30398],[32.99048,-18.30402],[32.99038,-18.30407],[32.99023,-18.30425],[32.99011,-18.30446],[32.99,-18.30461],[32.98991,-18.30471],[32.98982,-18.30479],[32.98973,-18.30499],[32.98969,-18.30516],[32.98968,-18.30546],[32.98964,-18.30569],[32.98956,-18.30587],[32.98939,-18.30619],[32.98926,-18.30646],[32.98903,-18.30663],[32.98881,-18.30667],[32.9887,-18.30676]]}},{"type":"Feature","properties":{"kind":"road","name":""},"geometry":{"type":"LineString","coordinates":[[32.96989,-18.29589],[32.96977,-18.29589],[32.96967,-18.29587],[32.96957,-18.29588],[32.96949,-18.2959],[32.96943,-18.29593],[32.96939,-18.29596],[32.96932,-18.29602],[32.96922,-18.29607],[32.96912,-18.29608],[32.96901,-18.29609],[32.9689,-18.29606],[32.96878,-18.296],[32.96847,-18.29576],[32.96831,-18.29567],[32.9682,-18.2957],[32.96813,-18.2958],[32.96796,-18.29578]]}},{"type":"Feature","properties":{"kind":"track","name":""},"geometry":{"type":"LineString","coordinates":[[32.96444,-18.32833],[32.96455,-18.32862],[32.96489,-18.32976],[32.96496,-18.32993],[32.96511,-18.33009],[32.96547,-18.33035],[32.96619,-18.33098],[32.96627,-18.33105],[32.96702,-18.33165],[32.96742,-18.33202],[32.96752,-18.33215],[32.96763,-18.33241],[32.96764,-18.33267],[32.96758,-18.33286],[32.96736,-18.33313],[32.96708,-18.33332],[32.96678,-18.33348],[32.96666,-18.33357],[32.9666,-18.33369],[32.96655,-18.33409],[32.96657,-18.33434],[32.9668,-18.33485],[32.96709,-18.33525],[32.96721,-18.33538],[32.96732,-18.33544],[32.96747,-18.33548],[32.96762,-18.33554],[32.96773,-18.33562],[32.96787,-18.33576],[32.96819,-18.33614],[32.96832,-18.33625],[32.96848,-18.33632],[32.96859,-18.33635],[32.96916,-18.33631],[32.96981,-18.33621],[32.97008,-18.33611],[32.97026,-18.33601],[32.97058,-18.33588],[32.97067,-18.33588],[32.97074,-18.33594],[32.97093,-18.33624],[32.97137,-18.33709],[32.97158,-18.33781],[32.972,-18.33886],[32.97206,-18.33938],[32.97186,-18.34031],[32.9717,-18.34083],[32.97164,-18.34172],[32.97164,-18.34196],[32.97167,-18.34209],[32.97203,-18.34213],[32.97258,-18.34207],[32.97296,-18.34204],[32.97322,-18.34184],[32.9732,-18.34151],[32.973,-18.34101],[32.97301,-18.34042],[32.97295,-18.34017],[32.97324,-18.33949],[32.97327,-18.33923],[32.97335,-18.33894],[32.97343,-18.33881],[32.9739,-18.33875],[32.97436,-18.3384],[32.97443,-18.33807],[32.97436,-18.33793],[32.9742,-18.33777],[32.97396,-18.33767],[32.97372,-18.33759],[32.97349,-18.33763],[32.97323,-18.33768],[32.97284,-18.33774],[32.97268,-18.33776],[32.97249,-18.33771],[32.97244,-18.33764],[32.97226,-18.33705],[32.9721,-18.33663],[32.97236,-18.33605],[32.97225,-18.33572],[32.97181,-18.33546],[32.97153,-18.33547],[32.97108,-18.33569],[32.97067,-18.33588]]}},{"type":"Feature","properties":{"kind":"track","name":""},"geometry":{"type":"LineString","coordinates":[[32.97812,-18.31071],[32.97823,-18.31077],[32.97855,-18.31092],[32.97891,-18.31103],[32.97915,-18.31109],[32.97938,-18.3112],[32.98015,-18.31164],[32.9803,-18.3118],[32.98049,-18.31216],[32.98067,-18.31252],[32.98078,-18.3126],[32.9809,-18.31265],[32.98145,-18.31248],[32.98165,-18.31246],[32.98215,-18.31196],[32.98241,-18.31183],[32.98266,-18.31147],[32.98277,-18.31132],[32.98291,-18.31129],[32.98347,-18.31146],[32.98397,-18.31176],[32.98419,-18.312],[32.98443,-18.31251],[32.98454,-18.31292],[32.98463,-18.31302],[32.98484,-18.31345],[32.98487,-18.31366],[32.98492,-18.31378],[32.98498,-18.31376],[32.98501,-18.31372],[32.98507,-18.3135],[32.98517,-18.31289],[32.98516,-18.31266],[32.98519,-18.31258],[32.98536,-18.31251],[32.98566,-18.31236],[32.98592,-18.3121],[32.98603,-18.31207]]}},{"type":"Feature","properties":{"kind":"road","name":""},"geometry":{"type":"LineString","coordinates":[[32.93673,-18.37889],[32.93662,-18.37873],[32.93655,-18.37833],[32.93635,-18.37774],[32.9363,-18.37758],[32.9362,-18.37732],[32.9361,-18.37705],[32.93587,-18.37679],[32.93561,-18.37663],[32.9355,-18.37661]]}},{"type":"Feature","properties":{"kind":"path","name":""},"geometry":{"type":"LineString","coordinates":[[32.93635,-18.37774],[32.93594,-18.37791],[32.9357,-18.378],[32.93563,-18.37807],[32.93548,-18.37813],[32.93533,-18.37824],[32.93502,-18.37841]]}},{"type":"Feature","properties":{"kind":"path","name":""},"geometry":{"type":"LineString","coordinates":[[32.9362,-18.37732],[32.93578,-18.37741],[32.93561,-18.37748],[32.93542,-18.37752],[32.93534,-18.37751],[32.93495,-18.37748],[32.93489,-18.37752],[32.93488,-18.37765],[32.93451,-18.37778],[32.93444,-18.37784],[32.93432,-18.37789],[32.93427,-18.378],[32.93413,-18.3781],[32.93401,-18.37817],[32.93385,-18.37829]]}},{"type":"Feature","properties":{"kind":"road","name":""},"geometry":{"type":"LineString","coordinates":[[32.93883,-18.3799],[32.93899,-18.38],[32.93931,-18.38018],[32.94003,-18.38066],[32.94011,-18.38073],[32.94019,-18.38083],[32.94031,-18.38097],[32.94046,-18.38108],[32.94117,-18.38166],[32.94155,-18.38194],[32.94169,-18.38202],[32.94209,-18.38225],[32.94231,-18.38239],[32.94278,-18.38275],[32.94317,-18.38307],[32.94335,-18.38316],[32.94409,-18.38358],[32.94459,-18.38384],[32.94467,-18.38387],[32.94474,-18.38389],[32.94487,-18.38389]]}},{"type":"Feature","properties":{"kind":"road","name":""},"geometry":{"type":"LineString","coordinates":[[32.93804,-18.37956],[32.93775,-18.3798],[32.93757,-18.37996],[32.93754,-18.38003],[32.93755,-18.38012],[32.93757,-18.38022],[32.93784,-18.38056],[32.93792,-18.3807],[32.93799,-18.3809],[32.93811,-18.38128],[32.93829,-18.38176],[32.93845,-18.38216],[32.93855,-18.38243],[32.9386,-18.38254],[32.93875,-18.38273],[32.93893,-18.38295],[32.939,-18.38305],[32.93918,-18.38344],[32.93928,-18.38369],[32.93935,-18.38378],[32.93943,-18.38384],[32.93969,-18.38393],[32.93989,-18.38398],[32.94001,-18.38403],[32.94011,-18.38411],[32.9403,-18.38421],[32.94063,-18.38437],[32.9413,-18.38479],[32.94163,-18.38505],[32.94188,-18.38526],[32.9421,-18.38541],[32.94234,-18.38552],[32.94253,-18.38558],[32.9428,-18.38564],[32.94308,-18.38564],[32.94316,-18.38565],[32.94327,-18.3857],[32.94336,-18.38576],[32.94347,-18.38584],[32.94356,-18.38588],[32.9437,-18.38589],[32.94395,-18.38589],[32.94439,-18.38582],[32.94484,-18.38575],[32.94503,-18.38573]]}},{"type":"Feature","properties":{"kind":"road","name":""},"geometry":{"type":"LineString","coordinates":[[32.93003,-18.40692],[32.93012,-18.40708],[32.93018,-18.40721],[32.9302,-18.40737],[32.93022,-18.4075],[32.93026,-18.40757],[32.93038,-18.40763],[32.93059,-18.40772],[32.93075,-18.40781],[32.93089,-18.40789],[32.93105,-18.40798],[32.93131,-18.40804],[32.93149,-18.40806],[32.93168,-18.40809],[32.93189,-18.40815],[32.93207,-18.40823],[32.93228,-18.4083],[32.9324,-18.40837],[32.93247,-18.40847],[32.93283,-18.40893],[32.93296,-18.40913],[32.93318,-18.4095],[32.93328,-18.40963],[32.93335,-18.40973],[32.93338,-18.40978],[32.93342,-18.40984],[32.93345,-18.40992],[32.93348,-18.40996],[32.93353,-18.40998],[32.93357,-18.40999],[32.93365,-18.40999],[32.93371,-18.41],[32.93379,-18.41002],[32.93385,-18.41004],[32.93393,-18.41005],[32.93407,-18.41004]]}},{"type":"Feature","properties":{"kind":"road","name":""},"geometry":{"type":"LineString","coordinates":[[32.60585,-18.24759],[32.60602,-18.24735],[32.60614,-18.24726],[32.60624,-18.2472],[32.60635,-18.24717],[32.60648,-18.24718],[32.60682,-18.24727],[32.60714,-18.24735],[32.60796,-18.24764],[32.60897,-18.24798],[32.60981,-18.24827],[32.61011,-18.24833],[32.61048,-18.24837],[32.61154,-18.24835],[32.61201,-18.24836],[32.61222,-18.24835],[32.61251,-18.24828],[32.61263,-18.24824],[32.61276,-18.24816],[32.61288,-18.24806],[32.61336,-18.24765],[32.61378,-18.24737],[32.6141,-18.24719],[32.61436,-18.24703],[32.6146,-18.24684],[32.61484,-18.24659],[32.61519,-18.24613],[32.61537,-18.24591],[32.61544,-18.24575],[32.61554,-18.24553],[32.61569,-18.24519],[32.61593,-18.24468],[32.61625,-18.24416],[32.61638,-18.24393],[32.61662,-18.24364],[32.6169,-18.24338],[32.61718,-18.24318],[32.61794,-18.24267],[32.61862,-18.2422],[32.61891,-18.24198],[32.61912,-18.24181],[32.61924,-18.24171],[32.61935,-18.24163],[32.61956,-18.24152],[32.62011,-18.24132],[32.62053,-18.24114],[32.62113,-18.24093],[32.6217,-18.24069],[32.62212,-18.24042],[32.62255,-18.24003],[32.62351,-18.2392],[32.62405,-18.23878],[32.62445,-18.23848],[32.62511,-18.23807],[32.62553,-18.2378],[32.62581,-18.23771],[32.62601,-18.23765],[32.62622,-18.23761],[32.62693,-18.23753],[32.62766,-18.23745],[32.62799,-18.23739],[32.6282,-18.23734],[32.62835,-18.23728],[32.6285,-18.2372],[32.62863,-18.2371],[32.62886,-18.23695],[32.62918,-18.23684],[32.62977,-18.23668],[32.62996,-18.23666],[32.63009,-18.23668],[32.63023,-18.23671],[32.63027,-18.2368],[32.6303,-18.23692],[32.63032,-18.2372]]}},{"type":"Feature","properties":{"kind":"road","name":""},"geometry":{"type":"LineString","coordinates":[[32.62417,-18.27527],[32.62348,-18.27546],[32.62264,-18.27562],[32.6217,-18.2758],[32.62092,-18.27599],[32.62052,-18.2761],[32.62018,-18.27614],[32.61992,-18.27619],[32.61972,-18.27616],[32.61938,-18.27603],[32.61909,-18.27598],[32.61872,-18.27589],[32.6185,-18.27588],[32.61831,-18.27593],[32.61802,-18.27597],[32.61743,-18.27601],[32.61714,-18.27605],[32.61648,-18.27612],[32.61597,-18.27622],[32.61572,-18.27622],[32.61544,-18.27624],[32.61513,-18.27637],[32.61495,-18.27641],[32.6147,-18.27633],[32.61452,-18.27628],[32.61427,-18.27628],[32.61365,-18.27636],[32.61317,-18.27638],[32.61294,-18.27635],[32.61243,-18.27618],[32.61216,-18.27607],[32.61201,-18.27602],[32.61193,-18.27601],[32.61188,-18.27601],[32.61176,-18.27598],[32.61149,-18.27588],[32.6112,-18.27575],[32.6108,-18.27555],[32.61033,-18.27527],[32.61015,-18.27516],[32.60998,-18.27502],[32.60976,-18.27483],[32.60957,-18.27468],[32.60923,-18.27444],[32.60878,-18.27409],[32.60875,-18.27407],[32.6087,-18.27407],[32.60866,-18.27409],[32.6085,-18.27425],[32.60837,-18.27437],[32.60826,-18.27451],[32.60802,-18.27469],[32.60798,-18.27472],[32.60791,-18.27473],[32.60753,-18.2748],[32.60744,-18.27483],[32.60729,-18.27491],[32.60719,-18.27497],[32.60708,-18.27501],[32.60697,-18.27502],[32.60687,-18.27505],[32.60677,-18.27506],[32.60661,-18.27504],[32.60647,-18.27504],[32.6063,-18.27508],[32.60611,-18.27513],[32.60584,-18.27523],[32.60563,-18.27529],[32.60538,-18.27538],[32.60508,-18.27553],[32.60483,-18.27571],[32.60465,-18.2758],[32.60438,-18.27587],[32.60415,-18.27599],[32.60378,-18.27628],[32.60336,-18.27665],[32.60297,-18.27694],[32.60268,-18.27723],[32.6024,-18.27746],[32.60221,-18.27754],[32.602,-18.27761],[32.60118,-18.27827]]}},{"type":"Feature","properties":{"kind":"road","name":""},"geometry":{"type":"LineString","coordinates":[[32.62431,-18.27309],[32.62449,-18.27304],[32.62464,-18.27301],[32.62486,-18.27311],[32.62556,-18.27355],[32.62673,-18.27412],[32.6277,-18.27451],[32.62881,-18.27493],[32.62945,-18.27502],[32.63085,-18.27536],[32.63263,-18.27571],[32.63298,-18.27579],[32.63325,-18.27599],[32.63375,-18.27655],[32.63401,-18.27694],[32.63409,-18.27725],[32.6341,-18.2775],[32.63417,-18.27797],[32.63434,-18.27843],[32.63475,-18.27938],[32.63489,-18.27983],[32.63502,-18.28004],[32.63522,-18.28024],[32.63538,-18.28036],[32.63558,-18.2804],[32.63585,-18.28044],[32.63687,-18.2803],[32.6374,-18.28024],[32.6377,-18.28024],[32.63799,-18.28032],[32.63901,-18.28058],[32.64009,-18.28079],[32.64121,-18.28093],[32.64201,-18.28108],[32.64236,-18.28116],[32.64266,-18.28116],[32.64345,-18.28107],[32.64372,-18.28105],[32.64409,-18.28105],[32.64496,-18.28118],[32.64549,-18.2812],[32.64602,-18.28116],[32.64639,-18.2811],[32.64732,-18.28094],[32.6476,-18.28097],[32.64818,-18.28095],[32.64826,-18.2809],[32.64831,-18.28075],[32.64823,-18.28032],[32.64805,-18.2799],[32.64788,-18.27924],[32.64781,-18.27884],[32.64782,-18.27862],[32.64785,-18.27854],[32.64799,-18.27835],[32.64807,-18.27814],[32.64806,-18.27793],[32.64798,-18.27724],[32.6476,-18.27392],[32.64751,-18.27356],[32.64745,-18.27323],[32.64737,-18.27315],[32.64717,-18.27308],[32.64709,-18.27302],[32.64701,-18.27294],[32.6469,-18.27275],[32.64679,-18.27244],[32.64669,-18.27205],[32.64668,-18.27194],[32.64673,-18.27181],[32.64697,-18.27136],[32.64702,-18.27126],[32.64712,-18.27121],[32.64721,-18.27119],[32.6475,-18.27115]]}},{"type":"Feature","properties":{"kind":"stream","name":""},"geometry":{"type":"LineString","coordinates":[[32.6142,-18.23693],[32.61502,-18.23763],[32.61553,-18.23832],[32.61613,-18.23901],[32.61656,-18.2395],[32.61742,-18.23991],[32.61794,-18.24032],[32.61824,-18.24052],[32.61854,-18.24101],[32.61909,-18.24158],[32.61948,-18.24211],[32.61987,-18.2428],[32.62016,-18.2433]]}},{"type":"Feature","properties":{"kind":"road","name":""},"geometry":{"type":"LineString","coordinates":[[32.63023,-18.23671],[32.63015,-18.23633],[32.63019,-18.23616],[32.6303,-18.23595],[32.63042,-18.23581],[32.63062,-18.23554],[32.63098,-18.23512],[32.63106,-18.23496],[32.63116,-18.23474],[32.63117,-18.23461],[32.63115,-18.23439],[32.63114,-18.23417],[32.63111,-18.234],[32.631,-18.23375],[32.63086,-18.23358],[32.63081,-18.23347],[32.63071,-18.23305],[32.63066,-18.2326],[32.63064,-18.23196],[32.63064,-18.23168],[32.63057,-18.23113],[32.63047,-18.23068],[32.63038,-18.23005],[32.63037,-18.22939],[32.63037,-18.22898],[32.63038,-18.2285],[32.63035,-18.22816],[32.6303,-18.22778],[32.63019,-18.22736],[32.63013,-18.22696],[32.63011,-18.22666],[32.63006,-18.22622],[32.63004,-18.22589],[32.63001,-18.22565],[32.63005,-18.22545],[32.63012,-18.22526],[32.6302,-18.22486],[32.63021,-18.2247],[32.63024,-18.22459],[32.63039,-18.22438],[32.63043,-18.22428],[32.63045,-18.22418],[32.63044,-18.22405],[32.63042,-18.22366],[32.63042,-18.22335],[32.63036,-18.22307],[32.63024,-18.22283],[32.63013,-18.22255],[32.63006,-18.22231],[32.63003,-18.22206],[32.63003,-18.22174],[32.63012,-18.22084],[32.63009,-18.22047],[32.63006,-18.21976],[32.63003,-18.21916],[32.62999,-18.2188],[32.62998,-18.21844],[32.62991,-18.21809],[32.6298,-18.21771],[32.62963,-18.21724],[32.62959,-18.21704],[32.6296,-18.21689],[32.62972,-18.21638],[32.62987,-18.21543],[32.63,-18.21494],[32.63016,-18.2141],[32.63028,-18.21342],[32.63038,-18.2129],[32.63043,-18.21263],[32.63046,-18.2123],[32.6304,-18.21199],[32.63026,-18.21153],[32.63017,-18.21118],[32.62992,-18.21051],[32.62978,-18.2102],[32.62966,-18.20998],[32.62956,-18.20986],[32.62933,-18.20971],[32.62907,-18.20954],[32.62882,-18.20932],[32.62859,-18.20911],[32.62848,-18.20903],[32.62834,-18.20902],[32.62818,-18.20904],[32.6279,-18.20905],[32.62775,-18.20906],[32.62721,-18.209],[32.62683,-18.20896],[32.62644,-18.20893],[32.62615,-18.20889],[32.62605,-18.20886],[32.62579,-18.20872],[32.62534,-18.20853],[32.62523,-18.20845],[32.62515,-18.20836],[32.62511,-18.20826]]}},{"type":"Feature","properties":{"kind":"stream","name":""},"geometry":{"type":"LineString","coordinates":[[32.66467,-18.22434],[32.66343,-18.22373],[32.66261,-18.22328],[32.66197,-18.22275],[32.66198,-18.22187],[32.6621,-18.22069],[32.66236,-18.21995],[32.66236,-18.2191],[32.66231,-18.21831],[32.66192,-18.21745],[32.6618,-18.21647],[32.66189,-18.21547],[32.66214,-18.21435],[32.66198,-18.21355],[32.66142,-18.21249],[32.66099,-18.21172],[32.66052,-18.21094],[32.66013,-18.21033],[32.65983,-18.20935],[32.65979,-18.20878],[32.65966,-18.20813],[32.65966,-18.20728],[32.65999,-18.20653],[32.66029,-18.20575],[32.6603,-18.20503],[32.66013,-18.20418],[32.65983,-18.20352],[32.65953,-18.20304],[32.65914,-18.20246],[32.65868,-18.20192]]}},{"type":"Feature","properties":{"kind":"stream","name":""},"geometry":{"type":"LineString","coordinates":[[32.69244,-18.20396],[32.69175,-18.20392],[32.69093,-18.20371],[32.69029,-18.20351],[32.68956,-18.20326],[32.68883,-18.20294],[32.68827,-18.20294],[32.6875,-18.20322],[32.6866,-18.2033],[32.68596,-18.20269],[32.68528,-18.20234],[32.68428,-18.20233],[32.68312,-18.20257],[32.68192,-18.20282],[32.68098,-18.20269],[32.68016,-18.20233],[32.6793,-18.202],[32.6784,-18.20171],[32.67755,-18.20132],[32.67664,-18.20102],[32.67574,-18.20082],[32.67488,-18.20065],[32.67398,-18.20057],[32.67291,-18.20074],[32.67227,-18.20147],[32.67167,-18.20204],[32.67046,-18.20261],[32.66937,-18.20291]]}},{"type":"Feature","properties":{"kind":"stream","name":""},"geometry":{"type":"LineString","coordinates":[[32.68008,-18.19389],[32.67793,-18.19348],[32.67613,-18.19291],[32.67488,-18.19169],[32.67403,-18.19079],[32.67312,-18.18977],[32.67288,-18.1886],[32.67257,-18.18773],[32.67192,-18.18736],[32.67119,-18.18712],[32.67072,-18.18667],[32.67039,-18.18599],[32.67008,-18.18524],[32.66961,-18.18475],[32.66909,-18.18414],[32.66853,-18.18357],[32.66815,-18.18304],[32.66767,-18.18276],[32.66725,-18.18227],[32.66695,-18.18153],[32.66695,-18.18082],[32.66648,-18.18033],[32.66622,-18.1799],[32.66587,-18.17954],[32.66584,-18.17865],[32.6654,-18.17778],[32.66511,-18.17719],[32.66476,-18.17672],[32.66428,-18.17631],[32.66399,-18.17588],[32.66373,-18.17546],[32.6636,-18.17501],[32.66322,-18.17441],[32.6631,-18.17404]]}},{"type":"Feature","properties":{"kind":"stream","name":""},"geometry":{"type":"LineString","coordinates":[[32.67029,-18.15079],[32.67034,-18.15205],[32.67055,-18.15303],[32.67055,-18.15377],[32.67085,-18.15462],[32.67145,-18.15527],[32.67197,-18.15625],[32.67261,-18.15686],[32.67295,-18.15715],[32.67373,-18.15764],[32.67407,-18.15837],[32.67407,-18.15931],[32.67407,-18.15992],[32.67377,-18.16041],[32.67325,-18.16106],[32.67291,-18.16217],[32.67291,-18.16314],[32.67287,-18.16392],[32.67287,-18.16473],[32.67244,-18.16551],[32.67192,-18.16608],[32.67158,-18.16685],[32.67141,-18.16755],[32.67145,-18.16824],[32.67132,-18.16881],[32.67055,-18.16926],[32.67021,-18.16991],[32.67016,-18.17044],[32.66969,-18.17118],[32.66961,-18.17175],[32.66952,-18.17236],[32.66948,-18.17301],[32.66964,-18.17357]]}},{"type":"Feature","properties":{"kind":"river","name":""},"geometry":{"type":"LineString","coordinates":[[32.96279,-18.32018],[32.96317,-18.32106],[32.964,-18.32217],[32.96495,-18.32217],[32.96515,-18.3222],[32.96593,-18.3228],[32.96623,-18.32361],[32.96677,-18.32491],[32.96784,-18.3259],[32.968,-18.32743],[32.96738,-18.32881],[32.96683,-18.32983],[32.9676,-18.33082],[32.96947,-18.33189],[32.97244,-18.33339],[32.97322,-18.33387],[32.97411,-18.33425],[32.9748,-18.33401],[32.97503,-18.33359],[32.97518,-18.33335],[32.97724,-18.33316],[32.97815,-18.33446],[32.97833,-18.33679],[32.97635,-18.33997],[32.97486,-18.34372],[32.96964,-18.34472],[32.96724,-18.34698],[32.96074,-18.35373],[32.96062,-18.35404],[32.96051,-18.35466],[32.96061,-18.35512],[32.96079,-18.35531],[32.96084,-18.35551],[32.96074,-18.35583],[32.9608,-18.35603],[32.96066,-18.35625],[32.96054,-18.35642],[32.96034,-18.35666],[32.96036,-18.35681],[32.96055,-18.35687],[32.96081,-18.35699],[32.9609,-18.35717],[32.96073,-18.35735],[32.96057,-18.35738],[32.96033,-18.35739],[32.9603,-18.35745],[32.96021,-18.35753],[32.96032,-18.35769],[32.96046,-18.35781],[32.96041,-18.35792],[32.96021,-18.35796],[32.96005,-18.35802],[32.96,-18.35808],[32.96006,-18.35823],[32.96012,-18.35835],[32.96003,-18.35849],[32.95982,-18.35857],[32.95973,-18.35863],[32.95968,-18.35874],[32.95972,-18.35884],[32.95984,-18.35896],[32.95993,-18.35908],[32.9599,-18.35922],[32.95973,-18.35931],[32.95949,-18.3594],[32.95933,-18.35943],[32.95919,-18.35973],[32.95895,-18.35988],[32.9588,-18.35986],[32.95876,-18.35971],[32.95876,-18.35958],[32.95866,-18.35953],[32.95845,-18.35953],[32.95815,-18.35957],[32.95805,-18.35961],[32.95792,-18.35967],[32.95778,-18.35968],[32.95771,-18.35965],[32.95775,-18.35954],[32.95774,-18.35945],[32.95759,-18.3594],[32.95748,-18.35947],[32.95735,-18.35948],[32.95732,-18.35936],[32.95729,-18.35924],[32.9572,-18.35916],[32.95703,-18.35918],[32.95673,-18.35934],[32.95663,-18.35948],[32.95673,-18.35965],[32.95688,-18.35976],[32.95702,-18.3599],[32.95704,-18.36008],[32.95698,-18.36027],[32.95682,-18.36036],[32.95662,-18.36032],[32.95643,-18.36024],[32.95623,-18.36041],[32.95624,-18.36063],[32.95618,-18.36077],[32.95604,-18.36093],[32.95606,-18.3611],[32.95616,-18.3613],[32.95613,-18.36142],[32.95609,-18.3617],[32.95621,-18.3619],[32.95622,-18.36208],[32.95601,-18.36204],[32.95586,-18.36204],[32.9558,-18.36209],[32.95577,-18.36221],[32.95586,-18.36231],[32.95596,-18.36239],[32.95596,-18.36252],[32.95593,-18.36273],[32.95589,-18.363],[32.95607,-18.36317],[32.95626,-18.36316],[32.95644,-18.36311],[32.95658,-18.3631],[32.95665,-18.36318],[32.95663,-18.36334],[32.95647,-18.3635],[32.95627,-18.36358],[32.95615,-18.36367],[32.95603,-18.36386],[32.95608,-18.36405],[32.95618,-18.36407],[32.95629,-18.36402],[32.95639,-18.364],[32.95641,-18.3641],[32.95649,-18.3642],[32.95671,-18.36413],[32.95677,-18.36412],[32.95688,-18.36422],[32.95688,-18.36435],[32.95685,-18.36448],[32.95693,-18.36464],[32.95702,-18.36466],[32.95716,-18.36473],[32.95719,-18.36487],[32.95717,-18.36496],[32.9572,-18.36508],[32.95747,-18.36511],[32.9578,-18.36504],[32.95799,-18.36533],[32.95815,-18.36552],[32.95825,-18.36563],[32.95815,-18.36585],[32.95847,-18.366],[32.95862,-18.36629],[32.95848,-18.36646],[32.95814,-18.36642],[32.95795,-18.36645],[32.95774,-18.36654],[32.95747,-18.36641],[32.95727,-18.36645],[32.95717,-18.36668],[32.95712,-18.36684],[32.95717,-18.36713],[32.95731,-18.36758],[32.95751,-18.36782],[32.95775,-18.36806],[32.95775,-18.36824],[32.95772,-18.36845],[32.95755,-18.36853],[32.95732,-18.36838],[32.95722,-18.3683],[32.95701,-18.36838],[32.957,-18.36862],[32.95691,-18.36883],[32.9567,-18.36899],[32.95655,-18.36916],[32.95659,-18.36938],[32.95671,-18.36969],[32.95671,-18.36991],[32.9567,-18.37008],[32.95667,-18.37018],[32.95682,-18.37032],[32.95698,-18.37034],[32.95707,-18.37052],[32.95726,-18.37072],[32.95741,-18.37074],[32.95763,-18.3707],[32.95787,-18.37071],[32.95799,-18.37074],[32.95809,-18.3708],[32.95796,-18.37091],[32.9578,-18.37097],[32.95766,-18.37099],[32.95763,-18.37112],[32.95776,-18.37118],[32.95795,-18.37122],[32.95809,-18.3713],[32.95822,-18.37158],[32.9581,-18.37171],[32.95786,-18.37174],[32.95773,-18.37172],[32.95753,-18.37167],[32.95733,-18.37166],[32.95724,-18.3718],[32.95734,-18.37199],[32.95744,-18.37216],[32.95757,-18.37227],[32.95777,-18.37231],[32.95782,-18.37244],[32.95785,-18.37265],[32.9576,-18.37285],[32.95726,-18.37297],[32.95702,-18.37308],[32.95694,-18.37321],[32.95703,-18.37334],[32.95719,-18.37354],[32.95712,-18.37366],[32.9571,-18.37374],[32.95725,-18.37388],[32.95723,-18.37414],[32.95703,-18.37435],[32.95684,-18.37447],[32.9567,-18.37437],[32.95663,-18.37432],[32.95648,-18.37434],[32.9563,-18.37427],[32.95608,-18.37422],[32.95596,-18.37422],[32.95585,-18.37437],[32.95599,-18.37454],[32.95614,-18.37472],[32.95615,-18.37499],[32.95592,-18.37523],[32.95577,-18.37546],[32.95591,-18.37558],[32.9561,-18.37558],[32.95629,-18.37553],[32.95637,-18.37556],[32.95659,-18.37578],[32.95688,-18.37589],[32.95726,-18.3759],[32.9574,-18.376],[32.95746,-18.37616],[32.95736,-18.37632],[32.95733,-18.37646],[32.95738,-18.37664],[32.95751,-18.37676],[32.95745,-18.37701],[32.95729,-18.37726],[32.95725,-18.37742],[32.95743,-18.37755],[32.95765,-18.37766],[32.95791,-18.3776],[32.95807,-18.3776],[32.95825,-18.37765],[32.95842,-18.37774],[32.9586,-18.37789],[32.95901,-18.37781],[32.95906,-18.37775],[32.95926,-18.37766],[32.95944,-18.37768],[32.95942,-18.37785],[32.95948,-18.37804],[32.95979,-18.37812],[32.95996,-18.37811],[32.9601,-18.37825],[32.96023,-18.37842],[32.96056,-18.37852],[32.96081,-18.3785],[32.96088,-18.37846],[32.96092,-18.37856],[32.96093,-18.37869],[32.96109,-18.37897],[32.96137,-18.37887],[32.96168,-18.37873],[32.9623,-18.37857],[32.96252,-18.3784],[32.96284,-18.37844],[32.96313,-18.37857],[32.96347,-18.37868],[32.9638,-18.37875],[32.96396,-18.37865],[32.96415,-18.37849],[32.96428,-18.37841],[32.96439,-18.37839],[32.96448,-18.37847],[32.96458,-18.37863],[32.96469,-18.37873],[32.96479,-18.37882],[32.96491,-18.37892],[32.96505,-18.37906],[32.96523,-18.37916],[32.96542,-18.37905],[32.9655,-18.37889],[32.96555,-18.37883],[32.96584,-18.37885],[32.96614,-18.37899],[32.96637,-18.37915],[32.96657,-18.37927],[32.96677,-18.37944],[32.96688,-18.37975],[32.96678,-18.38],[32.96655,-18.3801],[32.96625,-18.38021],[32.9662,-18.38026],[32.9662,-18.38041],[32.96627,-18.38058],[32.96641,-18.38077],[32.96664,-18.3808],[32.96671,-18.3807],[32.96682,-18.38064],[32.96685,-18.38068],[32.96692,-18.38083],[32.96697,-18.381],[32.96711,-18.38109],[32.96721,-18.38107],[32.96734,-18.38091],[32.96742,-18.38082],[32.9675,-18.38085],[32.96763,-18.38101],[32.96795,-18.38147],[32.96823,-18.3813],[32.96839,-18.3811],[32.96852,-18.38084],[32.96862,-18.38059],[32.96854,-18.38028],[32.9684,-18.38004],[32.96836,-18.37976],[32.96848,-18.37963],[32.96874,-18.37969],[32.96895,-18.37975],[32.9691,-18.37986],[32.96914,-18.38001],[32.96917,-18.38013],[32.96939,-18.38028],[32.9696,-18.38041],[32.96977,-18.38055],[32.96997,-18.3809],[32.96961,-18.38117],[32.96945,-18.38146],[32.96896,-18.38176],[32.96857,-18.38208],[32.96879,-18.3824],[32.96898,-18.38249]]}},{"type":"Feature","properties":{"kind":"path","name":""},"geometry":{"type":"LineString","coordinates":[[32.95112,-18.09099],[32.95164,-18.09102],[32.95229,-18.0911],[32.95272,-18.09117],[32.95395,-18.09136]]}},{"type":"Feature","properties":{"kind":"road","name":""},"geometry":{"type":"LineString","coordinates":[[32.87954,-18.11757],[32.87969,-18.11744],[32.87979,-18.11735],[32.87983,-18.11728],[32.88007,-18.11711],[32.88049,-18.11696],[32.88074,-18.11687],[32.88088,-18.11659],[32.88091,-18.11609],[32.88065,-18.11546],[32.88019,-18.11488],[32.87966,-18.11443],[32.87952,-18.11423],[32.87953,-18.11408],[32.87976,-18.11365],[32.87974,-18.11345],[32.87961,-18.11318],[32.87921,-18.11281],[32.87889,-18.11245],[32.87859,-18.11183],[32.87848,-18.11174],[32.87815,-18.11153],[32.8776,-18.11046],[32.87725,-18.10956],[32.87697,-18.1093],[32.87656,-18.10904],[32.8764,-18.109],[32.87634,-18.10887],[32.87653,-18.10857],[32.87658,-18.10831],[32.87669,-18.10812],[32.87679,-18.1081],[32.87708,-18.10803],[32.87727,-18.1079],[32.87733,-18.10774],[32.87727,-18.10752],[32.87726,-18.10732],[32.87733,-18.10719],[32.87743,-18.10719],[32.87771,-18.10731],[32.87805,-18.10742],[32.87837,-18.10748],[32.87874,-18.10741],[32.87918,-18.1073],[32.87922,-18.1071],[32.87913,-18.10703],[32.87901,-18.10693],[32.87884,-18.10673],[32.87858,-18.10616],[32.87844,-18.10563],[32.87822,-18.1052],[32.87818,-18.10495],[32.87824,-18.10472],[32.87835,-18.10429],[32.87834,-18.1041],[32.87819,-18.10383],[32.87754,-18.10322],[32.87735,-18.10296],[32.8773,-18.10265],[32.87734,-18.10244],[32.87741,-18.10233]]}},{"type":"Feature","properties":{"kind":"road","name":""},"geometry":{"type":"LineString","coordinates":[[32.86038,-18.08268],[32.86051,-18.08281],[32.86066,-18.08301],[32.86073,-18.08311],[32.86078,-18.08324],[32.86082,-18.08336],[32.86085,-18.08351],[32.86086,-18.08364],[32.86086,-18.0838],[32.86081,-18.08402],[32.8608,-18.08411],[32.8608,-18.08418],[32.86084,-18.08427],[32.86095,-18.0845],[32.861,-18.08461],[32.86103,-18.08465],[32.86108,-18.0847],[32.86128,-18.08484],[32.86218,-18.08546],[32.86306,-18.08605],[32.86346,-18.08633],[32.8638,-18.08649]]}},{"type":"Feature","properties":{"kind":"road","name":""},"geometry":{"type":"LineString","coordinates":[[32.61996,-18.34669],[32.62018,-18.34589],[32.62028,-18.34576],[32.62036,-18.34566],[32.62109,-18.34514],[32.62128,-18.34499],[32.62141,-18.3448],[32.62153,-18.34462],[32.62166,-18.34431],[32.62373,-18.34012],[32.6238,-18.33989],[32.62386,-18.33965],[32.62389,-18.33945],[32.62412,-18.33893]]}},{"type":"Feature","properties":{"kind":"road","name":""},"geometry":{"type":"LineString","coordinates":[[32.68881,-18.33955],[32.68898,-18.33951],[32.68905,-18.33947],[32.68915,-18.3394]]}},{"type":"Feature","properties":{"kind":"road","name":""},"geometry":{"type":"LineString","coordinates":[[32.95356,-18.10189],[32.95372,-18.10182]]}},{"type":"Feature","properties":{"kind":"track","name":""},"geometry":{"type":"LineString","coordinates":[[32.89548,-18.18],[32.89549,-18.18017],[32.89549,-18.18036],[32.89538,-18.18062],[32.89524,-18.18095],[32.89517,-18.18105],[32.89497,-18.18126],[32.89463,-18.18144],[32.89413,-18.18159],[32.8932,-18.18158],[32.89263,-18.18154],[32.89198,-18.18166],[32.89141,-18.1819],[32.89107,-18.1819],[32.89077,-18.18199],[32.89039,-18.18202],[32.8899,-18.18202],[32.88965,-18.18206],[32.88953,-18.18217],[32.88948,-18.18232],[32.88954,-18.18248],[32.88978,-18.18283],[32.88992,-18.18307],[32.88998,-18.18332],[32.88996,-18.18354],[32.8899,-18.1837],[32.88967,-18.18391],[32.88942,-18.18407],[32.88926,-18.18411],[32.88894,-18.18405],[32.88768,-18.18366],[32.8871,-18.18357],[32.88579,-18.18333],[32.88531,-18.18326],[32.88511,-18.18331],[32.88492,-18.18343],[32.88473,-18.18357],[32.88459,-18.18395],[32.8845,-18.18431],[32.88446,-18.18483],[32.88443,-18.18519],[32.88437,-18.18548],[32.88442,-18.18573],[32.88449,-18.18596],[32.8845,-18.1863],[32.88459,-18.18684],[32.88467,-18.18711],[32.88466,-18.18723],[32.88455,-18.18735],[32.88424,-18.18751],[32.88409,-18.18759],[32.88391,-18.18756],[32.88374,-18.1875],[32.88357,-18.18737],[32.88338,-18.18711],[32.883,-18.18666],[32.88277,-18.18643],[32.88261,-18.18632],[32.88202,-18.18597],[32.88141,-18.18568],[32.88078,-18.18563],[32.88008,-18.18564],[32.87947,-18.18589],[32.87914,-18.18616],[32.8789,-18.18681],[32.87881,-18.18728],[32.87871,-18.18746],[32.87841,-18.18776],[32.87822,-18.18812],[32.8782,-18.18839],[32.87855,-18.18887],[32.87889,-18.18915],[32.87918,-18.18953]]}},{"type":"Feature","properties":{"kind":"road","name":""},"geometry":{"type":"LineString","coordinates":[[32.69895,-18.07698],[32.70004,-18.07756],[32.70056,-18.07777],[32.7014,-18.07838],[32.70176,-18.07887],[32.7022,-18.07992],[32.70292,-18.08157],[32.70333,-18.08197],[32.70597,-18.08329],[32.70743,-18.08421],[32.70786,-18.08489],[32.70835,-18.08533],[32.71437,-18.08813],[32.71551,-18.08862],[32.71651,-18.08878],[32.71846,-18.08865],[32.72008,-18.0889],[32.72022,-18.08892]]}},{"type":"Feature","properties":{"kind":"track","name":""},"geometry":{"type":"LineString","coordinates":[[32.66526,-18.06594],[32.66524,-18.066],[32.66522,-18.06609],[32.66513,-18.06625],[32.66504,-18.06638],[32.6649,-18.06656],[32.66484,-18.06663],[32.66478,-18.06672],[32.66474,-18.06678],[32.66472,-18.06683],[32.66473,-18.06692],[32.66476,-18.06704],[32.6648,-18.06721],[32.66485,-18.0675],[32.66488,-18.06767],[32.6649,-18.06775],[32.66491,-18.06782],[32.66491,-18.06789],[32.66492,-18.06795],[32.66489,-18.06805],[32.66486,-18.06818],[32.66485,-18.06826],[32.66484,-18.06834],[32.66483,-18.06849],[32.66479,-18.0686],[32.6647,-18.06884],[32.66451,-18.06919],[32.66434,-18.06954],[32.6642,-18.06985],[32.66415,-18.06999],[32.66411,-18.0701],[32.6641,-18.0702],[32.66409,-18.07029],[32.66408,-18.07037],[32.66409,-18.07045],[32.66409,-18.07051],[32.66408,-18.07056],[32.66406,-18.07063],[32.66406,-18.07069],[32.66404,-18.07077],[32.66404,-18.07082],[32.66405,-18.07087],[32.66406,-18.07095],[32.66405,-18.07104],[32.66405,-18.07111],[32.66406,-18.07118],[32.66408,-18.07127],[32.66408,-18.07133],[32.66404,-18.0714],[32.66397,-18.07152],[32.66389,-18.07162],[32.66384,-18.07171],[32.66381,-18.07184],[32.66376,-18.07203],[32.66375,-18.07215],[32.66373,-18.07226],[32.66371,-18.07233],[32.66367,-18.0724],[32.66358,-18.07249],[32.66346,-18.07259],[32.6634,-18.07268],[32.66337,-18.0728],[32.66338,-18.07294],[32.66337,-18.07305],[32.66332,-18.07324],[32.66326,-18.07342],[32.66317,-18.07362],[32.66312,-18.07377],[32.66309,-18.0739],[32.66308,-18.07405],[32.66309,-18.07418],[32.6631,-18.07445],[32.66312,-18.07464],[32.66312,-18.07481],[32.66313,-18.07488],[32.66312,-18.07506],[32.6631,-18.07517],[32.6631,-18.07527],[32.66308,-18.07536],[32.66306,-18.07545],[32.66305,-18.07555],[32.66306,-18.07567],[32.66306,-18.07574],[32.66303,-18.07582],[32.663,-18.07591],[32.66294,-18.07612],[32.66292,-18.07623],[32.66289,-18.07634],[32.66289,-18.07642],[32.6629,-18.0765],[32.66291,-18.07658],[32.66295,-18.0767],[32.66301,-18.07689],[32.66304,-18.07701],[32.66306,-18.07708],[32.66308,-18.07716],[32.66311,-18.07721],[32.66317,-18.07727],[32.66324,-18.07732],[32.6633,-18.07737],[32.66333,-18.07742],[32.66335,-18.07747],[32.66335,-18.0775],[32.66333,-18.07755],[32.66325,-18.07763],[32.66317,-18.07771],[32.66316,-18.07779],[32.66314,-18.07792],[32.66314,-18.07802],[32.66312,-18.07812],[32.66312,-18.07817],[32.66314,-18.07822],[32.66316,-18.07829],[32.66316,-18.07835],[32.66314,-18.07841],[32.66312,-18.07844],[32.66308,-18.07847],[32.66297,-18.07849],[32.66289,-18.07851],[32.66282,-18.07855],[32.66278,-18.07862],[32.66282,-18.07875],[32.66284,-18.07901],[32.66286,-18.07925],[32.66289,-18.0795],[32.66292,-18.0798],[32.66297,-18.08006],[32.66301,-18.0802],[32.66302,-18.08024],[32.66302,-18.08026],[32.66298,-18.08029],[32.6629,-18.0803],[32.66275,-18.08032],[32.66266,-18.08035],[32.66256,-18.08039],[32.66241,-18.08049],[32.6622,-18.08065],[32.66211,-18.08074],[32.66206,-18.08082],[32.66198,-18.08096],[32.66192,-18.08104],[32.66181,-18.08118],[32.66171,-18.08133],[32.66163,-18.08143],[32.66145,-18.08166],[32.6614,-18.08175],[32.66137,-18.08181],[32.66135,-18.08186],[32.66137,-18.08195],[32.66138,-18.082],[32.66138,-18.08208],[32.66134,-18.08214],[32.66126,-18.08219],[32.66115,-18.08225],[32.66096,-18.08241],[32.66082,-18.08254],[32.66075,-18.08262],[32.6607,-18.08272],[32.66064,-18.08293],[32.66062,-18.08303],[32.6606,-18.08324],[32.66059,-18.0836],[32.66061,-18.08387],[32.66065,-18.08402],[32.66073,-18.08409],[32.66082,-18.08419],[32.66095,-18.08433],[32.66099,-18.0844],[32.66103,-18.08455],[32.66111,-18.08468],[32.66117,-18.08473],[32.66122,-18.08479],[32.66126,-18.08485],[32.66136,-18.08493],[32.66143,-18.08501],[32.66149,-18.0851]]}},{"type":"Feature","properties":{"kind":"track","name":""},"geometry":{"type":"LineString","coordinates":[[32.95981,-18.1102],[32.96225,-18.11021],[32.96383,-18.10963],[32.96461,-18.10743],[32.96499,-18.10572],[32.9654,-18.10274],[32.96525,-18.1018],[32.96595,-18.10105],[32.96748,-18.10017],[32.96791,-18.09964],[32.97044,-18.10033],[32.97336,-18.10319],[32.97435,-18.10376],[32.97628,-18.10384],[32.97812,-18.10421],[32.98001,-18.10474],[32.98194,-18.10588],[32.98237,-18.10666],[32.98555,-18.10906],[32.98645,-18.11086],[32.98648,-18.11381],[32.98664,-18.11473],[32.98683,-18.11553],[32.98715,-18.11623],[32.98731,-18.11648],[32.98764,-18.11671],[32.98793,-18.11668],[32.98837,-18.11611],[32.98923,-18.11533],[32.98974,-18.11528],[32.99052,-18.11557],[32.99206,-18.11613],[32.99349,-18.1165],[32.99376,-18.11634],[32.99411,-18.11626],[32.99455,-18.11606],[32.99476,-18.116],[32.99517,-18.11609],[32.99552,-18.11618],[32.99583,-18.11639],[32.99619,-18.11669],[32.99644,-18.11683],[32.99698,-18.11699],[32.9972,-18.11706],[32.99751,-18.11721],[32.9977,-18.11735],[32.99784,-18.11745],[32.99816,-18.11773],[32.99823,-18.11779],[32.99838,-18.11776],[32.99851,-18.11772],[32.99908,-18.11791],[32.99958,-18.11826],[32.99974,-18.11835],[32.99986,-18.11838],[32.99996,-18.11835],[33.00008,-18.11828],[33.0002,-18.11816],[33.00029,-18.11805],[33.00042,-18.11787],[33.00049,-18.11772],[33.00055,-18.11764],[33.00067,-18.1176],[33.00091,-18.11754],[33.00114,-18.1175],[33.00128,-18.11744],[33.00132,-18.11737],[33.00136,-18.11726],[33.00144,-18.11713],[33.00154,-18.11698],[33.00168,-18.11686],[33.00175,-18.11682],[33.00182,-18.11679],[33.00184,-18.11674],[33.00184,-18.11665],[33.00185,-18.11658]]}},{"type":"Feature","properties":{"kind":"track","name":""},"geometry":{"type":"LineString","coordinates":[[32.72004,-18.08036],[32.71993,-18.08043],[32.71971,-18.08062],[32.71931,-18.08108],[32.71906,-18.08132],[32.7189,-18.08156],[32.71881,-18.0818],[32.71862,-18.08218],[32.71856,-18.0823],[32.71845,-18.08238],[32.71828,-18.08246],[32.7179,-18.08251],[32.71769,-18.0825],[32.71738,-18.0824],[32.71706,-18.0823],[32.71684,-18.08227],[32.71658,-18.08227],[32.71604,-18.08251],[32.71576,-18.08265],[32.71565,-18.0828],[32.71557,-18.08289],[32.71545,-18.08299],[32.71526,-18.08315],[32.71512,-18.08324],[32.71504,-18.08336],[32.71496,-18.08353],[32.71487,-18.08366],[32.71446,-18.08418],[32.7143,-18.08445],[32.71413,-18.08509],[32.71407,-18.08549],[32.71396,-18.08578],[32.71387,-18.08596],[32.71386,-18.08602],[32.71388,-18.08617],[32.71396,-18.08755],[32.71401,-18.08765],[32.71417,-18.08789],[32.71437,-18.08813]]}},{"type":"Feature","properties":{"kind":"track","name":""},"geometry":{"type":"LineString","coordinates":[[32.73573,-18.07479],[32.73576,-18.07495],[32.73579,-18.07518],[32.73584,-18.07535],[32.73594,-18.07548],[32.7362,-18.07551],[32.73644,-18.07541],[32.73681,-18.07533],[32.73698,-18.07519],[32.73705,-18.07518],[32.73714,-18.07524],[32.73728,-18.07537],[32.73746,-18.07552],[32.73757,-18.07574],[32.73758,-18.07598],[32.73753,-18.07627],[32.7374,-18.07653],[32.73729,-18.07679],[32.73723,-18.07709],[32.73721,-18.07752],[32.73725,-18.07799],[32.73721,-18.07806],[32.73711,-18.07819],[32.73695,-18.07841],[32.73692,-18.07855],[32.73689,-18.07873],[32.73704,-18.07917],[32.73724,-18.0795],[32.73734,-18.07964],[32.7374,-18.07978],[32.73742,-18.07993],[32.73739,-18.08011],[32.73732,-18.08025],[32.73724,-18.08036],[32.73721,-18.08048],[32.73722,-18.0806],[32.73726,-18.08075],[32.73727,-18.08089],[32.73726,-18.08109],[32.73736,-18.08173],[32.73738,-18.08192],[32.73755,-18.08215],[32.73759,-18.08234],[32.73775,-18.08295],[32.73788,-18.08318],[32.73796,-18.08339],[32.73805,-18.08366],[32.73801,-18.08392],[32.73802,-18.0841],[32.73805,-18.0843],[32.7381,-18.08448],[32.73817,-18.08462],[32.73817,-18.0847],[32.73816,-18.08476],[32.73812,-18.08485],[32.73797,-18.08516],[32.73792,-18.08526],[32.73782,-18.08532],[32.73764,-18.0854],[32.73747,-18.08556],[32.73733,-18.08577],[32.73693,-18.08626],[32.7366,-18.08673],[32.73653,-18.0868],[32.73648,-18.0869],[32.7364,-18.08698],[32.73634,-18.08702],[32.73631,-18.08706],[32.73627,-18.08711],[32.73621,-18.08715],[32.73614,-18.0872],[32.73608,-18.08728],[32.73602,-18.08735],[32.73593,-18.08744],[32.73587,-18.08752],[32.73583,-18.08767],[32.73583,-18.08771],[32.73585,-18.08776],[32.73585,-18.08783],[32.73584,-18.088],[32.73579,-18.08809],[32.73566,-18.08832],[32.73535,-18.08898],[32.73528,-18.08944],[32.73525,-18.09005]]}},{"type":"Feature","properties":{"kind":"track","name":""},"geometry":{"type":"LineString","coordinates":[[32.73525,-18.09005],[32.73523,-18.09009],[32.73521,-18.09025],[32.73522,-18.09036],[32.73519,-18.0904],[32.73514,-18.09044],[32.73512,-18.0905],[32.73512,-18.09055],[32.7351,-18.09059],[32.73506,-18.09062],[32.73498,-18.09065],[32.73487,-18.09074],[32.73485,-18.09077],[32.73463,-18.09104],[32.73442,-18.09147],[32.73441,-18.0915],[32.7344,-18.09152],[32.73437,-18.09153],[32.73434,-18.09155],[32.73429,-18.09158],[32.73423,-18.09161],[32.73416,-18.09167],[32.73412,-18.09171],[32.7341,-18.0918],[32.73405,-18.09189],[32.73402,-18.09196],[32.73392,-18.09205],[32.7338,-18.0922],[32.7337,-18.09245],[32.7334,-18.09299],[32.73322,-18.09337],[32.73312,-18.09389],[32.73315,-18.09433],[32.7331,-18.09479],[32.73307,-18.09489],[32.73306,-18.09496],[32.73298,-18.09501],[32.73288,-18.09512],[32.73285,-18.09523],[32.7328,-18.09563],[32.73266,-18.09626],[32.73256,-18.09656],[32.73224,-18.09697],[32.73196,-18.0974],[32.73183,-18.0978],[32.73168,-18.09796],[32.73139,-18.09817],[32.73122,-18.09833],[32.73116,-18.09862],[32.73119,-18.09872],[32.73128,-18.09879],[32.73137,-18.09886],[32.73142,-18.09895],[32.73141,-18.09907],[32.73133,-18.09917],[32.73113,-18.09932],[32.73103,-18.09942],[32.73094,-18.09946],[32.73083,-18.09946],[32.73065,-18.09939],[32.73045,-18.09928],[32.73023,-18.09923],[32.73007,-18.09921],[32.72978,-18.09914],[32.72954,-18.09918],[32.72905,-18.09934],[32.72818,-18.09997],[32.72797,-18.1001],[32.72771,-18.10031],[32.72741,-18.10062],[32.72712,-18.10075],[32.72684,-18.10094],[32.72671,-18.1012],[32.72666,-18.10135],[32.72647,-18.1014],[32.72606,-18.10152],[32.72579,-18.10174],[32.72561,-18.10197],[32.72542,-18.10214],[32.72531,-18.10221],[32.72523,-18.1023],[32.72512,-18.10249],[32.72493,-18.10258],[32.72473,-18.10264],[32.72451,-18.10281],[32.72428,-18.10283],[32.72391,-18.10274],[32.72376,-18.10261],[32.72376,-18.10246],[32.72379,-18.10229],[32.72381,-18.10218]]}},{"type":"Feature","properties":{"kind":"track","name":""},"geometry":{"type":"LineString","coordinates":[[32.72007,-18.09409],[32.72016,-18.09408],[32.72044,-18.09419],[32.72072,-18.09445],[32.72078,-18.09456],[32.72095,-18.09508],[32.72112,-18.09546],[32.72125,-18.09555],[32.72161,-18.09575],[32.72195,-18.09597],[32.72219,-18.09619],[32.72234,-18.09646],[32.72247,-18.09656],[32.72252,-18.09669],[32.72258,-18.09703],[32.72256,-18.09731],[32.72257,-18.09752],[32.72281,-18.09777],[32.72325,-18.09829],[32.72342,-18.09858],[32.72358,-18.09889],[32.72371,-18.09955],[32.7239,-18.10035],[32.72393,-18.10083],[32.72386,-18.10112],[32.72381,-18.10218]]}},{"type":"Feature","properties":{"kind":"track","name":""},"geometry":{"type":"LineString","coordinates":[[32.72019,-18.09353],[32.72047,-18.09317],[32.7206,-18.09301],[32.72089,-18.09287],[32.7214,-18.09263],[32.72187,-18.09226],[32.72241,-18.09182],[32.72295,-18.09113],[32.7235,-18.09029],[32.72366,-18.08997],[32.72389,-18.08963],[32.72417,-18.08931],[32.72443,-18.08892],[32.72474,-18.08855],[32.72511,-18.0881],[32.72532,-18.08785],[32.72539,-18.08772]]}},{"type":"Feature","properties":{"kind":"track","name":""},"geometry":{"type":"LineString","coordinates":[[32.72025,-18.08686],[32.72048,-18.0869],[32.7206,-18.08692],[32.72082,-18.08695],[32.72108,-18.087],[32.72118,-18.08701],[32.72138,-18.08705],[32.72168,-18.0871],[32.7219,-18.08714],[32.72213,-18.08717],[32.72228,-18.0872],[32.72272,-18.08727],[32.72298,-18.08732],[32.72313,-18.08734],[32.72326,-18.08736],[32.72331,-18.08737],[32.72339,-18.08739],[32.72363,-18.08743],[32.72398,-18.08748],[32.72412,-18.08751],[32.72423,-18.08753],[32.72437,-18.08755],[32.72452,-18.08758],[32.72459,-18.08759],[32.72467,-18.0876],[32.72494,-18.08765],[32.72509,-18.08767],[32.72539,-18.08772],[32.72544,-18.08773],[32.72555,-18.08775],[32.72563,-18.08776],[32.72577,-18.08779],[32.72587,-18.0878],[32.72598,-18.08782],[32.72601,-18.08783],[32.72607,-18.08784],[32.72621,-18.08786],[32.72627,-18.08787],[32.72638,-18.08789],[32.72652,-18.08791],[32.72665,-18.08794],[32.72681,-18.08796],[32.72695,-18.08799],[32.72709,-18.08801],[32.72734,-18.08805],[32.72738,-18.08806],[32.72744,-18.08807],[32.72759,-18.08809],[32.72781,-18.08813],[32.72807,-18.08818],[32.72822,-18.0882],[32.72832,-18.08822],[32.72855,-18.08826],[32.7289,-18.08831],[32.72903,-18.08834],[32.72919,-18.08836],[32.72939,-18.0884],[32.72945,-18.08841],[32.7295,-18.08842],[32.72959,-18.08843],[32.72965,-18.08844],[32.72973,-18.08845],[32.72983,-18.08847],[32.72985,-18.08848],[32.72992,-18.08849],[32.73003,-18.08851],[32.73012,-18.08852],[32.73016,-18.08853],[32.73019,-18.08853],[32.7303,-18.08855],[32.73042,-18.08857],[32.73061,-18.0886],[32.73089,-18.08865],[32.73161,-18.08877],[32.73185,-18.08881],[32.73208,-18.08885],[32.73216,-18.08886],[32.73225,-18.08888],[32.73237,-18.0889],[32.73301,-18.08901],[32.73316,-18.08903],[32.73321,-18.08904],[32.73328,-18.08905],[32.73342,-18.08923],[32.73355,-18.08945],[32.73376,-18.08961],[32.73418,-18.08978],[32.73462,-18.08993],[32.73497,-18.09002],[32.73525,-18.09005],[32.73592,-18.08988],[32.73627,-18.08978],[32.73659,-18.08977],[32.73693,-18.0899],[32.73734,-18.09012],[32.73767,-18.09051],[32.73771,-18.09057],[32.73774,-18.09061],[32.73779,-18.09064],[32.73792,-18.0907],[32.73832,-18.091],[32.73842,-18.09108],[32.73858,-18.09127],[32.73903,-18.09178],[32.73924,-18.09202],[32.73947,-18.09215],[32.73961,-18.0922],[32.73977,-18.09233]]}},{"type":"Feature","properties":{"kind":"track","name":""},"geometry":{"type":"LineString","coordinates":[[32.73343,-18.1495],[32.73348,-18.14952],[32.73365,-18.14956],[32.73382,-18.1496],[32.73399,-18.14966],[32.7341,-18.14973],[32.73416,-18.14975],[32.73434,-18.14977],[32.73512,-18.14977],[32.73553,-18.14981],[32.736,-18.14993],[32.73647,-18.14996],[32.73732,-18.14997],[32.73747,-18.14995],[32.73752,-18.14996],[32.73753,-18.15001],[32.73756,-18.15012],[32.73757,-18.15018],[32.73761,-18.15023],[32.73773,-18.15024],[32.73808,-18.1502],[32.7385,-18.14996],[32.73857,-18.14989]]}},{"type":"Feature","properties":{"kind":"track","name":""},"geometry":{"type":"LineString","coordinates":[[32.73339,-18.14947],[32.73343,-18.1495]]}},{"type":"Feature","properties":{"kind":"track","name":""},"geometry":{"type":"LineString","coordinates":[[32.72651,-18.14215],[32.72687,-18.14236],[32.72711,-18.14252],[32.72729,-18.14266],[32.72755,-18.14273],[32.72769,-18.14277],[32.72782,-18.1428],[32.72791,-18.14289],[32.72803,-18.14311],[32.72833,-18.14367],[32.72889,-18.14469],[32.72936,-18.14581],[32.72955,-18.14622],[32.72965,-18.14653],[32.72966,-18.14699],[32.72972,-18.14774],[32.72975,-18.14823],[32.72973,-18.14847],[32.72963,-18.14865],[32.72951,-18.14885],[32.72936,-18.1491],[32.72935,-18.14932],[32.7294,-18.14971],[32.72937,-18.14995],[32.7294,-18.15022],[32.72946,-18.15035],[32.7295,-18.15043],[32.7295,-18.15048],[32.7295,-18.15054],[32.72959,-18.15063],[32.72978,-18.15081],[32.72988,-18.15086],[32.73008,-18.15089],[32.73034,-18.15086],[32.73058,-18.15072],[32.73085,-18.15048],[32.73106,-18.15038],[32.7312,-18.15026],[32.73159,-18.15014],[32.73199,-18.15003],[32.73218,-18.15003],[32.73231,-18.14996],[32.73237,-18.14989],[32.73244,-18.14981],[32.73247,-18.14975],[32.73256,-18.14968],[32.73263,-18.14969],[32.7328,-18.1497],[32.73288,-18.14967],[32.73289,-18.14963],[32.73295,-18.14957],[32.73307,-18.14951],[32.73315,-18.14945],[32.7332,-18.14937],[32.73321,-18.14935],[32.73324,-18.14934],[32.73326,-18.14934],[32.73328,-18.14934],[32.73332,-18.14937],[32.73334,-18.14941],[32.73337,-18.14944],[32.73339,-18.14947]]}},{"type":"Feature","properties":{"kind":"track","name":""},"geometry":{"type":"LineString","coordinates":[[32.72071,-18.14421],[32.72041,-18.14408],[32.71955,-18.14367],[32.71871,-18.14337],[32.7178,-18.14311],[32.71742,-18.14304],[32.71713,-18.14305],[32.71691,-18.14307],[32.71677,-18.14302],[32.71654,-18.14285],[32.71642,-18.14277],[32.71634,-18.14274],[32.71616,-18.1427],[32.71598,-18.14266],[32.7157,-18.14248],[32.71513,-18.14193],[32.71501,-18.14181],[32.7147,-18.14161],[32.71424,-18.14127],[32.71381,-18.14098],[32.71351,-18.14085],[32.71317,-18.14057],[32.71287,-18.1403],[32.71234,-18.14003],[32.71163,-18.1397],[32.71079,-18.13924],[32.71042,-18.13873]]}},{"type":"Feature","properties":{"kind":"track","name":""},"geometry":{"type":"LineString","coordinates":[[32.72699,-18.12757],[32.72667,-18.12764],[32.7249,-18.12768],[32.72437,-18.12774],[32.72305,-18.12795],[32.72206,-18.12781],[32.72152,-18.12783],[32.72079,-18.12811],[32.72037,-18.12828],[32.72002,-18.12865],[32.71901,-18.13124],[32.71777,-18.1334],[32.71635,-18.13504],[32.71551,-18.13559],[32.71453,-18.13602],[32.71273,-18.13657],[32.71203,-18.13694],[32.71142,-18.13759],[32.71042,-18.13873],[32.70996,-18.13926],[32.70925,-18.14023],[32.70874,-18.14085],[32.70792,-18.14163],[32.70766,-18.14193],[32.70758,-18.1421],[32.70752,-18.14233],[32.70725,-18.14265],[32.70678,-18.14294],[32.70584,-18.1433],[32.70488,-18.14351],[32.70412,-18.14365],[32.70366,-18.1437],[32.70337,-18.14361],[32.70322,-18.14355],[32.70309,-18.14356],[32.70285,-18.14365],[32.70263,-18.14382],[32.70216,-18.14424],[32.70157,-18.14468],[32.70123,-18.14509],[32.701,-18.14547],[32.70052,-18.14614],[32.6993,-18.14743],[32.69909,-18.14762],[32.69891,-18.14772],[32.69857,-18.14779],[32.69822,-18.14795],[32.69767,-18.14833]]}},{"type":"Feature","properties":{"kind":"track","name":""},"geometry":{"type":"LineString","coordinates":[[32.72363,-18.11826],[32.72385,-18.11807],[32.72392,-18.11802],[32.72394,-18.11795],[32.72392,-18.11778],[32.72395,-18.11772],[32.72398,-18.11771],[32.72412,-18.1177],[32.7243,-18.11768],[32.72444,-18.11763],[32.72449,-18.11758],[32.72456,-18.11755],[32.72463,-18.11755],[32.72479,-18.11757],[32.72488,-18.11759],[32.72501,-18.11764],[32.72519,-18.11767],[32.72558,-18.11779],[32.72568,-18.11781],[32.72608,-18.11785],[32.72623,-18.11787],[32.72649,-18.11798],[32.72692,-18.11822],[32.72703,-18.11835],[32.72708,-18.11841],[32.72712,-18.11856],[32.72717,-18.11866],[32.72731,-18.11878],[32.72744,-18.11887],[32.72758,-18.11892],[32.72782,-18.11901],[32.72802,-18.11909],[32.72814,-18.1191],[32.72832,-18.11909],[32.72886,-18.11903],[32.72902,-18.11904],[32.72925,-18.1191],[32.72936,-18.11913],[32.72951,-18.11923],[32.72975,-18.11945],[32.72996,-18.11971],[32.73013,-18.11997],[32.73024,-18.12011],[32.73043,-18.12028],[32.73065,-18.1204],[32.73111,-18.12057],[32.73176,-18.12058],[32.73229,-18.12041],[32.73319,-18.12042],[32.73356,-18.12044],[32.73377,-18.12053],[32.7342,-18.12074],[32.73447,-18.12081],[32.73481,-18.12091],[32.73509,-18.12104],[32.73602,-18.12146],[32.7363,-18.12162],[32.73684,-18.12185],[32.73759,-18.12227],[32.73799,-18.1226],[32.73811,-18.12271],[32.73821,-18.12278],[32.73827,-18.12285],[32.73829,-18.12293],[32.73845,-18.12306],[32.73886,-18.12323],[32.73957,-18.1236],[32.74002,-18.12382],[32.74028,-18.12391],[32.74064,-18.12398],[32.74123,-18.12425],[32.74169,-18.12448],[32.7423,-18.12486],[32.74287,-18.1252],[32.74333,-18.12541],[32.74379,-18.12561],[32.74415,-18.12577],[32.74424,-18.1258],[32.74432,-18.12586],[32.74449,-18.12595],[32.74467,-18.126],[32.74481,-18.12603],[32.74512,-18.12618]]}},{"type":"Feature","properties":{"kind":"track","name":""},"geometry":{"type":"LineString","coordinates":[[32.72235,-18.10995],[32.72251,-18.10993],[32.7232,-18.11034],[32.72385,-18.11069],[32.72407,-18.11083],[32.72421,-18.11085],[32.72469,-18.11087],[32.7256,-18.11108],[32.72694,-18.11133],[32.72803,-18.11144],[32.7283,-18.11145],[32.72945,-18.11161],[32.73114,-18.11186],[32.73214,-18.11205],[32.73305,-18.11232],[32.73356,-18.11257],[32.73408,-18.11312],[32.73498,-18.11394],[32.73552,-18.11439],[32.73622,-18.11476],[32.73675,-18.11509],[32.73712,-18.11528],[32.73741,-18.11537],[32.73786,-18.1155],[32.73839,-18.11558],[32.73877,-18.11563],[32.73929,-18.11565],[32.73962,-18.11566],[32.73987,-18.11576],[32.74019,-18.11595],[32.74029,-18.11603],[32.74037,-18.11609],[32.74038,-18.11614],[32.74036,-18.11621],[32.7403,-18.1165],[32.74028,-18.11674],[32.74032,-18.11707],[32.74043,-18.11738],[32.74048,-18.11754],[32.74051,-18.11776],[32.74054,-18.11791],[32.74052,-18.11819],[32.74054,-18.11851],[32.74056,-18.11887],[32.7406,-18.11905],[32.74069,-18.11919],[32.74075,-18.11928],[32.74085,-18.11937],[32.74112,-18.1197],[32.7412,-18.11975],[32.74127,-18.11981],[32.74131,-18.11989],[32.74129,-18.12024],[32.74132,-18.12036],[32.74138,-18.12051],[32.74143,-18.1207],[32.74153,-18.12084],[32.74185,-18.1211],[32.74224,-18.12154],[32.74231,-18.12162],[32.74231,-18.12171],[32.74231,-18.12185],[32.74241,-18.12203],[32.74264,-18.12257],[32.74333,-18.12362],[32.74379,-18.12431],[32.74419,-18.12479],[32.74436,-18.12501],[32.74464,-18.12543],[32.74496,-18.12593],[32.74512,-18.12618],[32.74509,-18.12633],[32.74508,-18.12641],[32.74509,-18.12646],[32.74514,-18.12652],[32.74518,-18.12655],[32.74527,-18.12655],[32.74562,-18.12657],[32.74608,-18.12661],[32.74698,-18.12661],[32.74707,-18.12658],[32.74717,-18.1266],[32.74733,-18.12664],[32.74746,-18.12664],[32.7475,-18.12664],[32.74755,-18.12665],[32.74759,-18.12667],[32.74759,-18.12668],[32.74755,-18.12671],[32.74747,-18.12677],[32.74708,-18.12706],[32.74677,-18.12732],[32.74665,-18.12743],[32.74661,-18.12746],[32.74651,-18.12766],[32.74642,-18.12778],[32.74638,-18.12788],[32.74633,-18.1281],[32.74634,-18.12821],[32.74633,-18.12835],[32.74627,-18.12847],[32.74623,-18.12855],[32.74609,-18.12863]]}},{"type":"Feature","properties":{"kind":"track","name":""},"geometry":{"type":"LineString","coordinates":[[32.73473,-18.1368],[32.73494,-18.13671],[32.73501,-18.13645],[32.73494,-18.13583],[32.73494,-18.13566],[32.73499,-18.13546],[32.73522,-18.13517],[32.7355,-18.13496],[32.73591,-18.1347],[32.73636,-18.13442],[32.73666,-18.13421],[32.73747,-18.13353],[32.73796,-18.13308],[32.73836,-18.13288],[32.73858,-18.13269],[32.73875,-18.13255],[32.73939,-18.13232],[32.73968,-18.13222],[32.73981,-18.13219],[32.74002,-18.13218],[32.7404,-18.13212],[32.74053,-18.13208],[32.74061,-18.13199],[32.74067,-18.13191],[32.74087,-18.13176],[32.74109,-18.13166],[32.74133,-18.13161],[32.74153,-18.1315],[32.74169,-18.13146],[32.74182,-18.13148],[32.74196,-18.13152],[32.74212,-18.13148],[32.74287,-18.1313],[32.74305,-18.13127],[32.74314,-18.13125],[32.74318,-18.13125],[32.74352,-18.13129],[32.74409,-18.13126],[32.74447,-18.13128],[32.74469,-18.13133],[32.74485,-18.1314],[32.74502,-18.13145],[32.74548,-18.13148],[32.74615,-18.13142],[32.74633,-18.13138],[32.74656,-18.13136],[32.74672,-18.13138],[32.7469,-18.13145],[32.74699,-18.13148],[32.74708,-18.13147],[32.74728,-18.13145],[32.74738,-18.13146],[32.74755,-18.1315],[32.74777,-18.13152],[32.74804,-18.13148],[32.74831,-18.13142],[32.74856,-18.13141],[32.74882,-18.13144],[32.74916,-18.13159],[32.74955,-18.13187],[32.74984,-18.1322],[32.75006,-18.13248],[32.75052,-18.13286],[32.75073,-18.13298],[32.75111,-18.1331],[32.75136,-18.13313],[32.75271,-18.1329],[32.7535,-18.13283],[32.75366,-18.13278],[32.75371,-18.13275],[32.7538,-18.13276],[32.75401,-18.13294],[32.75416,-18.13304],[32.75428,-18.13307],[32.75445,-18.13306],[32.75457,-18.13297],[32.75474,-18.13276],[32.75488,-18.13246],[32.75505,-18.13225],[32.75544,-18.13178],[32.75565,-18.13162],[32.75612,-18.13142],[32.75667,-18.13109],[32.75687,-18.131],[32.75728,-18.13091],[32.75746,-18.13086],[32.75761,-18.13079],[32.75768,-18.13078],[32.75772,-18.1308],[32.75779,-18.13086],[32.75785,-18.13089],[32.75799,-18.13087],[32.75827,-18.13078],[32.75851,-18.13059],[32.75882,-18.13018],[32.75906,-18.1299],[32.75917,-18.12963],[32.7592,-18.12953],[32.75927,-18.12945],[32.75937,-18.12937],[32.75945,-18.12933],[32.75956,-18.12932],[32.75967,-18.1293],[32.75996,-18.12917],[32.76014,-18.12905],[32.76021,-18.12895],[32.76035,-18.12871],[32.76046,-18.1286],[32.76083,-18.12842],[32.76098,-18.12831],[32.76107,-18.1282],[32.76112,-18.12814],[32.76132,-18.12801],[32.76183,-18.12785],[32.76193,-18.12779],[32.76202,-18.12772],[32.76211,-18.12768],[32.7622,-18.12766],[32.76231,-18.12758],[32.76235,-18.12753],[32.76242,-18.12751],[32.76252,-18.12754],[32.76327,-18.12779],[32.76337,-18.1278],[32.76351,-18.12776],[32.76366,-18.12763],[32.76414,-18.12712],[32.76432,-18.127],[32.76456,-18.12684],[32.76492,-18.12666],[32.76543,-18.12628],[32.76571,-18.12604],[32.76582,-18.1259],[32.76594,-18.12578],[32.76613,-18.12571],[32.76637,-18.12567],[32.76663,-18.12571],[32.76686,-18.12568],[32.76708,-18.1256],[32.76721,-18.12559],[32.76733,-18.12559],[32.7674,-18.12564],[32.76753,-18.12577],[32.76766,-18.12587],[32.7678,-18.12594],[32.76789,-18.12601],[32.76815,-18.12631],[32.76822,-18.12643],[32.76828,-18.12662],[32.76857,-18.12731],[32.76858,-18.12737],[32.76856,-18.12741],[32.76838,-18.1277],[32.76835,-18.12778],[32.76834,-18.12781],[32.76836,-18.12784],[32.769,-18.12823],[32.7693,-18.12848],[32.76946,-18.12862],[32.7695,-18.12868],[32.76949,-18.12872],[32.76946,-18.12884],[32.76947,-18.12889],[32.76955,-18.12911],[32.77038,-18.13068],[32.77049,-18.13084],[32.77054,-18.13101],[32.77057,-18.13114],[32.77048,-18.13129],[32.7702,-18.13141],[32.76973,-18.13159],[32.76943,-18.13164],[32.76918,-18.13176],[32.76884,-18.13195],[32.76846,-18.13223],[32.76836,-18.13244],[32.76825,-18.13276],[32.76814,-18.13292],[32.76798,-18.13311],[32.76787,-18.1333],[32.76787,-18.13358],[32.76765,-18.13439],[32.76747,-18.13468],[32.76734,-18.13476],[32.76728,-18.13498],[32.76733,-18.13518],[32.76723,-18.13522],[32.76699,-18.13512],[32.7667,-18.13492],[32.76646,-18.13491],[32.76633,-18.13483],[32.7662,-18.1348],[32.76611,-18.13483],[32.76606,-18.13488],[32.76602,-18.135],[32.76596,-18.13511],[32.76577,-18.13522],[32.76555,-18.13541],[32.76546,-18.13551],[32.76545,-18.13559],[32.76548,-18.13571],[32.76548,-18.1359],[32.76552,-18.13604],[32.76571,-18.13628],[32.76581,-18.13649],[32.76584,-18.13666],[32.76591,-18.13695],[32.76592,-18.13702],[32.7659,-18.13704],[32.76578,-18.13705],[32.76561,-18.13702],[32.76554,-18.13702],[32.7655,-18.13705],[32.76534,-18.13717],[32.76525,-18.13726],[32.76517,-18.1373],[32.7651,-18.13729],[32.76508,-18.13728],[32.76505,-18.13727],[32.76502,-18.13731],[32.76485,-18.13744],[32.76476,-18.13749],[32.76465,-18.13749],[32.76445,-18.13747],[32.76396,-18.13733],[32.76381,-18.13732],[32.76374,-18.13732],[32.76366,-18.13736],[32.7636,-18.13748],[32.76357,-18.13781],[32.76361,-18.13801],[32.7636,-18.13828],[32.7635,-18.13851],[32.76336,-18.13869],[32.76297,-18.13895],[32.76263,-18.13916],[32.76231,-18.13949],[32.76213,-18.13968],[32.76208,-18.13982],[32.76206,-18.14],[32.76208,-18.14015],[32.76209,-18.14027],[32.76202,-18.14044],[32.76189,-18.14075],[32.7618,-18.14092],[32.76161,-18.14111],[32.76157,-18.14126],[32.76152,-18.14132],[32.76142,-18.14142],[32.76139,-18.1415],[32.7613,-18.14165],[32.76119,-18.14176],[32.76101,-18.14182],[32.76079,-18.14188],[32.76058,-18.14185],[32.76036,-18.14179],[32.76025,-18.14179],[32.75998,-18.14185],[32.75985,-18.14186],[32.75968,-18.14191],[32.75948,-18.14201],[32.75933,-18.14206],[32.7592,-18.14215],[32.75886,-18.14241],[32.75863,-18.14256],[32.75823,-18.14289],[32.75788,-18.14326],[32.75778,-18.14334],[32.75764,-18.14348],[32.75759,-18.14356],[32.75733,-18.14367],[32.75721,-18.14373],[32.75715,-18.14379],[32.7571,-18.14388],[32.75705,-18.14401],[32.757,-18.14429],[32.75697,-18.14462],[32.75677,-18.14517],[32.75671,-18.14533],[32.75658,-18.14551],[32.75648,-18.14561],[32.7564,-18.14564],[32.75622,-18.14558],[32.75609,-18.14553],[32.75603,-18.14557],[32.75603,-18.14568],[32.75602,-18.14578],[32.75594,-18.14591],[32.75551,-18.14629],[32.75524,-18.14657],[32.75513,-18.14675],[32.75504,-18.14683],[32.75483,-18.14692],[32.75468,-18.14699],[32.75457,-18.14699],[32.75446,-18.14701],[32.75437,-18.14713]]}},{"type":"Feature","properties":{"kind":"road","name":""},"geometry":{"type":"LineString","coordinates":[[32.74895,-18.15458],[32.74862,-18.15503],[32.74846,-18.15526],[32.74833,-18.15551],[32.74823,-18.15583],[32.74807,-18.15604],[32.74796,-18.15613],[32.74742,-18.1564],[32.74709,-18.15666],[32.74694,-18.15685],[32.74693,-18.15697],[32.7471,-18.15743],[32.7472,-18.15764],[32.74727,-18.15798],[32.74715,-18.15835],[32.747,-18.15857],[32.74687,-18.15861],[32.74641,-18.15868],[32.74592,-18.15883],[32.74538,-18.15905],[32.74509,-18.1593],[32.74467,-18.1595]]}},{"type":"Feature","properties":{"kind":"road","name":""},"geometry":{"type":"LineString","coordinates":[[32.74908,-18.15442],[32.74895,-18.15458]]}},{"type":"Feature","properties":{"kind":"road","name":""},"geometry":{"type":"LineString","coordinates":[[32.73253,-18.19233],[32.73331,-18.19294],[32.73392,-18.19343],[32.73418,-18.19373],[32.73433,-18.19395],[32.7345,-18.19415],[32.7352,-18.19465],[32.73539,-18.19483],[32.73553,-18.19488],[32.73582,-18.1949],[32.73628,-18.19484],[32.73682,-18.19468],[32.73729,-18.19464],[32.73791,-18.1947],[32.73853,-18.19489],[32.73897,-18.19511],[32.73923,-18.19528],[32.73943,-18.19561],[32.73953,-18.19589],[32.73963,-18.19623],[32.73971,-18.1969],[32.74003,-18.19752],[32.7404,-18.1985],[32.74068,-18.19896],[32.74075,-18.19912],[32.7408,-18.19948],[32.7408,-18.20014],[32.74081,-18.20029],[32.74092,-18.20101],[32.74099,-18.20172],[32.74096,-18.20194],[32.74092,-18.2021],[32.74066,-18.20282],[32.74063,-18.20297],[32.74067,-18.20306],[32.74101,-18.20398],[32.74112,-18.20426],[32.7412,-18.20441],[32.7413,-18.20455],[32.74155,-18.20476]]}},{"type":"Feature","properties":{"kind":"road","name":""},"geometry":{"type":"LineString","coordinates":[[32.73253,-18.19233],[32.7324,-18.19232],[32.73183,-18.19232],[32.73145,-18.19236],[32.73114,-18.19247],[32.73103,-18.19254],[32.73098,-18.19253],[32.73086,-18.19245],[32.73011,-18.19198],[32.72979,-18.19185],[32.72939,-18.19174],[32.72918,-18.19177],[32.72912,-18.19178],[32.72907,-18.19174],[32.72884,-18.19154],[32.72848,-18.19125],[32.72797,-18.19079],[32.72789,-18.19066],[32.72785,-18.19054],[32.72779,-18.19044],[32.72726,-18.1902],[32.72687,-18.18995],[32.72643,-18.18974],[32.72605,-18.18959],[32.72565,-18.18921],[32.72542,-18.18897],[32.72519,-18.18863],[32.72519,-18.18846],[32.72518,-18.1883],[32.72509,-18.18811],[32.72433,-18.18714],[32.72387,-18.18646],[32.72334,-18.18574],[32.72298,-18.18531],[32.72285,-18.18508],[32.72273,-18.1847],[32.72244,-18.18425],[32.72231,-18.18383],[32.7222,-18.18366],[32.72204,-18.18339],[32.7219,-18.18296],[32.72167,-18.18256],[32.72142,-18.18224],[32.72104,-18.18177],[32.72042,-18.18123],[32.72034,-18.18118],[32.72028,-18.18117],[32.72023,-18.18121],[32.72014,-18.18136],[32.71996,-18.18172],[32.71991,-18.18197],[32.71988,-18.18209],[32.71969,-18.18246],[32.71954,-18.18277],[32.7192,-18.18319],[32.71891,-18.18353],[32.71872,-18.1837],[32.71862,-18.18379],[32.7185,-18.18396],[32.71839,-18.18427],[32.71833,-18.18446],[32.71826,-18.18455],[32.71815,-18.18462],[32.71796,-18.18467],[32.7174,-18.18464],[32.71696,-18.18454],[32.71678,-18.18448],[32.7165,-18.18448],[32.71613,-18.18448],[32.71598,-18.18443],[32.71594,-18.18438],[32.71592,-18.18426],[32.71581,-18.18414],[32.71546,-18.18403],[32.71528,-18.184],[32.71508,-18.18402],[32.7149,-18.18397],[32.71483,-18.184],[32.71472,-18.18413],[32.71454,-18.18425],[32.71426,-18.18438],[32.71404,-18.18437],[32.71386,-18.18439],[32.71364,-18.18441],[32.71354,-18.18449],[32.71344,-18.18453],[32.71337,-18.18449],[32.71329,-18.18377]]}},{"type":"Feature","properties":{"kind":"track","name":""},"geometry":{"type":"LineString","coordinates":[[32.68645,-18.19118],[32.68646,-18.19104],[32.68649,-18.19099],[32.68658,-18.1909],[32.68669,-18.1908],[32.68684,-18.1907],[32.68699,-18.19061],[32.68712,-18.19052],[32.6872,-18.19045],[32.68726,-18.19031],[32.68733,-18.19019],[32.68739,-18.19008],[32.68745,-18.18998],[32.68748,-18.18986],[32.68753,-18.18977],[32.68763,-18.1897],[32.68772,-18.18962],[32.68779,-18.18954],[32.68786,-18.18941],[32.68793,-18.18929],[32.68809,-18.18918],[32.68822,-18.18912],[32.68834,-18.18908],[32.68844,-18.18903],[32.68855,-18.18897],[32.68864,-18.18893],[32.68872,-18.18887],[32.68888,-18.18871],[32.68901,-18.18862],[32.68917,-18.18851],[32.68934,-18.18841],[32.68946,-18.18833],[32.68955,-18.18829],[32.68966,-18.18827],[32.68974,-18.18824],[32.6898,-18.18816],[32.68987,-18.18809],[32.68994,-18.18792],[32.6901,-18.18761],[32.69023,-18.18736],[32.69031,-18.18724],[32.69038,-18.18715],[32.69045,-18.18705],[32.6905,-18.18696],[32.69052,-18.18686],[32.69052,-18.18664],[32.69055,-18.18652],[32.69058,-18.1864],[32.69065,-18.18621],[32.69073,-18.18606],[32.69078,-18.18596],[32.69081,-18.18586],[32.69083,-18.18572],[32.6908,-18.18552],[32.69075,-18.18526],[32.69072,-18.18517],[32.6907,-18.18509],[32.69071,-18.18504],[32.69076,-18.18498],[32.6909,-18.1849],[32.69112,-18.18477],[32.69118,-18.18473],[32.69128,-18.18466],[32.69136,-18.18454],[32.69142,-18.18437],[32.69147,-18.18412],[32.69149,-18.18389],[32.69155,-18.18367],[32.69162,-18.1834],[32.69164,-18.18321],[32.69166,-18.18302],[32.69166,-18.1828],[32.69165,-18.18263],[32.69156,-18.18242],[32.69151,-18.18227],[32.69149,-18.18214],[32.69146,-18.18206],[32.6914,-18.18197],[32.69127,-18.18189],[32.69114,-18.18172],[32.69102,-18.18155],[32.69087,-18.18134],[32.69068,-18.18106],[32.69052,-18.18085],[32.69044,-18.18071],[32.69029,-18.18049],[32.69017,-18.18037],[32.69003,-18.18024],[32.68991,-18.18018],[32.68984,-18.18015],[32.68977,-18.18017],[32.68969,-18.18024],[32.68961,-18.18031],[32.68957,-18.18035],[32.68951,-18.18039],[32.68939,-18.18041],[32.68925,-18.18033],[32.689,-18.1802],[32.68875,-18.18],[32.68859,-18.17991],[32.68846,-18.17983],[32.68831,-18.17977],[32.68818,-18.17973],[32.68784,-18.17959],[32.68756,-18.17948],[32.68745,-18.17941],[32.68737,-18.17935],[32.68717,-18.17926],[32.68704,-18.17924],[32.68689,-18.17924],[32.6868,-18.17922],[32.68668,-18.17916],[32.68661,-18.17906],[32.68662,-18.17896],[32.68665,-18.17881],[32.68664,-18.17871],[32.68654,-18.17854],[32.68647,-18.17836],[32.68638,-18.1781],[32.68631,-18.17795],[32.68625,-18.17786],[32.68619,-18.17779],[32.6861,-18.17775],[32.68602,-18.17771],[32.68595,-18.17765],[32.68592,-18.17757],[32.68589,-18.1774],[32.6858,-18.17721],[32.68558,-18.17693],[32.68547,-18.17682],[32.68544,-18.17674],[32.68536,-18.1766],[32.68526,-18.17651],[32.68512,-18.17644],[32.68496,-18.17633],[32.68483,-18.17626],[32.68478,-18.17624],[32.68475,-18.17624],[32.68471,-18.17626],[32.68464,-18.17632],[32.68458,-18.17637],[32.68454,-18.17643],[32.68451,-18.17648],[32.68443,-18.17654],[32.68437,-18.17658],[32.68429,-18.17663],[32.6842,-18.17668],[32.68411,-18.17672],[32.68402,-18.17674],[32.68394,-18.17674],[32.68386,-18.17673],[32.68378,-18.17674],[32.6837,-18.17675],[32.68362,-18.17677],[32.68354,-18.17678],[32.68342,-18.17682],[32.68333,-18.17686],[32.68328,-18.17688],[32.68318,-18.1769],[32.68307,-18.1769],[32.68293,-18.17692],[32.68282,-18.17694],[32.68272,-18.17692],[32.68264,-18.17689],[32.68262,-18.17682],[32.68261,-18.17675],[32.68256,-18.17666],[32.6825,-18.17659],[32.68244,-18.17653],[32.68237,-18.17651],[32.6823,-18.17652],[32.68224,-18.17655],[32.68215,-18.17664],[32.68207,-18.17669],[32.68199,-18.17673],[32.68191,-18.17676],[32.68177,-18.17676],[32.68164,-18.17679],[32.68154,-18.17681],[32.68142,-18.17685],[32.68125,-18.17686],[32.68102,-18.17685],[32.68081,-18.17686],[32.6807,-18.17686],[32.6806,-18.17686],[32.68051,-18.17683],[32.68044,-18.17679],[32.68036,-18.17678],[32.68028,-18.17679],[32.68017,-18.17686]]}},{"type":"Feature","properties":{"kind":"track","name":""},"geometry":{"type":"LineString","coordinates":[[32.67481,-18.18085],[32.67469,-18.18076],[32.67461,-18.18068],[32.67452,-18.18057],[32.67446,-18.18045],[32.67437,-18.18019],[32.67435,-18.18009],[32.67433,-18.17994],[32.67436,-18.17972],[32.67436,-18.17952],[32.67435,-18.17934],[32.67438,-18.17915],[32.67444,-18.17885],[32.67451,-18.17861],[32.67457,-18.17843],[32.67458,-18.17832],[32.6746,-18.17824],[32.67467,-18.17813],[32.67483,-18.17797],[32.67489,-18.17791],[32.67491,-18.17783],[32.67495,-18.17778],[32.67502,-18.17772],[32.67509,-18.17765],[32.67515,-18.17754],[32.6752,-18.17745],[32.67526,-18.1774],[32.67529,-18.17728],[32.67531,-18.17716],[32.67531,-18.17709],[32.67534,-18.17703],[32.67539,-18.17692],[32.67547,-18.17679],[32.67575,-18.17653],[32.67579,-18.17646],[32.67585,-18.17641],[32.67598,-18.17632],[32.67617,-18.17621],[32.67635,-18.17606],[32.67645,-18.17597],[32.67655,-18.17591],[32.67662,-18.17587],[32.67671,-18.1758],[32.67683,-18.17571],[32.67694,-18.17569],[32.67706,-18.17569],[32.67721,-18.17566],[32.67734,-18.17563],[32.67747,-18.17562],[32.67761,-18.17563],[32.67776,-18.17561],[32.67787,-18.17559],[32.67803,-18.17558],[32.67814,-18.17558],[32.67823,-18.17559],[32.6783,-18.17564],[32.67835,-18.17566],[32.67844,-18.17568],[32.67854,-18.17571],[32.67863,-18.17578],[32.67869,-18.17585],[32.67871,-18.1759],[32.67879,-18.17596],[32.67888,-18.17601],[32.67896,-18.17609],[32.67902,-18.17617],[32.67906,-18.17626],[32.67905,-18.17638],[32.67904,-18.17644],[32.67903,-18.17651],[32.67904,-18.17656],[32.67905,-18.17666],[32.67904,-18.17674],[32.679,-18.17685],[32.67898,-18.17691],[32.67895,-18.17703]]}},{"type":"Feature","properties":{"kind":"track","name":""},"geometry":{"type":"LineString","coordinates":[[32.67267,-18.18229],[32.67271,-18.18205],[32.67274,-18.18182],[32.67277,-18.1817],[32.67282,-18.18163],[32.67291,-18.18156],[32.6731,-18.18149],[32.67325,-18.18145],[32.67344,-18.18138],[32.67358,-18.18131],[32.67376,-18.18126],[32.67398,-18.1812],[32.67421,-18.18112],[32.6745,-18.181],[32.6747,-18.1809],[32.67481,-18.18085],[32.67491,-18.18082],[32.67499,-18.18081],[32.67506,-18.1808],[32.67519,-18.18074],[32.67536,-18.18061],[32.67549,-18.18047],[32.67558,-18.18036],[32.67565,-18.18023],[32.67571,-18.18012],[32.6758,-18.18001],[32.67587,-18.17991],[32.67592,-18.17983],[32.67595,-18.17978],[32.67603,-18.17976],[32.67613,-18.17976],[32.67627,-18.17976],[32.67639,-18.17973],[32.6765,-18.17968],[32.67661,-18.17963],[32.67674,-18.17958],[32.67702,-18.17943],[32.67721,-18.17932],[32.67732,-18.17924],[32.67743,-18.17912],[32.67753,-18.17905],[32.67771,-18.17898],[32.67788,-18.17894],[32.67803,-18.17889],[32.67817,-18.17885],[32.67826,-18.17885],[32.67833,-18.17887],[32.67838,-18.17889],[32.67842,-18.17887],[32.67845,-18.17881],[32.67851,-18.17871],[32.67861,-18.17859],[32.67869,-18.1785],[32.6787,-18.17845],[32.67869,-18.17837],[32.6786,-18.17824],[32.67851,-18.17814],[32.67848,-18.17809],[32.67845,-18.17797],[32.67847,-18.17778],[32.67852,-18.1776],[32.67861,-18.17743],[32.67887,-18.17709],[32.67895,-18.17703],[32.67903,-18.17697],[32.67911,-18.17688],[32.67917,-18.17676],[32.6792,-18.17666],[32.67922,-18.17656],[32.67924,-18.17645],[32.6793,-18.17636],[32.67938,-18.17622],[32.67952,-18.17606],[32.67961,-18.17592],[32.67968,-18.17577],[32.67972,-18.17563],[32.67974,-18.17551],[32.67974,-18.17537],[32.67972,-18.17521],[32.67971,-18.17511],[32.67975,-18.17501],[32.6798,-18.17489]]}},{"type":"Feature","properties":{"kind":"track","name":""},"geometry":{"type":"LineString","coordinates":[[32.68609,-18.19747],[32.68495,-18.19659],[32.68408,-18.19581],[32.68384,-18.19554],[32.68362,-18.19518],[32.68351,-18.19492],[32.68335,-18.19478],[32.68315,-18.19458],[32.68297,-18.19438],[32.6829,-18.19426],[32.68271,-18.19396],[32.68258,-18.19376],[32.68248,-18.19359],[32.68238,-18.19339],[32.68224,-18.19312],[32.68219,-18.19302],[32.68214,-18.19295],[32.68204,-18.19288],[32.68187,-18.19278],[32.68178,-18.19272],[32.68172,-18.19262],[32.6817,-18.1925],[32.68167,-18.19229],[32.68164,-18.19217],[32.68158,-18.19206],[32.68149,-18.19197],[32.68135,-18.19188],[32.68128,-18.19183],[32.68121,-18.19175],[32.68114,-18.19164],[32.68107,-18.19157],[32.68097,-18.19149],[32.6809,-18.19142],[32.68085,-18.1913],[32.68073,-18.19103],[32.68062,-18.19078],[32.68049,-18.19063],[32.68038,-18.19044],[32.68021,-18.19017],[32.68009,-18.19],[32.67996,-18.18984],[32.67988,-18.18976],[32.6798,-18.18972],[32.67966,-18.18966],[32.67953,-18.18964],[32.67943,-18.18958],[32.67935,-18.18954],[32.67927,-18.18944],[32.6792,-18.18933],[32.67914,-18.18929],[32.67906,-18.18926],[32.67894,-18.18923],[32.67884,-18.18918],[32.67871,-18.1891],[32.67859,-18.18905],[32.67843,-18.18894],[32.67829,-18.18885],[32.67808,-18.18872],[32.67799,-18.18865],[32.67791,-18.18859],[32.67782,-18.18856],[32.67772,-18.18853],[32.67764,-18.18849],[32.67759,-18.18843],[32.67756,-18.18841],[32.67752,-18.1884],[32.67749,-18.18841],[32.67742,-18.18842],[32.67737,-18.18843],[32.67731,-18.18842],[32.67724,-18.1884],[32.67719,-18.18835],[32.67714,-18.18831],[32.67708,-18.18829],[32.67702,-18.18827],[32.67695,-18.18823],[32.67682,-18.18817],[32.67662,-18.18802],[32.67643,-18.18789],[32.67616,-18.18767],[32.67601,-18.18754],[32.67594,-18.18742],[32.67588,-18.18731],[32.67581,-18.18718],[32.67575,-18.18708],[32.67563,-18.18694],[32.67545,-18.18672],[32.67531,-18.18649],[32.6752,-18.18631],[32.6751,-18.18619],[32.67487,-18.18595],[32.67461,-18.1857],[32.67441,-18.18547],[32.67426,-18.18523],[32.67421,-18.18512],[32.67419,-18.18506],[32.67418,-18.18496],[32.67418,-18.18481],[32.6742,-18.18455],[32.67421,-18.18422],[32.6742,-18.18403],[32.67419,-18.18392],[32.67416,-18.18382],[32.67409,-18.18372],[32.67401,-18.18364],[32.6739,-18.18358],[32.6738,-18.18351],[32.67371,-18.18341],[32.67363,-18.18331],[32.67351,-18.18315],[32.67334,-18.18295],[32.6732,-18.18276],[32.67294,-18.18249],[32.67267,-18.18229],[32.67226,-18.18202],[32.67185,-18.18178],[32.67174,-18.18167],[32.67165,-18.18155],[32.67156,-18.18141],[32.67146,-18.18128],[32.6714,-18.18117],[32.67136,-18.18104],[32.67129,-18.18089],[32.67127,-18.18075],[32.67127,-18.18057],[32.67127,-18.18044],[32.67124,-18.18031],[32.67116,-18.17988],[32.67109,-18.17949],[32.67107,-18.17931],[32.67109,-18.17917],[32.67111,-18.17905],[32.67112,-18.179],[32.67112,-18.17895],[32.6711,-18.17891],[32.67108,-18.17887],[32.67103,-18.17885],[32.67097,-18.17881],[32.67088,-18.17873],[32.6708,-18.17866],[32.67072,-18.17861],[32.67064,-18.17858],[32.67053,-18.17854],[32.67039,-18.17847],[32.67011,-18.17833],[32.66976,-18.17816],[32.66963,-18.17809],[32.66955,-18.17805],[32.66951,-18.17802],[32.66945,-18.17797],[32.66936,-18.17792],[32.66925,-18.17787],[32.66919,-18.17784],[32.66909,-18.17782],[32.66897,-18.17778],[32.66887,-18.17775],[32.66881,-18.1777],[32.66872,-18.17763],[32.66865,-18.17754],[32.66853,-18.1774],[32.66848,-18.17733],[32.66846,-18.17728],[32.66844,-18.17723],[32.66841,-18.1772],[32.66832,-18.17715],[32.6682,-18.17709],[32.66808,-18.17704],[32.668,-18.17699],[32.66791,-18.1769],[32.66782,-18.17682],[32.66768,-18.17672],[32.66758,-18.17664],[32.66747,-18.17656],[32.66741,-18.17651],[32.66734,-18.17643],[32.66726,-18.17633],[32.66722,-18.17628],[32.66715,-18.17624],[32.66709,-18.17621],[32.66703,-18.17619],[32.66695,-18.17614],[32.66689,-18.17607],[32.66681,-18.17603],[32.66669,-18.17596],[32.66661,-18.17592],[32.6665,-18.17587],[32.66638,-18.17583],[32.66622,-18.17579],[32.66605,-18.17575],[32.66596,-18.17572],[32.66587,-18.17567],[32.66575,-18.17562],[32.66563,-18.17559],[32.66554,-18.17554],[32.66546,-18.17552],[32.66537,-18.17551],[32.6653,-18.17547],[32.6652,-18.17543],[32.66512,-18.17539],[32.66504,-18.17536],[32.66495,-18.17533],[32.66483,-18.17529],[32.66475,-18.17526],[32.66469,-18.17522],[32.66464,-18.1752],[32.66458,-18.17516],[32.66454,-18.17509],[32.66449,-18.17501],[32.66446,-18.17495],[32.66439,-18.17488],[32.66429,-18.17476],[32.66417,-18.17463],[32.66413,-18.17456],[32.66409,-18.17448],[32.66408,-18.17441],[32.66409,-18.17429],[32.66411,-18.17416],[32.66418,-18.17398],[32.66423,-18.1739],[32.66427,-18.17382],[32.66435,-18.17376]]}},{"type":"Feature","properties":{"kind":"track","name":""},"geometry":{"type":"LineString","coordinates":[[32.67972,-18.17391],[32.6797,-18.17385],[32.67969,-18.17381],[32.6797,-18.17378],[32.67976,-18.17368],[32.67978,-18.17357],[32.6798,-18.17343],[32.67982,-18.17329],[32.67984,-18.17314],[32.67989,-18.17292],[32.67992,-18.17271],[32.67998,-18.17258],[32.68002,-18.17248],[32.68004,-18.1724],[32.68004,-18.17233],[32.68003,-18.17227],[32.68001,-18.1722],[32.67996,-18.17215],[32.67993,-18.17211],[32.6799,-18.17207],[32.67989,-18.17201],[32.67992,-18.17187],[32.67995,-18.17164],[32.67998,-18.17149],[32.68001,-18.17133],[32.68006,-18.17118],[32.68018,-18.17083],[32.68028,-18.17058],[32.68034,-18.17043],[32.68038,-18.1703],[32.68041,-18.17004],[32.68044,-18.16996],[32.68048,-18.16986],[32.68055,-18.16979],[32.6806,-18.16975],[32.68065,-18.1697],[32.68068,-18.16966],[32.68068,-18.16959],[32.68065,-18.1695],[32.6806,-18.16941],[32.68058,-18.16932],[32.68055,-18.16916],[32.68038,-18.16863],[32.68021,-18.16827],[32.68011,-18.16806],[32.68004,-18.16789],[32.68002,-18.16782],[32.67999,-18.16775],[32.67998,-18.16755],[32.67996,-18.16705],[32.67996,-18.16647],[32.68001,-18.16615],[32.68009,-18.16581],[32.68016,-18.16551],[32.68021,-18.16509],[32.68023,-18.16488],[32.68022,-18.16459],[32.68022,-18.16412],[32.68022,-18.16402],[32.68027,-18.16389],[32.6804,-18.16364],[32.68079,-18.16316],[32.68104,-18.16285],[32.68123,-18.16264],[32.68134,-18.1625],[32.68146,-18.16235],[32.6815,-18.16228],[32.68157,-18.16213],[32.68164,-18.16189],[32.68193,-18.16117],[32.68217,-18.16049],[32.68218,-18.1604],[32.68218,-18.16026],[32.68207,-18.15979],[32.682,-18.15953],[32.68195,-18.15933],[32.6819,-18.15906],[32.68174,-18.15829],[32.6816,-18.15765],[32.68149,-18.15717],[32.68147,-18.15705],[32.68145,-18.15695],[32.68147,-18.15686],[32.68152,-18.15675],[32.68165,-18.15659],[32.68179,-18.15646],[32.68194,-18.15629],[32.68209,-18.15609],[32.68218,-18.15598],[32.68223,-18.15587],[32.68226,-18.15577],[32.68228,-18.15563],[32.6823,-18.15542],[32.68231,-18.15518],[32.68235,-18.15501],[32.6824,-18.15486],[32.68246,-18.15473],[32.68259,-18.15457],[32.68267,-18.15444],[32.68277,-18.15425],[32.68287,-18.15408],[32.68294,-18.15395],[32.68301,-18.1538],[32.68309,-18.15364],[32.68313,-18.15352],[32.68315,-18.15337],[32.68313,-18.15317],[32.68307,-18.15296],[32.68304,-18.15283],[32.68303,-18.15272],[32.68297,-18.15261],[32.68292,-18.15251],[32.6828,-18.15238],[32.6827,-18.15228],[32.68267,-18.15221],[32.68266,-18.15214],[32.68268,-18.15207]]}},{"type":"Feature","properties":{"kind":"track","name":""},"geometry":{"type":"LineString","coordinates":[[32.70177,-18.15787],[32.70139,-18.15796],[32.70099,-18.15805],[32.70076,-18.15815],[32.70055,-18.15834],[32.70042,-18.15854],[32.70019,-18.1587],[32.70011,-18.15879],[32.70011,-18.15886],[32.7001,-18.15897],[32.70005,-18.15908],[32.70002,-18.1592],[32.7,-18.15928],[32.69999,-18.15936],[32.7,-18.15944],[32.70001,-18.1595],[32.70005,-18.15956],[32.70008,-18.15962],[32.70011,-18.15969],[32.70011,-18.15976],[32.70011,-18.15981],[32.70006,-18.15993],[32.70002,-18.1601],[32.69995,-18.16025],[32.6999,-18.16037],[32.6998,-18.16062],[32.69974,-18.16076],[32.69969,-18.16085],[32.69962,-18.16098],[32.69957,-18.1611],[32.69949,-18.16122],[32.69945,-18.16131],[32.69942,-18.16143],[32.6994,-18.16157],[32.69939,-18.16162],[32.69937,-18.16168],[32.69934,-18.16171],[32.69929,-18.16177],[32.69926,-18.16183],[32.69923,-18.16195],[32.69922,-18.16206],[32.69922,-18.16215],[32.6992,-18.16222],[32.69916,-18.16229],[32.69913,-18.16239],[32.69911,-18.16252],[32.69908,-18.1627],[32.69905,-18.16294],[32.69901,-18.16314],[32.69895,-18.16342],[32.69892,-18.16353],[32.69888,-18.16364],[32.69883,-18.16378],[32.69879,-18.16397],[32.69874,-18.16408],[32.69869,-18.16417],[32.69864,-18.16427],[32.69862,-18.1644],[32.6986,-18.16453],[32.69861,-18.16466],[32.69858,-18.1648],[32.69853,-18.16493],[32.69849,-18.16505],[32.69843,-18.16514],[32.69839,-18.16519],[32.69838,-18.16529],[32.69839,-18.16535],[32.69841,-18.16547],[32.69841,-18.16561],[32.69838,-18.16574],[32.69832,-18.16597],[32.69828,-18.16621],[32.69826,-18.16641],[32.69824,-18.16655],[32.69821,-18.16663],[32.6982,-18.16674],[32.69823,-18.16686],[32.69826,-18.16696],[32.69826,-18.16702],[32.69822,-18.16712],[32.69818,-18.16726],[32.69812,-18.16745],[32.69806,-18.16766],[32.69805,-18.16784],[32.69802,-18.168],[32.69793,-18.16818],[32.69783,-18.16841],[32.69764,-18.16871]]}},{"type":"Feature","properties":{"kind":"track","name":""},"geometry":{"type":"LineString","coordinates":[[32.68313,-18.15317],[32.68329,-18.15328],[32.68342,-18.15332],[32.68358,-18.1533],[32.68374,-18.1533],[32.68392,-18.1533],[32.68408,-18.15329],[32.68424,-18.15331],[32.68435,-18.15333],[32.68447,-18.15335],[32.68455,-18.15337],[32.68465,-18.15339],[32.68478,-18.15339],[32.68499,-18.15339],[32.68518,-18.1534],[32.68534,-18.15342],[32.68548,-18.15345],[32.68558,-18.15348],[32.68573,-18.15354],[32.68587,-18.15358],[32.68598,-18.15361],[32.68603,-18.15363],[32.68608,-18.15368],[32.68614,-18.15373],[32.6862,-18.15377],[32.68628,-18.1538],[32.68644,-18.15385],[32.68659,-18.15392],[32.6867,-18.15399],[32.68684,-18.15407],[32.68692,-18.15412],[32.68702,-18.15415],[32.68713,-18.15417],[32.68729,-18.15417],[32.68748,-18.15415],[32.6876,-18.15416],[32.68775,-18.15417],[32.68785,-18.15416],[32.68793,-18.15416],[32.68799,-18.15415],[32.68805,-18.15415],[32.68812,-18.15417],[32.68822,-18.1542],[32.6883,-18.1542],[32.68841,-18.15419],[32.68851,-18.15418],[32.68858,-18.15417],[32.68863,-18.15416],[32.68867,-18.15415],[32.6887,-18.15415],[32.68873,-18.15416],[32.68876,-18.15417],[32.6888,-18.1542],[32.68885,-18.15424],[32.68892,-18.15431],[32.68897,-18.15435],[32.68902,-18.15438],[32.68908,-18.15441],[32.68914,-18.15441],[32.68922,-18.15443],[32.6893,-18.15445],[32.68936,-18.15447],[32.68944,-18.1545],[32.68952,-18.15457],[32.68961,-18.15463],[32.68971,-18.15474],[32.6898,-18.15483],[32.68987,-18.1549],[32.68994,-18.15495],[32.68997,-18.15499],[32.68999,-18.15504],[32.69001,-18.15513],[32.69003,-18.15522],[32.69005,-18.15535],[32.69009,-18.15544],[32.69014,-18.15554],[32.69023,-18.15569],[32.69029,-18.15584],[32.69038,-18.15603],[32.69049,-18.1562],[32.69058,-18.15632],[32.69068,-18.15644],[32.69075,-18.15655],[32.6908,-18.15663],[32.69086,-18.15668],[32.69092,-18.15672],[32.69097,-18.15679],[32.69102,-18.1569],[32.69106,-18.15702],[32.69109,-18.15713],[32.69112,-18.15724],[32.69115,-18.15731],[32.69118,-18.15736],[32.69122,-18.15741],[32.69123,-18.15749],[32.69126,-18.15768],[32.6913,-18.15787],[32.69138,-18.15803],[32.69147,-18.1582],[32.69152,-18.15829],[32.69156,-18.15833],[32.69159,-18.15836],[32.6916,-18.15842],[32.69165,-18.1585],[32.6917,-18.15855],[32.69173,-18.15859],[32.69177,-18.15868],[32.69183,-18.15878],[32.69187,-18.15887],[32.69197,-18.15893],[32.69209,-18.15903],[32.69223,-18.15914],[32.69236,-18.15927],[32.69245,-18.15932],[32.6925,-18.15938],[32.69258,-18.1595],[32.69264,-18.15962],[32.69274,-18.15973],[32.69282,-18.15983],[32.69298,-18.15991],[32.69309,-18.15998],[32.69324,-18.16011],[32.69337,-18.16022],[32.69347,-18.16035],[32.69353,-18.16042],[32.69355,-18.16048],[32.69354,-18.16052],[32.69349,-18.16057],[32.69335,-18.16069],[32.69311,-18.16091],[32.69293,-18.16111],[32.69282,-18.16124],[32.69278,-18.1613],[32.6927,-18.1614],[32.69266,-18.16144],[32.69261,-18.16153],[32.69257,-18.16169],[32.69254,-18.16185],[32.69254,-18.16202],[32.69249,-18.16208],[32.69245,-18.16215],[32.69243,-18.16231],[32.69241,-18.16248],[32.69241,-18.16271],[32.69238,-18.16287],[32.69234,-18.16299],[32.69227,-18.16306],[32.69218,-18.16311],[32.69212,-18.16317],[32.69208,-18.16328],[32.69204,-18.16338],[32.69199,-18.16348],[32.69192,-18.16359],[32.69184,-18.16365],[32.6917,-18.16373],[32.69147,-18.16389],[32.69132,-18.16399],[32.69118,-18.16413],[32.69103,-18.16424],[32.69092,-18.16435],[32.69084,-18.1645],[32.6908,-18.16464],[32.69073,-18.16476],[32.69067,-18.16489],[32.69061,-18.16506],[32.69055,-18.16526],[32.6905,-18.1655],[32.69046,-18.16574],[32.69042,-18.16595],[32.69043,-18.16611],[32.69045,-18.16631],[32.69046,-18.16648],[32.69045,-18.16656],[32.6904,-18.16663],[32.69032,-18.16669]]}},{"type":"Feature","properties":{"kind":"track","name":""},"geometry":{"type":"LineString","coordinates":[[32.66411,-18.15958],[32.66342,-18.15957],[32.66316,-18.15957],[32.66297,-18.15961],[32.66288,-18.15972],[32.66269,-18.15992],[32.66251,-18.16007],[32.66233,-18.16028],[32.66219,-18.16049],[32.66214,-18.16067],[32.66213,-18.16093],[32.66202,-18.16126],[32.66194,-18.16149],[32.66191,-18.16172],[32.66186,-18.162],[32.66181,-18.16223],[32.66179,-18.16254],[32.66182,-18.16289],[32.66184,-18.16327],[32.66188,-18.16371],[32.662,-18.16414],[32.66214,-18.1645],[32.66227,-18.16468],[32.66246,-18.1648],[32.66272,-18.16492],[32.66307,-18.16505],[32.66358,-18.16511],[32.66388,-18.16509],[32.66425,-18.16506],[32.66468,-18.16509],[32.66519,-18.16513],[32.6657,-18.16515],[32.666,-18.16508],[32.66634,-18.16497],[32.66677,-18.1648],[32.66721,-18.16463],[32.66731,-18.16458],[32.66742,-18.16459],[32.66758,-18.16474],[32.66784,-18.16494],[32.66805,-18.16506],[32.66822,-18.16508],[32.66845,-18.16506],[32.66862,-18.16508],[32.66886,-18.16513],[32.66907,-18.16517],[32.66935,-18.1651],[32.66967,-18.16501],[32.66993,-18.16497],[32.67037,-18.16495],[32.67079,-18.16497],[32.67112,-18.16501],[32.67146,-18.16502],[32.67184,-18.16495],[32.6721,-18.16495],[32.67224,-18.16494],[32.67237,-18.16498],[32.67244,-18.16507],[32.67247,-18.16523],[32.67253,-18.16548],[32.67264,-18.16554],[32.67285,-18.16554],[32.67309,-18.1655],[32.67322,-18.16548],[32.67343,-18.16552],[32.67368,-18.16555],[32.67394,-18.16557],[32.67419,-18.16556],[32.6744,-18.16556],[32.67456,-18.16556],[32.67471,-18.16554],[32.67486,-18.16561],[32.67511,-18.16573],[32.6753,-18.16586],[32.67544,-18.166],[32.67561,-18.16609],[32.67584,-18.16613],[32.676,-18.16618],[32.67626,-18.1663],[32.67665,-18.16652],[32.677,-18.1667],[32.67726,-18.16688],[32.67766,-18.16715],[32.67811,-18.1675],[32.67845,-18.16774],[32.6787,-18.16782],[32.67897,-18.16788],[32.67933,-18.16794],[32.67955,-18.16795],[32.68002,-18.16782]]}},{"type":"Feature","properties":{"kind":"track","name":""},"geometry":{"type":"LineString","coordinates":[[32.69914,-18.18973],[32.69899,-18.18949],[32.6988,-18.18896],[32.69857,-18.18829],[32.69855,-18.18821],[32.69838,-18.18771],[32.69835,-18.18757],[32.69836,-18.18744],[32.69836,-18.18733],[32.69832,-18.1872],[32.69824,-18.18698],[32.69814,-18.18676],[32.69799,-18.18638],[32.69789,-18.18615],[32.6978,-18.18591],[32.69769,-18.18567],[32.69762,-18.18553],[32.69758,-18.18545],[32.69749,-18.18535],[32.6974,-18.18528],[32.6973,-18.1852],[32.69726,-18.18516],[32.69722,-18.18509],[32.69718,-18.18501],[32.69717,-18.18491],[32.69716,-18.18477],[32.69714,-18.18468],[32.69712,-18.18459],[32.69711,-18.18447],[32.69711,-18.1844],[32.69713,-18.18431],[32.69717,-18.1842],[32.69725,-18.1841],[32.69733,-18.18403],[32.69739,-18.18394],[32.69747,-18.18385],[32.69755,-18.18375],[32.69768,-18.18361],[32.69776,-18.18351],[32.69782,-18.18344],[32.69787,-18.18331],[32.6979,-18.18307],[32.69792,-18.18274],[32.69788,-18.18197],[32.69787,-18.18146],[32.69789,-18.18136],[32.69793,-18.18124],[32.69803,-18.1811],[32.69816,-18.1809],[32.69825,-18.1807],[32.69836,-18.18052],[32.69841,-18.18046],[32.69841,-18.18038],[32.69838,-18.18028],[32.69831,-18.18019],[32.69823,-18.18016],[32.69811,-18.18011],[32.69799,-18.18006],[32.69783,-18.17999],[32.69765,-18.17993],[32.69752,-18.1799],[32.69744,-18.17986],[32.69735,-18.1798],[32.69727,-18.17973],[32.69716,-18.17965],[32.69706,-18.17955],[32.697,-18.17951],[32.69688,-18.17948],[32.69677,-18.17943],[32.69667,-18.17938],[32.69659,-18.17934],[32.69653,-18.17928],[32.69648,-18.17922],[32.69642,-18.17916],[32.69638,-18.17912],[32.69634,-18.17907],[32.69633,-18.17903],[32.69633,-18.17895],[32.69634,-18.17887],[32.69633,-18.17879],[32.6963,-18.17873],[32.69628,-18.17863],[32.69623,-18.17847],[32.69615,-18.1783],[32.69599,-18.17797],[32.69591,-18.17777],[32.69586,-18.17764],[32.69584,-18.17752],[32.69583,-18.17739],[32.69578,-18.17723],[32.69571,-18.177],[32.69563,-18.1768],[32.69558,-18.17669],[32.69551,-18.17661],[32.69524,-18.17644],[32.69488,-18.17626],[32.6947,-18.17616],[32.69439,-18.17601],[32.69429,-18.17594],[32.69415,-18.17585],[32.69408,-18.17577],[32.69396,-18.17562],[32.69376,-18.17548],[32.69349,-18.17529],[32.69337,-18.17519],[32.69324,-18.17507],[32.69318,-18.17498],[32.69312,-18.17491],[32.693,-18.17479],[32.69285,-18.17467],[32.69275,-18.17463],[32.69267,-18.17459],[32.69256,-18.17456],[32.69247,-18.17451],[32.69238,-18.17446],[32.69226,-18.17439],[32.69215,-18.17434],[32.69201,-18.17428],[32.69193,-18.17421],[32.6918,-18.17404],[32.6917,-18.17389],[32.69158,-18.17372],[32.69152,-18.17365],[32.69146,-18.17357],[32.69137,-18.17355],[32.69122,-18.17354],[32.69115,-18.17354],[32.69106,-18.17352],[32.69102,-18.1735],[32.69097,-18.17346],[32.69093,-18.17342],[32.69081,-18.17337],[32.69073,-18.17334],[32.69066,-18.1733],[32.6906,-18.17327],[32.69055,-18.17324],[32.69047,-18.17318],[32.69041,-18.17313],[32.69036,-18.17308],[32.69032,-18.17303],[32.69029,-18.17296],[32.69026,-18.17291],[32.69022,-18.17289],[32.69014,-18.17286],[32.69003,-18.17281],[32.68998,-18.17278],[32.68993,-18.17275],[32.6898,-18.17264],[32.68972,-18.17255],[32.68961,-18.17245],[32.68954,-18.17234],[32.6895,-18.17228],[32.68949,-18.17219],[32.68949,-18.17213],[32.68952,-18.17198],[32.68958,-18.17184],[32.6897,-18.17166],[32.68985,-18.17155],[32.68989,-18.1715],[32.68992,-18.17145],[32.68995,-18.17135],[32.68997,-18.17119],[32.68996,-18.17108],[32.68995,-18.17092],[32.68998,-18.17083],[32.69004,-18.17073],[32.69011,-18.17062],[32.69016,-18.17051],[32.69023,-18.17045],[32.69028,-18.17041],[32.69032,-18.17033],[32.69037,-18.17017],[32.69039,-18.17004],[32.69042,-18.16995],[32.69053,-18.16975],[32.69068,-18.16952],[32.69076,-18.16942],[32.69084,-18.16932],[32.69093,-18.16916],[32.69098,-18.16906],[32.691,-18.16893],[32.69094,-18.16882],[32.69075,-18.16854],[32.69048,-18.16813],[32.69037,-18.16789],[32.69027,-18.16774],[32.6902,-18.16761],[32.69017,-18.16752],[32.69021,-18.16739],[32.69029,-18.16722],[32.69036,-18.16711],[32.69039,-18.16701],[32.69035,-18.16677],[32.69032,-18.16669],[32.69016,-18.16635],[32.6901,-18.16614],[32.69009,-18.16594],[32.69008,-18.16581],[32.69008,-18.1657],[32.69006,-18.1656],[32.68991,-18.16541],[32.68965,-18.16504],[32.6894,-18.16476],[32.6891,-18.16452],[32.68883,-18.16441],[32.68844,-18.16425],[32.68819,-18.16407],[32.68797,-18.16397],[32.68772,-18.16391],[32.68743,-18.16383],[32.68731,-18.16375],[32.6871,-18.16362],[32.68701,-18.16353],[32.6869,-18.16339],[32.68686,-18.16323],[32.68687,-18.16312],[32.6869,-18.16303],[32.68693,-18.16297],[32.6869,-18.1629],[32.68676,-18.16274],[32.68667,-18.16269],[32.68663,-18.16262],[32.68661,-18.1625],[32.68659,-18.16235],[32.68658,-18.16228],[32.68657,-18.16219],[32.68649,-18.16207],[32.68631,-18.16186],[32.6859,-18.16141],[32.68554,-18.16113],[32.68538,-18.16104],[32.6852,-18.161],[32.68507,-18.16096],[32.685,-18.16089],[32.68491,-18.16083],[32.6848,-18.1608],[32.68463,-18.16078],[32.6845,-18.1607],[32.68436,-18.16063],[32.68425,-18.16054],[32.68413,-18.16045],[32.684,-18.16039],[32.68389,-18.16033],[32.68382,-18.16031],[32.68376,-18.16026],[32.68368,-18.16014],[32.68356,-18.16006],[32.68349,-18.16],[32.68338,-18.15997],[32.68312,-18.1599],[32.68295,-18.15984],[32.68283,-18.15978],[32.68264,-18.15973],[32.68245,-18.15969],[32.68224,-18.15963],[32.682,-18.15953]]}},{"type":"Feature","properties":{"kind":"track","name":""},"geometry":{"type":"LineString","coordinates":[[32.68871,-18.14903],[32.68881,-18.14913],[32.68887,-18.1492],[32.68894,-18.14932],[32.68904,-18.14949],[32.68911,-18.14964],[32.68923,-18.14976],[32.68934,-18.14985],[32.68942,-18.14992],[32.68946,-18.14998],[32.68949,-18.15005],[32.68949,-18.15018],[32.68945,-18.15043],[32.68943,-18.15055],[32.68943,-18.15064],[32.68943,-18.15073],[32.68947,-18.15086],[32.68949,-18.15103],[32.68949,-18.15118],[32.68949,-18.15132],[32.68948,-18.1514],[32.68949,-18.15148],[32.68953,-18.15157],[32.6896,-18.15168],[32.68965,-18.1518],[32.6897,-18.15199],[32.68981,-18.15224],[32.68988,-18.15244],[32.68999,-18.15271],[32.69007,-18.15291],[32.69015,-18.15311],[32.69023,-18.15331],[32.69031,-18.15355],[32.69038,-18.15371],[32.69044,-18.15379],[32.69048,-18.15388],[32.69051,-18.15397],[32.69053,-18.15408],[32.69055,-18.15417],[32.69054,-18.15424],[32.69048,-18.1543],[32.69041,-18.15435],[32.69031,-18.15445],[32.69027,-18.15453],[32.69025,-18.15463],[32.69024,-18.15474],[32.69022,-18.15482],[32.69026,-18.15491],[32.6903,-18.15501],[32.6903,-18.15511],[32.69029,-18.15523],[32.69028,-18.1554],[32.69027,-18.15553],[32.69023,-18.15569]]}},{"type":"Feature","properties":{"kind":"road","name":""},"geometry":{"type":"LineString","coordinates":[[32.67477,-18.23004],[32.67504,-18.22999],[32.67525,-18.22989],[32.67558,-18.22969],[32.67594,-18.22942]]}},{"type":"Feature","properties":{"kind":"track","name":""},"geometry":{"type":"LineString","coordinates":[[32.6206,-18.11105],[32.62081,-18.11107],[32.62096,-18.11111],[32.62117,-18.11116],[32.62141,-18.11115],[32.6218,-18.11113],[32.62224,-18.1111],[32.62244,-18.11111],[32.62258,-18.11112],[32.62264,-18.11119],[32.62269,-18.11125],[32.62282,-18.11126],[32.62292,-18.11125],[32.62303,-18.11133],[32.62302,-18.11143],[32.62297,-18.11157],[32.623,-18.11173],[32.62312,-18.11202],[32.62323,-18.11234],[32.62332,-18.11261],[32.62336,-18.1127],[32.62346,-18.1127],[32.62369,-18.11263],[32.62388,-18.11253],[32.6241,-18.11241],[32.62445,-18.11209],[32.62474,-18.11179],[32.62504,-18.11146],[32.62533,-18.11114],[32.62545,-18.11105],[32.62568,-18.11098],[32.62585,-18.11095],[32.62606,-18.11099],[32.62628,-18.11104],[32.62639,-18.11103],[32.62655,-18.11089],[32.62707,-18.11042],[32.6277,-18.10986],[32.62784,-18.10976],[32.62801,-18.10969],[32.62817,-18.1096],[32.62838,-18.10945],[32.62857,-18.10921],[32.62898,-18.10854],[32.62941,-18.10768],[32.62959,-18.10732],[32.62974,-18.10704],[32.62998,-18.10665],[32.63008,-18.10643],[32.63024,-18.1063],[32.63046,-18.10619],[32.63065,-18.10601],[32.63087,-18.10582],[32.63111,-18.10555],[32.63138,-18.10537],[32.63184,-18.10513],[32.63218,-18.10495],[32.63238,-18.10481],[32.63263,-18.10469],[32.63306,-18.10447]]}},{"type":"Feature","properties":{"kind":"track","name":""},"geometry":{"type":"LineString","coordinates":[[32.61454,-18.11402],[32.6153,-18.11407],[32.61571,-18.11408],[32.61609,-18.11412],[32.61636,-18.1142],[32.61655,-18.11421],[32.61674,-18.11419],[32.61702,-18.11415],[32.61725,-18.11409],[32.61735,-18.11401],[32.61752,-18.11396],[32.61762,-18.11397],[32.6179,-18.11394],[32.6182,-18.11404],[32.61842,-18.11421],[32.61865,-18.11433],[32.6189,-18.1144],[32.61914,-18.11444],[32.6193,-18.11443],[32.61942,-18.11432],[32.61985,-18.11379],[32.62003,-18.11363],[32.62016,-18.11348],[32.6203,-18.11324],[32.62046,-18.11308],[32.62062,-18.11294],[32.62076,-18.11274],[32.62091,-18.11253],[32.621,-18.11235],[32.621,-18.11221],[32.62088,-18.11168],[32.62079,-18.11133],[32.6207,-18.11116],[32.6206,-18.11105],[32.6204,-18.11098],[32.62008,-18.11079],[32.61981,-18.11061],[32.61956,-18.11044],[32.61943,-18.11028],[32.61919,-18.10998],[32.619,-18.10975],[32.61892,-18.10962],[32.61877,-18.10946],[32.61855,-18.10933],[32.61838,-18.10926],[32.61826,-18.10921],[32.61813,-18.10916],[32.61794,-18.10911],[32.61783,-18.10903],[32.61749,-18.10874],[32.61719,-18.10848],[32.61695,-18.10831],[32.61673,-18.10813],[32.61659,-18.10797],[32.61643,-18.1077],[32.61613,-18.10729],[32.61604,-18.10714],[32.61595,-18.10688],[32.61579,-18.10659],[32.61571,-18.10636],[32.61564,-18.1062],[32.61559,-18.10612],[32.61548,-18.1061],[32.61531,-18.10609],[32.61492,-18.10605],[32.61451,-18.1059],[32.61401,-18.10577],[32.61354,-18.10568],[32.61299,-18.10542],[32.61265,-18.10528],[32.61228,-18.10526],[32.61135,-18.10528],[32.61092,-18.10529],[32.61059,-18.10529],[32.61032,-18.10534],[32.60993,-18.10542],[32.60971,-18.10535],[32.60912,-18.10515],[32.60836,-18.10484],[32.60771,-18.10446],[32.60693,-18.10396],[32.60569,-18.10294]]}},{"type":"Feature","properties":{"kind":"track","name":""},"geometry":{"type":"LineString","coordinates":[[32.69963,-18.10995],[32.69988,-18.11014],[32.70003,-18.11028],[32.70024,-18.11044],[32.70041,-18.11053],[32.70055,-18.11058],[32.70064,-18.11074],[32.70081,-18.11097],[32.70089,-18.11119],[32.70101,-18.11153],[32.70108,-18.1118],[32.70106,-18.11218],[32.70098,-18.11246],[32.70092,-18.11266],[32.70095,-18.11294],[32.70107,-18.11316],[32.70113,-18.11334],[32.70122,-18.11357],[32.70126,-18.11375],[32.70127,-18.11407],[32.70123,-18.11428],[32.70118,-18.11454],[32.70116,-18.1148],[32.70112,-18.11503],[32.70103,-18.11516],[32.70088,-18.11519],[32.70067,-18.11519],[32.70048,-18.11523],[32.70039,-18.11533],[32.7003,-18.11545],[32.70011,-18.11559],[32.69996,-18.11576]]}},{"type":"Feature","properties":{"kind":"track","name":""},"geometry":{"type":"LineString","coordinates":[[32.72037,-18.12828],[32.72016,-18.12809],[32.72007,-18.128],[32.71997,-18.12799],[32.71982,-18.12799],[32.71963,-18.1279],[32.71951,-18.12784],[32.71932,-18.12777],[32.71916,-18.12767],[32.71895,-18.12743],[32.71837,-18.12689],[32.71774,-18.12642],[32.71729,-18.12588],[32.71643,-18.12499],[32.71562,-18.12436],[32.71366,-18.1233],[32.713,-18.12302],[32.71293,-18.12251],[32.71307,-18.12182],[32.71319,-18.12089],[32.7131,-18.11995],[32.7128,-18.11934],[32.71247,-18.11877],[32.71235,-18.11802],[32.71203,-18.11781],[32.71133,-18.11679],[32.71105,-18.11613],[32.71003,-18.11331],[32.70851,-18.10913],[32.70753,-18.1074],[32.70739,-18.10677],[32.7072,-18.10662],[32.70697,-18.1066],[32.70643,-18.10677],[32.70589,-18.10684],[32.7055,-18.1068],[32.70487,-18.10682],[32.70419,-18.10694],[32.70342,-18.10734],[32.70243,-18.10776],[32.70221,-18.10787],[32.70202,-18.10789],[32.70184,-18.10793],[32.70161,-18.10808],[32.70127,-18.10841],[32.70091,-18.10876],[32.70051,-18.10924],[32.70031,-18.10945],[32.69993,-18.1097],[32.6997,-18.10988],[32.69963,-18.10995],[32.69946,-18.11009],[32.69925,-18.11023],[32.699,-18.11037],[32.6984,-18.11059],[32.69784,-18.11081],[32.6974,-18.11097]]}},{"type":"Feature","properties":{"kind":"track","name":""},"geometry":{"type":"LineString","coordinates":[[32.69488,-18.17626],[32.69482,-18.17646],[32.69475,-18.17687],[32.6947,-18.17749],[32.69462,-18.1781],[32.69451,-18.17851],[32.69445,-18.17903],[32.6944,-18.17933],[32.69437,-18.17961],[32.6944,-18.17994],[32.69442,-18.1802],[32.69442,-18.18039],[32.69445,-18.18053],[32.69454,-18.1808],[32.69459,-18.18106],[32.69459,-18.18146],[32.69457,-18.1817],[32.69459,-18.18191],[32.69465,-18.1821],[32.6947,-18.18237],[32.69473,-18.18278],[32.6948,-18.18324],[32.69492,-18.18405],[32.695,-18.18456],[32.69503,-18.18484],[32.69506,-18.18513],[32.69507,-18.18534],[32.69515,-18.18555],[32.69525,-18.18579],[32.69541,-18.18613],[32.69559,-18.18649],[32.6958,-18.18681],[32.69608,-18.18712],[32.69639,-18.18731],[32.69681,-18.1875],[32.69729,-18.18764],[32.69752,-18.18774],[32.69774,-18.18795],[32.69791,-18.18808],[32.69818,-18.18813],[32.69855,-18.18821],[32.6988,-18.18828],[32.69899,-18.18827],[32.69929,-18.1882],[32.69956,-18.18812],[32.69977,-18.18806],[32.69992,-18.18798],[32.70005,-18.1878],[32.70014,-18.18765],[32.70019,-18.18759],[32.70031,-18.18753],[32.70058,-18.18746],[32.70085,-18.1874],[32.70117,-18.18738],[32.70135,-18.18739],[32.70149,-18.18741],[32.70167,-18.18744],[32.70182,-18.18747],[32.70198,-18.18758],[32.70211,-18.18772],[32.70229,-18.18785],[32.70242,-18.18791],[32.70261,-18.18801]]}},{"type":"Feature","properties":{"kind":"track","name":""},"geometry":{"type":"LineString","coordinates":[[32.69748,-18.19219],[32.69761,-18.19194],[32.69771,-18.19178],[32.69772,-18.19164],[32.69766,-18.19147],[32.69745,-18.19125],[32.69708,-18.19109],[32.69668,-18.19095],[32.6961,-18.19066],[32.69576,-18.19049],[32.69492,-18.19012],[32.69442,-18.18996],[32.69411,-18.18988],[32.69393,-18.18978],[32.69372,-18.18965],[32.69339,-18.18944],[32.69307,-18.18912],[32.69293,-18.18883],[32.69275,-18.18855],[32.69259,-18.18824],[32.69248,-18.18793],[32.69246,-18.18774],[32.69247,-18.18742],[32.6925,-18.18711],[32.69252,-18.18686],[32.6925,-18.18674],[32.69242,-18.18658],[32.69218,-18.18628],[32.69208,-18.18618],[32.69199,-18.18604],[32.6919,-18.1859],[32.69184,-18.18584],[32.69179,-18.18577],[32.69172,-18.18568],[32.6915,-18.18552],[32.69139,-18.18538],[32.69135,-18.18526],[32.69132,-18.18516],[32.69132,-18.18509],[32.69131,-18.18503],[32.69128,-18.18499],[32.69124,-18.1849],[32.69122,-18.18483],[32.69118,-18.18473]]}},{"type":"Feature","properties":{"kind":"track","name":""},"geometry":{"type":"LineString","coordinates":[[32.67975,-18.17454],[32.67974,-18.17428],[32.67973,-18.174],[32.67972,-18.17391]]}},{"type":"Feature","properties":{"kind":"track","name":""},"geometry":{"type":"LineString","coordinates":[[32.68965,-18.19901],[32.68918,-18.19822],[32.68885,-18.19771],[32.68867,-18.19746],[32.68859,-18.19731],[32.68851,-18.19717],[32.6884,-18.197],[32.68832,-18.19686],[32.68819,-18.19652],[32.68813,-18.19633],[32.68808,-18.19621],[32.68803,-18.19616],[32.68789,-18.19608],[32.68774,-18.19603],[32.68762,-18.19595],[32.68754,-18.19585],[32.68749,-18.19575],[32.68746,-18.19561],[32.68746,-18.19544],[32.68754,-18.19516],[32.68767,-18.19487],[32.68776,-18.1947],[32.68781,-18.19459],[32.68785,-18.19444],[32.68788,-18.19426],[32.68782,-18.194],[32.6877,-18.19367],[32.68746,-18.19313],[32.68727,-18.19269],[32.68703,-18.19214],[32.68687,-18.19185],[32.68671,-18.19157],[32.68645,-18.19118],[32.68596,-18.19052],[32.68578,-18.19028],[32.68572,-18.1902],[32.68559,-18.18999],[32.68535,-18.18956],[32.68508,-18.18913],[32.68478,-18.1886],[32.68448,-18.188],[32.68416,-18.18735],[32.68403,-18.18713],[32.68396,-18.18704],[32.68385,-18.18694],[32.6837,-18.18678],[32.6835,-18.18662],[32.68321,-18.18634],[32.68283,-18.18591],[32.68247,-18.1856],[32.68221,-18.18539],[32.68202,-18.18518],[32.68181,-18.18491],[32.68171,-18.18466],[32.68166,-18.18452],[32.68158,-18.18441],[32.6815,-18.18435],[32.68144,-18.1843],[32.68139,-18.1842],[32.68139,-18.18408],[32.68139,-18.18395],[32.6814,-18.18384],[32.68137,-18.18376],[32.6813,-18.18364],[32.68114,-18.18345],[32.68109,-18.18338],[32.68101,-18.18324],[32.6809,-18.183],[32.68076,-18.18271],[32.68067,-18.18238],[32.68062,-18.18213],[32.68061,-18.18185],[32.68059,-18.18156],[32.68062,-18.1812],[32.68066,-18.18094],[32.68069,-18.18072],[32.68069,-18.18051],[32.68068,-18.18026],[32.68061,-18.18002],[32.68051,-18.17976],[32.68038,-18.17944],[32.68031,-18.17919],[32.68022,-18.17889],[32.68018,-18.17863],[32.68016,-18.1784],[32.68014,-18.1781],[32.6801,-18.1778],[32.68007,-18.1776],[32.68009,-18.17743],[32.68012,-18.17714],[32.68015,-18.17695],[32.68017,-18.17686],[32.6802,-18.17673],[32.68018,-18.17655],[32.68013,-18.17628],[32.68006,-18.17604],[32.6799,-18.17565],[32.67986,-18.17549],[32.67981,-18.17524],[32.67981,-18.17496],[32.6798,-18.17489],[32.67979,-18.17478],[32.67975,-18.17454]]}},{"type":"Feature","properties":{"kind":"road","name":""},"geometry":{"type":"LineString","coordinates":[[32.71364,-18.16714],[32.71406,-18.16766],[32.71472,-18.16824],[32.71481,-18.16838],[32.71489,-18.16857],[32.71481,-18.16924],[32.71482,-18.16935],[32.71489,-18.16953],[32.71603,-18.17091],[32.71662,-18.17188]]}},{"type":"Feature","properties":{"kind":"road","name":""},"geometry":{"type":"LineString","coordinates":[[32.71346,-18.16684],[32.71364,-18.16714]]}},{"type":"Feature","properties":{"kind":"road","name":"Access road to Mt Inyangani"},"geometry":{"type":"LineString","coordinates":[[32.77918,-18.29678],[32.77952,-18.29698],[32.7798,-18.29713],[32.78014,-18.29733],[32.78053,-18.2975],[32.78092,-18.29765],[32.78198,-18.29807],[32.78407,-18.29884],[32.78567,-18.29946],[32.78611,-18.29964],[32.78643,-18.29972],[32.78662,-18.29973],[32.78674,-18.29971],[32.78688,-18.29964],[32.78697,-18.29954],[32.78713,-18.29923],[32.78725,-18.29901],[32.78737,-18.2987],[32.78747,-18.29846],[32.78754,-18.29838],[32.78765,-18.29833],[32.78782,-18.29834],[32.78804,-18.29838],[32.78838,-18.29843],[32.78863,-18.29844],[32.78889,-18.29842],[32.78905,-18.29838],[32.78926,-18.29831],[32.78955,-18.29816],[32.78974,-18.29804],[32.78998,-18.29782],[32.79025,-18.29753],[32.79051,-18.29726],[32.79068,-18.29698],[32.79076,-18.29676],[32.7908,-18.29656],[32.79083,-18.29627],[32.79083,-18.29587],[32.79082,-18.29556],[32.79083,-18.29526],[32.79072,-18.29485],[32.79064,-18.2946],[32.79054,-18.29437],[32.79049,-18.29422],[32.79049,-18.29411],[32.79058,-18.29399],[32.79076,-18.29391],[32.79102,-18.2938],[32.79145,-18.29362],[32.79175,-18.29352],[32.7919,-18.29348],[32.79208,-18.29347],[32.79224,-18.29356],[32.79238,-18.29367],[32.79249,-18.29382],[32.79258,-18.29399],[32.79263,-18.29418],[32.79268,-18.29433],[32.79268,-18.29451],[32.79263,-18.29468],[32.7926,-18.29481],[32.7926,-18.29498],[32.79261,-18.29514],[32.79265,-18.29529],[32.7927,-18.29541],[32.79275,-18.29552],[32.79286,-18.29563],[32.79301,-18.29568],[32.7932,-18.29572],[32.79336,-18.29574],[32.79363,-18.29575],[32.79386,-18.29572],[32.79419,-18.29562],[32.79452,-18.29549],[32.79498,-18.29527],[32.79536,-18.2951],[32.7957,-18.29491],[32.79601,-18.29468],[32.79626,-18.29446],[32.79656,-18.29417],[32.79678,-18.29399],[32.7971,-18.29377],[32.79736,-18.29358],[32.79761,-18.29335],[32.79788,-18.29303],[32.79846,-18.29233],[32.79886,-18.29184],[32.79931,-18.29135],[32.79952,-18.29118],[32.7997,-18.29104],[32.79986,-18.29095],[32.79995,-18.29094],[32.80003,-18.29093],[32.80018,-18.29094],[32.80048,-18.29104],[32.80097,-18.29123],[32.80262,-18.29186],[32.80281,-18.29194],[32.80296,-18.29203],[32.80316,-18.29219],[32.80332,-18.29233],[32.80347,-18.29246],[32.8036,-18.29257],[32.80375,-18.29264],[32.80393,-18.2927],[32.80412,-18.29274],[32.80451,-18.29281],[32.80487,-18.29281],[32.80524,-18.29281],[32.80544,-18.29277],[32.8062,-18.29253],[32.8066,-18.29234],[32.80701,-18.29205],[32.80723,-18.29192],[32.80737,-18.29184],[32.80756,-18.29179],[32.80798,-18.29166],[32.80823,-18.29153],[32.80844,-18.2914],[32.8088,-18.29109],[32.80894,-18.29094],[32.80902,-18.29078],[32.80904,-18.29059],[32.80902,-18.29042],[32.80886,-18.28972],[32.80883,-18.28959],[32.80885,-18.28943],[32.80893,-18.28919],[32.8096,-18.2882],[32.80976,-18.28805],[32.80992,-18.28794],[32.81003,-18.28788],[32.81122,-18.28717],[32.81184,-18.28686],[32.81208,-18.28673],[32.81228,-18.28657],[32.81244,-18.28645],[32.81282,-18.28618],[32.81325,-18.2859],[32.81343,-18.28575],[32.81365,-18.28544],[32.81382,-18.2852],[32.81406,-18.28495],[32.81474,-18.28441],[32.81482,-18.2843],[32.81487,-18.2842],[32.81489,-18.28405],[32.81487,-18.28388],[32.81483,-18.28374],[32.81482,-18.28352],[32.81479,-18.28334],[32.81478,-18.28331],[32.81476,-18.28328],[32.8147,-18.28322],[32.81464,-18.28315],[32.81459,-18.28304],[32.81454,-18.28291],[32.81442,-18.28251],[32.8144,-18.2824],[32.8144,-18.28224],[32.81444,-18.28187],[32.81449,-18.28154],[32.81451,-18.28142],[32.81452,-18.28133],[32.81452,-18.28128],[32.8145,-18.28124],[32.81445,-18.28106],[32.81446,-18.28097],[32.81448,-18.28091],[32.81454,-18.28087],[32.81473,-18.28084],[32.81502,-18.28086],[32.81568,-18.28098],[32.81631,-18.28119],[32.81651,-18.28126],[32.81669,-18.28128],[32.81689,-18.28126],[32.81727,-18.28116],[32.81767,-18.28103],[32.81784,-18.28095],[32.81793,-18.2809],[32.81801,-18.28088],[32.81814,-18.28087],[32.81829,-18.28089],[32.81926,-18.28096],[32.81946,-18.28099],[32.81971,-18.28105],[32.81994,-18.28112],[32.82019,-18.28123],[32.82072,-18.28155],[32.82142,-18.28204],[32.82174,-18.28224],[32.82203,-18.28237],[32.82323,-18.28283],[32.82346,-18.28296],[32.82362,-18.28305],[32.82375,-18.28311],[32.8239,-18.28317],[32.82405,-18.28323],[32.82423,-18.28327],[32.8244,-18.28329],[32.82455,-18.28331],[32.82473,-18.28331]]}},{"type":"Feature","properties":{"kind":"road","name":""},"geometry":{"type":"LineString","coordinates":[[32.79982,-18.20839],[32.79988,-18.20839],[32.79995,-18.2084],[32.80016,-18.20842],[32.80037,-18.20843],[32.80077,-18.20847],[32.80114,-18.20853],[32.80128,-18.20858],[32.80142,-18.20864],[32.80175,-18.2088],[32.80212,-18.20901],[32.80239,-18.20924],[32.80268,-18.20954]]}},{"type":"Feature","properties":{"kind":"track","name":""},"geometry":{"type":"LineString","coordinates":[[32.90518,-18.2056],[32.9054,-18.20554],[32.90557,-18.2055],[32.90568,-18.20536],[32.90576,-18.20518],[32.90586,-18.20496],[32.90605,-18.20482],[32.90624,-18.20475],[32.90643,-18.20474],[32.90697,-18.20472],[32.90749,-18.20468],[32.90776,-18.20457],[32.90855,-18.20415],[32.90891,-18.20398],[32.90926,-18.20367],[32.90966,-18.20344],[32.9098,-18.20329],[32.90985,-18.20312],[32.90986,-18.20296],[32.90977,-18.20248],[32.9095,-18.20194],[32.90937,-18.20178],[32.90927,-18.20159],[32.90919,-18.20145],[32.9092,-18.20127],[32.90928,-18.20121],[32.90941,-18.20116],[32.90959,-18.20112],[32.90986,-18.2011],[32.91004,-18.20105],[32.91025,-18.20094],[32.91046,-18.20075],[32.91055,-18.20063],[32.91061,-18.20056],[32.91063,-18.20045],[32.91063,-18.20015],[32.91059,-18.19989],[32.91057,-18.19975],[32.91051,-18.19965],[32.91042,-18.19956],[32.91032,-18.19947],[32.91024,-18.19938],[32.9102,-18.19909],[32.91006,-18.19842]]}},{"type":"Feature","properties":{"kind":"track","name":""},"geometry":{"type":"LineString","coordinates":[[32.91668,-18.20251],[32.91691,-18.20281],[32.91703,-18.20291],[32.91723,-18.20302],[32.91753,-18.20319],[32.91783,-18.20333],[32.91812,-18.2035],[32.91824,-18.20359],[32.91834,-18.20368],[32.91841,-18.20381],[32.91851,-18.20395],[32.91862,-18.20405],[32.91873,-18.2041],[32.91889,-18.2041],[32.91923,-18.20405],[32.9194,-18.20403],[32.91952,-18.20399],[32.9196,-18.2039],[32.91967,-18.20379],[32.91977,-18.20355],[32.91984,-18.20349],[32.91992,-18.20343],[32.92005,-18.2034],[32.9203,-18.2034],[32.92052,-18.2034],[32.9206,-18.20342],[32.92064,-18.20346],[32.92066,-18.2035],[32.92069,-18.20354],[32.92075,-18.20354],[32.92089,-18.20348],[32.92104,-18.20343],[32.92114,-18.20344],[32.92124,-18.2034],[32.92134,-18.20334],[32.92153,-18.20319],[32.92172,-18.20309],[32.9219,-18.20304],[32.92218,-18.20298],[32.92229,-18.20296],[32.92239,-18.20291],[32.92248,-18.20281],[32.92261,-18.2025],[32.92281,-18.2021],[32.92283,-18.202],[32.92283,-18.20188],[32.92283,-18.20174],[32.92281,-18.20151],[32.92284,-18.20135],[32.92284,-18.20117],[32.92283,-18.20095],[32.92289,-18.20075],[32.92298,-18.20054],[32.92306,-18.20038],[32.92324,-18.20005],[32.92343,-18.19984],[32.92359,-18.19967],[32.92388,-18.19949],[32.9242,-18.19919],[32.92458,-18.1988],[32.92481,-18.19857],[32.92495,-18.19838],[32.92505,-18.19817],[32.92511,-18.19791],[32.92519,-18.19773],[32.92527,-18.19755],[32.92539,-18.19743],[32.92555,-18.19731],[32.92564,-18.19718],[32.92566,-18.19696],[32.92554,-18.19654],[32.92546,-18.19629],[32.92545,-18.19617],[32.92547,-18.19603],[32.92564,-18.19582],[32.92614,-18.19542],[32.92631,-18.19528],[32.92655,-18.19515],[32.92672,-18.19492],[32.92701,-18.19448],[32.92715,-18.19434],[32.92734,-18.19431],[32.92754,-18.19429],[32.92777,-18.19425],[32.92806,-18.19403],[32.92823,-18.19391],[32.92839,-18.19381],[32.92873,-18.19365],[32.92899,-18.19356],[32.92917,-18.19359],[32.9293,-18.19357],[32.92941,-18.19344],[32.92951,-18.19331],[32.92968,-18.19325],[32.93006,-18.19289],[32.93033,-18.19251],[32.93043,-18.19222],[32.93045,-18.19201],[32.93038,-18.19168],[32.93034,-18.1914],[32.93032,-18.19111],[32.93047,-18.19079],[32.93062,-18.19057],[32.93098,-18.19027],[32.93146,-18.19003],[32.93165,-18.18988],[32.93164,-18.18974],[32.93152,-18.18943],[32.93128,-18.18883],[32.93124,-18.18865],[32.93126,-18.18844],[32.93134,-18.18812]]}},{"type":"Feature","properties":{"kind":"track","name":""},"geometry":{"type":"LineString","coordinates":[[32.90417,-18.21501],[32.90455,-18.21487],[32.90471,-18.21481],[32.90497,-18.2148],[32.90532,-18.21493],[32.90565,-18.21506],[32.90582,-18.21516],[32.90593,-18.21517],[32.90597,-18.21511],[32.90592,-18.21498],[32.90557,-18.21446],[32.90543,-18.21435],[32.90525,-18.21423],[32.90514,-18.21411],[32.90501,-18.21387],[32.90502,-18.21361],[32.90517,-18.21337],[32.90541,-18.21304],[32.90565,-18.21281],[32.90592,-18.2127],[32.9062,-18.21266],[32.90637,-18.21268],[32.90646,-18.21275],[32.90651,-18.21276],[32.90656,-18.21279],[32.9066,-18.21282],[32.90662,-18.21285],[32.90663,-18.21292],[32.90659,-18.21299],[32.90659,-18.21307],[32.90661,-18.21311],[32.90665,-18.21316],[32.9067,-18.21321],[32.90689,-18.21331],[32.90733,-18.21362],[32.90804,-18.21415],[32.90833,-18.21441],[32.90858,-18.21457],[32.90867,-18.21468],[32.90878,-18.21489],[32.90885,-18.21502],[32.90896,-18.21513],[32.9091,-18.21528],[32.90926,-18.21539],[32.90946,-18.21547],[32.90969,-18.21559],[32.90978,-18.21562],[32.90994,-18.21573]]}},{"type":"Feature","properties":{"kind":"road","name":""},"geometry":{"type":"LineString","coordinates":[[32.97993,-18.22112],[32.9801,-18.2214],[32.98013,-18.22153],[32.9802,-18.22179],[32.9803,-18.22195],[32.98044,-18.22208],[32.98058,-18.22221]]}},{"type":"Feature","properties":{"kind":"road","name":""},"geometry":{"type":"LineString","coordinates":[[32.97969,-18.21276],[32.97963,-18.21282],[32.97953,-18.21302],[32.97938,-18.21321],[32.97924,-18.21341],[32.97918,-18.21359],[32.97921,-18.21375],[32.97922,-18.21393],[32.97912,-18.21399],[32.97881,-18.21396],[32.97851,-18.21393],[32.97813,-18.214],[32.97778,-18.21413],[32.97757,-18.21419],[32.9774,-18.21431],[32.97729,-18.21436],[32.97714,-18.21442],[32.97692,-18.21446],[32.97674,-18.21453],[32.97659,-18.21451],[32.97635,-18.21448],[32.97625,-18.21444],[32.97617,-18.21443],[32.97608,-18.21442],[32.97609,-18.21447],[32.97619,-18.21455],[32.97625,-18.21463],[32.9763,-18.21469],[32.97636,-18.21481],[32.97643,-18.215],[32.97653,-18.21517],[32.97666,-18.21536],[32.97676,-18.2156],[32.97684,-18.21586],[32.97683,-18.216],[32.97685,-18.21619],[32.97685,-18.21632],[32.97684,-18.21649],[32.97692,-18.21674],[32.97707,-18.21714],[32.97718,-18.2174],[32.97729,-18.21755],[32.9774,-18.21767],[32.97749,-18.21782],[32.97756,-18.21798],[32.9776,-18.2182],[32.97771,-18.2184],[32.97784,-18.21864],[32.9779,-18.21897],[32.97794,-18.21922],[32.97797,-18.2193],[32.97801,-18.21933],[32.97807,-18.21943],[32.97815,-18.21971],[32.97823,-18.21992],[32.97828,-18.22015],[32.97843,-18.22037],[32.97847,-18.22051],[32.97851,-18.22069],[32.97851,-18.22084],[32.9785,-18.22106],[32.97852,-18.22122],[32.97873,-18.22129],[32.97899,-18.22119],[32.97916,-18.22106],[32.97935,-18.22095],[32.97956,-18.22092],[32.9797,-18.2209],[32.97982,-18.22097],[32.97988,-18.22102],[32.9799,-18.22106],[32.97993,-18.22112],[32.97994,-18.22107],[32.97994,-18.22097],[32.97991,-18.22091],[32.97989,-18.22082],[32.97994,-18.2207],[32.98005,-18.22047],[32.98027,-18.22019],[32.9804,-18.22004],[32.98052,-18.21985],[32.98063,-18.21955],[32.9807,-18.21935],[32.98071,-18.21915],[32.98071,-18.21897],[32.98069,-18.21884],[32.98067,-18.21868],[32.98073,-18.21845],[32.98081,-18.21822],[32.98085,-18.21801],[32.98087,-18.21771],[32.9809,-18.21761],[32.98091,-18.21754],[32.98087,-18.21741],[32.98088,-18.2173],[32.98091,-18.21718],[32.98093,-18.217],[32.98094,-18.21683],[32.98088,-18.21662],[32.98083,-18.21634],[32.9808,-18.21608],[32.98078,-18.21576],[32.98082,-18.21553],[32.98087,-18.21536],[32.9808,-18.21512],[32.98069,-18.21499],[32.98058,-18.21487],[32.98052,-18.21467],[32.98048,-18.21454],[32.9804,-18.21443],[32.98014,-18.21433],[32.98004,-18.21426],[32.97991,-18.21411],[32.97984,-18.21406],[32.97972,-18.21389],[32.97966,-18.21376],[32.97963,-18.21354],[32.97963,-18.21335],[32.97966,-18.21317],[32.97969,-18.213],[32.97976,-18.21282]]}},{"type":"Feature","properties":{"kind":"track","name":""},"geometry":{"type":"LineString","coordinates":[[32.95045,-18.22596],[32.95038,-18.22598],[32.95027,-18.22595],[32.94996,-18.22581],[32.9498,-18.22571],[32.94971,-18.22559],[32.94967,-18.2255],[32.94965,-18.22536],[32.94966,-18.22517],[32.94965,-18.22497],[32.94962,-18.2249],[32.94953,-18.22482],[32.94935,-18.22478],[32.94875,-18.22457],[32.94805,-18.22443],[32.94761,-18.22433],[32.94743,-18.22432],[32.94735,-18.22431],[32.94728,-18.22434],[32.94726,-18.22439]]}},{"type":"Feature","properties":{"kind":"track","name":""},"geometry":{"type":"LineString","coordinates":[[32.92283,-18.202],[32.92301,-18.20224],[32.92322,-18.20242],[32.92335,-18.2026],[32.92347,-18.2028],[32.92353,-18.20292],[32.92355,-18.20296],[32.92358,-18.20302],[32.92365,-18.20304],[32.92372,-18.20304],[32.92403,-18.20293],[32.9243,-18.20279],[32.9244,-18.20271],[32.92442,-18.20264],[32.92442,-18.20255],[32.92445,-18.20247],[32.92452,-18.20242],[32.92465,-18.2024],[32.9247,-18.2024]]}},{"type":"Feature","properties":{"kind":"path","name":""},"geometry":{"type":"LineString","coordinates":[[32.92852,-18.19627],[32.92885,-18.19665],[32.92939,-18.19706],[32.92968,-18.19746],[32.93007,-18.19779],[32.93046,-18.19844],[32.93055,-18.19881],[32.93046,-18.19916],[32.93019,-18.19939],[32.93009,-18.19958],[32.93007,-18.19987],[32.92995,-18.2],[32.92988,-18.19999],[32.92966,-18.19983],[32.92928,-18.19964],[32.92921,-18.19965],[32.929,-18.19982],[32.92857,-18.19989],[32.92854,-18.20002],[32.92857,-18.2001],[32.92889,-18.20053],[32.92889,-18.20075],[32.92881,-18.20106],[32.92873,-18.20114],[32.92867,-18.20135],[32.9284,-18.20184],[32.928,-18.20224],[32.92789,-18.20244],[32.92762,-18.20239]]}},{"type":"Feature","properties":{"kind":"track","name":""},"geometry":{"type":"LineString","coordinates":[[32.97649,-18.27538],[32.97652,-18.27541],[32.97652,-18.27546],[32.97642,-18.27579],[32.97642,-18.27602],[32.97646,-18.2763],[32.9765,-18.27642],[32.9766,-18.27648],[32.97673,-18.27647],[32.97689,-18.27644],[32.97692,-18.2764]]}},{"type":"Feature","properties":{"kind":"track","name":""},"geometry":{"type":"LineString","coordinates":[[32.97646,-18.27698],[32.97644,-18.27695],[32.97639,-18.27693],[32.97631,-18.27691],[32.97606,-18.27689],[32.97594,-18.27684],[32.9759,-18.27679],[32.97589,-18.27671],[32.97592,-18.2766],[32.97607,-18.27631],[32.97613,-18.27609],[32.9761,-18.27595],[32.97617,-18.27577],[32.97626,-18.27564],[32.97632,-18.27551],[32.9764,-18.27541],[32.97644,-18.27538],[32.97649,-18.27538]]}},{"type":"Feature","properties":{"kind":"track","name":""},"geometry":{"type":"LineString","coordinates":[[32.97584,-18.27575],[32.97589,-18.27577],[32.97591,-18.27584],[32.97588,-18.27592],[32.9758,-18.27628],[32.97574,-18.27649],[32.97571,-18.27667],[32.97574,-18.27675],[32.97581,-18.27689],[32.97591,-18.27699],[32.97609,-18.27703],[32.97626,-18.27705],[32.9764,-18.27705],[32.97646,-18.27698]]}},{"type":"Feature","properties":{"kind":"track","name":""},"geometry":{"type":"LineString","coordinates":[[32.97491,-18.28028],[32.97493,-18.28015],[32.97457,-18.27979],[32.97445,-18.27964],[32.97429,-18.27923],[32.9743,-18.27899],[32.97439,-18.27879],[32.97446,-18.27852],[32.9746,-18.27817],[32.97473,-18.27812],[32.97495,-18.27826],[32.97515,-18.27834],[32.97521,-18.27829],[32.97531,-18.278],[32.9754,-18.27779],[32.97544,-18.27758],[32.97546,-18.27716],[32.97542,-18.27689],[32.97536,-18.2767],[32.9757,-18.27583],[32.97579,-18.27575],[32.97584,-18.27575]]}},{"type":"Feature","properties":{"kind":"road","name":""},"geometry":{"type":"LineString","coordinates":[[32.97816,-18.27303],[32.97818,-18.27298],[32.97824,-18.2729],[32.97839,-18.27279],[32.97857,-18.27264],[32.97862,-18.27249],[32.97861,-18.27233],[32.97851,-18.27189],[32.97848,-18.2718],[32.97837,-18.27173],[32.97828,-18.27165],[32.97818,-18.27153],[32.97816,-18.27143],[32.97818,-18.27135],[32.97825,-18.27127],[32.97832,-18.2712],[32.97845,-18.27118],[32.97854,-18.27118],[32.97861,-18.27118],[32.97873,-18.27112],[32.979,-18.27089],[32.97911,-18.27071],[32.97921,-18.27059],[32.97932,-18.27049],[32.97946,-18.27045],[32.9796,-18.27044],[32.97979,-18.27031],[32.97995,-18.27011],[32.98006,-18.26988],[32.98015,-18.26966],[32.98019,-18.26948],[32.9802,-18.26938],[32.98016,-18.26932],[32.98008,-18.26924],[32.98002,-18.26914],[32.98004,-18.26904],[32.98007,-18.26897],[32.98014,-18.26896],[32.98027,-18.26898],[32.98034,-18.26902],[32.98041,-18.26903],[32.9805,-18.26894],[32.98059,-18.26882],[32.98058,-18.26869],[32.9805,-18.26848],[32.98049,-18.26833],[32.98056,-18.2682],[32.9806,-18.26802],[32.98057,-18.26779],[32.98056,-18.26757],[32.98062,-18.26736],[32.98069,-18.2672],[32.9809,-18.26707],[32.98102,-18.267],[32.98114,-18.26691],[32.98123,-18.26673],[32.98123,-18.26656],[32.98119,-18.26634],[32.98105,-18.26609],[32.98093,-18.26582],[32.98088,-18.26563],[32.98091,-18.26548],[32.98096,-18.26531],[32.98102,-18.26523],[32.98109,-18.26514],[32.98124,-18.26513],[32.98136,-18.26523],[32.98146,-18.26533],[32.9815,-18.26545],[32.98158,-18.26559],[32.98179,-18.2657],[32.98212,-18.26579],[32.98247,-18.2657],[32.98279,-18.26561],[32.98297,-18.26556],[32.98314,-18.26549],[32.98331,-18.26554],[32.98338,-18.26567],[32.98334,-18.26584],[32.98313,-18.2661],[32.98318,-18.26631],[32.98314,-18.26651],[32.98305,-18.26672],[32.98303,-18.26695],[32.98303,-18.26713],[32.98308,-18.26737],[32.98312,-18.26769],[32.98319,-18.26792],[32.98331,-18.26791],[32.98343,-18.26785],[32.98361,-18.26791],[32.98362,-18.26806],[32.98348,-18.26835],[32.98351,-18.26848],[32.98352,-18.26858],[32.98362,-18.26888],[32.98366,-18.26922],[32.98368,-18.26954],[32.98368,-18.26975],[32.98388,-18.26978],[32.98399,-18.26977],[32.98411,-18.26972],[32.9842,-18.26961],[32.98403,-18.2695],[32.98386,-18.26944],[32.98387,-18.26904],[32.98386,-18.26861],[32.98388,-18.26838],[32.98397,-18.26821],[32.98407,-18.26812],[32.98412,-18.268],[32.98413,-18.26787],[32.98404,-18.2677],[32.98406,-18.26746],[32.98419,-18.26717],[32.98437,-18.26694],[32.98458,-18.26685],[32.98478,-18.26688],[32.98499,-18.26691],[32.98514,-18.26687],[32.9853,-18.26681],[32.98553,-18.26681],[32.98569,-18.26673]]}},{"type":"Feature","properties":{"kind":"track","name":""},"geometry":{"type":"LineString","coordinates":[[32.97741,-18.28245],[32.97761,-18.28248],[32.97775,-18.28241],[32.97791,-18.28233],[32.97809,-18.28234],[32.97817,-18.28249],[32.97836,-18.28268],[32.97874,-18.28324],[32.97908,-18.28381],[32.97922,-18.28385],[32.97939,-18.28382],[32.97958,-18.28372],[32.98006,-18.28334]]}},{"type":"Feature","properties":{"kind":"track","name":""},"geometry":{"type":"LineString","coordinates":[[32.97817,-18.28946],[32.97811,-18.28941],[32.97803,-18.2894],[32.9779,-18.28943],[32.97773,-18.28952],[32.97751,-18.28971],[32.97735,-18.28993],[32.97716,-18.29011],[32.97697,-18.29022],[32.97683,-18.29028],[32.97661,-18.29026],[32.97648,-18.29021],[32.97638,-18.29011],[32.97634,-18.28998],[32.97639,-18.28991],[32.97657,-18.28975],[32.97724,-18.2893],[32.97738,-18.28912],[32.97757,-18.28891],[32.97765,-18.28875],[32.97764,-18.28866],[32.9776,-18.28863]]}},{"type":"Feature","properties":{"kind":"track","name":""},"geometry":{"type":"LineString","coordinates":[[32.97985,-18.2935],[32.97987,-18.29342],[32.97989,-18.29334],[32.97988,-18.29326],[32.97986,-18.29318],[32.97974,-18.29298],[32.9795,-18.2926],[32.97926,-18.29211],[32.97903,-18.29166],[32.97893,-18.29151],[32.97889,-18.29144],[32.97878,-18.2914],[32.97863,-18.2913],[32.9785,-18.29114],[32.9784,-18.29095],[32.97827,-18.29082],[32.97821,-18.29077],[32.97814,-18.29052],[32.97808,-18.2902],[32.97802,-18.28999],[32.97803,-18.2899],[32.9781,-18.2898],[32.97817,-18.28966],[32.97819,-18.2896],[32.9782,-18.28952],[32.97817,-18.28946]]}},{"type":"Feature","properties":{"kind":"track","name":""},"geometry":{"type":"LineString","coordinates":[[32.97114,-18.29351],[32.9712,-18.2934],[32.9713,-18.2933],[32.97152,-18.29324],[32.97176,-18.29321],[32.97197,-18.29328],[32.97206,-18.29336],[32.97216,-18.2935],[32.97226,-18.2936],[32.97238,-18.29364],[32.97253,-18.29367],[32.97269,-18.29376],[32.97286,-18.29393],[32.97297,-18.29413],[32.97313,-18.29447],[32.97324,-18.29473],[32.97341,-18.29495],[32.97359,-18.29507],[32.97379,-18.29512],[32.97401,-18.29513],[32.9743,-18.2951],[32.97462,-18.295],[32.97492,-18.29492],[32.97515,-18.29489],[32.9754,-18.2949],[32.97552,-18.29495],[32.97564,-18.29496],[32.9758,-18.29492],[32.97606,-18.29481],[32.97634,-18.29471],[32.97649,-18.2947],[32.97657,-18.29472],[32.97664,-18.29473],[32.97668,-18.29472],[32.9767,-18.29466]]}},{"type":"Feature","properties":{"kind":"track","name":""},"geometry":{"type":"LineString","coordinates":[[32.9767,-18.29466],[32.97667,-18.29461],[32.9766,-18.29457],[32.97646,-18.29455],[32.9762,-18.29455],[32.97605,-18.29456],[32.97591,-18.29456],[32.9758,-18.29453],[32.97571,-18.29447],[32.9756,-18.29442],[32.97547,-18.29436],[32.97537,-18.29433],[32.97527,-18.29433],[32.97518,-18.29435],[32.97509,-18.29437],[32.97497,-18.29438],[32.97487,-18.29437],[32.97473,-18.2943],[32.97462,-18.29422],[32.97442,-18.29396],[32.97432,-18.29381],[32.97422,-18.29359],[32.97415,-18.29345],[32.97413,-18.29341],[32.97414,-18.29337]]}},{"type":"Feature","properties":{"kind":"track","name":""},"geometry":{"type":"LineString","coordinates":[[32.97414,-18.29337],[32.97418,-18.29337],[32.97421,-18.29338],[32.97424,-18.29341],[32.97441,-18.29355],[32.97453,-18.29363],[32.97468,-18.29368],[32.97482,-18.2937],[32.975,-18.29373],[32.97528,-18.29378],[32.97552,-18.2938],[32.97567,-18.29379],[32.97582,-18.29377],[32.97603,-18.2937],[32.97628,-18.29358],[32.97649,-18.29345],[32.97657,-18.29339],[32.97662,-18.29336],[32.97669,-18.29336],[32.97705,-18.29338],[32.97734,-18.29338],[32.9774,-18.29338],[32.97745,-18.29338],[32.9775,-18.29335],[32.97757,-18.29329],[32.97763,-18.29321],[32.97764,-18.29318],[32.97763,-18.29312],[32.9776,-18.29307],[32.97736,-18.29288],[32.97731,-18.29282],[32.97727,-18.29277],[32.97724,-18.2927],[32.9772,-18.29254],[32.97716,-18.29211],[32.97718,-18.29141],[32.97715,-18.29124],[32.97716,-18.29116],[32.9772,-18.29113],[32.97727,-18.2911]]}},{"type":"Feature","properties":{"kind":"track","name":""},"geometry":{"type":"LineString","coordinates":[[32.97727,-18.2911],[32.97735,-18.2911],[32.97747,-18.29114],[32.97759,-18.29121],[32.97769,-18.29135],[32.97774,-18.29143],[32.97781,-18.2915],[32.97787,-18.29154],[32.97811,-18.29163],[32.97833,-18.29174],[32.97841,-18.2918],[32.97846,-18.29185],[32.97853,-18.29194],[32.97883,-18.29234],[32.97895,-18.29247],[32.97916,-18.29265],[32.97935,-18.29289],[32.97954,-18.29315],[32.97961,-18.29328],[32.9797,-18.29345],[32.97973,-18.29352],[32.97976,-18.29355],[32.97981,-18.29355],[32.97985,-18.2935]]}},{"type":"Feature","properties":{"kind":"track","name":""},"geometry":{"type":"LineString","coordinates":[[32.9776,-18.28863],[32.97753,-18.28864],[32.97745,-18.28871],[32.97739,-18.28879],[32.9773,-18.28892],[32.97705,-18.28912],[32.97667,-18.28932],[32.97631,-18.28954],[32.97597,-18.28973],[32.97582,-18.28988],[32.97554,-18.29023],[32.97535,-18.29044],[32.97512,-18.29062],[32.97497,-18.2907],[32.97483,-18.29074],[32.9747,-18.29076],[32.97455,-18.29072],[32.97438,-18.29062],[32.97418,-18.29041],[32.97405,-18.29023],[32.97398,-18.29007],[32.974,-18.28996],[32.97406,-18.28975],[32.9742,-18.28955],[32.97443,-18.28924],[32.97462,-18.2891],[32.97496,-18.28886],[32.97522,-18.28871],[32.97545,-18.28863],[32.97558,-18.28852],[32.97576,-18.28827],[32.97592,-18.28811],[32.97601,-18.288],[32.97606,-18.28786],[32.97605,-18.28772],[32.9759,-18.28719],[32.97586,-18.28688],[32.97587,-18.28663],[32.97594,-18.28634],[32.97601,-18.28617],[32.97615,-18.28595],[32.97626,-18.2858],[32.97631,-18.28568],[32.97634,-18.28544],[32.97637,-18.28509],[32.97637,-18.28486],[32.97633,-18.28475],[32.97625,-18.28467],[32.97613,-18.28461],[32.97602,-18.28461],[32.97592,-18.28467],[32.97586,-18.28477],[32.9758,-18.28491],[32.9757,-18.28505],[32.97554,-18.28518],[32.97544,-18.28525],[32.9752,-18.2854],[32.97496,-18.28554],[32.9748,-18.28567],[32.97469,-18.28575],[32.9746,-18.28578],[32.9745,-18.28576],[32.9744,-18.28569],[32.97423,-18.28543],[32.97413,-18.28514],[32.97404,-18.28499],[32.97386,-18.28479],[32.97365,-18.28459],[32.97356,-18.28446],[32.97351,-18.28435],[32.97345,-18.28404],[32.97334,-18.28368],[32.97316,-18.28299],[32.97305,-18.28275],[32.97298,-18.2826],[32.97296,-18.28248],[32.97297,-18.28235],[32.97296,-18.28226],[32.97292,-18.28222],[32.97284,-18.28215],[32.97271,-18.28207],[32.9726,-18.28195],[32.97253,-18.28185],[32.97241,-18.28175],[32.97231,-18.28168],[32.97219,-18.28163],[32.97207,-18.28161],[32.97196,-18.28161],[32.9719,-18.28162],[32.97185,-18.28165],[32.97182,-18.28171],[32.97182,-18.28179],[32.97184,-18.28197],[32.97179,-18.28239],[32.97178,-18.28264],[32.97174,-18.28278],[32.97169,-18.28287],[32.9716,-18.28291],[32.97149,-18.28294],[32.97139,-18.28293]]}},{"type":"Feature","properties":{"kind":"track","name":""},"geometry":{"type":"LineString","coordinates":[[32.89009,-18.39335],[32.89003,-18.39312],[32.88992,-18.39268],[32.88983,-18.39231],[32.88979,-18.39217],[32.88976,-18.39214],[32.88971,-18.39208],[32.88968,-18.39202],[32.88962,-18.39197],[32.88954,-18.39187],[32.88948,-18.39174],[32.88938,-18.39149],[32.8893,-18.39124],[32.88923,-18.39102],[32.8892,-18.39079],[32.88919,-18.39064],[32.88917,-18.39051],[32.88912,-18.39041],[32.88895,-18.39019],[32.88874,-18.38988],[32.88869,-18.38975],[32.88857,-18.38954],[32.88832,-18.3892],[32.88822,-18.3891],[32.88818,-18.38905],[32.88817,-18.38898],[32.88818,-18.38892],[32.88833,-18.38856],[32.88843,-18.38823],[32.88845,-18.38799],[32.88839,-18.38767],[32.88837,-18.38708],[32.88826,-18.38657],[32.8881,-18.38617],[32.88798,-18.38589]]}},{"type":"Feature","properties":{"kind":"track","name":""},"geometry":{"type":"LineString","coordinates":[[32.89101,-18.39855],[32.89089,-18.39847],[32.89079,-18.39841],[32.8907,-18.39834],[32.89063,-18.39831],[32.89056,-18.39831],[32.89037,-18.39832],[32.89027,-18.39832],[32.89015,-18.3983],[32.89006,-18.39828],[32.89003,-18.39822],[32.89,-18.39815],[32.89003,-18.39806],[32.8901,-18.39785],[32.89005,-18.39773],[32.89,-18.3976],[32.88994,-18.39751],[32.88989,-18.39744],[32.88989,-18.39733],[32.88996,-18.39722],[32.89004,-18.39705],[32.89004,-18.39683],[32.88998,-18.39651],[32.89,-18.39623],[32.89005,-18.39586],[32.8901,-18.39573],[32.89013,-18.39561],[32.89015,-18.39553],[32.89005,-18.39493],[32.89002,-18.39477],[32.89002,-18.39456],[32.89004,-18.39443],[32.89005,-18.3943],[32.89004,-18.3941],[32.89002,-18.39391],[32.89007,-18.39373],[32.89009,-18.39359],[32.89008,-18.39341],[32.89009,-18.39335],[32.89015,-18.39329],[32.89023,-18.39324],[32.89032,-18.39318],[32.89053,-18.39299],[32.89074,-18.39279],[32.89092,-18.39262],[32.89106,-18.39249],[32.8912,-18.39237],[32.89122,-18.39234],[32.89124,-18.39232],[32.89126,-18.39232],[32.89132,-18.39236],[32.8914,-18.39241],[32.89147,-18.39242],[32.89152,-18.39242],[32.89157,-18.39243],[32.89159,-18.39246],[32.89166,-18.39256],[32.89178,-18.39269],[32.89185,-18.39275],[32.89197,-18.39288],[32.89213,-18.39299],[32.8922,-18.39306],[32.89223,-18.39308],[32.89226,-18.39309],[32.8923,-18.39309],[32.8924,-18.39307],[32.89249,-18.39304]]}},{"type":"Feature","properties":{"kind":"track","name":""},"geometry":{"type":"LineString","coordinates":[[32.89082,-18.39943],[32.89089,-18.39943],[32.89093,-18.39943],[32.89099,-18.39946],[32.89112,-18.39958],[32.89139,-18.39985],[32.89145,-18.39991],[32.89156,-18.39998],[32.8918,-18.40019],[32.89184,-18.40025],[32.89186,-18.4003],[32.89192,-18.40035],[32.89201,-18.40038],[32.89206,-18.4004],[32.89214,-18.4005],[32.89234,-18.40075],[32.8924,-18.4008],[32.89243,-18.40087],[32.89246,-18.40097],[32.89246,-18.40098],[32.89245,-18.40125],[32.89246,-18.40141]]}},{"type":"Feature","properties":{"kind":"track","name":""},"geometry":{"type":"LineString","coordinates":[[32.88291,-18.40504],[32.88289,-18.40498],[32.88286,-18.40491],[32.88274,-18.40474],[32.88264,-18.40459],[32.88262,-18.40452],[32.88261,-18.40448],[32.88263,-18.4044],[32.88266,-18.40428],[32.88276,-18.40406],[32.88282,-18.40396],[32.88284,-18.40386],[32.8829,-18.40364],[32.88295,-18.40343],[32.88274,-18.4033],[32.88269,-18.40312],[32.88272,-18.40297],[32.88282,-18.40288],[32.8829,-18.40279],[32.88293,-18.40267],[32.88301,-18.40247],[32.88303,-18.40236],[32.88304,-18.40222],[32.88301,-18.40213],[32.88289,-18.4019],[32.88285,-18.40171],[32.88275,-18.40123],[32.88267,-18.40072],[32.88257,-18.40043],[32.88251,-18.40026],[32.88248,-18.40014],[32.88252,-18.40004],[32.88264,-18.39983],[32.88285,-18.39948],[32.88305,-18.39927],[32.88332,-18.39901],[32.88345,-18.39888],[32.88357,-18.39875],[32.88362,-18.39859],[32.88363,-18.39849],[32.88368,-18.39846],[32.88377,-18.39845],[32.88387,-18.39845],[32.88421,-18.39847],[32.88429,-18.3985],[32.88434,-18.39856],[32.8845,-18.39874],[32.88466,-18.39887],[32.88472,-18.39891],[32.88481,-18.39892],[32.88502,-18.39885],[32.88515,-18.3988],[32.88522,-18.39877],[32.88526,-18.39869],[32.88528,-18.39862],[32.88528,-18.39852],[32.88521,-18.3983],[32.88516,-18.39815],[32.88512,-18.39805],[32.88507,-18.39801],[32.88508,-18.39797],[32.88509,-18.39795],[32.88515,-18.39793],[32.88542,-18.39794],[32.88549,-18.398],[32.88559,-18.39811],[32.88571,-18.39829],[32.88578,-18.39834],[32.88588,-18.39839],[32.88614,-18.39854],[32.88633,-18.39868],[32.88637,-18.39876],[32.8864,-18.39885],[32.88646,-18.399],[32.8865,-18.39907],[32.88654,-18.3991],[32.88663,-18.39914],[32.88702,-18.39921],[32.88747,-18.39923],[32.88761,-18.39923],[32.88773,-18.39922],[32.88783,-18.39916],[32.88853,-18.39888],[32.88858,-18.39885],[32.88869,-18.39884],[32.88881,-18.39885],[32.88891,-18.39888],[32.88941,-18.3991],[32.88975,-18.39927],[32.89006,-18.39947],[32.89022,-18.39954],[32.89041,-18.39956],[32.89054,-18.39956],[32.89069,-18.3995],[32.89082,-18.39943],[32.89091,-18.39935],[32.89098,-18.39923],[32.89102,-18.39906],[32.89104,-18.39892],[32.89104,-18.39873],[32.89101,-18.3986],[32.89101,-18.39855],[32.89099,-18.3984],[32.89096,-18.39823],[32.89088,-18.39806],[32.89081,-18.39794],[32.89077,-18.39784],[32.89077,-18.3977],[32.89077,-18.39757],[32.8908,-18.39751],[32.8909,-18.3974],[32.89102,-18.39719],[32.89121,-18.39691],[32.89141,-18.39667],[32.89158,-18.3965],[32.89186,-18.39622],[32.89206,-18.39599],[32.89216,-18.39591],[32.89232,-18.39581],[32.8925,-18.39569],[32.89263,-18.39564],[32.89291,-18.39558],[32.89309,-18.39555],[32.89328,-18.39552],[32.89349,-18.39548],[32.89351,-18.39547],[32.89375,-18.39541],[32.89415,-18.39531],[32.89437,-18.39525],[32.89448,-18.39523],[32.89452,-18.39524],[32.8946,-18.39529],[32.89466,-18.3953],[32.89479,-18.39532],[32.89497,-18.3953],[32.89553,-18.39523],[32.89627,-18.39514],[32.89667,-18.39511],[32.89694,-18.39508],[32.89709,-18.39508],[32.89729,-18.39513],[32.89742,-18.39521]]}},{"type":"Feature","properties":{"kind":"track","name":""},"geometry":{"type":"LineString","coordinates":[[32.88409,-18.39647],[32.88403,-18.39635],[32.884,-18.39628],[32.88398,-18.39623],[32.88401,-18.39619],[32.88405,-18.39615],[32.88412,-18.39605],[32.88416,-18.39589],[32.88418,-18.39577],[32.88413,-18.39553],[32.88407,-18.39526],[32.88402,-18.39502],[32.884,-18.39472],[32.884,-18.39452],[32.88401,-18.39438],[32.88407,-18.39427],[32.8842,-18.39416],[32.88428,-18.39404],[32.88431,-18.39391],[32.88428,-18.39367],[32.88424,-18.39334],[32.88423,-18.39303],[32.88413,-18.39258],[32.88409,-18.39232],[32.88408,-18.3921],[32.88411,-18.39189],[32.88414,-18.39147],[32.88415,-18.39125],[32.88415,-18.39116],[32.88415,-18.39106],[32.88411,-18.391],[32.88404,-18.39096],[32.88387,-18.39088],[32.8838,-18.39085],[32.88378,-18.3908],[32.88368,-18.39072],[32.88355,-18.39059],[32.8835,-18.39046],[32.88348,-18.39031],[32.88346,-18.38991],[32.88349,-18.38966],[32.88346,-18.38952],[32.88339,-18.3894],[32.88327,-18.38925],[32.88316,-18.38909],[32.8831,-18.38894],[32.88306,-18.38882],[32.88304,-18.38873],[32.88305,-18.38861],[32.88309,-18.38846],[32.88319,-18.38832],[32.8833,-18.38822],[32.88343,-18.38817],[32.88383,-18.38797],[32.88425,-18.38761],[32.88461,-18.38726],[32.88487,-18.38691],[32.88504,-18.38672],[32.88523,-18.38668],[32.88553,-18.38671]]}},{"type":"Feature","properties":{"kind":"track","name":""},"geometry":{"type":"LineString","coordinates":[[32.88509,-18.39795],[32.88495,-18.39789],[32.88479,-18.39789],[32.88466,-18.39786],[32.88453,-18.39781],[32.88442,-18.39781],[32.88419,-18.39778],[32.88406,-18.39779],[32.88395,-18.39782],[32.88391,-18.3978],[32.88391,-18.39776],[32.88394,-18.39773],[32.88416,-18.39757],[32.8842,-18.39752],[32.88419,-18.39747],[32.88413,-18.39742],[32.8841,-18.39732],[32.88413,-18.39716],[32.88413,-18.39683],[32.88414,-18.39656],[32.88409,-18.39647],[32.884,-18.39644],[32.88388,-18.39637],[32.88376,-18.39635],[32.88367,-18.39632],[32.88361,-18.39626],[32.88351,-18.39612],[32.88346,-18.39607],[32.88342,-18.39607],[32.88331,-18.39606],[32.88326,-18.39611],[32.8832,-18.39615],[32.88313,-18.39618],[32.88308,-18.39617],[32.88302,-18.39614],[32.88294,-18.39614],[32.88286,-18.39614],[32.8827,-18.39625],[32.8826,-18.39633],[32.88252,-18.39634]]}},{"type":"Feature","properties":{"kind":"track","name":""},"geometry":{"type":"LineString","coordinates":[[32.90228,-18.38956],[32.90223,-18.3895],[32.90215,-18.38946],[32.90191,-18.38936],[32.9017,-18.38923],[32.90166,-18.3892],[32.90163,-18.38918],[32.90157,-18.38917],[32.90146,-18.38919],[32.90133,-18.38916],[32.90122,-18.38909],[32.90092,-18.3889],[32.9008,-18.38884],[32.90076,-18.38877],[32.90067,-18.38861],[32.90051,-18.38849],[32.90024,-18.38826],[32.90009,-18.38821],[32.89991,-18.38812],[32.89984,-18.38807],[32.89974,-18.38802],[32.89957,-18.38797],[32.89944,-18.38795],[32.89931,-18.38793],[32.89917,-18.38794],[32.89908,-18.38799],[32.89901,-18.38804],[32.89894,-18.38812],[32.89892,-18.38822],[32.89889,-18.38829],[32.89885,-18.38833],[32.89879,-18.3884],[32.89874,-18.38843],[32.89856,-18.38849],[32.89841,-18.38849],[32.89837,-18.38848],[32.89834,-18.38846],[32.89832,-18.38842],[32.89833,-18.38837],[32.89839,-18.38821],[32.89846,-18.3881],[32.89851,-18.38802],[32.89852,-18.38797],[32.89852,-18.38788],[32.89851,-18.38782],[32.89852,-18.38769],[32.89854,-18.38753],[32.89861,-18.38736],[32.89868,-18.3872]]}},{"type":"Feature","properties":{"kind":"track","name":""},"geometry":{"type":"LineString","coordinates":[[32.69526,-18.31987],[32.6954,-18.31975],[32.69553,-18.31957],[32.69575,-18.31925],[32.69589,-18.31906],[32.69614,-18.31878],[32.69639,-18.31856],[32.69671,-18.31826],[32.69699,-18.31803],[32.6973,-18.31782],[32.69797,-18.31737],[32.69836,-18.31711],[32.69855,-18.31699],[32.6987,-18.31688],[32.69878,-18.3168],[32.6989,-18.31667],[32.69902,-18.31646],[32.69917,-18.31624],[32.69945,-18.31583],[32.69965,-18.31553],[32.69984,-18.31515],[32.69996,-18.31485],[32.7002,-18.31429],[32.70054,-18.3137],[32.7007,-18.31336],[32.70075,-18.31329],[32.70081,-18.31327],[32.70091,-18.31324],[32.70106,-18.31321],[32.70124,-18.31315],[32.70144,-18.31304],[32.70154,-18.31294],[32.70161,-18.31285],[32.70171,-18.31275],[32.70185,-18.31266],[32.70224,-18.31237],[32.70232,-18.31231],[32.70238,-18.31224],[32.70242,-18.31214],[32.70254,-18.31196],[32.70262,-18.31175],[32.7027,-18.31164],[32.7028,-18.31152],[32.70301,-18.3114],[32.70382,-18.31107]]}},{"type":"Feature","properties":{"kind":"road","name":""},"geometry":{"type":"LineString","coordinates":[[32.70225,-18.32333],[32.7023,-18.32342],[32.70237,-18.32346],[32.70245,-18.32348],[32.70279,-18.32342],[32.70333,-18.3233],[32.70362,-18.32322],[32.70382,-18.32315],[32.70393,-18.32313],[32.70404,-18.32314],[32.70418,-18.32321],[32.70429,-18.3233],[32.70439,-18.32338],[32.70448,-18.32339],[32.7047,-18.32345],[32.70506,-18.32361],[32.7053,-18.32376],[32.70552,-18.32396],[32.70563,-18.32411],[32.70577,-18.32427],[32.70591,-18.32438],[32.70618,-18.32454],[32.70663,-18.32487],[32.70724,-18.32538],[32.70733,-18.32543],[32.70744,-18.32548],[32.70754,-18.32547],[32.70772,-18.32537],[32.70816,-18.32514],[32.7085,-18.32491],[32.70885,-18.32472],[32.70903,-18.32465],[32.70917,-18.32463],[32.70928,-18.32464],[32.70939,-18.32468],[32.70947,-18.32475],[32.70956,-18.32487],[32.70965,-18.32509],[32.70971,-18.32518],[32.70979,-18.32525],[32.70987,-18.32531],[32.71004,-18.32537],[32.71021,-18.3254],[32.71035,-18.32544],[32.71054,-18.32553],[32.71067,-18.32565],[32.71083,-18.32574],[32.71099,-18.32577],[32.71113,-18.32579],[32.71124,-18.3258],[32.71135,-18.32583],[32.7114,-18.32588],[32.71143,-18.32596],[32.71143,-18.32623],[32.71154,-18.3269],[32.71155,-18.32695],[32.71155,-18.32699]]}},{"type":"Feature","properties":{"kind":"road","name":""},"geometry":{"type":"LineString","coordinates":[[32.71155,-18.32699],[32.71159,-18.32702],[32.71168,-18.32708],[32.71179,-18.3271],[32.71191,-18.32708],[32.71203,-18.32701],[32.71212,-18.32693],[32.71221,-18.32689],[32.71227,-18.3269],[32.71231,-18.32691],[32.71235,-18.32696],[32.7124,-18.32706],[32.71246,-18.32718],[32.71253,-18.32725],[32.71257,-18.32727],[32.71261,-18.32728],[32.71268,-18.32727],[32.71286,-18.32719],[32.71302,-18.32715],[32.71308,-18.32714],[32.71311,-18.32715],[32.71315,-18.32719],[32.71317,-18.32722],[32.71317,-18.32726],[32.71314,-18.32741],[32.7131,-18.32761],[32.7131,-18.32776],[32.71312,-18.32785],[32.71316,-18.32794],[32.71322,-18.32804],[32.71331,-18.32814],[32.71364,-18.3284],[32.71389,-18.32859],[32.71416,-18.32873],[32.71431,-18.32884],[32.71446,-18.32894],[32.71466,-18.329],[32.71483,-18.32902],[32.71492,-18.32904],[32.71501,-18.32912],[32.7152,-18.32928],[32.71559,-18.32981],[32.71566,-18.32988],[32.71576,-18.32993],[32.71595,-18.33001],[32.71619,-18.33013],[32.71638,-18.33029],[32.71652,-18.33044],[32.71661,-18.33059],[32.71665,-18.33078],[32.71675,-18.33116],[32.71689,-18.3315],[32.717,-18.33164],[32.71715,-18.3318],[32.71735,-18.33198],[32.71752,-18.33216],[32.71767,-18.33239],[32.71782,-18.33256],[32.71802,-18.33273],[32.71824,-18.33286],[32.7184,-18.33296],[32.71858,-18.33302],[32.71864,-18.33306],[32.71867,-18.33311],[32.7187,-18.33322],[32.7187,-18.33335],[32.71865,-18.33356],[32.71854,-18.33374],[32.71849,-18.33383],[32.71847,-18.33386],[32.71844,-18.33387],[32.71842,-18.33386],[32.7184,-18.33384],[32.71829,-18.33368],[32.71825,-18.33363],[32.71821,-18.3336],[32.71816,-18.3336],[32.7181,-18.33361],[32.7179,-18.33369],[32.71768,-18.33379],[32.71758,-18.33381],[32.71752,-18.33382],[32.71745,-18.33381],[32.71742,-18.3338],[32.71738,-18.33377],[32.71733,-18.3337],[32.71726,-18.33363],[32.71717,-18.33359],[32.71684,-18.33353],[32.7165,-18.33345],[32.71606,-18.33334],[32.71594,-18.33333],[32.71582,-18.33334],[32.71573,-18.33337],[32.71566,-18.3334],[32.7156,-18.33341],[32.71542,-18.33339],[32.71507,-18.3333],[32.71478,-18.33324],[32.71464,-18.33326],[32.71432,-18.33338],[32.71406,-18.33342],[32.71368,-18.33344],[32.71326,-18.33348],[32.71298,-18.33349],[32.71286,-18.33351],[32.7128,-18.33353],[32.71271,-18.33359],[32.71263,-18.33363],[32.71256,-18.33367],[32.7125,-18.33368],[32.71244,-18.33368],[32.71238,-18.33366],[32.71219,-18.33358],[32.71166,-18.33336],[32.71134,-18.33321],[32.71126,-18.33318],[32.71118,-18.33315],[32.71108,-18.33314],[32.71041,-18.33309],[32.71015,-18.33306],[32.71003,-18.33303],[32.70995,-18.33301],[32.70993,-18.33299],[32.70993,-18.33296],[32.70995,-18.33293],[32.71005,-18.33291],[32.71051,-18.33283],[32.71062,-18.33279],[32.7108,-18.3327],[32.711,-18.33263],[32.71117,-18.33259],[32.71126,-18.33254],[32.71131,-18.33248],[32.71135,-18.33241],[32.71135,-18.33226],[32.71129,-18.33215],[32.71124,-18.33209],[32.71116,-18.33205],[32.71094,-18.33197],[32.71071,-18.3319],[32.71062,-18.33185],[32.71053,-18.33176],[32.71044,-18.33158],[32.71037,-18.33145],[32.71035,-18.3313],[32.71039,-18.33109],[32.7105,-18.33084],[32.71065,-18.33061],[32.71088,-18.33032],[32.71103,-18.33015],[32.71123,-18.32985],[32.71148,-18.32938],[32.71167,-18.32907],[32.71174,-18.32888],[32.71179,-18.32868],[32.71182,-18.32849],[32.7118,-18.32839],[32.71172,-18.32829],[32.71156,-18.32807],[32.71146,-18.32793],[32.71141,-18.32776],[32.71138,-18.32759],[32.7114,-18.32738],[32.71143,-18.32725],[32.71155,-18.32699]]}},{"type":"Feature","properties":{"kind":"track","name":""},"geometry":{"type":"LineString","coordinates":[[32.70087,-18.30569],[32.70058,-18.30577],[32.70021,-18.30594],[32.69984,-18.30616],[32.69954,-18.30634],[32.69908,-18.30666],[32.69889,-18.30686],[32.69853,-18.30733],[32.69819,-18.30785],[32.69809,-18.30796],[32.69801,-18.30802],[32.69788,-18.30807],[32.69757,-18.30812],[32.69731,-18.30814],[32.69711,-18.30822],[32.69704,-18.30827],[32.69689,-18.3083],[32.69667,-18.30828],[32.69545,-18.30807],[32.69534,-18.30804],[32.69522,-18.30798],[32.69513,-18.30787],[32.69474,-18.30741],[32.69426,-18.30705],[32.69384,-18.30686],[32.69323,-18.30664],[32.69245,-18.30639],[32.69239,-18.30636],[32.69234,-18.30631],[32.69231,-18.30623],[32.69232,-18.30614],[32.6924,-18.30587],[32.69264,-18.3055],[32.69299,-18.30506],[32.69311,-18.30497],[32.69317,-18.30493]]}},{"type":"Feature","properties":{"kind":"track","name":""},"geometry":{"type":"LineString","coordinates":[[32.70169,-18.37527],[32.70169,-18.37518],[32.70164,-18.37509],[32.7016,-18.37495],[32.70157,-18.37477],[32.70165,-18.37459],[32.70186,-18.37438],[32.70232,-18.37399],[32.70274,-18.3735],[32.70294,-18.37331],[32.70324,-18.37317],[32.70355,-18.37309],[32.70385,-18.37296],[32.70412,-18.37278],[32.7043,-18.37258],[32.70443,-18.37246]]}},{"type":"Feature","properties":{"kind":"track","name":""},"geometry":{"type":"LineString","coordinates":[[32.70174,-18.37533],[32.70169,-18.37527],[32.70163,-18.37523],[32.70154,-18.3752],[32.70139,-18.37517],[32.70106,-18.3751],[32.7009,-18.37498],[32.70076,-18.37475],[32.70064,-18.37416],[32.70055,-18.37381],[32.70056,-18.37361],[32.70081,-18.37314],[32.70103,-18.37275],[32.70127,-18.37244],[32.70156,-18.37219],[32.70187,-18.37207],[32.7021,-18.37202],[32.70224,-18.37201],[32.70232,-18.37196],[32.70236,-18.37188],[32.70237,-18.37173],[32.70231,-18.37152],[32.7022,-18.37126],[32.70214,-18.37106],[32.70219,-18.37083],[32.70232,-18.37058],[32.70257,-18.37023],[32.70273,-18.37003],[32.70292,-18.36994],[32.70313,-18.36995],[32.7034,-18.36981],[32.70352,-18.36965],[32.70369,-18.36945],[32.70385,-18.36937],[32.70406,-18.36935],[32.70433,-18.36938],[32.70456,-18.3694],[32.70479,-18.36933],[32.70516,-18.36921],[32.70541,-18.3691],[32.70564,-18.36909],[32.70593,-18.36907],[32.70617,-18.36898],[32.70641,-18.36879],[32.70653,-18.36861],[32.70653,-18.36848],[32.70647,-18.36838],[32.7063,-18.3683],[32.70606,-18.36808],[32.70596,-18.36791],[32.70587,-18.36777],[32.70584,-18.36766],[32.70587,-18.36752],[32.70599,-18.36717],[32.70613,-18.36694],[32.70627,-18.36669],[32.70644,-18.3663],[32.70644,-18.36608],[32.70645,-18.36578],[32.70643,-18.36563],[32.70637,-18.36549],[32.70623,-18.36538],[32.70603,-18.36529],[32.70586,-18.36526],[32.70539,-18.36524],[32.70499,-18.36519],[32.70479,-18.36521],[32.70437,-18.36524],[32.70419,-18.36523],[32.70406,-18.3652],[32.70385,-18.36506],[32.70366,-18.36487],[32.70356,-18.36473],[32.70351,-18.36452],[32.70354,-18.3643],[32.70355,-18.36412],[32.70353,-18.36388],[32.70354,-18.36369],[32.70357,-18.36352],[32.70366,-18.36339],[32.70377,-18.36334]]}},{"type":"Feature","properties":{"kind":"track","name":""},"geometry":{"type":"LineString","coordinates":[[32.70708,-18.37197],[32.70725,-18.37189],[32.70736,-18.37183],[32.70741,-18.37174],[32.70748,-18.37155],[32.70748,-18.37145],[32.70747,-18.37137],[32.70751,-18.37131],[32.70758,-18.37123],[32.70765,-18.37116],[32.70769,-18.37112],[32.70771,-18.37112],[32.70774,-18.37114],[32.7078,-18.37121],[32.70799,-18.37147],[32.70805,-18.37154],[32.70805,-18.37156],[32.70805,-18.37162],[32.70804,-18.37167],[32.70803,-18.37173],[32.70796,-18.37189],[32.70786,-18.37199],[32.7078,-18.37208],[32.70774,-18.37221],[32.70769,-18.37233]]}},{"type":"Feature","properties":{"kind":"track","name":""},"geometry":{"type":"LineString","coordinates":[[32.70633,-18.37053],[32.70655,-18.3709],[32.7067,-18.37107],[32.70682,-18.37122],[32.70689,-18.37141],[32.70697,-18.37171],[32.70708,-18.37197],[32.7071,-18.37209],[32.70717,-18.37232]]}},{"type":"Feature","properties":{"kind":"track","name":""},"geometry":{"type":"LineString","coordinates":[[32.70035,-18.37783],[32.7007,-18.3775],[32.70099,-18.37724],[32.7012,-18.37707],[32.7013,-18.37697],[32.70135,-18.37694],[32.70142,-18.37695],[32.70151,-18.37699]]}},{"type":"Feature","properties":{"kind":"track","name":""},"geometry":{"type":"LineString","coordinates":[[32.70004,-18.37727],[32.70003,-18.37746],[32.7,-18.37755],[32.7,-18.37759],[32.70002,-18.37765],[32.70007,-18.37768],[32.7002,-18.37769],[32.70027,-18.37775],[32.70035,-18.37783],[32.70067,-18.37815]]}},{"type":"Feature","properties":{"kind":"track","name":""},"geometry":{"type":"LineString","coordinates":[[32.69949,-18.38118],[32.6997,-18.38117],[32.7,-18.38118]]}},{"type":"Feature","properties":{"kind":"track","name":""},"geometry":{"type":"LineString","coordinates":[[32.69615,-18.38351],[32.69631,-18.38324],[32.69644,-18.38309],[32.69671,-18.38289],[32.69703,-18.38274],[32.69753,-18.38252],[32.69796,-18.38227],[32.69821,-18.38205],[32.69861,-18.38187],[32.69893,-18.3817],[32.69932,-18.38139],[32.69949,-18.38118],[32.69962,-18.38101]]}},{"type":"Feature","properties":{"kind":"track","name":""},"geometry":{"type":"LineString","coordinates":[[32.70292,-18.37843],[32.70291,-18.37852],[32.70294,-18.37866],[32.70301,-18.37889],[32.7031,-18.37907],[32.70314,-18.37916],[32.70318,-18.37919],[32.70323,-18.3792],[32.70336,-18.37909],[32.70357,-18.37893],[32.70371,-18.37885],[32.70374,-18.37882],[32.70375,-18.3788],[32.70374,-18.37878]]}},{"type":"Feature","properties":{"kind":"track","name":""},"geometry":{"type":"LineString","coordinates":[[32.70124,-18.3797],[32.70161,-18.38012]]}},{"type":"Feature","properties":{"kind":"track","name":""},"geometry":{"type":"LineString","coordinates":[[32.70046,-18.37994],[32.70116,-18.37974],[32.70124,-18.3797],[32.70131,-18.37965],[32.70149,-18.37952],[32.70164,-18.37942],[32.70183,-18.37936],[32.70201,-18.3793],[32.70209,-18.37925]]}},{"type":"Feature","properties":{"kind":"track","name":""},"geometry":{"type":"LineString","coordinates":[[32.70175,-18.37837],[32.70186,-18.37856],[32.70196,-18.37869],[32.70201,-18.37877],[32.70202,-18.37889],[32.70209,-18.37925],[32.70218,-18.37937],[32.70227,-18.37953],[32.70233,-18.37964],[32.70233,-18.37971],[32.70229,-18.37979],[32.70221,-18.37986],[32.70172,-18.38005],[32.70161,-18.38012],[32.70151,-18.38018],[32.70115,-18.38038],[32.70047,-18.38066],[32.70034,-18.38076],[32.70022,-18.38082],[32.70006,-18.38103]]}},{"type":"Feature","properties":{"kind":"track","name":""},"geometry":{"type":"LineString","coordinates":[[32.70059,-18.37957],[32.70074,-18.37932],[32.70097,-18.37905],[32.70118,-18.37885],[32.70131,-18.37868],[32.70147,-18.37852],[32.70159,-18.37844],[32.70175,-18.37837],[32.70184,-18.37825],[32.70191,-18.37814]]}},{"type":"Feature","properties":{"kind":"track","name":""},"geometry":{"type":"LineString","coordinates":[[32.70132,-18.37729],[32.70147,-18.37757],[32.70173,-18.37787],[32.70191,-18.37814],[32.702,-18.3782],[32.70215,-18.37825],[32.70231,-18.37827],[32.7025,-18.37831],[32.70272,-18.37839],[32.70292,-18.37843],[32.7031,-18.37846],[32.70323,-18.37852],[32.70335,-18.37861],[32.70347,-18.37872],[32.70357,-18.37877],[32.70366,-18.37878],[32.70371,-18.37878],[32.70374,-18.37878]]}},{"type":"Feature","properties":{"kind":"track","name":""},"geometry":{"type":"LineString","coordinates":[[32.70193,-18.37644],[32.70207,-18.3766],[32.70219,-18.37683],[32.70236,-18.37708],[32.70246,-18.37731],[32.70249,-18.37753],[32.7025,-18.37788],[32.70238,-18.37811],[32.70231,-18.37827],[32.70226,-18.37839],[32.70217,-18.37855],[32.70206,-18.37865],[32.70196,-18.37869],[32.70184,-18.3787],[32.70164,-18.37872],[32.70144,-18.37875],[32.70124,-18.37883],[32.70118,-18.37885]]}},{"type":"Feature","properties":{"kind":"road","name":""},"geometry":{"type":"LineString","coordinates":[[32.7095,-18.36988],[32.70947,-18.36971],[32.70927,-18.36873],[32.70913,-18.36796],[32.70901,-18.36737]]}},{"type":"Feature","properties":{"kind":"road","name":""},"geometry":{"type":"LineString","coordinates":[[32.63752,-18.20176],[32.63706,-18.2018],[32.63688,-18.20186],[32.63668,-18.20195],[32.63643,-18.20213],[32.6362,-18.20225],[32.63598,-18.20229],[32.63571,-18.2023],[32.6352,-18.20234],[32.63462,-18.20243],[32.63314,-18.20269],[32.63196,-18.20288],[32.63096,-18.20308],[32.63051,-18.20323],[32.6302,-18.20337],[32.62972,-18.20361],[32.62904,-18.20403],[32.6279,-18.20472],[32.62728,-18.20508],[32.62712,-18.20521],[32.62674,-18.20553],[32.62657,-18.20573],[32.62628,-18.20611],[32.62579,-18.20686],[32.62563,-18.20715],[32.62544,-18.20752],[32.62511,-18.20826],[32.624,-18.20946],[32.62359,-18.20985],[32.62329,-18.21011],[32.62283,-18.21044],[32.62251,-18.21064],[32.62213,-18.21084],[32.62171,-18.21101],[32.62117,-18.21126],[32.62082,-18.2115],[32.62048,-18.21173],[32.62029,-18.21192],[32.62018,-18.21216],[32.61999,-18.21245],[32.61978,-18.21271],[32.61945,-18.21309],[32.61866,-18.21378],[32.61778,-18.21467],[32.61751,-18.21499],[32.61718,-18.21538],[32.61675,-18.21585],[32.61527,-18.21721],[32.6148,-18.21779],[32.61454,-18.21837],[32.61431,-18.21886],[32.61398,-18.21935],[32.61369,-18.2197],[32.61271,-18.22083],[32.61238,-18.22115],[32.61209,-18.22139],[32.61171,-18.22162],[32.61141,-18.22176],[32.61112,-18.22185],[32.61078,-18.22191],[32.60946,-18.22188],[32.6085,-18.22195],[32.60816,-18.22195],[32.60759,-18.22203],[32.60725,-18.22213],[32.60675,-18.22236],[32.60638,-18.22263],[32.60616,-18.22282],[32.60595,-18.22306],[32.60574,-18.22336],[32.6054,-18.22404],[32.60502,-18.2248],[32.60492,-18.22507],[32.60468,-18.22581],[32.6043,-18.22714],[32.60389,-18.22879],[32.6037,-18.22941],[32.60364,-18.22964],[32.60362,-18.22981],[32.60365,-18.23008],[32.60372,-18.23047],[32.6037,-18.23066],[32.60361,-18.2308],[32.60328,-18.23117],[32.602,-18.23264],[32.60188,-18.23283],[32.60181,-18.23304],[32.60168,-18.23373],[32.6016,-18.23392],[32.6015,-18.23407],[32.60133,-18.23417],[32.60089,-18.23429],[32.60055,-18.23434],[32.60031,-18.23433],[32.60006,-18.23432],[32.59945,-18.23427],[32.59895,-18.2342],[32.59825,-18.23408],[32.59752,-18.23401],[32.59737,-18.23401],[32.59722,-18.23403],[32.59705,-18.23408],[32.59688,-18.23416],[32.59675,-18.2343],[32.59654,-18.23462],[32.59622,-18.2352],[32.59594,-18.23567],[32.59544,-18.23639],[32.59499,-18.23712],[32.59453,-18.23802],[32.59389,-18.2393],[32.59375,-18.23959],[32.59354,-18.23992],[32.59338,-18.2402],[32.59333,-18.2403],[32.5933,-18.24048],[32.59323,-18.24072],[32.59319,-18.24085],[32.59315,-18.24096],[32.59307,-18.24108],[32.59294,-18.2413],[32.59279,-18.24152],[32.59267,-18.24166],[32.59255,-18.24176],[32.59237,-18.24186],[32.59224,-18.24194],[32.59209,-18.24205],[32.59195,-18.24217],[32.59181,-18.24226],[32.5917,-18.24229],[32.59158,-18.2423],[32.59103,-18.24225],[32.59074,-18.24223],[32.59038,-18.24224],[32.59022,-18.24229],[32.58994,-18.24239],[32.58965,-18.24252],[32.58945,-18.24265],[32.58925,-18.2428],[32.58912,-18.24294],[32.58903,-18.24308],[32.58893,-18.24327],[32.58881,-18.24354],[32.58875,-18.24372],[32.58869,-18.24397],[32.5886,-18.24428],[32.5885,-18.24453],[32.58841,-18.24483],[32.58831,-18.24521],[32.58823,-18.24558],[32.58821,-18.24577],[32.58816,-18.24621],[32.58814,-18.24683],[32.58809,-18.24733],[32.58805,-18.24745],[32.58799,-18.24753],[32.58792,-18.24761],[32.58782,-18.24769],[32.58731,-18.2479],[32.58638,-18.24832],[32.58519,-18.24884],[32.58416,-18.24926],[32.58344,-18.24959],[32.58287,-18.24986],[32.58204,-18.25021],[32.58104,-18.25062],[32.58062,-18.25081],[32.58042,-18.25091],[32.58004,-18.25115],[32.57955,-18.25145],[32.57911,-18.2517],[32.57871,-18.25195],[32.57803,-18.25234],[32.57699,-18.25294],[32.57622,-18.25339],[32.57582,-18.25361],[32.57542,-18.25382],[32.57501,-18.25405],[32.5747,-18.25423],[32.57426,-18.25447],[32.57382,-18.25472],[32.57362,-18.25484],[32.57349,-18.25492],[32.57332,-18.25505],[32.57317,-18.25517],[32.57304,-18.25527],[32.57286,-18.25541],[32.57266,-18.25559],[32.57244,-18.2558],[32.5722,-18.25599],[32.57201,-18.25612],[32.5719,-18.25616],[32.57178,-18.2562],[32.57159,-18.25625],[32.57145,-18.25627],[32.57128,-18.25626],[32.57108,-18.25622],[32.57076,-18.25617],[32.5704,-18.25611],[32.56999,-18.25607],[32.56972,-18.25602],[32.56948,-18.25595],[32.56943,-18.25592],[32.56932,-18.25587],[32.56907,-18.25574],[32.56885,-18.2556],[32.5685,-18.25539],[32.56828,-18.25526],[32.56807,-18.25512],[32.5678,-18.25493],[32.56758,-18.25476],[32.56731,-18.25455],[32.56718,-18.25445],[32.56707,-18.25434],[32.56697,-18.25423],[32.56681,-18.25404],[32.56656,-18.25374],[32.56636,-18.25348],[32.56617,-18.25323],[32.56585,-18.25304],[32.56562,-18.25291],[32.56534,-18.25279],[32.56508,-18.25269],[32.56483,-18.25259],[32.56455,-18.25248],[32.56424,-18.25237],[32.564,-18.25231]]}},{"type":"Feature","properties":{"kind":"road","name":""},"geometry":{"type":"LineString","coordinates":[[32.73695,-18.22021],[32.73681,-18.22011],[32.73663,-18.22003],[32.7364,-18.21995],[32.73622,-18.21994],[32.73606,-18.21998],[32.7359,-18.22003],[32.73575,-18.22003],[32.73567,-18.21996],[32.73556,-18.21961],[32.7355,-18.21945],[32.73545,-18.21929],[32.73544,-18.21919],[32.73548,-18.21911],[32.73555,-18.21905]]}},{"type":"Feature","properties":{"kind":"road","name":""},"geometry":{"type":"LineString","coordinates":[[32.73555,-18.21905],[32.7356,-18.21904],[32.7357,-18.21902],[32.73581,-18.21899],[32.73596,-18.21895],[32.73608,-18.21892],[32.73615,-18.21891],[32.73623,-18.21891],[32.73635,-18.21891],[32.73647,-18.21893],[32.73676,-18.21899],[32.73687,-18.21902],[32.73701,-18.21907],[32.7371,-18.21912],[32.73715,-18.21917],[32.73717,-18.21925],[32.73719,-18.21936],[32.73719,-18.21948],[32.73716,-18.21962],[32.73713,-18.21973],[32.73706,-18.21995],[32.73695,-18.22021]]}},{"type":"Feature","properties":{"kind":"road","name":""},"geometry":{"type":"LineString","coordinates":[[32.74523,-18.2266],[32.74513,-18.22651],[32.74502,-18.22643],[32.7449,-18.22639],[32.74473,-18.22635],[32.74435,-18.22626],[32.74405,-18.2262],[32.74348,-18.22606],[32.7433,-18.22601],[32.74314,-18.2259]]}},{"type":"Feature","properties":{"kind":"road","name":""},"geometry":{"type":"LineString","coordinates":[[32.74596,-18.22723],[32.74523,-18.2266]]}},{"type":"Feature","properties":{"kind":"road","name":""},"geometry":{"type":"LineString","coordinates":[[32.73931,-18.23523],[32.73924,-18.23532],[32.73915,-18.23543],[32.73888,-18.23576],[32.73877,-18.2359],[32.73864,-18.23599],[32.7385,-18.23602],[32.73826,-18.23604],[32.73797,-18.23612],[32.73772,-18.23625]]}},{"type":"Feature","properties":{"kind":"road","name":""},"geometry":{"type":"LineString","coordinates":[[32.72755,-18.23937],[32.72896,-18.2376],[32.72907,-18.23746],[32.72912,-18.23739],[32.72914,-18.23734],[32.72913,-18.23729],[32.7291,-18.23724],[32.729,-18.23715],[32.72812,-18.23651]]}},{"type":"Feature","properties":{"kind":"road","name":""},"geometry":{"type":"LineString","coordinates":[[32.72903,-18.23499],[32.72898,-18.23526],[32.7289,-18.23544],[32.72878,-18.23564],[32.72855,-18.23592],[32.72812,-18.23651]]}},{"type":"Feature","properties":{"kind":"road","name":""},"geometry":{"type":"LineString","coordinates":[[32.73905,-18.22629],[32.73915,-18.22625],[32.73922,-18.22619],[32.73926,-18.2261],[32.73925,-18.226],[32.73921,-18.22584],[32.73916,-18.22579]]}},{"type":"Feature","properties":{"kind":"road","name":""},"geometry":{"type":"LineString","coordinates":[[32.73875,-18.22646],[32.73905,-18.22629]]}},{"type":"Feature","properties":{"kind":"track","name":""},"geometry":{"type":"LineString","coordinates":[[32.7078,-18.20708],[32.7078,-18.2069],[32.70785,-18.20672],[32.70797,-18.20648],[32.70812,-18.20625],[32.70832,-18.20599],[32.70847,-18.20584],[32.70872,-18.20566],[32.709,-18.20554],[32.70929,-18.20545],[32.70949,-18.20535],[32.70988,-18.20506],[32.71045,-18.20467],[32.71091,-18.20439],[32.71121,-18.20418],[32.7115,-18.20401],[32.71177,-18.20396],[32.71209,-18.2039],[32.71237,-18.20382],[32.71256,-18.20379],[32.71275,-18.20385],[32.713,-18.20393],[32.71325,-18.20401],[32.71337,-18.20397],[32.71349,-18.20383],[32.71361,-18.20369],[32.71371,-18.20365],[32.71393,-18.20363],[32.71414,-18.20364],[32.71435,-18.20371],[32.71447,-18.20383],[32.71461,-18.20398],[32.7148,-18.2041],[32.71496,-18.20425],[32.71497,-18.2044],[32.71503,-18.20455],[32.71514,-18.20466],[32.71525,-18.2047],[32.71541,-18.20464],[32.71551,-18.20448],[32.71564,-18.20435],[32.71579,-18.20424],[32.71615,-18.20415],[32.71651,-18.20413],[32.71679,-18.20402],[32.71729,-18.20378],[32.71794,-18.20334],[32.7183,-18.20313],[32.71859,-18.20288],[32.71916,-18.20243],[32.71951,-18.20218],[32.71986,-18.20179],[32.72042,-18.20113]]}},{"type":"Feature","properties":{"kind":"track","name":""},"geometry":{"type":"LineString","coordinates":[[32.69835,-18.21968],[32.69864,-18.21971],[32.69912,-18.21974],[32.69951,-18.21977],[32.69966,-18.21983],[32.69985,-18.21996],[32.7,-18.22001],[32.70021,-18.22001],[32.70053,-18.22],[32.70069,-18.21994],[32.70097,-18.21984],[32.70123,-18.21975],[32.7015,-18.2197],[32.70172,-18.2197],[32.70198,-18.21975],[32.70233,-18.21991],[32.70248,-18.22002],[32.70268,-18.22016],[32.7028,-18.22021],[32.70299,-18.22024],[32.70315,-18.22025],[32.7034,-18.22021],[32.7036,-18.22012],[32.704,-18.22007],[32.70421,-18.22008],[32.70445,-18.22013],[32.70468,-18.22026],[32.70501,-18.22049],[32.7052,-18.22061],[32.70544,-18.22073],[32.70564,-18.22079],[32.70581,-18.22082],[32.70598,-18.22085],[32.7061,-18.22082],[32.70627,-18.22072],[32.70652,-18.22058],[32.70682,-18.2204],[32.70722,-18.22017],[32.70743,-18.22011],[32.70762,-18.22007],[32.70779,-18.22006],[32.70792,-18.22012],[32.70805,-18.22022],[32.70817,-18.22024],[32.70825,-18.22021],[32.70834,-18.22008],[32.70849,-18.21988],[32.70863,-18.21973],[32.70884,-18.21959],[32.70925,-18.2194],[32.70961,-18.21927],[32.71023,-18.21901],[32.71045,-18.21894],[32.71066,-18.2189],[32.71103,-18.21888],[32.71122,-18.21889],[32.71144,-18.21891],[32.71157,-18.21889],[32.71178,-18.21879],[32.71203,-18.21865],[32.71221,-18.2186],[32.71238,-18.21857],[32.71262,-18.21856],[32.71284,-18.21862],[32.71302,-18.2187],[32.71316,-18.2188],[32.71326,-18.21889],[32.71336,-18.21892],[32.71348,-18.21893],[32.7136,-18.21891],[32.7137,-18.21888],[32.7138,-18.21883],[32.7139,-18.21879],[32.714,-18.21879],[32.71412,-18.21883],[32.71421,-18.2189],[32.71435,-18.21901],[32.71445,-18.21908],[32.71457,-18.21913],[32.71469,-18.21918],[32.71477,-18.21919],[32.71485,-18.21918],[32.71497,-18.21908],[32.71504,-18.21898],[32.71513,-18.21892],[32.71531,-18.21887],[32.71554,-18.21889],[32.71574,-18.21895],[32.71604,-18.21914]]}},{"type":"Feature","properties":{"kind":"road","name":""},"geometry":{"type":"LineString","coordinates":[[32.74356,-18.28998],[32.74381,-18.28983],[32.74413,-18.28965],[32.74432,-18.28954],[32.7445,-18.28946],[32.74468,-18.28941],[32.74488,-18.28941],[32.74512,-18.2894],[32.74536,-18.28937],[32.74548,-18.28935],[32.74565,-18.28929]]}},{"type":"Feature","properties":{"kind":"road","name":""},"geometry":{"type":"LineString","coordinates":[[32.74337,-18.2901],[32.74356,-18.28998]]}},{"type":"Feature","properties":{"kind":"road","name":""},"geometry":{"type":"LineString","coordinates":[[32.7183,-18.29143],[32.71783,-18.29121]]}},{"type":"Feature","properties":{"kind":"road","name":""},"geometry":{"type":"LineString","coordinates":[[32.7206,-18.29236],[32.71909,-18.29175],[32.7183,-18.29143]]}},{"type":"Feature","properties":{"kind":"road","name":""},"geometry":{"type":"LineString","coordinates":[[32.7234,-18.28965],[32.72325,-18.28991]]}},{"type":"Feature","properties":{"kind":"road","name":""},"geometry":{"type":"LineString","coordinates":[[32.72337,-18.28863],[32.72339,-18.28876],[32.72343,-18.28896],[32.72348,-18.28916],[32.7235,-18.28926],[32.7235,-18.28938],[32.72348,-18.28949],[32.72345,-18.28956],[32.7234,-18.28965]]}},{"type":"Feature","properties":{"kind":"road","name":""},"geometry":{"type":"LineString","coordinates":[[32.72353,-18.28076],[32.72357,-18.28091],[32.72364,-18.28117]]}},{"type":"Feature","properties":{"kind":"road","name":""},"geometry":{"type":"LineString","coordinates":[[32.72437,-18.27917],[32.72434,-18.27926],[32.72431,-18.27939],[32.72426,-18.27953],[32.7242,-18.27964],[32.72413,-18.27975],[32.72398,-18.27991],[32.72384,-18.28007],[32.72373,-18.28019],[32.72363,-18.28033],[32.72357,-18.28042],[32.72353,-18.28053],[32.72352,-18.28062],[32.72353,-18.28076]]}},{"type":"Feature","properties":{"kind":"road","name":"Access Road to Mare Dam"},"geometry":{"type":"LineString","coordinates":[[32.76906,-18.29745],[32.76911,-18.29743],[32.76916,-18.29739],[32.7692,-18.29734],[32.76925,-18.29727],[32.7693,-18.29714],[32.76938,-18.29698],[32.76952,-18.29686],[32.7697,-18.29676],[32.76995,-18.29661],[32.77022,-18.29647]]}},{"type":"Feature","properties":{"kind":"road","name":"Access Road to Mare Dam"},"geometry":{"type":"LineString","coordinates":[[32.76883,-18.29736],[32.76906,-18.29745]]}},{"type":"Feature","properties":{"kind":"road","name":""},"geometry":{"type":"LineString","coordinates":[[32.79146,-18.25389],[32.79141,-18.25392],[32.79137,-18.25399],[32.79132,-18.2541],[32.79121,-18.25426],[32.79109,-18.25447],[32.79097,-18.25465]]}},{"type":"Feature","properties":{"kind":"road","name":""},"geometry":{"type":"LineString","coordinates":[[32.79097,-18.25465],[32.79119,-18.25453],[32.79139,-18.25437],[32.79153,-18.25426],[32.79159,-18.2542],[32.79162,-18.25415],[32.79164,-18.25408],[32.79163,-18.25401],[32.79158,-18.25393],[32.79151,-18.25389],[32.79146,-18.25389]]}},{"type":"Feature","properties":{"kind":"track","name":"Access road to Traditional Village"},"geometry":{"type":"LineString","coordinates":[[32.7401,-18.28492],[32.73995,-18.28502]]}},{"type":"Feature","properties":{"kind":"track","name":"Access road to Traditional Village"},"geometry":{"type":"LineString","coordinates":[[32.73974,-18.28535],[32.73981,-18.28524],[32.73995,-18.28502]]}},{"type":"Feature","properties":{"kind":"road","name":""},"geometry":{"type":"LineString","coordinates":[[32.63735,-18.22904],[32.63767,-18.22888]]}},{"type":"Feature","properties":{"kind":"road","name":""},"geometry":{"type":"LineString","coordinates":[[32.63775,-18.22707],[32.63759,-18.22684]]}},{"type":"Feature","properties":{"kind":"road","name":""},"geometry":{"type":"LineString","coordinates":[[32.63767,-18.22888],[32.63821,-18.22859],[32.63841,-18.22845],[32.63844,-18.22837],[32.63847,-18.2283],[32.63846,-18.22821],[32.63842,-18.22812],[32.63832,-18.22792],[32.63799,-18.22745],[32.63775,-18.22707]]}},{"type":"Feature","properties":{"kind":"road","name":""},"geometry":{"type":"LineString","coordinates":[[32.63348,-18.24131],[32.63296,-18.24111],[32.63231,-18.24068],[32.63163,-18.23987],[32.63111,-18.23922],[32.63064,-18.23865],[32.63043,-18.23813],[32.63036,-18.23786],[32.63038,-18.23763]]}},{"type":"Feature","properties":{"kind":"road","name":""},"geometry":{"type":"LineString","coordinates":[[32.6755,-18.20933],[32.67579,-18.20908],[32.676,-18.20899],[32.67623,-18.20901],[32.6767,-18.20914],[32.67714,-18.20926],[32.67747,-18.20931],[32.67794,-18.20935],[32.67877,-18.20932],[32.67959,-18.20919],[32.68003,-18.2091],[32.68041,-18.20906],[32.68092,-18.20908],[32.68174,-18.20915],[32.68253,-18.20919],[32.68281,-18.20919],[32.68301,-18.20916],[32.68321,-18.2091],[32.68341,-18.20901],[32.68358,-18.20888],[32.68404,-18.20839],[32.68449,-18.20786],[32.68491,-18.20748],[32.68533,-18.20708],[32.68554,-18.20686],[32.68583,-18.20661],[32.686,-18.20647],[32.68628,-18.20636],[32.6866,-18.20625],[32.68693,-18.20611],[32.68759,-18.20575],[32.688,-18.20553],[32.68815,-18.20546],[32.68835,-18.20534],[32.68844,-18.20524],[32.68847,-18.20514],[32.68849,-18.20496],[32.68853,-18.20471],[32.68862,-18.20447],[32.68874,-18.20426],[32.68896,-18.20384],[32.68941,-18.20296],[32.68982,-18.20228],[32.69028,-18.20152],[32.6907,-18.20063],[32.69092,-18.20026],[32.69106,-18.20004],[32.69115,-18.19991],[32.69142,-18.19962]]}},{"type":"Feature","properties":{"kind":"road","name":""},"geometry":{"type":"LineString","coordinates":[[32.66194,-18.21498],[32.66208,-18.21498]]}},{"type":"Feature","properties":{"kind":"road","name":""},"geometry":{"type":"LineString","coordinates":[[32.6811,-18.28521],[32.68107,-18.28512],[32.681,-18.28503],[32.68094,-18.28497],[32.68082,-18.28485],[32.68073,-18.28476],[32.68066,-18.28471],[32.68053,-18.2847],[32.68049,-18.28469],[32.68046,-18.28466],[32.68048,-18.28463],[32.68054,-18.28461],[32.68064,-18.28458],[32.68076,-18.28454],[32.68087,-18.28448],[32.68099,-18.28443],[32.68113,-18.2844],[32.68125,-18.2844],[32.68134,-18.28442],[32.68146,-18.28446],[32.68165,-18.28447],[32.68193,-18.28445]]}},{"type":"Feature","properties":{"kind":"road","name":""},"geometry":{"type":"LineString","coordinates":[[32.68193,-18.28445],[32.68176,-18.28453],[32.68166,-18.28455],[32.68156,-18.28456],[32.68148,-18.28457],[32.68142,-18.2846],[32.68136,-18.28465]]}},{"type":"Feature","properties":{"kind":"road","name":""},"geometry":{"type":"LineString","coordinates":[[32.6824,-18.29027],[32.68241,-18.29018]]}},{"type":"Feature","properties":{"kind":"road","name":""},"geometry":{"type":"LineString","coordinates":[[32.68165,-18.29117],[32.68167,-18.29106],[32.68167,-18.29102],[32.68172,-18.29094],[32.68177,-18.29091],[32.68194,-18.29084],[32.68208,-18.29077],[32.68219,-18.29066],[32.68226,-18.29058],[32.68231,-18.29048],[32.68236,-18.29036],[32.6824,-18.29027]]}},{"type":"Feature","properties":{"kind":"track","name":""},"geometry":{"type":"LineString","coordinates":[[32.68281,-18.20919],[32.68233,-18.21043],[32.68212,-18.21098],[32.68189,-18.2116],[32.68185,-18.21195],[32.68196,-18.21217],[32.68224,-18.21242],[32.68309,-18.21298],[32.68377,-18.21358],[32.68415,-18.21408],[32.6844,-18.21452]]}},{"type":"Feature","properties":{"kind":"track","name":""},"geometry":{"type":"LineString","coordinates":[[32.66875,-18.21293],[32.66883,-18.21262],[32.66896,-18.21229],[32.66912,-18.21203],[32.6692,-18.21183],[32.66924,-18.21133],[32.66928,-18.2105],[32.66922,-18.21],[32.66916,-18.20974],[32.66897,-18.20951],[32.66882,-18.20926],[32.66858,-18.20871],[32.66834,-18.20852],[32.66788,-18.20813],[32.66763,-18.20808],[32.66718,-18.2083],[32.6667,-18.20863]]}},{"type":"Feature","properties":{"kind":"track","name":""},"geometry":{"type":"LineString","coordinates":[[32.63538,-18.28036],[32.63478,-18.28045],[32.63395,-18.28027],[32.633,-18.2801],[32.63213,-18.27988],[32.63126,-18.27967],[32.63062,-18.27941],[32.63003,-18.27912],[32.62975,-18.2788],[32.62943,-18.27845],[32.62877,-18.27801],[32.62721,-18.27697],[32.62613,-18.27638],[32.62472,-18.27562],[32.62441,-18.27546],[32.62417,-18.27527]]}},{"type":"Feature","properties":{"kind":"track","name":""},"geometry":{"type":"LineString","coordinates":[[32.62372,-18.25237],[32.62362,-18.25236],[32.62348,-18.25238],[32.62334,-18.25244],[32.62305,-18.2526],[32.6229,-18.2527],[32.62271,-18.2529],[32.62251,-18.25317],[32.62242,-18.2533],[32.62234,-18.25337],[32.62222,-18.25345],[32.62204,-18.25363],[32.62181,-18.25378],[32.62147,-18.25398],[32.62107,-18.25432],[32.62058,-18.25479],[32.62043,-18.25497],[32.62027,-18.25519],[32.62006,-18.25533],[32.61973,-18.25555],[32.61941,-18.2559],[32.61914,-18.25614],[32.61896,-18.25634],[32.61868,-18.25677],[32.61849,-18.25705],[32.61817,-18.25746],[32.61787,-18.25781],[32.61776,-18.25793],[32.61765,-18.25801],[32.61753,-18.2581],[32.61743,-18.25821],[32.61715,-18.25859],[32.61703,-18.25871],[32.61693,-18.25876],[32.6168,-18.25882],[32.61665,-18.25887],[32.61651,-18.25882],[32.61625,-18.25865],[32.61602,-18.25849],[32.61588,-18.25847],[32.61541,-18.25843],[32.61518,-18.25838],[32.61492,-18.25824],[32.61484,-18.25824],[32.61479,-18.25827],[32.61469,-18.25833],[32.61458,-18.25844],[32.61445,-18.25859],[32.61422,-18.25877],[32.61394,-18.25889],[32.61378,-18.25894],[32.61365,-18.259],[32.6135,-18.25907],[32.61324,-18.25914],[32.61299,-18.25923],[32.61277,-18.25927],[32.61262,-18.25927],[32.61242,-18.25932],[32.61217,-18.25943],[32.61201,-18.25954],[32.61189,-18.25966],[32.61169,-18.25975],[32.61133,-18.25987],[32.61109,-18.26],[32.61094,-18.26015],[32.61076,-18.26027],[32.61041,-18.2605],[32.61004,-18.26083],[32.60978,-18.26103],[32.60937,-18.2613],[32.60914,-18.26143],[32.60883,-18.26156],[32.60866,-18.26166],[32.60835,-18.26182],[32.60794,-18.26204],[32.6077,-18.26218],[32.60731,-18.26234],[32.60704,-18.26248],[32.60686,-18.26264],[32.60664,-18.26286],[32.60647,-18.263],[32.6063,-18.2631],[32.60606,-18.26335],[32.60569,-18.2637],[32.6056,-18.2639],[32.60535,-18.26416],[32.60506,-18.26446],[32.60463,-18.26486],[32.60432,-18.26526],[32.60372,-18.26595],[32.60335,-18.26639],[32.60298,-18.26681],[32.60285,-18.26695],[32.60268,-18.26704],[32.60233,-18.26722],[32.60206,-18.26736],[32.60167,-18.26764],[32.60108,-18.26814],[32.60094,-18.26825],[32.6008,-18.26842],[32.60065,-18.26852],[32.60048,-18.26861],[32.60022,-18.26882],[32.59991,-18.26901],[32.59974,-18.26913],[32.59966,-18.26922],[32.59957,-18.26947],[32.59955,-18.26961],[32.59953,-18.26975],[32.59949,-18.26991],[32.59945,-18.27006],[32.59946,-18.27026],[32.59942,-18.27036],[32.59929,-18.27044],[32.59918,-18.27048],[32.59904,-18.27055],[32.59888,-18.27062],[32.59876,-18.27079],[32.59872,-18.27091],[32.59864,-18.27106],[32.59853,-18.27118],[32.59846,-18.27134],[32.59835,-18.27147],[32.59826,-18.27164],[32.59819,-18.27175],[32.59808,-18.27186],[32.59793,-18.27197]]}},{"type":"Feature","properties":{"kind":"road","name":""},"geometry":{"type":"LineString","coordinates":[[32.67511,-18.20966],[32.6755,-18.20933]]}},{"type":"Feature","properties":{"kind":"road","name":""},"geometry":{"type":"LineString","coordinates":[[32.66208,-18.21498],[32.66248,-18.21495],[32.66334,-18.21481],[32.66398,-18.21468],[32.66434,-18.21452],[32.66496,-18.21409],[32.66573,-18.21363],[32.66613,-18.21334],[32.66637,-18.21327],[32.66673,-18.21323],[32.6672,-18.21327],[32.66764,-18.21322],[32.66843,-18.21303],[32.66875,-18.21293],[32.66971,-18.21256],[32.67083,-18.21202],[32.67162,-18.21158],[32.67223,-18.21135],[32.6729,-18.21117],[32.67328,-18.21103],[32.67396,-18.21058],[32.6745,-18.21025],[32.67499,-18.20977],[32.67511,-18.20966]]}},{"type":"Feature","properties":{"kind":"track","name":""},"geometry":{"type":"LineString","coordinates":[[32.66843,-18.21303],[32.6684,-18.21271],[32.66839,-18.21249],[32.66831,-18.21237],[32.66833,-18.21221],[32.66838,-18.21203],[32.66832,-18.21188],[32.66809,-18.21157],[32.66756,-18.21086],[32.66726,-18.21046],[32.66708,-18.21026],[32.66676,-18.20999],[32.66653,-18.20971],[32.66646,-18.2095],[32.6665,-18.20932],[32.66666,-18.20885],[32.6667,-18.20863]]}},{"type":"Feature","properties":{"kind":"track","name":""},"geometry":{"type":"LineString","coordinates":[[32.7144,-18.21182],[32.71448,-18.21145],[32.71458,-18.21107],[32.71461,-18.21094],[32.71463,-18.2108],[32.71463,-18.2105],[32.71461,-18.21029],[32.71461,-18.21012],[32.71465,-18.20984],[32.71471,-18.20969],[32.71477,-18.20954],[32.7148,-18.20942],[32.71482,-18.20923],[32.71478,-18.20885],[32.71472,-18.20841],[32.71473,-18.20807],[32.71476,-18.2077],[32.71478,-18.20749],[32.71476,-18.20733],[32.71472,-18.20724],[32.71459,-18.20713],[32.71443,-18.20696],[32.71438,-18.20688],[32.71436,-18.20676],[32.71438,-18.2066],[32.71442,-18.2064],[32.7144,-18.20627],[32.71432,-18.20613],[32.71418,-18.206],[32.71402,-18.20588],[32.71384,-18.2058],[32.71371,-18.20574],[32.71361,-18.20561],[32.71354,-18.20543],[32.71353,-18.20523],[32.71351,-18.20498],[32.71347,-18.20475],[32.71336,-18.20438],[32.71334,-18.20424],[32.71331,-18.20414],[32.71325,-18.20401]]}},{"type":"Feature","properties":{"kind":"track","name":""},"geometry":{"type":"LineString","coordinates":[[32.91829,-18.40714],[32.91821,-18.40686],[32.91814,-18.40658],[32.91811,-18.40635],[32.91811,-18.40608],[32.91812,-18.40586],[32.91813,-18.40572],[32.91814,-18.40561],[32.91816,-18.40555],[32.91821,-18.4055],[32.91826,-18.40544],[32.9183,-18.40539],[32.91834,-18.40528],[32.91842,-18.40515],[32.91849,-18.40505],[32.91857,-18.40492],[32.91864,-18.40481],[32.91871,-18.40468],[32.91879,-18.40457],[32.91889,-18.40447],[32.91903,-18.40435],[32.91914,-18.40424],[32.91935,-18.40408],[32.9195,-18.40397],[32.9197,-18.40386],[32.91992,-18.40377],[32.92005,-18.40372],[32.92016,-18.40369],[32.92025,-18.40369],[32.92034,-18.4037],[32.92045,-18.40371],[32.92054,-18.40372],[32.92062,-18.40371],[32.9207,-18.40366],[32.9208,-18.40354],[32.92089,-18.40344],[32.92098,-18.40337],[32.92109,-18.4033]]}},{"type":"Feature","properties":{"kind":"track","name":""},"geometry":{"type":"LineString","coordinates":[[32.90738,-18.41205],[32.90757,-18.41226],[32.9077,-18.41236],[32.90782,-18.41242],[32.908,-18.41249],[32.90818,-18.41253],[32.9083,-18.41256],[32.90838,-18.41259],[32.90848,-18.41268],[32.9085,-18.41276],[32.90851,-18.41288],[32.90848,-18.41307],[32.90842,-18.41332],[32.90836,-18.41356],[32.9083,-18.41385],[32.90829,-18.414],[32.90828,-18.41411],[32.9082,-18.41422],[32.9081,-18.4143],[32.90798,-18.41442],[32.90792,-18.4145],[32.90789,-18.41459],[32.90787,-18.41479],[32.90789,-18.41495],[32.9079,-18.41503],[32.90788,-18.4151],[32.90785,-18.41517],[32.90773,-18.41528],[32.90757,-18.41542],[32.90746,-18.41553],[32.90731,-18.41562],[32.90723,-18.41567],[32.90713,-18.41573],[32.90707,-18.41583],[32.907,-18.41598],[32.90698,-18.41608],[32.90701,-18.41621],[32.90704,-18.41632],[32.90704,-18.41643],[32.90701,-18.41652],[32.90692,-18.41663],[32.90691,-18.41677],[32.90694,-18.41696],[32.90689,-18.41712],[32.90688,-18.41738],[32.9069,-18.41754],[32.90698,-18.41769],[32.90704,-18.41788],[32.90714,-18.41821],[32.90726,-18.41859],[32.90736,-18.41876],[32.90751,-18.41884],[32.90761,-18.41889],[32.90766,-18.41894],[32.90769,-18.419],[32.90771,-18.41909],[32.90772,-18.41918],[32.90775,-18.41923],[32.90785,-18.41925],[32.90798,-18.41926],[32.90808,-18.41928],[32.90818,-18.41932],[32.90823,-18.41937],[32.90826,-18.41945],[32.90831,-18.41953],[32.90839,-18.41966],[32.90847,-18.41978],[32.90859,-18.41991],[32.90868,-18.42007],[32.90874,-18.4202],[32.90878,-18.42032],[32.90877,-18.42043],[32.90873,-18.42052],[32.90861,-18.42065],[32.9085,-18.42071],[32.90844,-18.42078],[32.9084,-18.42084],[32.90841,-18.42092],[32.90845,-18.42102],[32.90849,-18.42112],[32.90851,-18.42121],[32.90849,-18.42129],[32.90846,-18.42136],[32.90838,-18.42146],[32.90833,-18.42153],[32.90834,-18.42162],[32.90839,-18.4218],[32.90845,-18.42194],[32.90852,-18.42206],[32.90863,-18.42214],[32.90881,-18.4222],[32.90886,-18.42221],[32.9089,-18.42224],[32.90892,-18.42228],[32.9089,-18.42231],[32.90884,-18.42238],[32.90877,-18.42243],[32.90871,-18.42253],[32.90863,-18.42267],[32.90854,-18.42281],[32.90839,-18.42294],[32.90824,-18.42302],[32.90809,-18.42308],[32.90798,-18.42309],[32.90778,-18.42308],[32.90758,-18.42307],[32.90738,-18.42304],[32.90724,-18.42295],[32.90713,-18.42283],[32.907,-18.42272],[32.90673,-18.42255],[32.90647,-18.4224],[32.9062,-18.42223],[32.90603,-18.42215],[32.90593,-18.42206],[32.90579,-18.42194],[32.90567,-18.42181],[32.90562,-18.42169],[32.90566,-18.42157],[32.90568,-18.4215],[32.90569,-18.42145],[32.90566,-18.42139],[32.90557,-18.42133],[32.90532,-18.42129],[32.90502,-18.42117],[32.90475,-18.42103],[32.90453,-18.42091],[32.90439,-18.42079],[32.90423,-18.42072],[32.90399,-18.42066],[32.90378,-18.42061],[32.90356,-18.42053],[32.90332,-18.42039],[32.90309,-18.42028],[32.90292,-18.42023],[32.90278,-18.42015],[32.9026,-18.41998],[32.90242,-18.41988],[32.90216,-18.41979],[32.90202,-18.41977],[32.90179,-18.41981],[32.9016,-18.41987],[32.90152,-18.41987],[32.90139,-18.41984],[32.90126,-18.41977],[32.90117,-18.41968],[32.90105,-18.41957],[32.90092,-18.41949],[32.90078,-18.41942],[32.90039,-18.41928],[32.90016,-18.41921],[32.90001,-18.41921],[32.89991,-18.41927],[32.89982,-18.41933],[32.89971,-18.41936]]}},{"type":"Feature","properties":{"kind":"track","name":""},"geometry":{"type":"LineString","coordinates":[[32.9286,-18.40893],[32.92871,-18.40897],[32.92877,-18.40902],[32.9288,-18.40908],[32.92882,-18.40915],[32.92886,-18.40921],[32.92897,-18.4093],[32.92902,-18.40935],[32.92906,-18.40943],[32.92908,-18.40955],[32.92907,-18.40966],[32.9291,-18.40975],[32.92914,-18.40981],[32.92925,-18.40987],[32.92941,-18.40995],[32.92953,-18.41003],[32.92962,-18.41013],[32.92973,-18.41028],[32.92995,-18.41064],[32.93007,-18.41082],[32.93019,-18.41099],[32.9303,-18.41118],[32.93044,-18.41146],[32.93068,-18.41185],[32.93087,-18.41213],[32.9311,-18.41236],[32.9313,-18.41245],[32.93147,-18.41252],[32.93165,-18.41255],[32.93184,-18.41253],[32.93202,-18.41248],[32.93217,-18.41239],[32.93233,-18.41231],[32.93248,-18.41223],[32.93263,-18.41218],[32.93275,-18.41216],[32.93285,-18.41218],[32.93297,-18.41225],[32.93314,-18.4123],[32.93329,-18.41232],[32.93341,-18.41238],[32.9336,-18.41251],[32.93373,-18.41265],[32.93382,-18.41286],[32.93396,-18.41315],[32.93402,-18.41331],[32.93404,-18.4135],[32.93405,-18.4137],[32.93404,-18.41381],[32.93406,-18.41397],[32.93407,-18.41415],[32.93413,-18.41444],[32.93417,-18.41465],[32.93428,-18.41497],[32.93444,-18.41539],[32.93454,-18.41575],[32.93456,-18.41594],[32.93461,-18.41623],[32.93467,-18.4165],[32.93475,-18.41671],[32.93497,-18.41697],[32.93519,-18.41729],[32.93541,-18.41753],[32.93575,-18.41777],[32.93603,-18.41795],[32.93615,-18.41802],[32.93635,-18.4181],[32.93651,-18.41818],[32.93659,-18.41827],[32.93668,-18.41838],[32.93679,-18.41853],[32.93684,-18.41874],[32.93687,-18.41896],[32.93692,-18.41919],[32.93696,-18.41935],[32.9371,-18.41955],[32.93725,-18.41979],[32.93744,-18.42014],[32.9375,-18.42033],[32.93759,-18.4205],[32.93777,-18.42068],[32.93797,-18.42087],[32.93821,-18.42106],[32.93838,-18.42116],[32.93848,-18.42126],[32.93855,-18.42142],[32.93873,-18.4217],[32.93879,-18.42198],[32.93879,-18.42226],[32.93873,-18.4228],[32.93877,-18.42321],[32.93881,-18.42371],[32.93888,-18.42408],[32.93914,-18.42455],[32.9393,-18.42491],[32.93937,-18.42512],[32.93942,-18.4253],[32.93953,-18.42543],[32.9397,-18.42556],[32.9399,-18.42581],[32.94003,-18.42599],[32.94015,-18.42616],[32.94029,-18.42636],[32.94054,-18.42667],[32.94065,-18.42686],[32.94077,-18.42704],[32.94089,-18.42722],[32.94093,-18.42734],[32.94093,-18.42749],[32.94096,-18.42763],[32.94101,-18.42776],[32.94109,-18.42788],[32.94119,-18.42801],[32.94134,-18.42815],[32.9416,-18.42832],[32.94172,-18.42839],[32.94181,-18.42847],[32.94187,-18.42857],[32.94189,-18.42875],[32.94194,-18.42898],[32.94201,-18.4292],[32.94207,-18.42935],[32.94209,-18.42949],[32.94208,-18.42965],[32.94206,-18.42975],[32.94202,-18.42984],[32.94195,-18.42992],[32.94184,-18.43008],[32.94164,-18.43029],[32.94147,-18.43045],[32.94134,-18.43059],[32.9413,-18.43065],[32.94124,-18.43074],[32.9412,-18.43097],[32.94119,-18.43115],[32.94118,-18.4313],[32.94115,-18.43143],[32.94109,-18.43155],[32.941,-18.43173],[32.94086,-18.43199],[32.94057,-18.43261]]}},{"type":"Feature","properties":{"kind":"track","name":""},"geometry":{"type":"LineString","coordinates":[[32.95538,-18.39646],[32.95559,-18.39671],[32.95571,-18.39692],[32.95578,-18.39727],[32.9558,-18.39755],[32.95584,-18.39778],[32.95599,-18.39805],[32.95628,-18.39836],[32.95643,-18.39866],[32.95654,-18.3989],[32.95662,-18.39918],[32.95673,-18.39957],[32.95684,-18.40004],[32.95695,-18.40031],[32.95718,-18.40056],[32.95747,-18.40084],[32.95782,-18.40113],[32.9583,-18.40148],[32.9585,-18.40166],[32.95868,-18.40184]]}},{"type":"Feature","properties":{"kind":"track","name":""},"geometry":{"type":"LineString","coordinates":[[32.96092,-18.40638],[32.9611,-18.40649],[32.96138,-18.40665],[32.96156,-18.40682],[32.96173,-18.40697],[32.96192,-18.40709],[32.96201,-18.40719],[32.96219,-18.40726],[32.96237,-18.40735],[32.96262,-18.40749],[32.96317,-18.40774],[32.96332,-18.40782],[32.96349,-18.40785],[32.96365,-18.40786],[32.96381,-18.40791],[32.96393,-18.40798],[32.96404,-18.40804],[32.96412,-18.40824],[32.96416,-18.40847],[32.96418,-18.40885],[32.9642,-18.40898],[32.96424,-18.40913],[32.96427,-18.40933],[32.96431,-18.40949],[32.96435,-18.40959],[32.96439,-18.40967],[32.96438,-18.40982],[32.96434,-18.41001],[32.96433,-18.41008],[32.96432,-18.41015],[32.96434,-18.41026],[32.96435,-18.41032],[32.96438,-18.4104],[32.96436,-18.41052],[32.96434,-18.41059],[32.9643,-18.41068],[32.9643,-18.41077],[32.96434,-18.41087],[32.96439,-18.41097],[32.96443,-18.41112],[32.96451,-18.41132]]}},{"type":"Feature","properties":{"kind":"track","name":""},"geometry":{"type":"LineString","coordinates":[[32.95879,-18.40759],[32.95874,-18.40779],[32.95873,-18.4079],[32.95878,-18.40797],[32.95888,-18.40815],[32.95903,-18.40844],[32.9591,-18.40863],[32.95914,-18.40877],[32.95914,-18.40892],[32.95911,-18.40912],[32.9591,-18.40921],[32.95911,-18.40933],[32.95911,-18.40947],[32.95903,-18.40964],[32.95893,-18.40981],[32.95888,-18.41005],[32.95885,-18.4103],[32.9588,-18.41045],[32.95872,-18.41062],[32.95858,-18.41078],[32.95843,-18.41091],[32.95831,-18.4111],[32.95823,-18.41124],[32.95813,-18.41141],[32.95804,-18.41155],[32.95792,-18.41161],[32.95782,-18.41162],[32.95769,-18.41159],[32.95754,-18.41153],[32.9574,-18.41147],[32.95718,-18.4114],[32.95682,-18.41136],[32.95662,-18.41135],[32.95633,-18.41133],[32.95613,-18.41133],[32.95587,-18.41134],[32.95572,-18.41139],[32.95556,-18.41147],[32.95535,-18.41157],[32.95516,-18.41163],[32.95503,-18.41165],[32.95488,-18.41162],[32.95471,-18.41157],[32.95455,-18.41161],[32.95437,-18.41171],[32.95418,-18.41194],[32.95394,-18.41219],[32.95386,-18.41237],[32.95381,-18.41257],[32.95375,-18.41277],[32.95368,-18.41293],[32.95361,-18.41313],[32.95358,-18.41332],[32.95356,-18.41344],[32.95355,-18.41354],[32.95351,-18.41362],[32.95345,-18.41366],[32.95331,-18.41371],[32.95311,-18.41379],[32.95286,-18.41384],[32.95265,-18.41392],[32.95235,-18.41405],[32.95198,-18.41419],[32.95172,-18.4143],[32.95155,-18.41446],[32.95135,-18.41474],[32.95119,-18.41492],[32.95103,-18.4151],[32.95095,-18.41524],[32.95091,-18.41544],[32.95087,-18.41564],[32.95083,-18.41579],[32.95078,-18.41587],[32.9507,-18.41592],[32.95056,-18.41594],[32.95043,-18.41597],[32.95032,-18.41602],[32.9502,-18.41611],[32.95008,-18.41621],[32.94999,-18.4163],[32.94993,-18.41638],[32.94988,-18.4165],[32.94977,-18.41663],[32.94965,-18.41672],[32.94959,-18.41679],[32.94951,-18.41693],[32.94941,-18.41704],[32.94923,-18.41718],[32.9491,-18.41728],[32.94902,-18.41734],[32.94894,-18.41749],[32.94889,-18.41762],[32.94881,-18.41777],[32.94874,-18.41791],[32.94861,-18.41809],[32.9485,-18.41827],[32.94845,-18.41839],[32.94841,-18.41851],[32.94841,-18.41863],[32.94848,-18.41883],[32.94851,-18.41916],[32.94851,-18.41936],[32.94845,-18.4196],[32.94838,-18.41978],[32.94834,-18.42],[32.94831,-18.42013],[32.94829,-18.42029],[32.94834,-18.42047],[32.94838,-18.42071],[32.94839,-18.42083],[32.94837,-18.42093],[32.94831,-18.42104],[32.94818,-18.42118],[32.94808,-18.42139],[32.94796,-18.42165],[32.94781,-18.42191],[32.94767,-18.42214],[32.94754,-18.42236],[32.9473,-18.42273],[32.94706,-18.42333],[32.94688,-18.42385],[32.94669,-18.42425],[32.94659,-18.42445],[32.94654,-18.42451],[32.94649,-18.42454],[32.94643,-18.42455],[32.94637,-18.42452],[32.94632,-18.42447],[32.9463,-18.42432],[32.94624,-18.42396],[32.94614,-18.42363],[32.94592,-18.42327]]}},{"type":"Feature","properties":{"kind":"road","name":""},"geometry":{"type":"LineString","coordinates":[[32.64044,-18.35135],[32.64097,-18.35132],[32.64156,-18.35147],[32.64189,-18.35175],[32.64218,-18.35205],[32.64248,-18.35229],[32.64285,-18.35227],[32.64356,-18.35205],[32.6444,-18.35175],[32.64455,-18.3516],[32.64495,-18.35078]]}},{"type":"Feature","properties":{"kind":"road","name":""},"geometry":{"type":"LineString","coordinates":[[32.64459,-18.35065],[32.6447,-18.35063],[32.6448,-18.35064],[32.64495,-18.35078],[32.6453,-18.35079],[32.64553,-18.35081],[32.64598,-18.35088],[32.64644,-18.35101],[32.64672,-18.35106],[32.64713,-18.35103],[32.64741,-18.35103]]}},{"type":"Feature","properties":{"kind":"road","name":""},"geometry":{"type":"LineString","coordinates":[[32.64001,-18.36593],[32.64006,-18.36604],[32.64027,-18.3661],[32.64063,-18.36597],[32.64094,-18.36597],[32.64133,-18.36598],[32.64165,-18.3659],[32.64197,-18.36586],[32.64201,-18.36588],[32.64211,-18.36593],[32.64196,-18.36606],[32.64168,-18.36639],[32.64141,-18.36654],[32.64128,-18.36674],[32.64121,-18.36703],[32.6412,-18.36741],[32.64125,-18.36782],[32.6414,-18.36813],[32.64149,-18.3682],[32.64152,-18.36824],[32.64166,-18.36829],[32.64175,-18.3685],[32.64181,-18.3687],[32.64192,-18.36889],[32.64167,-18.36923],[32.64154,-18.3697],[32.64181,-18.37011],[32.64192,-18.37047],[32.64207,-18.37104],[32.64218,-18.37147],[32.64249,-18.37171],[32.64262,-18.37181],[32.64279,-18.37197],[32.64293,-18.37235],[32.64298,-18.3725],[32.643,-18.37286],[32.64302,-18.37328],[32.64305,-18.37353],[32.64308,-18.37376],[32.64317,-18.37414],[32.64326,-18.37448],[32.64331,-18.37485],[32.64343,-18.37524],[32.64347,-18.37534]]}},{"type":"Feature","properties":{"kind":"path","name":""},"geometry":{"type":"LineString","coordinates":[[32.64149,-18.3682],[32.64143,-18.36827],[32.6414,-18.3683],[32.64134,-18.36833],[32.6413,-18.3684],[32.64131,-18.36848],[32.6413,-18.36857],[32.64129,-18.36866],[32.64125,-18.36867],[32.64116,-18.36869],[32.64098,-18.36869],[32.64064,-18.3687],[32.64059,-18.36871],[32.64055,-18.36872],[32.6405,-18.36874],[32.64048,-18.36874],[32.64045,-18.3688],[32.64063,-18.36898],[32.64061,-18.36941],[32.64067,-18.36969],[32.64092,-18.37011],[32.64113,-18.37039],[32.64129,-18.37057],[32.64128,-18.3709],[32.64132,-18.37112],[32.64146,-18.37142],[32.64155,-18.37174],[32.64171,-18.37195],[32.64179,-18.37218],[32.64173,-18.37254],[32.64155,-18.37278],[32.64145,-18.37311],[32.64131,-18.37344],[32.6413,-18.37361],[32.64117,-18.3738],[32.64113,-18.37386],[32.64067,-18.37385],[32.64029,-18.374],[32.64016,-18.37402],[32.64012,-18.37399],[32.64005,-18.37399],[32.63995,-18.37394],[32.63986,-18.37395],[32.63979,-18.37401],[32.63959,-18.37393],[32.63959,-18.37384],[32.63947,-18.37365],[32.6392,-18.37375],[32.63908,-18.3738],[32.63907,-18.37385],[32.63905,-18.37394],[32.63897,-18.37408],[32.6389,-18.37448],[32.63872,-18.37452],[32.63859,-18.37462],[32.63851,-18.37472],[32.63841,-18.37477],[32.63829,-18.37472],[32.63824,-18.37477],[32.63819,-18.37485],[32.63808,-18.37485],[32.63802,-18.37472],[32.63802,-18.3746],[32.63797,-18.37454],[32.63786,-18.37448],[32.63782,-18.37434],[32.63775,-18.37428],[32.63773,-18.37422],[32.63766,-18.37415],[32.63765,-18.37407],[32.63761,-18.37399],[32.63758,-18.37389],[32.63753,-18.37376],[32.63749,-18.37371],[32.63747,-18.3736],[32.63753,-18.37359],[32.6375,-18.37353],[32.6374,-18.37353],[32.63737,-18.37359],[32.63742,-18.37367],[32.63744,-18.37375],[32.63748,-18.37389],[32.63751,-18.37398],[32.63749,-18.37407]]}},{"type":"Feature","properties":{"kind":"path","name":""},"geometry":{"type":"LineString","coordinates":[[32.64061,-18.36941],[32.64038,-18.36965],[32.6403,-18.36979],[32.64017,-18.37037],[32.63993,-18.37057],[32.63961,-18.37066],[32.63938,-18.37092],[32.63913,-18.37104],[32.63891,-18.37122],[32.63892,-18.3713],[32.63869,-18.37156],[32.63854,-18.37182],[32.6383,-18.37201],[32.63839,-18.3724],[32.63872,-18.3728],[32.63895,-18.37309],[32.63898,-18.37335],[32.639,-18.37365],[32.63907,-18.37385]]}},{"type":"Feature","properties":{"kind":"stream","name":""},"geometry":{"type":"LineString","coordinates":[[32.64237,-18.37342],[32.64213,-18.37301],[32.64215,-18.37265],[32.64233,-18.37239],[32.64222,-18.37209],[32.64201,-18.37201],[32.64184,-18.3718],[32.64162,-18.37155],[32.64165,-18.37134],[32.64166,-18.37117],[32.64148,-18.37093],[32.64141,-18.37061],[32.64133,-18.3704],[32.64117,-18.37017],[32.641,-18.36996],[32.64085,-18.36973],[32.64076,-18.3695],[32.64074,-18.36913],[32.64067,-18.36901],[32.6406,-18.36889],[32.64055,-18.3688],[32.64055,-18.36872],[32.64054,-18.36855],[32.64053,-18.36819],[32.64049,-18.3679],[32.64052,-18.36766],[32.64018,-18.36748],[32.63971,-18.36745],[32.63953,-18.36758],[32.63945,-18.36763],[32.6394,-18.36795],[32.639,-18.36803],[32.63884,-18.36827]]}},{"type":"Feature","properties":{"kind":"stream","name":""},"geometry":{"type":"LineString","coordinates":[[32.64257,-18.36518],[32.64215,-18.36578],[32.64201,-18.36588],[32.64194,-18.36593],[32.64131,-18.36633],[32.64086,-18.36658],[32.64066,-18.36695],[32.64037,-18.36734],[32.64018,-18.36748]]}},{"type":"Feature","properties":{"kind":"road","name":""},"geometry":{"type":"LineString","coordinates":[[32.73705,-18.19659],[32.73724,-18.19632],[32.73735,-18.19629],[32.73751,-18.19636],[32.73758,-18.19646],[32.73763,-18.19646],[32.73796,-18.19643],[32.73889,-18.19673],[32.7395,-18.19685],[32.73971,-18.1969]]}},{"type":"Feature","properties":{"kind":"road","name":""},"geometry":{"type":"LineString","coordinates":[[32.72486,-18.21281],[32.72488,-18.21263],[32.72495,-18.21256],[32.72694,-18.21278],[32.72744,-18.2128],[32.72778,-18.213],[32.72791,-18.21305]]}},{"type":"Feature","properties":{"kind":"track","name":""},"geometry":{"type":"LineString","coordinates":[[32.73042,-18.21391],[32.73033,-18.21403],[32.73023,-18.21417],[32.73004,-18.21429],[32.72994,-18.21431]]}},{"type":"Feature","properties":{"kind":"road","name":""},"geometry":{"type":"LineString","coordinates":[[32.72955,-18.21435],[32.72915,-18.21434],[32.72863,-18.21419],[32.72789,-18.2139],[32.72779,-18.21365],[32.72779,-18.21344]]}},{"type":"Feature","properties":{"kind":"road","name":""},"geometry":{"type":"LineString","coordinates":[[32.72995,-18.21339],[32.73003,-18.21342],[32.73004,-18.21348],[32.73012,-18.21366],[32.73042,-18.21391],[32.73049,-18.21394],[32.73066,-18.21397],[32.73149,-18.21378],[32.73162,-18.21376],[32.73181,-18.21375]]}},{"type":"Feature","properties":{"kind":"track","name":""},"geometry":{"type":"LineString","coordinates":[[32.72918,-18.23484],[32.72948,-18.23459],[32.72998,-18.23452],[32.73015,-18.23443],[32.73052,-18.23441],[32.73066,-18.23435],[32.73085,-18.23426],[32.73129,-18.23403],[32.73159,-18.23378],[32.73171,-18.23356],[32.73203,-18.23323],[32.73283,-18.23236],[32.73299,-18.23189],[32.73358,-18.23066],[32.73398,-18.23025],[32.73447,-18.229],[32.73474,-18.22867],[32.73512,-18.22806],[32.73562,-18.22772],[32.73585,-18.22752],[32.73689,-18.22702],[32.73732,-18.22693],[32.73776,-18.22685],[32.73791,-18.22685]]}},{"type":"Feature","properties":{"kind":"track","name":""},"geometry":{"type":"LineString","coordinates":[[32.72937,-18.23362],[32.72944,-18.2336],[32.7295,-18.23346],[32.72958,-18.2334],[32.73062,-18.2336],[32.73071,-18.23365],[32.7309,-18.23375],[32.73116,-18.23374],[32.73152,-18.23356],[32.73171,-18.23356]]}},{"type":"Feature","properties":{"kind":"path","name":""},"geometry":{"type":"LineString","coordinates":[[32.73574,-18.22674],[32.73697,-18.22613],[32.73682,-18.22585]]}},{"type":"Feature","properties":{"kind":"road","name":""},"geometry":{"type":"LineString","coordinates":[[32.92116,-18.41271],[32.92113,-18.41263],[32.92111,-18.41253]]}},{"type":"Feature","properties":{"kind":"road","name":""},"geometry":{"type":"LineString","coordinates":[[32.92134,-18.41339],[32.92127,-18.41325],[32.92122,-18.41309],[32.92119,-18.41297],[32.92117,-18.41277],[32.92116,-18.41271]]}},{"type":"Feature","properties":{"kind":"road","name":""},"geometry":{"type":"LineString","coordinates":[[32.88892,-18.42278],[32.88869,-18.42293],[32.88844,-18.42295],[32.88821,-18.42289],[32.88802,-18.4225],[32.88783,-18.42234],[32.88762,-18.42223],[32.8876,-18.42207],[32.8876,-18.4219],[32.88754,-18.42161],[32.88745,-18.42136],[32.88743,-18.42108],[32.8875,-18.42086],[32.88775,-18.42018],[32.88792,-18.41988],[32.88805,-18.41964],[32.88808,-18.41944],[32.88805,-18.41914],[32.88794,-18.41899],[32.88781,-18.41888],[32.88755,-18.41876],[32.88737,-18.41857],[32.88729,-18.41812],[32.88704,-18.41746],[32.88691,-18.41728],[32.88679,-18.41717],[32.88653,-18.41697],[32.88628,-18.41682],[32.88604,-18.41653],[32.88576,-18.41631],[32.88546,-18.41618],[32.88515,-18.41605],[32.88481,-18.41598],[32.88455,-18.41584],[32.88422,-18.41564],[32.88408,-18.4155],[32.88395,-18.41535],[32.88388,-18.41524],[32.88387,-18.41504],[32.88381,-18.41487],[32.88368,-18.41482],[32.88348,-18.41481],[32.88315,-18.41476],[32.8829,-18.41456],[32.88283,-18.41432],[32.88289,-18.41396],[32.88299,-18.41384],[32.88308,-18.41378],[32.88323,-18.41361],[32.88329,-18.41341],[32.88323,-18.41318],[32.88326,-18.41304],[32.88339,-18.41291],[32.88349,-18.41279],[32.88349,-18.4126],[32.88343,-18.41239],[32.88322,-18.41175],[32.88316,-18.41132],[32.8831,-18.41099],[32.88282,-18.41024],[32.88282,-18.41005],[32.88278,-18.40994],[32.88266,-18.40978],[32.88252,-18.40962],[32.88237,-18.40955],[32.88223,-18.40951],[32.88219,-18.40944],[32.88224,-18.40933],[32.8824,-18.40905],[32.88245,-18.40886],[32.88233,-18.40828],[32.88223,-18.40814],[32.88208,-18.40801],[32.88185,-18.40791],[32.88166,-18.40784],[32.88153,-18.40778],[32.8815,-18.40766],[32.88152,-18.40759],[32.88159,-18.40755],[32.88181,-18.40749],[32.88204,-18.40744],[32.88228,-18.40741],[32.88255,-18.40738],[32.88301,-18.40722],[32.88341,-18.40683],[32.88353,-18.40663],[32.88366,-18.40623],[32.88372,-18.40582],[32.88368,-18.40567],[32.88353,-18.40538],[32.88322,-18.4052],[32.88291,-18.40504],[32.88278,-18.40498],[32.88262,-18.40492],[32.88175,-18.40565]]}},{"type":"Feature","properties":{"kind":"path","name":""},"geometry":{"type":"LineString","coordinates":[[32.64495,-18.35078],[32.64524,-18.3501],[32.64566,-18.34937],[32.6457,-18.34929],[32.64624,-18.34873],[32.64681,-18.34817],[32.64719,-18.34766],[32.64776,-18.34724],[32.64783,-18.34704],[32.64773,-18.34649],[32.64758,-18.34597],[32.64751,-18.34555],[32.64755,-18.34514],[32.64751,-18.34481],[32.64737,-18.34471]]}},{"type":"Feature","properties":{"kind":"path","name":""},"geometry":{"type":"LineString","coordinates":[[32.6443,-18.34679],[32.64462,-18.34743],[32.64491,-18.34796],[32.64522,-18.34858],[32.64545,-18.34902],[32.64566,-18.34937]]}},{"type":"Feature","properties":{"kind":"path","name":""},"geometry":{"type":"LineString","coordinates":[[32.65059,-18.34312],[32.65045,-18.3433],[32.65006,-18.34338],[32.64972,-18.34361],[32.64912,-18.3437],[32.64891,-18.3439],[32.64872,-18.34418],[32.64852,-18.34428],[32.64786,-18.34438],[32.64746,-18.34449],[32.64737,-18.34471],[32.64694,-18.34495],[32.64651,-18.34516],[32.64614,-18.34548],[32.64569,-18.34603],[32.64539,-18.34611],[32.64505,-18.34639],[32.64489,-18.34663],[32.6443,-18.34679],[32.64382,-18.34674],[32.64333,-18.34699],[32.64289,-18.34724],[32.64251,-18.34729],[32.64177,-18.34759],[32.6412,-18.34801],[32.64088,-18.34832],[32.64074,-18.34845],[32.64048,-18.34836],[32.6402,-18.34829],[32.64022,-18.34852]]}},{"type":"Feature","properties":{"kind":"road","name":""},"geometry":{"type":"LineString","coordinates":[[32.67934,-18.36803],[32.67938,-18.36814],[32.67936,-18.36821],[32.67924,-18.36841]]}},{"type":"Feature","properties":{"kind":"road","name":""},"geometry":{"type":"LineString","coordinates":[[32.67895,-18.36784],[32.67875,-18.368],[32.67873,-18.36804],[32.67873,-18.36808],[32.67891,-18.36843]]}},{"type":"Feature","properties":{"kind":"road","name":""},"geometry":{"type":"LineString","coordinates":[[32.67979,-18.36682],[32.67973,-18.36671],[32.67965,-18.36664],[32.67949,-18.36655]]}},{"type":"Feature","properties":{"kind":"road","name":""},"geometry":{"type":"LineString","coordinates":[[32.95099,-18.35148],[32.95118,-18.3509],[32.95157,-18.34985],[32.95165,-18.34964],[32.95175,-18.34949],[32.95193,-18.34911],[32.95202,-18.34854],[32.95206,-18.34791],[32.95208,-18.34731],[32.95214,-18.34717],[32.95226,-18.34698],[32.95231,-18.34683],[32.95228,-18.34666],[32.95217,-18.34648],[32.95186,-18.34581],[32.95164,-18.34525],[32.95163,-18.34513],[32.95163,-18.34502],[32.9517,-18.34488],[32.9519,-18.34469],[32.95204,-18.34464],[32.95223,-18.34465],[32.95238,-18.3447],[32.9526,-18.34484],[32.95269,-18.34499],[32.95275,-18.34524],[32.9528,-18.34529],[32.95287,-18.34529],[32.95294,-18.34527],[32.95309,-18.3451],[32.95318,-18.34501],[32.95335,-18.34479],[32.95353,-18.34442]]}},{"type":"Feature","properties":{"kind":"track","name":""},"geometry":{"type":"LineString","coordinates":[[32.68642,-18.38386],[32.68645,-18.38383],[32.68649,-18.3838],[32.68661,-18.38379],[32.68691,-18.38378],[32.68745,-18.38375],[32.6876,-18.38371],[32.6877,-18.38368],[32.68784,-18.38359],[32.68794,-18.38347],[32.68811,-18.38328],[32.68831,-18.38312],[32.68855,-18.38301],[32.68888,-18.38291],[32.68905,-18.38285],[32.68933,-18.3828],[32.68968,-18.38277],[32.6899,-18.38269],[32.69002,-18.38261],[32.69025,-18.38245],[32.69042,-18.38229],[32.69047,-18.38217],[32.69047,-18.38207],[32.69042,-18.38198],[32.69032,-18.38191],[32.69015,-18.38179],[32.68992,-18.38163],[32.68979,-18.38155],[32.68976,-18.38151],[32.68976,-18.38145]]}},{"type":"Feature","properties":{"kind":"track","name":""},"geometry":{"type":"LineString","coordinates":[[32.68971,-18.3814],[32.68959,-18.38133],[32.68946,-18.38116],[32.68927,-18.38092],[32.68904,-18.3806],[32.68894,-18.38052],[32.68887,-18.38049],[32.68876,-18.38047],[32.6886,-18.38044],[32.68846,-18.38038],[32.68835,-18.3803],[32.68826,-18.38018],[32.6882,-18.38002],[32.68812,-18.37953],[32.6881,-18.37921],[32.68815,-18.37871],[32.68814,-18.37851],[32.68808,-18.37827],[32.68788,-18.37775],[32.6877,-18.37737],[32.68754,-18.37709],[32.68743,-18.37702],[32.68734,-18.37697],[32.68727,-18.37693],[32.68725,-18.37687],[32.68698,-18.37625],[32.6868,-18.37592],[32.68673,-18.37583],[32.68662,-18.37559],[32.68657,-18.37532],[32.68661,-18.37507],[32.68665,-18.37494],[32.68658,-18.37439],[32.68657,-18.3741],[32.6865,-18.37389],[32.68643,-18.37368],[32.6864,-18.37355],[32.68641,-18.37326],[32.68635,-18.37272],[32.68631,-18.37226],[32.6864,-18.37165],[32.68653,-18.37137]]}},{"type":"Feature","properties":{"kind":"track","name":""},"geometry":{"type":"LineString","coordinates":[[32.68753,-18.36851],[32.68757,-18.36868],[32.68767,-18.36906],[32.68783,-18.36948],[32.68792,-18.36965],[32.68794,-18.36978],[32.68791,-18.36989],[32.68787,-18.36999],[32.68767,-18.37024],[32.68761,-18.37037],[32.6876,-18.37046],[32.68763,-18.3706],[32.68773,-18.37113],[32.68778,-18.37158],[32.68783,-18.3719],[32.68779,-18.37231],[32.6877,-18.3728],[32.6877,-18.37289],[32.68774,-18.3731],[32.68781,-18.37329],[32.68782,-18.37342],[32.6878,-18.37351],[32.68767,-18.37371],[32.68751,-18.37382],[32.68739,-18.37392],[32.68728,-18.37413],[32.68724,-18.37431],[32.68724,-18.37465],[32.68724,-18.37511],[32.68725,-18.37558],[32.68729,-18.37571],[32.6874,-18.37601],[32.6876,-18.37635],[32.68775,-18.37657],[32.68785,-18.37665],[32.68808,-18.37682],[32.6882,-18.37691],[32.68827,-18.37702],[32.68831,-18.37714],[32.68843,-18.37742],[32.68846,-18.37748],[32.68852,-18.37753],[32.68889,-18.37778],[32.68909,-18.37789],[32.68919,-18.37797],[32.68939,-18.37827],[32.68952,-18.37849],[32.68957,-18.37861],[32.68958,-18.37871],[32.68951,-18.37882],[32.68941,-18.37902],[32.68938,-18.37918],[32.68938,-18.37937],[32.68941,-18.37996],[32.68947,-18.38033],[32.68951,-18.38054],[32.6896,-18.38099],[32.68966,-18.38128],[32.68969,-18.38137],[32.68971,-18.3814],[32.68976,-18.38145],[32.68994,-18.38152],[32.6901,-18.38157],[32.69025,-18.38158],[32.69052,-18.38155],[32.69097,-18.38157],[32.69124,-18.38164],[32.69136,-18.38171],[32.69145,-18.38179],[32.6915,-18.3819],[32.69152,-18.38203],[32.69148,-18.38233],[32.69147,-18.38249],[32.6915,-18.38265],[32.69162,-18.38292],[32.69166,-18.38307],[32.69166,-18.38324]]}},{"type":"Feature","properties":{"kind":"track","name":""},"geometry":{"type":"LineString","coordinates":[[32.68716,-18.36829],[32.68744,-18.36847],[32.68753,-18.36851],[32.68768,-18.36856],[32.68779,-18.36861],[32.68789,-18.36862],[32.68796,-18.36863],[32.68803,-18.36866],[32.68846,-18.369],[32.68883,-18.3693],[32.68921,-18.36969],[32.68955,-18.37008],[32.68973,-18.37027]]}},{"type":"Feature","properties":{"kind":"track","name":""},"geometry":{"type":"LineString","coordinates":[[32.69445,-18.38158],[32.69419,-18.38137],[32.69404,-18.38119],[32.69399,-18.38103],[32.69398,-18.38075],[32.69415,-18.38021],[32.69441,-18.37966],[32.69459,-18.37936],[32.69486,-18.37913],[32.69513,-18.37898],[32.6955,-18.37891],[32.69597,-18.3789],[32.69654,-18.37887],[32.69714,-18.37882],[32.6974,-18.37875],[32.69767,-18.37859],[32.69784,-18.37846]]}},{"type":"Feature","properties":{"kind":"track","name":""},"geometry":{"type":"LineString","coordinates":[[32.69282,-18.38334],[32.69373,-18.3837],[32.69413,-18.38386]]}},{"type":"Feature","properties":{"kind":"track","name":""},"geometry":{"type":"LineString","coordinates":[[32.68555,-18.38737],[32.68571,-18.38743],[32.68586,-18.38749],[32.68602,-18.38753],[32.68617,-18.38755],[32.68638,-18.38761],[32.68657,-18.38769],[32.68668,-18.38772],[32.68686,-18.38772],[32.6872,-18.3877],[32.68749,-18.38769],[32.68781,-18.3877],[32.68805,-18.38769],[32.68826,-18.38765],[32.68838,-18.38759],[32.68849,-18.38751],[32.68857,-18.38743],[32.68872,-18.38735],[32.68894,-18.38729],[32.68915,-18.38724],[32.68947,-18.3872],[32.68966,-18.38717],[32.68976,-18.38711],[32.68987,-18.38701],[32.68999,-18.38686],[32.69005,-18.38674],[32.69009,-18.38653],[32.6902,-18.38621],[32.6903,-18.38604],[32.6904,-18.38593],[32.6905,-18.38585],[32.69058,-18.38577],[32.69062,-18.38569],[32.69066,-18.38554],[32.69074,-18.38527],[32.69084,-18.38509],[32.69097,-18.38492],[32.69107,-18.38485],[32.69113,-18.38482],[32.69123,-18.38479],[32.69135,-18.38475],[32.69142,-18.38469],[32.69149,-18.38459],[32.69166,-18.38436],[32.69186,-18.38417],[32.69217,-18.38396],[32.69247,-18.3838],[32.69268,-18.3836],[32.69281,-18.38337],[32.69282,-18.38334],[32.6929,-18.38314],[32.69301,-18.38267]]}},{"type":"Feature","properties":{"kind":"track","name":""},"geometry":{"type":"LineString","coordinates":[[32.74966,-18.22814],[32.74941,-18.22791],[32.74908,-18.22759],[32.74902,-18.22756],[32.74895,-18.22757],[32.74886,-18.2276],[32.7487,-18.22766],[32.74859,-18.22766],[32.74849,-18.22762],[32.74839,-18.22756],[32.7483,-18.22755],[32.74819,-18.22756],[32.74809,-18.22753],[32.74777,-18.22739],[32.74767,-18.22736],[32.74753,-18.22733]]}},{"type":"Feature","properties":{"kind":"road","name":""},"geometry":{"type":"LineString","coordinates":[[32.74842,-18.22337],[32.74912,-18.22478]]}},{"type":"Feature","properties":{"kind":"road","name":""},"geometry":{"type":"LineString","coordinates":[[32.75587,-18.22404],[32.75487,-18.22215]]}},{"type":"Feature","properties":{"kind":"road","name":""},"geometry":{"type":"LineString","coordinates":[[32.75487,-18.22215],[32.75435,-18.22121],[32.75436,-18.22101],[32.75485,-18.22074]]}},{"type":"Feature","properties":{"kind":"road","name":""},"geometry":{"type":"LineString","coordinates":[[32.79896,-18.21082],[32.79883,-18.21075],[32.79875,-18.2107],[32.79867,-18.21062],[32.79835,-18.21013],[32.79823,-18.20984],[32.79809,-18.20955],[32.79786,-18.20914],[32.79771,-18.20881],[32.79759,-18.20844],[32.79752,-18.20806],[32.79753,-18.20779],[32.79756,-18.2075],[32.79759,-18.20721],[32.79757,-18.20693],[32.79757,-18.20685],[32.7976,-18.20673]]}},{"type":"Feature","properties":{"kind":"track","name":""},"geometry":{"type":"LineString","coordinates":[[32.85397,-18.10022],[32.85409,-18.10155],[32.85419,-18.10333],[32.8542,-18.10341],[32.85424,-18.10345],[32.85471,-18.10369],[32.85481,-18.10377],[32.85491,-18.10387],[32.85496,-18.10409],[32.85498,-18.10433],[32.85497,-18.1046],[32.85499,-18.10477],[32.85504,-18.10486],[32.85514,-18.10503],[32.85516,-18.10516],[32.85512,-18.1053],[32.85479,-18.10551],[32.85472,-18.10556],[32.85469,-18.10562],[32.85472,-18.10583],[32.85478,-18.10639],[32.85487,-18.10688],[32.85497,-18.10737],[32.85511,-18.10784],[32.85536,-18.10856]]}},{"type":"Feature","properties":{"kind":"track","name":""},"geometry":{"type":"LineString","coordinates":[[32.84496,-18.10376],[32.84677,-18.10422],[32.84704,-18.10422],[32.84732,-18.10417],[32.84754,-18.10408],[32.84763,-18.10392],[32.84787,-18.10242],[32.84792,-18.10232],[32.84801,-18.10224],[32.84823,-18.10216],[32.84927,-18.1018],[32.85007,-18.10153],[32.85126,-18.1011],[32.85191,-18.1009],[32.8525,-18.1007],[32.8531,-18.10051],[32.85368,-18.10032],[32.85397,-18.10022],[32.85471,-18.09993],[32.85502,-18.09987],[32.85529,-18.09985],[32.85549,-18.09985],[32.85568,-18.09977],[32.85582,-18.0996],[32.85604,-18.09935],[32.85609,-18.09914],[32.85609,-18.09889],[32.85608,-18.09863],[32.85613,-18.09841],[32.8562,-18.0983]]}},{"type":"Feature","properties":{"kind":"track","name":""},"geometry":{"type":"LineString","coordinates":[[32.76098,-18.36898],[32.75994,-18.37041],[32.75986,-18.37072],[32.75973,-18.37102],[32.75968,-18.37134],[32.75971,-18.37168],[32.76009,-18.37198],[32.76013,-18.37213],[32.75982,-18.37245],[32.75962,-18.37288],[32.75951,-18.37366],[32.75954,-18.37386],[32.76026,-18.37553],[32.76028,-18.37571],[32.76022,-18.3759],[32.75983,-18.37629],[32.75971,-18.37632],[32.75963,-18.37628],[32.75926,-18.37561],[32.75891,-18.37532],[32.75881,-18.37512],[32.75866,-18.37498],[32.75842,-18.37484],[32.75812,-18.37474],[32.75797,-18.37474],[32.75735,-18.37521],[32.75713,-18.37548],[32.75677,-18.3758],[32.75673,-18.37595],[32.75671,-18.3767],[32.75661,-18.3768],[32.75646,-18.37681],[32.75603,-18.37633],[32.75561,-18.37603],[32.75548,-18.37569],[32.75537,-18.37559],[32.75522,-18.37549],[32.75463,-18.3753],[32.75457,-18.3752],[32.75459,-18.37509],[32.75475,-18.37485],[32.75493,-18.37387],[32.75495,-18.37316],[32.75503,-18.37295],[32.7555,-18.37241],[32.75559,-18.3722],[32.75572,-18.37154],[32.75575,-18.37136],[32.7557,-18.37118],[32.7556,-18.37101],[32.7553,-18.37072],[32.75515,-18.37061],[32.75501,-18.37057],[32.75476,-18.37059],[32.75464,-18.37067],[32.75436,-18.37104],[32.75399,-18.37142],[32.75352,-18.37173],[32.75339,-18.37179],[32.75329,-18.37178],[32.75318,-18.37173],[32.75306,-18.37152],[32.75321,-18.37129],[32.75352,-18.37052],[32.75371,-18.37032],[32.75376,-18.37012],[32.75362,-18.36994],[32.75313,-18.36987],[32.75288,-18.3699],[32.75237,-18.37008],[32.75214,-18.37037],[32.75202,-18.37043],[32.75151,-18.37049],[32.75111,-18.37065],[32.75016,-18.37091],[32.75003,-18.37082],[32.74988,-18.37031],[32.74962,-18.37008],[32.74934,-18.36999],[32.74865,-18.37018],[32.7483,-18.37012],[32.74739,-18.36938],[32.7472,-18.36931],[32.74686,-18.36926],[32.74661,-18.36929],[32.74611,-18.36955],[32.74585,-18.3696],[32.74561,-18.3696],[32.74543,-18.36955],[32.74532,-18.36946],[32.74525,-18.36916],[32.74531,-18.36887],[32.74549,-18.36849],[32.74546,-18.36828],[32.74534,-18.36791],[32.7452,-18.36769],[32.74462,-18.36709],[32.74423,-18.36685],[32.74412,-18.36669],[32.7439,-18.36574],[32.74362,-18.36515],[32.74324,-18.3641],[32.74312,-18.36397],[32.74285,-18.36391],[32.7427,-18.36385],[32.74265,-18.36378],[32.74263,-18.36368],[32.74269,-18.36322],[32.74266,-18.36287],[32.74259,-18.36265],[32.74182,-18.36219],[32.74163,-18.36213],[32.74134,-18.36216],[32.74122,-18.36213],[32.74112,-18.36208],[32.74084,-18.36179],[32.74034,-18.3617],[32.74029,-18.36155],[32.74035,-18.36117],[32.74031,-18.36101],[32.74008,-18.36066],[32.73969,-18.36031],[32.73946,-18.36],[32.73902,-18.35977],[32.73869,-18.3597],[32.73842,-18.35951],[32.73824,-18.35948]]}},{"type":"Feature","properties":{"kind":"track","name":""},"geometry":{"type":"LineString","coordinates":[[32.76022,-18.3759],[32.76022,-18.37609],[32.76014,-18.3763],[32.76003,-18.37666],[32.76001,-18.37683],[32.75998,-18.377],[32.75991,-18.37718],[32.75984,-18.37743],[32.75976,-18.37793]]}},{"type":"Feature","properties":{"kind":"road","name":""},"geometry":{"type":"LineString","coordinates":[[32.9785,-18.22106],[32.97838,-18.22134],[32.97833,-18.22163],[32.9784,-18.222],[32.97863,-18.22226],[32.97892,-18.22233],[32.97933,-18.22236],[32.97973,-18.22228],[32.98006,-18.2222],[32.98058,-18.22221]]}},{"type":"Feature","properties":{"kind":"road","name":""},"geometry":{"type":"LineString","coordinates":[[32.73304,-18.25217],[32.73353,-18.25218],[32.73358,-18.25219],[32.73365,-18.25223],[32.73447,-18.25293]]}},{"type":"Feature","properties":{"kind":"road","name":""},"geometry":{"type":"LineString","coordinates":[[32.73,-18.25277],[32.73126,-18.25282]]}},{"type":"Feature","properties":{"kind":"road","name":""},"geometry":{"type":"LineString","coordinates":[[32.73012,-18.25131],[32.73,-18.25277],[32.72993,-18.25459]]}},{"type":"Feature","properties":{"kind":"road","name":""},"geometry":{"type":"LineString","coordinates":[[32.74034,-18.24928],[32.74038,-18.24825],[32.73998,-18.24697],[32.73995,-18.24695],[32.73903,-18.24661],[32.73899,-18.24661],[32.73884,-18.24665],[32.73881,-18.24667],[32.73879,-18.2467],[32.73935,-18.24842],[32.73929,-18.24924]]}},{"type":"Feature","properties":{"kind":"road","name":""},"geometry":{"type":"LineString","coordinates":[[32.74252,-18.24935],[32.74256,-18.24822]]}},{"type":"Feature","properties":{"kind":"road","name":""},"geometry":{"type":"LineString","coordinates":[[32.74527,-18.25122],[32.74657,-18.25021]]}},{"type":"Feature","properties":{"kind":"road","name":""},"geometry":{"type":"LineString","coordinates":[[32.74212,-18.25091],[32.74276,-18.2506],[32.74282,-18.25061],[32.74289,-18.25064],[32.74346,-18.25122],[32.74394,-18.25204],[32.74434,-18.25348],[32.74433,-18.25353],[32.74422,-18.2538]]}},{"type":"Feature","properties":{"kind":"road","name":""},"geometry":{"type":"LineString","coordinates":[[32.74125,-18.2493],[32.74212,-18.25091],[32.74293,-18.25238],[32.74298,-18.25252],[32.74329,-18.25375]]}},{"type":"Feature","properties":{"kind":"road","name":""},"geometry":{"type":"LineString","coordinates":[[32.74658,-18.25257],[32.74527,-18.25122],[32.74348,-18.24939],[32.74343,-18.24937],[32.74252,-18.24935],[32.74125,-18.2493],[32.74034,-18.24928],[32.73929,-18.24924],[32.73667,-18.24916]]}},{"type":"Feature","properties":{"kind":"road","name":""},"geometry":{"type":"LineString","coordinates":[[32.74505,-18.25415],[32.74422,-18.2538],[32.74388,-18.25366],[32.74379,-18.25365],[32.74329,-18.25375],[32.74222,-18.25396],[32.74119,-18.25416],[32.74018,-18.25436],[32.7392,-18.25455],[32.73853,-18.25469]]}},{"type":"Feature","properties":{"kind":"road","name":""},"geometry":{"type":"LineString","coordinates":[[32.73572,-18.25055],[32.73573,-18.25051],[32.73575,-18.24976],[32.7358,-18.2481]]}},{"type":"Feature","properties":{"kind":"road","name":""},"geometry":{"type":"LineString","coordinates":[[32.73486,-18.24894],[32.73489,-18.24898],[32.7349,-18.24975]]}},{"type":"Feature","properties":{"kind":"road","name":""},"geometry":{"type":"LineString","coordinates":[[32.73198,-18.2479],[32.73209,-18.24798],[32.7322,-18.24802],[32.73241,-18.24802],[32.73327,-18.24804],[32.73493,-18.24808],[32.7358,-18.2481],[32.7367,-18.24813]]}},{"type":"Feature","properties":{"kind":"road","name":""},"geometry":{"type":"LineString","coordinates":[[32.74085,-18.25288],[32.74119,-18.25416]]}},{"type":"Feature","properties":{"kind":"road","name":""},"geometry":{"type":"LineString","coordinates":[[32.74018,-18.25436],[32.73989,-18.25322],[32.73989,-18.25317],[32.73992,-18.25313],[32.74085,-18.25288],[32.74181,-18.25263],[32.74187,-18.25264],[32.7419,-18.25269],[32.74222,-18.25396]]}},{"type":"Feature","properties":{"kind":"road","name":""},"geometry":{"type":"LineString","coordinates":[[32.73488,-18.25059],[32.73485,-18.25144]]}},{"type":"Feature","properties":{"kind":"road","name":""},"geometry":{"type":"LineString","coordinates":[[32.73376,-18.25058],[32.73488,-18.25059],[32.73565,-18.2506],[32.7357,-18.25058],[32.73572,-18.25055]]}},{"type":"Feature","properties":{"kind":"road","name":""},"geometry":{"type":"LineString","coordinates":[[32.73353,-18.24972],[32.7349,-18.24975],[32.73575,-18.24976]]}},{"type":"Feature","properties":{"kind":"road","name":""},"geometry":{"type":"LineString","coordinates":[[32.73356,-18.2489],[32.73353,-18.24972],[32.73351,-18.25005]]}},{"type":"Feature","properties":{"kind":"road","name":""},"geometry":{"type":"LineString","coordinates":[[32.73327,-18.24804],[32.73326,-18.24883],[32.7333,-18.24886],[32.73338,-18.2489],[32.73356,-18.2489],[32.7348,-18.24892],[32.73486,-18.24894]]}},{"type":"Feature","properties":{"kind":"road","name":""},"geometry":{"type":"LineString","coordinates":[[32.73286,-18.24321],[32.73285,-18.24397]]}},{"type":"Feature","properties":{"kind":"road","name":""},"geometry":{"type":"LineString","coordinates":[[32.73498,-18.24567],[32.73571,-18.24568],[32.73578,-18.2457],[32.73583,-18.24575],[32.73586,-18.24581],[32.73585,-18.24702],[32.73583,-18.24709],[32.73577,-18.24715],[32.73564,-18.24723],[32.73549,-18.24726],[32.73495,-18.24725]]}},{"type":"Feature","properties":{"kind":"road","name":""},"geometry":{"type":"LineString","coordinates":[[32.73493,-18.24808],[32.73495,-18.24725],[32.73498,-18.24567],[32.73499,-18.24528],[32.73496,-18.24522],[32.73492,-18.24517],[32.73359,-18.24409],[32.7335,-18.24403],[32.73335,-18.24399],[32.73285,-18.24397],[32.73243,-18.24396],[32.73234,-18.244],[32.73222,-18.24411],[32.73182,-18.24503],[32.7318,-18.2452],[32.73182,-18.24765],[32.73189,-18.24779],[32.73198,-18.2479]]}},{"type":"Feature","properties":{"kind":"road","name":""},"geometry":{"type":"LineString","coordinates":[[32.73241,-18.24802],[32.73236,-18.25137]]}},{"type":"Feature","properties":{"kind":"road","name":""},"geometry":{"type":"LineString","coordinates":[[32.73304,-18.25139],[32.73304,-18.25217],[32.73303,-18.25317]]}},{"type":"Feature","properties":{"kind":"road","name":""},"geometry":{"type":"LineString","coordinates":[[32.73656,-18.25272],[32.73659,-18.25149],[32.73664,-18.2502],[32.73667,-18.24916],[32.7367,-18.24813],[32.73676,-18.24627]]}},{"type":"Feature","properties":{"kind":"road","name":""},"geometry":{"type":"LineString","coordinates":[[32.7392,-18.25455],[32.73803,-18.25033],[32.73801,-18.2503],[32.73798,-18.25028],[32.73664,-18.2502]]}},{"type":"Feature","properties":{"kind":"road","name":""},"geometry":{"type":"LineString","coordinates":[[32.74413,-18.25487],[32.7445,-18.2547],[32.74456,-18.25466],[32.7446,-18.25464],[32.74509,-18.25452],[32.74514,-18.25449],[32.74517,-18.25445],[32.74519,-18.25438],[32.74518,-18.25431],[32.74505,-18.25415]]}},{"type":"Feature","properties":{"kind":"road","name":""},"geometry":{"type":"LineString","coordinates":[[32.72956,-18.2513],[32.73012,-18.25131],[32.73236,-18.25137],[32.73304,-18.25139],[32.73485,-18.25144],[32.73659,-18.25149]]}},{"type":"Feature","properties":{"kind":"road","name":""},"geometry":{"type":"LineString","coordinates":[[32.97837,-18.35136],[32.97876,-18.35128],[32.9792,-18.35114],[32.97974,-18.35092],[32.98029,-18.35079],[32.98074,-18.35069],[32.98097,-18.35068],[32.98147,-18.35077],[32.98177,-18.35081],[32.98218,-18.35079],[32.98256,-18.35089],[32.98276,-18.35086],[32.98298,-18.35073],[32.98361,-18.35072],[32.98411,-18.35065],[32.98447,-18.35074],[32.98472,-18.35083],[32.985,-18.3509],[32.98536,-18.35096],[32.98549,-18.35129],[32.98591,-18.35164],[32.98591,-18.35185],[32.98551,-18.35227],[32.98533,-18.3527],[32.98503,-18.35307],[32.98513,-18.3534],[32.98534,-18.35363],[32.98555,-18.35377],[32.98564,-18.35393],[32.98543,-18.35407],[32.98525,-18.35416]]}},{"type":"Feature","properties":{"kind":"road","name":""},"geometry":{"type":"LineString","coordinates":[[32.9778,-18.34688],[32.97777,-18.34746],[32.97797,-18.34799],[32.97797,-18.34843],[32.9781,-18.34889],[32.9785,-18.34921],[32.97876,-18.35013],[32.97882,-18.35051],[32.97869,-18.35088],[32.97837,-18.35136],[32.9778,-18.35173],[32.9773,-18.35192],[32.97696,-18.35196],[32.97677,-18.35192],[32.97651,-18.35182],[32.97606,-18.35186],[32.97567,-18.35179],[32.97526,-18.35151],[32.97463,-18.35128],[32.97395,-18.35104],[32.97324,-18.35114],[32.97263,-18.35105],[32.97192,-18.35091],[32.97135,-18.35076],[32.97073,-18.35051],[32.9702,-18.35047],[32.96998,-18.35046],[32.96981,-18.35027]]}},{"type":"Feature","properties":{"kind":"track","name":""},"geometry":{"type":"LineString","coordinates":[[32.97585,-18.34772],[32.9778,-18.34688],[32.9797,-18.34605],[32.98161,-18.34528],[32.98323,-18.34467]]}},{"type":"Feature","properties":{"kind":"track","name":""},"geometry":{"type":"LineString","coordinates":[[32.9689,-18.35067],[32.96981,-18.35027],[32.97112,-18.34974],[32.9724,-18.34919],[32.97403,-18.34848],[32.97495,-18.3481]]}},{"type":"Feature","properties":{"kind":"road","name":""},"geometry":{"type":"LineString","coordinates":[[32.96498,-18.32227],[32.96511,-18.32253],[32.96521,-18.3227]]}},{"type":"Feature","properties":{"kind":"road","name":""},"geometry":{"type":"LineString","coordinates":[[32.96492,-18.32209],[32.96495,-18.32217],[32.96498,-18.32227]]}},{"type":"Feature","properties":{"kind":"track","name":""},"geometry":{"type":"LineString","coordinates":[[32.8697,-18.40399],[32.87121,-18.40405],[32.87149,-18.40402],[32.87199,-18.40406],[32.87227,-18.40396],[32.87252,-18.40384],[32.87305,-18.40358],[32.87355,-18.40352],[32.87404,-18.40349],[32.87479,-18.40348],[32.87506,-18.4034],[32.8753,-18.40345],[32.87552,-18.4034],[32.87604,-18.40344],[32.87629,-18.40342],[32.87671,-18.4033],[32.87675,-18.40321],[32.87761,-18.40302],[32.87888,-18.40262],[32.87993,-18.40281],[32.88062,-18.40335],[32.88108,-18.40362]]}},{"type":"Feature","properties":{"kind":"track","name":""},"geometry":{"type":"LineString","coordinates":[[32.88343,-18.41239],[32.88316,-18.41238],[32.88263,-18.41236],[32.88236,-18.41225],[32.88172,-18.41248],[32.88134,-18.4126],[32.88115,-18.41258],[32.88075,-18.41241],[32.88048,-18.4122],[32.87999,-18.41179],[32.87955,-18.41132],[32.87916,-18.41107],[32.87885,-18.41108],[32.87861,-18.41134],[32.87843,-18.41173],[32.87791,-18.41217],[32.87748,-18.41233],[32.87709,-18.41245],[32.87681,-18.41239],[32.87661,-18.41225],[32.87647,-18.41221],[32.87617,-18.41216],[32.87583,-18.41191],[32.87557,-18.41177],[32.87518,-18.41175],[32.87495,-18.41178],[32.87452,-18.41211],[32.87392,-18.41249],[32.87335,-18.41288],[32.87294,-18.41305],[32.8721,-18.41304],[32.87161,-18.41305],[32.87125,-18.41324],[32.87075,-18.41325],[32.86986,-18.41354]]}},{"type":"Feature","properties":{"kind":"road","name":""},"geometry":{"type":"LineString","coordinates":[[32.87657,-18.4176],[32.87706,-18.41723],[32.87727,-18.41726],[32.87744,-18.4172],[32.8778,-18.41698],[32.87803,-18.41681],[32.8782,-18.41665],[32.87849,-18.41659],[32.87872,-18.41644],[32.87901,-18.41595],[32.87941,-18.41544],[32.87963,-18.41525],[32.87996,-18.41528],[32.88016,-18.41535],[32.8804,-18.41535],[32.88063,-18.41539],[32.88089,-18.41521],[32.88124,-18.41509],[32.8815,-18.41502],[32.88165,-18.41493],[32.88185,-18.41483],[32.8823,-18.41487],[32.88268,-18.4149],[32.88313,-18.415],[32.88354,-18.41525],[32.88395,-18.41535]]}},{"type":"Feature","properties":{"kind":"road","name":""},"geometry":{"type":"LineString","coordinates":[[32.96485,-18.3044],[32.96487,-18.30491],[32.96493,-18.30519],[32.96499,-18.30539],[32.96538,-18.30535],[32.96565,-18.30531],[32.96578,-18.30531],[32.96592,-18.30539],[32.96616,-18.30529],[32.96633,-18.30498],[32.96664,-18.30444],[32.96675,-18.30438],[32.96692,-18.30441]]}},{"type":"Feature","properties":{"kind":"track","name":""},"geometry":{"type":"LineString","coordinates":[[32.96485,-18.3044],[32.96476,-18.30438],[32.96457,-18.30438],[32.96438,-18.30443],[32.96417,-18.30454],[32.96408,-18.30452],[32.96407,-18.30448],[32.96409,-18.30443],[32.96437,-18.30429],[32.96478,-18.30416],[32.96489,-18.30411],[32.96505,-18.30392],[32.96514,-18.30358],[32.96511,-18.30343],[32.96504,-18.30338],[32.96489,-18.30338],[32.96439,-18.30332],[32.96418,-18.30328]]}},{"type":"Feature","properties":{"kind":"track","name":""},"geometry":{"type":"LineString","coordinates":[[32.88262,-18.40492],[32.88234,-18.40475],[32.88192,-18.40457],[32.8813,-18.40404],[32.88108,-18.40362],[32.88076,-18.40319],[32.88042,-18.40266],[32.87982,-18.40251],[32.87959,-18.40194],[32.87955,-18.40151],[32.87947,-18.40126],[32.879,-18.40122]]}},{"type":"Feature","properties":{"kind":"river","name":""},"geometry":{"type":"LineString","coordinates":[[32.96908,-18.38267],[32.96953,-18.38364],[32.96991,-18.38391],[32.97029,-18.38418],[32.97035,-18.38467],[32.97008,-18.38492],[32.97021,-18.38533],[32.97037,-18.38542],[32.97047,-18.38564],[32.97032,-18.3859],[32.97024,-18.38601]]}},{"type":"Feature","properties":{"kind":"river","name":""},"geometry":{"type":"LineString","coordinates":[[32.96898,-18.38249],[32.96908,-18.38267]]}},{"type":"Feature","properties":{"kind":"road","name":""},"geometry":{"type":"LineString","coordinates":[[32.9142,-18.39501],[32.91411,-18.39529]]}},{"type":"Feature","properties":{"kind":"road","name":""},"geometry":{"type":"LineString","coordinates":[[32.93947,-18.37747],[32.93934,-18.37761],[32.93924,-18.37777],[32.93921,-18.37787],[32.93907,-18.3785],[32.93904,-18.37873],[32.93895,-18.37968],[32.93893,-18.37978],[32.93888,-18.37985],[32.93883,-18.3799],[32.93875,-18.3799],[32.93864,-18.37986],[32.93834,-18.3797],[32.93813,-18.3796],[32.93804,-18.37956],[32.93782,-18.37946],[32.9373,-18.37914],[32.93704,-18.37901],[32.93688,-18.37893],[32.93673,-18.37889],[32.93625,-18.3789],[32.93601,-18.37894],[32.93566,-18.37905],[32.93488,-18.37951],[32.93434,-18.37972],[32.93418,-18.37973],[32.93396,-18.3797],[32.93388,-18.37967],[32.93366,-18.3795],[32.93321,-18.37897],[32.93274,-18.3783],[32.93259,-18.378],[32.93255,-18.37783],[32.93246,-18.37697],[32.93244,-18.37683],[32.93236,-18.37655],[32.93226,-18.3763],[32.93204,-18.37576],[32.93187,-18.37508],[32.93178,-18.37478],[32.9312,-18.37322],[32.93083,-18.37221],[32.93072,-18.37197],[32.93063,-18.37186],[32.93036,-18.37166],[32.93,-18.37128],[32.92916,-18.37056],[32.92882,-18.37027],[32.92872,-18.37015],[32.92865,-18.37],[32.92869,-18.36978],[32.92874,-18.36937],[32.92872,-18.36927],[32.92865,-18.36917],[32.92847,-18.36909],[32.92829,-18.36914],[32.92803,-18.36933],[32.92782,-18.36964],[32.92754,-18.37],[32.9274,-18.37015],[32.92736,-18.3703],[32.92736,-18.37043],[32.92744,-18.37056],[32.9276,-18.37072],[32.92765,-18.37085],[32.92764,-18.37096],[32.92758,-18.37111],[32.92741,-18.3712],[32.9271,-18.37122],[32.92655,-18.37119],[32.92626,-18.37125],[32.92604,-18.37137],[32.92584,-18.37153],[32.9254,-18.37185],[32.9251,-18.37213],[32.92492,-18.37238],[32.92478,-18.37268],[32.92474,-18.3729],[32.92465,-18.37312],[32.92449,-18.37323],[32.92437,-18.37324],[32.92427,-18.37321],[32.9242,-18.37317],[32.92399,-18.37293],[32.92381,-18.37263],[32.92367,-18.37232],[32.92356,-18.37184],[32.92351,-18.37134],[32.92348,-18.37125],[32.92346,-18.37118],[32.92324,-18.3708],[32.92302,-18.37049],[32.92287,-18.37033],[32.92268,-18.37022],[32.92258,-18.37016],[32.92249,-18.37017],[32.92241,-18.37021],[32.92229,-18.37032],[32.92198,-18.37061],[32.92166,-18.37082],[32.92147,-18.37091],[32.92131,-18.37096],[32.92115,-18.371],[32.92071,-18.37113],[32.92056,-18.37121],[32.92048,-18.37126],[32.92042,-18.37135],[32.92035,-18.37167],[32.92028,-18.37183],[32.92013,-18.37197],[32.91973,-18.37228],[32.91959,-18.3724],[32.91951,-18.37251],[32.91934,-18.37275],[32.91912,-18.37289],[32.91877,-18.37306],[32.91852,-18.37311],[32.91837,-18.37309],[32.91824,-18.37303],[32.91801,-18.37284],[32.91777,-18.37249],[32.91767,-18.37243],[32.91758,-18.37244],[32.91744,-18.37248],[32.91737,-18.37254],[32.91725,-18.37266],[32.917,-18.37306],[32.9169,-18.3732],[32.91672,-18.37332],[32.91628,-18.3735],[32.91619,-18.37356],[32.91617,-18.37366],[32.91613,-18.37393],[32.91607,-18.37434],[32.91599,-18.37448],[32.91578,-18.37466],[32.91569,-18.37482],[32.91567,-18.37495],[32.91567,-18.37506],[32.91564,-18.37517],[32.91552,-18.37539],[32.91545,-18.37554],[32.91545,-18.37572],[32.91552,-18.37588],[32.91568,-18.37601],[32.9158,-18.37609],[32.91594,-18.37611],[32.91662,-18.37607],[32.91682,-18.37607],[32.91785,-18.37624],[32.91803,-18.37628],[32.91823,-18.37629],[32.91848,-18.37626],[32.91862,-18.37629],[32.91875,-18.3764],[32.91888,-18.3766],[32.91896,-18.3768],[32.91898,-18.37704],[32.91895,-18.3772],[32.91887,-18.37738],[32.91881,-18.37751],[32.91857,-18.37785],[32.91837,-18.37809],[32.91822,-18.37837],[32.91817,-18.3786],[32.91811,-18.37876],[32.91802,-18.37889],[32.91785,-18.37902],[32.91762,-18.37915],[32.91746,-18.37918],[32.91716,-18.37923],[32.91699,-18.37932],[32.9169,-18.37943],[32.91686,-18.37956],[32.91681,-18.37982],[32.91677,-18.37995],[32.9168,-18.38005],[32.91687,-18.38015],[32.91726,-18.38046],[32.91761,-18.38061],[32.91778,-18.3807],[32.91784,-18.38077],[32.91793,-18.38094],[32.91783,-18.38113],[32.91773,-18.38137],[32.91773,-18.38148],[32.91776,-18.38158],[32.91784,-18.38173],[32.91797,-18.38192],[32.91803,-18.3821],[32.91807,-18.38242],[32.91809,-18.38264],[32.91805,-18.38279],[32.9179,-18.38293],[32.91775,-18.38305],[32.9175,-18.3832],[32.91723,-18.3833],[32.91709,-18.38339],[32.91706,-18.38344],[32.91706,-18.3835],[32.9171,-18.38359],[32.91714,-18.38363],[32.91749,-18.38389],[32.91773,-18.38413],[32.91786,-18.38426],[32.91789,-18.38436],[32.91791,-18.38465],[32.91784,-18.38489],[32.91773,-18.38498],[32.9176,-18.38503],[32.91717,-18.38515],[32.91694,-18.38523],[32.91679,-18.38528],[32.91602,-18.38533],[32.9159,-18.3854],[32.91585,-18.38551],[32.91582,-18.38565],[32.91586,-18.38579],[32.9159,-18.38584],[32.91631,-18.38616],[32.91683,-18.3865],[32.91697,-18.38667],[32.91705,-18.38685],[32.91706,-18.387],[32.917,-18.38715],[32.91688,-18.38735],[32.91662,-18.38803],[32.9166,-18.38806],[32.91657,-18.38807],[32.91654,-18.38808],[32.9165,-18.38808],[32.91645,-18.38807],[32.91641,-18.38806],[32.91618,-18.38792],[32.91605,-18.38785],[32.91596,-18.38782],[32.9159,-18.38781],[32.91583,-18.38783],[32.91578,-18.38785],[32.9157,-18.3879],[32.91563,-18.38796],[32.91555,-18.38807],[32.91546,-18.38822],[32.91537,-18.38842],[32.91533,-18.38857],[32.9153,-18.38876],[32.91529,-18.38901],[32.91529,-18.38916],[32.91528,-18.38928],[32.91526,-18.38941],[32.91521,-18.38961],[32.91509,-18.39009],[32.91507,-18.39018],[32.91507,-18.39024],[32.91508,-18.39033],[32.91511,-18.39043],[32.91513,-18.39052],[32.91517,-18.39063],[32.91528,-18.39084],[32.91572,-18.39153],[32.91576,-18.39158],[32.91579,-18.39164],[32.91581,-18.39172],[32.91582,-18.39178],[32.91582,-18.39185],[32.9158,-18.39194],[32.91571,-18.39224],[32.91548,-18.39296],[32.91541,-18.39311],[32.91535,-18.39318],[32.91523,-18.39331],[32.91503,-18.39349],[32.9149,-18.39361],[32.91486,-18.39373],[32.91481,-18.39379],[32.91477,-18.39394],[32.91471,-18.39406],[32.91472,-18.39416],[32.91468,-18.39429],[32.91465,-18.39437],[32.91463,-18.39442],[32.91458,-18.39448],[32.91449,-18.39461],[32.91439,-18.3947],[32.9143,-18.39482],[32.9142,-18.39501]]}},{"type":"Feature","properties":{"kind":"road","name":""},"geometry":{"type":"LineString","coordinates":[[32.97847,-18.20347],[32.9785,-18.2034],[32.97854,-18.20333],[32.97862,-18.20327],[32.9787,-18.20325],[32.97882,-18.20325],[32.97889,-18.20329],[32.97896,-18.20336],[32.97904,-18.2035],[32.97906,-18.20367],[32.97909,-18.20412],[32.97914,-18.20473],[32.97919,-18.20496],[32.97928,-18.20529],[32.97939,-18.20565],[32.97944,-18.20577],[32.97955,-18.20591]]}},{"type":"Feature","properties":{"kind":"road","name":""},"geometry":{"type":"LineString","coordinates":[[32.97955,-18.20591],[32.97976,-18.20607],[32.97995,-18.20622],[32.98002,-18.20632],[32.98005,-18.20643],[32.98005,-18.20651],[32.98004,-18.20658],[32.97991,-18.20681],[32.97981,-18.207],[32.97974,-18.20716],[32.97971,-18.20731],[32.97968,-18.20762],[32.9796,-18.2081],[32.97958,-18.20837],[32.97956,-18.20867],[32.97959,-18.20908]]}},{"type":"Feature","properties":{"kind":"road","name":""},"geometry":{"type":"LineString","coordinates":[[32.97959,-18.20908],[32.97963,-18.20945],[32.97968,-18.20992],[32.97971,-18.2108],[32.97973,-18.21126],[32.97974,-18.21186],[32.9797,-18.21229]]}},{"type":"Feature","properties":{"kind":"road","name":""},"geometry":{"type":"LineString","coordinates":[[32.9797,-18.21229],[32.9797,-18.21259],[32.97969,-18.21276],[32.97971,-18.21279],[32.97976,-18.21282],[32.97982,-18.21282],[32.97986,-18.21281],[32.97989,-18.21278],[32.97991,-18.21273],[32.97995,-18.21243],[32.98001,-18.21224],[32.9801,-18.21201],[32.98027,-18.21179],[32.98053,-18.21151],[32.98076,-18.21122],[32.98086,-18.21109],[32.98093,-18.211],[32.98103,-18.21091]]}},{"type":"Feature","properties":{"kind":"stream","name":""},"geometry":{"type":"LineString","coordinates":[[32.88776,-18.13068],[32.88815,-18.13067],[32.88936,-18.13057],[32.89084,-18.13086],[32.89144,-18.13102],[32.892,-18.13173],[32.89309,-18.13238],[32.89359,-18.13239],[32.89404,-18.13201],[32.8943,-18.13136],[32.89447,-18.13087],[32.8948,-18.13035],[32.89503,-18.13024],[32.89612,-18.12999],[32.897,-18.12962],[32.8976,-18.12965],[32.8982,-18.1297],[32.89864,-18.1295],[32.90007,-18.12851],[32.9007,-18.12819],[32.90148,-18.12785],[32.90208,-18.12764],[32.9027,-18.12756],[32.90282,-18.12758],[32.90279,-18.12774],[32.90287,-18.12799],[32.9031,-18.12803],[32.90373,-18.12763],[32.90409,-18.12738],[32.90528,-18.12742],[32.90625,-18.12735],[32.90666,-18.12701],[32.9073,-18.12666],[32.90763,-18.12652],[32.9078,-18.12634],[32.90811,-18.12598],[32.90905,-18.12506],[32.90944,-18.12487],[32.90985,-18.12485],[32.91024,-18.1248],[32.91064,-18.12503],[32.91117,-18.1252],[32.91184,-18.12472],[32.91216,-18.12453],[32.9127,-18.12447],[32.91343,-18.12456],[32.91402,-18.12468],[32.91441,-18.12494],[32.91494,-18.12518],[32.91522,-18.12499],[32.91626,-18.12446],[32.91707,-18.124],[32.91758,-18.12394],[32.91793,-18.12376],[32.91812,-18.12339],[32.91846,-18.12306],[32.91914,-18.1225],[32.91935,-18.12211],[32.91985,-18.12162],[32.92011,-18.12133],[32.9208,-18.12034],[32.9213,-18.11977],[32.92184,-18.1194],[32.9226,-18.11915],[32.92313,-18.11897],[32.92351,-18.11892],[32.92455,-18.11804],[32.9251,-18.11767],[32.92577,-18.1175],[32.92665,-18.11755],[32.92755,-18.11781],[32.92799,-18.11775],[32.92852,-18.11762],[32.92897,-18.11753],[32.92961,-18.11771],[32.93006,-18.11791],[32.93048,-18.11835],[32.93077,-18.11867],[32.93115,-18.11876],[32.93173,-18.1189],[32.93187,-18.11909],[32.93196,-18.11954],[32.93214,-18.11992],[32.93232,-18.12026],[32.93274,-18.12042],[32.93331,-18.1206],[32.93404,-18.12111],[32.93456,-18.12148],[32.93534,-18.12182],[32.93624,-18.1222],[32.93713,-18.12283],[32.93728,-18.12307],[32.93746,-18.1232],[32.93784,-18.12335],[32.93826,-18.12346],[32.93861,-18.12336],[32.9392,-18.12304],[32.93961,-18.12235],[32.94055,-18.12179],[32.94119,-18.1216],[32.94173,-18.12136],[32.94198,-18.12121]]}},{"type":"Feature","properties":{"kind":"stream","name":""},"geometry":{"type":"LineString","coordinates":[[32.81196,-18.18179],[32.81202,-18.18183],[32.81256,-18.18206],[32.81289,-18.18191],[32.81324,-18.18149],[32.81343,-18.18125],[32.8136,-18.1811],[32.81408,-18.18093],[32.81532,-18.18037],[32.81566,-18.18027],[32.81577,-18.17997],[32.81605,-18.17923],[32.81637,-18.17894],[32.81674,-18.17871],[32.81717,-18.17853],[32.81763,-18.17817],[32.81769,-18.17775],[32.81776,-18.17741],[32.81793,-18.17675],[32.81818,-18.17644],[32.8184,-18.17622],[32.81863,-18.17633],[32.81868,-18.17665],[32.81878,-18.17693],[32.81899,-18.17694],[32.81937,-18.17653],[32.81962,-18.17643],[32.81988,-18.17623],[32.82012,-18.17625],[32.82033,-18.17647],[32.8205,-18.17641],[32.82071,-18.17648],[32.82105,-18.1763],[32.82134,-18.17611],[32.82282,-18.17457],[32.82346,-18.174],[32.82429,-18.17373],[32.82498,-18.17364],[32.8256,-18.17312],[32.82588,-18.17287],[32.82618,-18.17239],[32.82669,-18.17215],[32.82703,-18.1724],[32.82737,-18.17243],[32.82756,-18.17221],[32.82794,-18.17173],[32.82829,-18.17106],[32.82896,-18.17079],[32.82978,-18.17072],[32.83004,-18.17075],[32.8307,-18.17076],[32.83091,-18.17057],[32.83103,-18.17014],[32.83119,-18.16982],[32.83164,-18.1692],[32.83188,-18.16888],[32.83229,-18.16857],[32.83364,-18.16741],[32.8344,-18.16709],[32.83485,-18.16692],[32.83525,-18.16681],[32.83566,-18.167],[32.83605,-18.16702],[32.83656,-18.16686],[32.83701,-18.16678],[32.83754,-18.16687],[32.83786,-18.16675],[32.8381,-18.16638],[32.83845,-18.16589],[32.83856,-18.16548],[32.83814,-18.16488],[32.83808,-18.1643],[32.83788,-18.16394],[32.83794,-18.16327],[32.83845,-18.16275],[32.83875,-18.16122],[32.83898,-18.16019],[32.83901,-18.15968],[32.83891,-18.15926],[32.83848,-18.15856],[32.83836,-18.15825],[32.83867,-18.158],[32.83882,-18.15763],[32.83872,-18.1573],[32.8385,-18.15709],[32.83811,-18.1569],[32.83752,-18.15654],[32.83697,-18.1561],[32.83674,-18.15578],[32.83712,-18.15526],[32.83759,-18.15504],[32.83827,-18.15469],[32.8386,-18.15413],[32.83922,-18.15348],[32.83953,-18.15308],[32.84015,-18.15174],[32.84042,-18.15113],[32.84103,-18.15063],[32.84192,-18.15027],[32.84239,-18.14998],[32.84264,-18.14978],[32.84291,-18.14952],[32.84324,-18.14932],[32.84393,-18.14905],[32.84418,-18.14907],[32.8445,-18.14906],[32.84502,-18.14898],[32.84546,-18.14872],[32.84552,-18.14852],[32.84561,-18.14839],[32.84563,-18.14814],[32.84543,-18.14775],[32.84558,-18.14692],[32.84586,-18.14622],[32.84575,-18.14584],[32.8456,-18.14561],[32.84553,-18.14521],[32.84568,-18.14493],[32.84616,-18.14432],[32.84627,-18.1439],[32.84633,-18.14356],[32.84638,-18.14308],[32.84643,-18.14261],[32.84653,-18.14247],[32.84664,-18.14226],[32.84672,-18.14198],[32.84713,-18.14168],[32.84768,-18.14133],[32.84822,-18.14092],[32.84846,-18.14085],[32.8487,-18.14084],[32.84895,-18.14088],[32.84912,-18.14084],[32.84923,-18.14064],[32.84924,-18.14042],[32.84933,-18.14002],[32.84951,-18.13968],[32.84967,-18.13946],[32.8499,-18.13908],[32.85042,-18.13824],[32.85042,-18.13797],[32.85046,-18.13762],[32.85052,-18.13747],[32.85096,-18.13714],[32.85125,-18.13708],[32.8528,-18.13757],[32.85339,-18.13785],[32.85372,-18.13843],[32.85435,-18.13856],[32.85451,-18.13858],[32.85473,-18.13858],[32.85493,-18.13855],[32.85536,-18.13853],[32.85554,-18.13865],[32.85587,-18.1388],[32.85651,-18.13887],[32.85739,-18.13895],[32.85768,-18.13896],[32.85806,-18.13923],[32.85839,-18.13967],[32.85861,-18.13996],[32.85879,-18.14],[32.85905,-18.1399],[32.85938,-18.13971],[32.85978,-18.13938],[32.86019,-18.13903],[32.86082,-18.1388],[32.86135,-18.13874],[32.86199,-18.1385],[32.86258,-18.1381],[32.8633,-18.13747],[32.86374,-18.13717],[32.86429,-18.13691],[32.8651,-18.13664],[32.86545,-18.13627],[32.86628,-18.13589],[32.86678,-18.13544],[32.86709,-18.13514],[32.86749,-18.13493],[32.86811,-18.13488],[32.86841,-18.13507],[32.86872,-18.1351],[32.8692,-18.13505],[32.86946,-18.13492],[32.87006,-18.13473],[32.87119,-18.13437],[32.87172,-18.13415],[32.8725,-18.13354],[32.8728,-18.13308],[32.87357,-18.13277],[32.87417,-18.13218],[32.87463,-18.13175],[32.87513,-18.13139],[32.87542,-18.13135],[32.8756,-18.13135],[32.87584,-18.13149],[32.87613,-18.13146],[32.87638,-18.13138],[32.87653,-18.13121],[32.8766,-18.13109],[32.87672,-18.13099],[32.87692,-18.13089],[32.87732,-18.13069],[32.8779,-18.13042],[32.87802,-18.13035],[32.87828,-18.1302],[32.87861,-18.13002],[32.87924,-18.12996],[32.87936,-18.13014],[32.87959,-18.1304],[32.87995,-18.13026],[32.88026,-18.1302],[32.88079,-18.13019],[32.88138,-18.1302],[32.88222,-18.13007],[32.88283,-18.12976],[32.8835,-18.12948],[32.88381,-18.12931],[32.88459,-18.1288],[32.88475,-18.12877],[32.8848,-18.12885],[32.88488,-18.12914],[32.88488,-18.12948],[32.88496,-18.12965],[32.88547,-18.13001],[32.8861,-18.13045],[32.88649,-18.13065],[32.88654,-18.13065],[32.88776,-18.13068]]}},{"type":"Feature","properties":{"kind":"stream","name":"Matenderer"},"geometry":{"type":"LineString","coordinates":[[32.84499,-18.31682],[32.84466,-18.31693],[32.84409,-18.31676],[32.84356,-18.3166],[32.84343,-18.31617],[32.84307,-18.31586],[32.84251,-18.31579],[32.84217,-18.31589],[32.84179,-18.31609],[32.84115,-18.31593],[32.84069,-18.31603],[32.84009,-18.31624],[32.83969,-18.31612],[32.83919,-18.31629],[32.83899,-18.31614],[32.8386,-18.31651],[32.8382,-18.31666],[32.83769,-18.31656],[32.83717,-18.3169],[32.83724,-18.31712],[32.83737,-18.31729],[32.83753,-18.31747],[32.83722,-18.31757],[32.83707,-18.31752],[32.83691,-18.31743],[32.83678,-18.31747],[32.83656,-18.31738],[32.83632,-18.31764],[32.83581,-18.31803],[32.83535,-18.31783],[32.83515,-18.31808],[32.83481,-18.318],[32.83461,-18.31844],[32.83419,-18.31847],[32.83374,-18.31806],[32.83358,-18.3178],[32.83345,-18.31805],[32.83343,-18.3183],[32.8331,-18.31858],[32.83287,-18.31844],[32.83253,-18.31827],[32.83207,-18.31849],[32.83153,-18.31855],[32.83105,-18.31849],[32.8303,-18.31825],[32.82981,-18.31817],[32.82904,-18.31797],[32.82837,-18.31771],[32.82787,-18.31764],[32.82737,-18.3178],[32.82684,-18.31771],[32.82653,-18.31799],[32.82674,-18.31852],[32.82607,-18.31866],[32.82587,-18.31905],[32.82563,-18.31908],[32.82492,-18.31942],[32.82407,-18.31903],[32.82369,-18.31919],[32.8235,-18.31908],[32.82309,-18.31883],[32.82286,-18.31852],[32.82281,-18.3183],[32.82246,-18.31797],[32.82253,-18.31769],[32.82246,-18.31743],[32.82218,-18.31744],[32.82202,-18.31735],[32.82174,-18.31755],[32.8214,-18.3175],[32.8212,-18.31747],[32.82091,-18.31769],[32.82058,-18.31775],[32.82048,-18.31789],[32.82073,-18.31805],[32.82074,-18.31822],[32.82027,-18.31839],[32.82035,-18.31858],[32.8202,-18.31883],[32.81996,-18.3192],[32.81982,-18.31967],[32.82012,-18.32014],[32.81988,-18.32029],[32.81981,-18.32045],[32.81977,-18.32066],[32.81964,-18.3207],[32.81967,-18.32086],[32.81986,-18.3209],[32.81988,-18.321],[32.81968,-18.32108],[32.81942,-18.32111],[32.81928,-18.32115],[32.81933,-18.32131],[32.8196,-18.32136],[32.81947,-18.32164],[32.81946,-18.32184],[32.81986,-18.32238],[32.82007,-18.32242],[32.82057,-18.32284],[32.82106,-18.32331],[32.82117,-18.3236],[32.82126,-18.32381],[32.82128,-18.32395],[32.82141,-18.32398],[32.82142,-18.32408],[32.82159,-18.32414],[32.8216,-18.32436],[32.82171,-18.32433],[32.8218,-18.3245],[32.82235,-18.32472],[32.82247,-18.3249],[32.82263,-18.32541],[32.82265,-18.32589],[32.8225,-18.32617],[32.8221,-18.32662],[32.82155,-18.32708],[32.82143,-18.32721],[32.8213,-18.32744],[32.82133,-18.3276],[32.8212,-18.32772],[32.82106,-18.32768],[32.82096,-18.3278],[32.82047,-18.328],[32.82014,-18.32823],[32.82005,-18.32864],[32.82015,-18.32898],[32.82029,-18.32917],[32.82061,-18.32938],[32.82115,-18.32963],[32.82162,-18.32958],[32.82215,-18.32961],[32.82285,-18.32985],[32.82329,-18.32981],[32.82382,-18.32999],[32.82375,-18.33025],[32.82403,-18.33056],[32.82422,-18.33091],[32.82415,-18.33103],[32.82411,-18.3314],[32.82401,-18.33149],[32.82374,-18.33152],[32.82365,-18.33178],[32.82345,-18.33205],[32.82322,-18.33215],[32.82319,-18.33199],[32.82273,-18.33199],[32.8221,-18.33211],[32.82207,-18.33225],[32.82225,-18.3324],[32.8222,-18.3327],[32.82227,-18.33291],[32.82225,-18.33343],[32.82244,-18.3338],[32.82244,-18.33423],[32.82205,-18.33443],[32.82172,-18.33469],[32.82148,-18.33481],[32.82145,-18.33503],[32.82125,-18.33535],[32.82107,-18.33584],[32.82078,-18.33658],[32.821,-18.33723],[32.82129,-18.33791],[32.82118,-18.33805],[32.82099,-18.33806],[32.82079,-18.3378],[32.82039,-18.33794],[32.82033,-18.33811],[32.81995,-18.33831],[32.81983,-18.33849],[32.81949,-18.33887],[32.81954,-18.33909],[32.81975,-18.33928],[32.81994,-18.33941],[32.82017,-18.33945],[32.82045,-18.33935],[32.82072,-18.33929],[32.82102,-18.33931],[32.82133,-18.33945],[32.82132,-18.33995],[32.82119,-18.34007],[32.82107,-18.34035],[32.8209,-18.34046],[32.82076,-18.34021],[32.82066,-18.33989],[32.82043,-18.3397],[32.82024,-18.33973],[32.81994,-18.33992],[32.81978,-18.34011],[32.81979,-18.34046],[32.81977,-18.34056],[32.81985,-18.34066],[32.82,-18.34081],[32.82028,-18.34073],[32.8206,-18.34088],[32.82081,-18.34125],[32.82084,-18.34148],[32.82095,-18.34193],[32.82109,-18.34236],[32.82132,-18.34245],[32.82155,-18.34266],[32.82178,-18.34293],[32.82192,-18.34307],[32.82212,-18.34311],[32.8224,-18.34327],[32.82258,-18.34344],[32.82251,-18.34361],[32.82211,-18.34369],[32.82202,-18.34379],[32.82197,-18.34402],[32.82192,-18.34415],[32.82192,-18.34432],[32.82192,-18.34456],[32.82172,-18.34471],[32.82153,-18.34479],[32.82133,-18.34472],[32.82126,-18.34459],[32.82109,-18.34459],[32.82071,-18.34467],[32.82046,-18.34479],[32.82046,-18.34492],[32.82035,-18.34512],[32.82037,-18.34545],[32.8202,-18.34568],[32.81982,-18.34605],[32.81976,-18.34618],[32.81989,-18.34634],[32.8203,-18.34664],[32.82054,-18.34685],[32.82057,-18.34705],[32.8205,-18.34738],[32.82035,-18.3475],[32.82022,-18.3474],[32.82015,-18.34725],[32.82002,-18.34708],[32.81984,-18.34693],[32.81974,-18.34697],[32.81973,-18.34719],[32.81967,-18.34741],[32.81964,-18.34774],[32.81953,-18.34823],[32.81933,-18.34881],[32.81908,-18.34924],[32.81885,-18.34958],[32.81859,-18.34996],[32.8186,-18.35014],[32.81886,-18.3505],[32.81875,-18.35066],[32.81841,-18.35054],[32.81813,-18.35055],[32.81814,-18.35066],[32.8181,-18.35097],[32.8179,-18.35118],[32.81776,-18.35139],[32.81766,-18.35176],[32.81772,-18.35214],[32.81762,-18.35263],[32.81742,-18.35307],[32.81718,-18.35318],[32.81693,-18.35316],[32.81683,-18.35296],[32.81659,-18.35287],[32.81642,-18.35303],[32.81643,-18.35323],[32.8164,-18.35339],[32.81621,-18.35353],[32.81609,-18.35359],[32.81591,-18.35354],[32.81572,-18.35347],[32.81555,-18.35349],[32.81491,-18.35371],[32.81475,-18.35365],[32.81451,-18.35369],[32.81429,-18.35357],[32.81394,-18.3538],[32.81387,-18.35391],[32.81403,-18.35397],[32.81423,-18.35413],[32.81434,-18.35441],[32.81429,-18.35458],[32.81433,-18.35472],[32.81435,-18.35485],[32.8143,-18.35506],[32.81398,-18.35519],[32.81359,-18.3556],[32.81342,-18.35597],[32.81314,-18.35617],[32.8129,-18.35612],[32.81281,-18.35603],[32.81297,-18.35565],[32.81297,-18.35547],[32.81282,-18.35523],[32.81261,-18.35517],[32.8123,-18.3553],[32.81217,-18.35546],[32.81225,-18.35573],[32.81216,-18.35597],[32.81206,-18.35621],[32.81216,-18.35634],[32.81237,-18.35632],[32.81263,-18.35622],[32.81278,-18.35634],[32.8127,-18.35653],[32.81261,-18.35674],[32.81228,-18.35676],[32.81207,-18.35693],[32.81184,-18.35699],[32.81146,-18.35691],[32.81109,-18.35698],[32.81073,-18.3572],[32.81077,-18.35736],[32.8109,-18.35751],[32.81118,-18.35752],[32.81135,-18.35757],[32.81185,-18.35768],[32.81197,-18.35788],[32.81192,-18.35802],[32.81175,-18.35821],[32.81167,-18.35845],[32.81144,-18.35844],[32.81148,-18.35835],[32.81118,-18.35813],[32.81093,-18.35821],[32.81088,-18.35842],[32.81104,-18.3587],[32.81101,-18.35892],[32.81106,-18.3592],[32.81137,-18.35947],[32.81138,-18.35985],[32.81155,-18.36007],[32.81163,-18.36028],[32.81173,-18.36046],[32.81172,-18.36065],[32.81177,-18.36085],[32.8118,-18.36097],[32.81184,-18.36108],[32.81193,-18.36121],[32.81198,-18.36129],[32.81191,-18.36135],[32.8118,-18.36134],[32.81172,-18.36139],[32.81167,-18.36156],[32.81173,-18.36168],[32.81181,-18.36175],[32.81186,-18.36183],[32.81188,-18.36194],[32.81185,-18.36207],[32.81186,-18.36218],[32.81188,-18.3623],[32.81188,-18.36243],[32.81184,-18.36254],[32.81172,-18.36263],[32.81155,-18.3627],[32.81145,-18.36275],[32.8113,-18.3628],[32.81117,-18.3628],[32.81109,-18.36265],[32.81097,-18.36251],[32.8109,-18.36247],[32.8107,-18.36241],[32.81062,-18.36234],[32.81061,-18.36223],[32.81057,-18.36209],[32.81047,-18.36202],[32.81034,-18.36196],[32.81025,-18.36181],[32.81017,-18.36162],[32.81001,-18.36134],[32.80982,-18.36124],[32.80968,-18.36116],[32.80951,-18.36116],[32.80942,-18.36119],[32.80934,-18.3613],[32.80929,-18.36138],[32.80927,-18.36153],[32.80927,-18.36176],[32.80931,-18.36192],[32.80934,-18.36207],[32.80942,-18.36222],[32.80949,-18.36237],[32.80952,-18.36254],[32.80945,-18.36265],[32.80933,-18.36274],[32.80919,-18.36274],[32.80908,-18.36267],[32.80902,-18.36259],[32.80904,-18.36242],[32.80902,-18.36232],[32.80892,-18.3622],[32.80883,-18.36205],[32.80875,-18.36192],[32.80859,-18.36185],[32.80845,-18.36186],[32.80835,-18.36197],[32.80838,-18.36209],[32.80838,-18.36222],[32.80837,-18.36229],[32.80832,-18.36243],[32.80829,-18.36259],[32.80825,-18.36274],[32.80821,-18.36286],[32.80809,-18.36306],[32.80802,-18.36315],[32.80799,-18.36328],[32.80801,-18.36343],[32.80805,-18.3636],[32.80796,-18.36374],[32.80787,-18.36386],[32.80783,-18.36403],[32.80777,-18.36421],[32.80778,-18.36443],[32.80778,-18.36452],[32.80783,-18.3646],[32.80793,-18.36467],[32.80803,-18.36474],[32.80807,-18.36485],[32.80804,-18.36501],[32.80804,-18.36521],[32.80804,-18.36552],[32.80805,-18.36572],[32.80807,-18.36589],[32.80811,-18.36609],[32.80817,-18.3663],[32.80823,-18.36641],[32.80829,-18.36656],[32.80833,-18.36665],[32.80838,-18.36681],[32.80844,-18.3669],[32.80855,-18.36705],[32.80864,-18.36718],[32.80887,-18.36725],[32.80907,-18.36727],[32.80916,-18.36736],[32.80913,-18.36753],[32.80894,-18.36783],[32.80887,-18.36797],[32.80879,-18.36813],[32.80868,-18.3683],[32.80852,-18.3684],[32.80818,-18.36846],[32.80803,-18.36848],[32.80774,-18.36849],[32.80759,-18.36844],[32.80725,-18.36855],[32.80685,-18.36864],[32.80663,-18.36875],[32.80629,-18.36885],[32.80606,-18.36894],[32.8059,-18.36903],[32.80573,-18.36912],[32.80558,-18.36917],[32.80536,-18.36917],[32.80518,-18.3691],[32.80501,-18.36901],[32.8048,-18.36895],[32.8047,-18.36886],[32.80453,-18.36878],[32.8044,-18.36871],[32.80434,-18.36858],[32.80417,-18.36846],[32.80401,-18.36846],[32.80386,-18.36859],[32.80367,-18.36891],[32.80364,-18.36907],[32.80361,-18.3692],[32.8036,-18.36937],[32.80353,-18.36964],[32.80351,-18.36979],[32.80346,-18.36999],[32.80341,-18.37013],[32.80335,-18.3703],[32.80332,-18.37046],[32.80335,-18.37064],[32.80344,-18.37079],[32.80344,-18.37089],[32.80326,-18.37103],[32.80316,-18.37115],[32.80301,-18.37124],[32.80284,-18.37133],[32.80265,-18.37135],[32.80244,-18.37142],[32.80231,-18.37152],[32.80217,-18.37173],[32.80207,-18.37189],[32.80194,-18.372],[32.80184,-18.37208],[32.80173,-18.37216],[32.80167,-18.37223],[32.80162,-18.37231],[32.80153,-18.3724],[32.80145,-18.37251],[32.80143,-18.37268],[32.80144,-18.37287],[32.80151,-18.37302],[32.80164,-18.37315],[32.80178,-18.37333],[32.80187,-18.37343],[32.80194,-18.37353],[32.80203,-18.3736],[32.80218,-18.37364],[32.80224,-18.37367],[32.80238,-18.37373],[32.80246,-18.37383],[32.80254,-18.37393],[32.80262,-18.37407],[32.80279,-18.37417],[32.80282,-18.37419],[32.80292,-18.37434],[32.80294,-18.37451],[32.80287,-18.3746],[32.80267,-18.37468],[32.80247,-18.37475],[32.80218,-18.3748],[32.8019,-18.37482],[32.80166,-18.37491],[32.80143,-18.37499],[32.80126,-18.37505],[32.80113,-18.37514],[32.80097,-18.37524],[32.80084,-18.37533],[32.80065,-18.37541],[32.80037,-18.37549],[32.80019,-18.3756],[32.80007,-18.37572],[32.79995,-18.37586],[32.79976,-18.37598],[32.79959,-18.37606],[32.7994,-18.37606],[32.79919,-18.37605],[32.799,-18.37601],[32.79882,-18.37595],[32.79866,-18.37593],[32.79857,-18.37591],[32.79827,-18.37591],[32.79807,-18.37591],[32.79788,-18.37586],[32.79775,-18.3757],[32.79765,-18.37547],[32.79762,-18.37534],[32.79764,-18.37516],[32.79762,-18.37501],[32.79749,-18.37483],[32.79738,-18.37474],[32.79727,-18.37459],[32.79724,-18.37446],[32.79718,-18.37433],[32.79711,-18.37426],[32.79695,-18.37418],[32.79677,-18.37413],[32.79654,-18.3741],[32.79638,-18.374],[32.79621,-18.37385],[32.79596,-18.37366],[32.79579,-18.3735],[32.79562,-18.37336],[32.79551,-18.37319],[32.79543,-18.37309],[32.79533,-18.37293],[32.7951,-18.3728],[32.79481,-18.37263],[32.79453,-18.37252],[32.79422,-18.37252],[32.79403,-18.37267],[32.79385,-18.3728],[32.79363,-18.37284],[32.79333,-18.37284],[32.79302,-18.37282],[32.79271,-18.37281],[32.7925,-18.3729],[32.79233,-18.37298],[32.79222,-18.37308],[32.79199,-18.37315],[32.79189,-18.37324],[32.79162,-18.37335]]}},{"type":"Feature","properties":{"kind":"stream","name":""},"geometry":{"type":"LineString","coordinates":[[32.80037,-18.37549],[32.8002,-18.37547],[32.8,-18.37548],[32.79987,-18.37553],[32.79971,-18.37557],[32.79943,-18.37557],[32.79924,-18.37557],[32.7991,-18.37566],[32.79897,-18.37571],[32.79886,-18.37578],[32.79876,-18.37584],[32.79866,-18.37593]]}},{"type":"Feature","properties":{"kind":"stream","name":""},"geometry":{"type":"LineString","coordinates":[[32.80218,-18.37364],[32.80234,-18.37365],[32.80247,-18.37365],[32.80258,-18.37367],[32.80268,-18.37377],[32.80273,-18.37387],[32.80278,-18.37405],[32.80279,-18.37417]]}},{"type":"Feature","properties":{"kind":"road","name":""},"geometry":{"type":"LineString","coordinates":[[32.96,-18.18772],[32.96021,-18.18872]]}},{"type":"Feature","properties":{"kind":"track","name":""},"geometry":{"type":"LineString","coordinates":[[32.92823,-18.19391],[32.92829,-18.19408],[32.92835,-18.19425],[32.92822,-18.19449],[32.92802,-18.19481],[32.92801,-18.1951],[32.92776,-18.19559],[32.92785,-18.19583],[32.92852,-18.19627]]}},{"type":"Feature","properties":{"kind":"track","name":""},"geometry":{"type":"LineString","coordinates":[[32.84207,-18.42172],[32.84181,-18.42147],[32.84177,-18.42108],[32.84186,-18.42087],[32.84216,-18.4206],[32.84265,-18.42024],[32.84288,-18.42005],[32.84358,-18.41967],[32.84417,-18.41902],[32.84413,-18.4187],[32.84419,-18.41845],[32.84408,-18.41808],[32.8437,-18.41763],[32.84367,-18.41736],[32.84364,-18.41634],[32.84373,-18.41603],[32.84362,-18.41535],[32.8436,-18.41428],[32.84349,-18.41407],[32.84317,-18.41385],[32.84306,-18.41363],[32.84312,-18.41336],[32.84324,-18.41307],[32.84317,-18.41295],[32.84295,-18.41271],[32.84247,-18.41186],[32.84222,-18.41115]]}},{"type":"Feature","properties":{"kind":"road","name":""},"geometry":{"type":"LineString","coordinates":[[32.84207,-18.42172],[32.84227,-18.42179],[32.84242,-18.42172],[32.84276,-18.42139],[32.84294,-18.42072],[32.84305,-18.42053],[32.84508,-18.41949],[32.84529,-18.41925],[32.84542,-18.41892],[32.84535,-18.41856],[32.84512,-18.41791],[32.845,-18.41735],[32.84499,-18.41642],[32.84519,-18.41525],[32.84544,-18.41418],[32.84544,-18.414],[32.84527,-18.41378],[32.84448,-18.41311],[32.84436,-18.41292],[32.84382,-18.41154],[32.84388,-18.41129],[32.84399,-18.41066],[32.84397,-18.41017],[32.84412,-18.40963],[32.84389,-18.40927],[32.84358,-18.40903],[32.84319,-18.40896],[32.84261,-18.40904],[32.84232,-18.40892],[32.8417,-18.40829],[32.8415,-18.40809],[32.84099,-18.40727],[32.8405,-18.40666]]}},{"type":"Feature","properties":{"kind":"track","name":""},"geometry":{"type":"LineString","coordinates":[[32.77871,-18.41414],[32.7787,-18.41478],[32.77865,-18.41546],[32.77842,-18.41605],[32.77825,-18.41624],[32.77803,-18.41635],[32.7779,-18.41656],[32.7779,-18.41684],[32.77789,-18.41727],[32.77803,-18.41759],[32.77803,-18.41789],[32.77825,-18.41838],[32.7784,-18.41862],[32.77868,-18.41877],[32.77887,-18.41912],[32.77904,-18.41924],[32.77935,-18.41937],[32.77961,-18.41969],[32.77987,-18.4202],[32.78014,-18.42066],[32.78044,-18.42099],[32.78047,-18.42117],[32.78041,-18.42132]]}},{"type":"Feature","properties":{"kind":"track","name":""},"geometry":{"type":"LineString","coordinates":[[32.74861,-18.32915],[32.74908,-18.32912],[32.7503,-18.33055],[32.75075,-18.33137],[32.75143,-18.33185],[32.75178,-18.33219],[32.75202,-18.33241],[32.7521,-18.33278],[32.75204,-18.33305],[32.75185,-18.33314],[32.75186,-18.3334],[32.75219,-18.33417],[32.75249,-18.33462],[32.75294,-18.33518],[32.75342,-18.33544],[32.75402,-18.33546],[32.75459,-18.33538],[32.75489,-18.33544],[32.75526,-18.33581],[32.75566,-18.33617],[32.75626,-18.33652],[32.75737,-18.33663],[32.75831,-18.33673],[32.75902,-18.3367],[32.76047,-18.3367],[32.76194,-18.33678],[32.76268,-18.33659],[32.76306,-18.33634],[32.76337,-18.3359],[32.76349,-18.33548],[32.76374,-18.33479],[32.764,-18.33409],[32.76424,-18.33336],[32.76462,-18.33269],[32.76491,-18.33214],[32.76513,-18.33174],[32.76544,-18.3315],[32.76583,-18.33155],[32.76629,-18.33186],[32.76673,-18.33251],[32.76714,-18.3332],[32.76787,-18.33409],[32.76837,-18.33479],[32.76877,-18.3355],[32.76934,-18.33613],[32.77008,-18.33674],[32.77055,-18.33709],[32.77107,-18.33728],[32.77139,-18.3376],[32.77176,-18.33813],[32.77189,-18.33872],[32.77176,-18.33942],[32.77165,-18.33998],[32.77167,-18.34117],[32.77161,-18.3417],[32.77134,-18.34239],[32.77116,-18.3428],[32.77133,-18.343],[32.77181,-18.34334],[32.77217,-18.34346],[32.77255,-18.34359],[32.77297,-18.34366],[32.77334,-18.34353],[32.77367,-18.34341],[32.77407,-18.3436],[32.77433,-18.34393],[32.77468,-18.34446],[32.7749,-18.3452],[32.77488,-18.34627],[32.77469,-18.34762],[32.77462,-18.3489],[32.77464,-18.34991],[32.77482,-18.35064],[32.77451,-18.35133],[32.77402,-18.35261],[32.77363,-18.35384],[32.77324,-18.35508],[32.7731,-18.35564],[32.77324,-18.35617],[32.77377,-18.35693],[32.7742,-18.35752],[32.77478,-18.35836],[32.77521,-18.35946],[32.77559,-18.36056],[32.77583,-18.36139],[32.77598,-18.36211],[32.77597,-18.3629],[32.77565,-18.36342],[32.77523,-18.36415],[32.77505,-18.3647],[32.77534,-18.36571],[32.77567,-18.36631],[32.776,-18.36678],[32.77653,-18.36712],[32.77706,-18.36735],[32.77729,-18.36768],[32.77733,-18.36835],[32.77698,-18.36919],[32.7767,-18.37024],[32.7765,-18.3713],[32.77618,-18.37262],[32.77587,-18.3737],[32.77539,-18.3745],[32.77502,-18.37539],[32.7749,-18.37605],[32.77469,-18.37705],[32.77456,-18.3778],[32.77461,-18.37829],[32.77477,-18.37882],[32.77483,-18.37899],[32.77511,-18.37924],[32.77566,-18.37944],[32.77608,-18.37982],[32.77664,-18.38036],[32.77692,-18.38084],[32.77682,-18.38124],[32.77641,-18.38167],[32.77592,-18.38181],[32.7754,-18.38205],[32.77491,-18.38244],[32.77437,-18.38302],[32.774,-18.38348],[32.77412,-18.38378],[32.77475,-18.38417],[32.77569,-18.38479],[32.77617,-18.38494],[32.7771,-18.38483],[32.77741,-18.38448],[32.77766,-18.38395],[32.77803,-18.38354],[32.7786,-18.38331],[32.77924,-18.38326],[32.77989,-18.3834],[32.78027,-18.38377],[32.78049,-18.38399],[32.78068,-18.38415],[32.7808,-18.38411],[32.78067,-18.38389],[32.78027,-18.38377]]}},{"type":"Feature","properties":{"kind":"track","name":""},"geometry":{"type":"LineString","coordinates":[[32.73117,-18.28331],[32.73118,-18.2835],[32.73131,-18.28402],[32.73142,-18.28423],[32.73151,-18.2843],[32.73162,-18.28432],[32.73177,-18.28426]]}},{"type":"Feature","properties":{"kind":"track","name":""},"geometry":{"type":"LineString","coordinates":[[32.74659,-18.28828],[32.74655,-18.28817],[32.74657,-18.28808],[32.74739,-18.28676],[32.74689,-18.28645],[32.74462,-18.28501],[32.74427,-18.28494],[32.74413,-18.28494],[32.74401,-18.28488]]}},{"type":"Feature","properties":{"kind":"track","name":""},"geometry":{"type":"LineString","coordinates":[[32.74186,-18.28361],[32.7416,-18.2833],[32.7413,-18.28311],[32.73962,-18.28329],[32.73958,-18.28334],[32.73961,-18.28366],[32.73977,-18.28405],[32.73989,-18.28412]]}},{"type":"Feature","properties":{"kind":"road","name":""},"geometry":{"type":"LineString","coordinates":[[32.72527,-18.28667],[32.72526,-18.28661],[32.72528,-18.28654],[32.7253,-18.28647]]}},{"type":"Feature","properties":{"kind":"track","name":""},"geometry":{"type":"LineString","coordinates":[[32.73131,-18.28402],[32.73119,-18.284],[32.73109,-18.28394],[32.73101,-18.28369],[32.73118,-18.2835]]}},{"type":"Feature","properties":{"kind":"track","name":""},"geometry":{"type":"LineString","coordinates":[[32.72654,-18.29108],[32.72694,-18.29082],[32.72709,-18.29071],[32.72722,-18.29065],[32.72735,-18.29065],[32.72747,-18.29072],[32.72752,-18.29082],[32.72753,-18.29094],[32.72742,-18.29125],[32.72731,-18.29142],[32.72722,-18.29146]]}},{"type":"Feature","properties":{"kind":"track","name":""},"geometry":{"type":"LineString","coordinates":[[32.73981,-18.28524],[32.7398,-18.2851],[32.73964,-18.28456],[32.73962,-18.28445],[32.73969,-18.28431],[32.73977,-18.28405],[32.73982,-18.28389],[32.74026,-18.28367],[32.74119,-18.28356],[32.74141,-18.28362],[32.74171,-18.28364],[32.74186,-18.28361],[32.74219,-18.28358],[32.74229,-18.28363]]}},{"type":"Feature","properties":{"kind":"track","name":""},"geometry":{"type":"LineString","coordinates":[[32.74229,-18.28363],[32.74218,-18.28389],[32.74206,-18.28396],[32.74083,-18.28379],[32.73989,-18.28412],[32.73969,-18.28431]]}},{"type":"Feature","properties":{"kind":"road","name":""},"geometry":{"type":"LineString","coordinates":[[32.76999,-18.40802],[32.77004,-18.40817],[32.77007,-18.40828],[32.7701,-18.4085],[32.77009,-18.40865],[32.77007,-18.40878],[32.77002,-18.40889],[32.76993,-18.40902],[32.76975,-18.40929],[32.76953,-18.40963],[32.76935,-18.40993],[32.76918,-18.41024],[32.76915,-18.41035],[32.76915,-18.41047],[32.76921,-18.41061],[32.76936,-18.41093],[32.76963,-18.41136],[32.76981,-18.41157],[32.76996,-18.41165],[32.77013,-18.41169],[32.77074,-18.41169],[32.77165,-18.41162],[32.77198,-18.41161],[32.77214,-18.41163],[32.77225,-18.41169],[32.77234,-18.41174],[32.77242,-18.41183],[32.77249,-18.41194],[32.77256,-18.41213],[32.77261,-18.4123],[32.77262,-18.41241],[32.77262,-18.41251],[32.7726,-18.41264],[32.77254,-18.41273],[32.77248,-18.4128],[32.77236,-18.4129],[32.77221,-18.41296],[32.77205,-18.413],[32.77186,-18.413],[32.77141,-18.41305],[32.77121,-18.41308],[32.77106,-18.41311],[32.77078,-18.41319],[32.77046,-18.4133],[32.77008,-18.41343],[32.76967,-18.41353],[32.76929,-18.41362],[32.76887,-18.4137],[32.76873,-18.41373],[32.76857,-18.41382],[32.76849,-18.41387],[32.76841,-18.41395],[32.76836,-18.41407],[32.76828,-18.41442],[32.76817,-18.41498],[32.76809,-18.41534],[32.76803,-18.41562],[32.768,-18.41577],[32.76799,-18.41592],[32.76801,-18.41609],[32.76804,-18.41622],[32.76804,-18.41634],[32.76803,-18.41642],[32.76798,-18.41648],[32.76792,-18.41653],[32.76785,-18.41655],[32.76778,-18.41656],[32.76757,-18.41656],[32.76745,-18.41656],[32.76732,-18.41659],[32.76712,-18.41667],[32.76692,-18.41677],[32.76676,-18.41691],[32.76661,-18.4171],[32.76645,-18.41732],[32.76632,-18.41755],[32.76619,-18.41785],[32.76606,-18.41816],[32.76593,-18.41873],[32.76589,-18.41895],[32.7659,-18.41907],[32.76593,-18.41921],[32.76598,-18.41933],[32.76603,-18.4194],[32.76616,-18.41953],[32.7663,-18.41964],[32.76644,-18.41977],[32.76673,-18.41996],[32.76696,-18.42006],[32.76715,-18.42017],[32.76739,-18.42034],[32.76759,-18.42051],[32.76794,-18.42082],[32.76809,-18.42102],[32.7682,-18.4212],[32.76821,-18.42136],[32.7682,-18.42162],[32.7682,-18.42193],[32.76819,-18.4222],[32.76817,-18.42246],[32.76817,-18.42255],[32.76818,-18.42261],[32.76822,-18.42265],[32.76826,-18.42268],[32.76829,-18.4227],[32.76834,-18.42271],[32.76839,-18.42271],[32.76845,-18.42269],[32.76854,-18.42267],[32.76866,-18.42262],[32.76884,-18.42254],[32.76898,-18.42247],[32.7691,-18.42244],[32.76918,-18.42243],[32.76924,-18.42243],[32.76934,-18.42245],[32.76946,-18.42248],[32.76961,-18.42255],[32.76976,-18.42263]]}},{"type":"Feature","properties":{"kind":"track","name":""},"geometry":{"type":"LineString","coordinates":[[32.74689,-18.28645],[32.74692,-18.28638],[32.74714,-18.28615],[32.74775,-18.2853]]}},{"type":"Feature","properties":{"kind":"track","name":""},"geometry":{"type":"LineString","coordinates":[[32.72297,-18.28136],[32.723,-18.28146],[32.72304,-18.28168],[32.72303,-18.28183],[32.72297,-18.28218],[32.72297,-18.28231],[32.72303,-18.28243],[32.72312,-18.28253],[32.72322,-18.28263],[32.72329,-18.28277],[32.72331,-18.28288],[32.72331,-18.28302],[32.72324,-18.28328],[32.72321,-18.28345],[32.72319,-18.28363],[32.72323,-18.28374],[32.72328,-18.28379],[32.7234,-18.28384],[32.72355,-18.28387],[32.72383,-18.28385]]}},{"type":"Feature","properties":{"kind":"road","name":""},"geometry":{"type":"LineString","coordinates":[[32.72579,-18.29188],[32.72611,-18.29158],[32.72638,-18.2912],[32.72654,-18.29108],[32.7266,-18.29093],[32.72684,-18.29068]]}},{"type":"Feature","properties":{"kind":"stream","name":""},"geometry":{"type":"LineString","coordinates":[[32.7362,-18.2851],[32.73545,-18.28521],[32.73468,-18.28518],[32.73431,-18.28562],[32.73365,-18.28568],[32.73277,-18.28556],[32.73236,-18.2856],[32.73184,-18.286],[32.73136,-18.28686],[32.73051,-18.28671],[32.72959,-18.28656],[32.72856,-18.28682],[32.72832,-18.28762],[32.72799,-18.28826],[32.72781,-18.28842],[32.72776,-18.28856],[32.72756,-18.28858],[32.72736,-18.28841],[32.72742,-18.28821],[32.7275,-18.28799],[32.72721,-18.28777],[32.72653,-18.28774],[32.72612,-18.28802],[32.72504,-18.28945],[32.72474,-18.28957],[32.72446,-18.2897],[32.72438,-18.2898],[32.72431,-18.29005],[32.72416,-18.29016],[32.72403,-18.29016],[32.72379,-18.29016],[32.72375,-18.29012],[32.72371,-18.28998],[32.72342,-18.28978],[32.72322,-18.2898],[32.72313,-18.28971],[32.72234,-18.28926],[32.72195,-18.28882],[32.72201,-18.28861],[32.72147,-18.28802],[32.72101,-18.28738],[32.72064,-18.28708],[32.72037,-18.28695]]}},{"type":"Feature","properties":{"kind":"path","name":""},"geometry":{"type":"LineString","coordinates":[[32.78336,-18.16483],[32.78316,-18.16466],[32.78307,-18.16448],[32.78306,-18.16428],[32.78339,-18.16264],[32.7835,-18.16243]]}},{"type":"Feature","properties":{"kind":"path","name":""},"geometry":{"type":"LineString","coordinates":[[32.78732,-18.15291],[32.7868,-18.15262],[32.78625,-18.15293],[32.78559,-18.15325],[32.78509,-18.15379],[32.78501,-18.15416],[32.78431,-18.1557],[32.78453,-18.15639],[32.78446,-18.15764],[32.78412,-18.15791],[32.78355,-18.15872],[32.78351,-18.15949],[32.78289,-18.16004],[32.78286,-18.16227],[32.7835,-18.16243],[32.78379,-18.16233],[32.78414,-18.16239],[32.78436,-18.16235],[32.78457,-18.16196],[32.78501,-18.16165],[32.78534,-18.16108],[32.78548,-18.16067],[32.78648,-18.16045],[32.78698,-18.16042],[32.78713,-18.16045],[32.78723,-18.16052],[32.78734,-18.16071],[32.78747,-18.16076],[32.78762,-18.16075],[32.78783,-18.16063],[32.7881,-18.16033],[32.78841,-18.16018],[32.79109,-18.15929],[32.79129,-18.1593],[32.79149,-18.15935],[32.79243,-18.16005],[32.79248,-18.15981],[32.7924,-18.1595],[32.79277,-18.15819],[32.79256,-18.15754],[32.79195,-18.15688],[32.79115,-18.15674],[32.7907,-18.15653],[32.79007,-18.15573],[32.78983,-18.15532],[32.78961,-18.15523],[32.78928,-18.1544],[32.78921,-18.15365],[32.78754,-18.15321],[32.78732,-18.15291]]}},{"type":"Feature","properties":{"kind":"path","name":""},"geometry":{"type":"LineString","coordinates":[[32.78412,-18.15791],[32.78289,-18.15705]]}},{"type":"Feature","properties":{"kind":"road","name":""},"geometry":{"type":"LineString","coordinates":[[32.73786,-18.35907],[32.73922,-18.35834],[32.74102,-18.3573],[32.74255,-18.35643],[32.7427,-18.35629],[32.74281,-18.35613],[32.74296,-18.3559],[32.74328,-18.35519],[32.74343,-18.35497],[32.74357,-18.35483],[32.74373,-18.3547],[32.74504,-18.35383],[32.74519,-18.35376],[32.74534,-18.3537],[32.74591,-18.35349],[32.74647,-18.35323],[32.7469,-18.35297],[32.74738,-18.35267],[32.74851,-18.35179],[32.74959,-18.35101],[32.7501,-18.35068],[32.75024,-18.35056],[32.75035,-18.35045],[32.75051,-18.35021],[32.75062,-18.34995],[32.75111,-18.34858],[32.75115,-18.34842],[32.75116,-18.34819],[32.75114,-18.34799],[32.75096,-18.34689],[32.75097,-18.34669],[32.751,-18.34647],[32.75137,-18.34486],[32.75145,-18.3444],[32.75149,-18.3439],[32.75144,-18.34324],[32.75137,-18.34226],[32.7512,-18.34112],[32.751,-18.33999],[32.75093,-18.33966],[32.75081,-18.33938],[32.75042,-18.33863],[32.7499,-18.33781],[32.74979,-18.33757],[32.74965,-18.33718],[32.74936,-18.33609],[32.74903,-18.33496],[32.74896,-18.33464],[32.74893,-18.33432],[32.74893,-18.33404],[32.74898,-18.33379],[32.74907,-18.33338],[32.74911,-18.33301],[32.74861,-18.32915],[32.7485,-18.32836],[32.74841,-18.32818],[32.74826,-18.328],[32.74808,-18.32788],[32.74781,-18.32771],[32.74763,-18.32756],[32.74747,-18.32737],[32.74724,-18.32704],[32.74708,-18.3267],[32.74695,-18.3263],[32.74689,-18.32581],[32.7468,-18.325],[32.74682,-18.32467],[32.74696,-18.32373],[32.74703,-18.32301],[32.74706,-18.32261],[32.74711,-18.32246],[32.74722,-18.32226],[32.7473,-18.32216],[32.74746,-18.322],[32.74768,-18.32181],[32.74794,-18.32168],[32.74806,-18.32164],[32.74817,-18.32157],[32.74826,-18.32148],[32.74833,-18.32135],[32.74841,-18.32091],[32.74844,-18.3205],[32.74835,-18.31806],[32.7483,-18.31787],[32.74824,-18.31768],[32.74818,-18.31758],[32.7481,-18.31751],[32.74792,-18.3174],[32.74751,-18.31706],[32.74718,-18.31677],[32.74679,-18.31629],[32.74653,-18.31591],[32.74549,-18.31418],[32.74498,-18.31338],[32.74466,-18.31277],[32.74441,-18.31211],[32.74415,-18.31144],[32.74403,-18.31118],[32.74384,-18.3109],[32.74362,-18.31059],[32.74347,-18.31036],[32.74338,-18.31017],[32.74336,-18.31001],[32.74334,-18.30979],[32.74337,-18.30892],[32.74321,-18.30733],[32.74318,-18.30619],[32.74322,-18.30531],[32.74329,-18.30448],[32.74332,-18.30402],[32.74342,-18.30351],[32.74355,-18.30285],[32.7436,-18.30256],[32.74358,-18.3021],[32.74353,-18.30148],[32.74353,-18.30103],[32.74356,-18.30007],[32.74356,-18.29977],[32.74354,-18.29947],[32.74348,-18.29879],[32.74345,-18.29844],[32.74342,-18.29821],[32.74337,-18.29806],[32.74332,-18.29791],[32.74322,-18.29775],[32.74305,-18.29756],[32.74281,-18.29735],[32.74228,-18.29692],[32.74186,-18.29665],[32.74147,-18.29634],[32.74108,-18.29597],[32.7391,-18.29415],[32.73835,-18.29353],[32.73788,-18.29316],[32.73724,-18.29274],[32.7367,-18.29248],[32.7364,-18.29237],[32.73607,-18.29231],[32.73532,-18.29236]]}},{"type":"Feature","properties":{"kind":"road","name":""},"geometry":{"type":"LineString","coordinates":[[32.73532,-18.29236],[32.73484,-18.29254],[32.73439,-18.29279],[32.7339,-18.29319],[32.73353,-18.29364],[32.73339,-18.2938],[32.73326,-18.29389],[32.73313,-18.29397],[32.73301,-18.29402],[32.73282,-18.29405],[32.73263,-18.29402],[32.73229,-18.29393],[32.7317,-18.2936],[32.73081,-18.29314],[32.73046,-18.29302],[32.73001,-18.29301],[32.7295,-18.29309],[32.72912,-18.29324],[32.72857,-18.29366],[32.72835,-18.29403],[32.72793,-18.29483],[32.72771,-18.29515],[32.72732,-18.29547],[32.72681,-18.29564],[32.72652,-18.29568],[32.72623,-18.29568],[32.72601,-18.29562],[32.72578,-18.29553],[32.72545,-18.2953],[32.72525,-18.29507],[32.72507,-18.29477],[32.72493,-18.2945],[32.7248,-18.29422],[32.72475,-18.29406],[32.72463,-18.29396],[32.72404,-18.2935],[32.72382,-18.29338],[32.72359,-18.29329],[32.72336,-18.29325],[32.72303,-18.29321],[32.72266,-18.29314],[32.72239,-18.29308],[32.72212,-18.29297],[32.72187,-18.29287],[32.72161,-18.29276],[32.72123,-18.29261],[32.7206,-18.29236]]}},{"type":"Feature","properties":{"kind":"road","name":""},"geometry":{"type":"LineString","coordinates":[[32.70876,-18.36614],[32.70922,-18.36574],[32.7094,-18.36522],[32.70978,-18.36421],[32.70996,-18.36398],[32.71017,-18.36376],[32.71046,-18.3636],[32.71077,-18.3635],[32.71114,-18.36349],[32.71145,-18.36354],[32.71353,-18.36443],[32.71381,-18.36451],[32.71409,-18.36459],[32.71443,-18.3646],[32.71488,-18.36452],[32.71535,-18.36434],[32.71609,-18.36403],[32.71712,-18.36356],[32.71725,-18.36344],[32.71748,-18.36324],[32.71802,-18.3626],[32.71848,-18.362],[32.71903,-18.36116],[32.71917,-18.36103],[32.71933,-18.36092],[32.71948,-18.36085],[32.71974,-18.36082],[32.71994,-18.36081],[32.722,-18.36097],[32.72365,-18.36106],[32.72386,-18.36105],[32.72407,-18.36102],[32.72431,-18.36094],[32.7254,-18.36059],[32.72569,-18.36053],[32.72598,-18.36049],[32.72748,-18.36041],[32.72844,-18.36035],[32.72872,-18.36031],[32.72902,-18.36025],[32.73045,-18.35988],[32.73159,-18.35962],[32.73182,-18.35958],[32.73214,-18.35955],[32.73254,-18.35961],[32.73335,-18.35986],[32.7342,-18.36015],[32.73448,-18.36022],[32.73483,-18.36027],[32.73515,-18.36027],[32.73545,-18.36024],[32.73574,-18.36019],[32.73601,-18.3601],[32.73679,-18.35967],[32.73786,-18.35907]]}},{"type":"Feature","properties":{"kind":"road","name":""},"geometry":{"type":"LineString","coordinates":[[32.73676,-18.23382],[32.73691,-18.23377],[32.73704,-18.23377],[32.73718,-18.23379],[32.73731,-18.23379],[32.73752,-18.23383]]}},{"type":"Feature","properties":{"kind":"track","name":""},"geometry":{"type":"LineString","coordinates":[[32.95045,-18.35309],[32.94997,-18.35322],[32.94903,-18.35334],[32.9482,-18.35351],[32.94772,-18.35392],[32.9471,-18.35449],[32.94665,-18.35501],[32.94655,-18.35545],[32.94656,-18.35676],[32.94651,-18.35715],[32.94616,-18.3575],[32.94568,-18.35786],[32.94543,-18.35836],[32.94513,-18.35904],[32.94479,-18.35949],[32.94378,-18.3602],[32.94341,-18.36045],[32.94303,-18.36052],[32.94282,-18.3603],[32.94278,-18.35998],[32.94312,-18.35962],[32.94335,-18.35939],[32.94362,-18.35919],[32.94372,-18.35877],[32.94358,-18.35794],[32.94341,-18.35744],[32.94328,-18.35705],[32.94314,-18.35678],[32.94246,-18.35634],[32.94195,-18.35592],[32.9416,-18.35535],[32.94081,-18.35464],[32.9401,-18.35403],[32.93974,-18.35381],[32.93939,-18.35365],[32.93898,-18.35359],[32.93839,-18.35358],[32.93786,-18.35375],[32.93762,-18.35384],[32.9375,-18.3539],[32.93717,-18.35406],[32.93675,-18.35429],[32.93654,-18.35454],[32.9365,-18.35467],[32.93654,-18.35493],[32.93657,-18.35511],[32.93633,-18.35542],[32.93617,-18.35572],[32.93598,-18.35608],[32.93587,-18.35647],[32.9359,-18.35672],[32.936,-18.35694],[32.93638,-18.35733],[32.93657,-18.3577],[32.93672,-18.35809],[32.93691,-18.35855],[32.93719,-18.35899],[32.93743,-18.35932],[32.93762,-18.35967],[32.9377,-18.36008],[32.93772,-18.36037],[32.93769,-18.36061],[32.93741,-18.3613],[32.93736,-18.36175],[32.93777,-18.36246],[32.93799,-18.36311],[32.93788,-18.36346],[32.93759,-18.36373],[32.93735,-18.3639],[32.93678,-18.36408],[32.93639,-18.36415],[32.93438,-18.36422],[32.93377,-18.36398],[32.93339,-18.36375],[32.93329,-18.36372],[32.93317,-18.36376],[32.93316,-18.36384],[32.93317,-18.36396],[32.93323,-18.36407],[32.93336,-18.36418],[32.93345,-18.36432],[32.93352,-18.36453],[32.93361,-18.36472],[32.93373,-18.36486],[32.93413,-18.36517],[32.93421,-18.36527],[32.9342,-18.36538],[32.93333,-18.36574]]}},{"type":"Feature","properties":{"kind":"road","name":""},"geometry":{"type":"LineString","coordinates":[[32.9375,-18.3539],[32.93731,-18.35384],[32.93718,-18.35384],[32.93692,-18.35403],[32.93653,-18.35428],[32.93618,-18.35458],[32.9361,-18.35479],[32.93607,-18.35501],[32.936,-18.35516],[32.93592,-18.35523],[32.93583,-18.3553],[32.93551,-18.35547],[32.93527,-18.35554],[32.93505,-18.35553],[32.93482,-18.35556],[32.93461,-18.35563]]}},{"type":"Feature","properties":{"kind":"road","name":""},"geometry":{"type":"LineString","coordinates":[[32.93592,-18.35523],[32.93592,-18.35493],[32.93595,-18.35449],[32.93606,-18.35399],[32.9361,-18.35372],[32.93598,-18.35316],[32.93596,-18.35284],[32.93579,-18.35244],[32.93555,-18.35216],[32.93556,-18.35183],[32.93565,-18.35134],[32.93563,-18.35115],[32.93546,-18.35103],[32.9348,-18.35094],[32.93445,-18.35082],[32.93413,-18.35049],[32.93392,-18.35006],[32.93383,-18.34965],[32.93378,-18.34881],[32.9338,-18.34836],[32.93394,-18.34745],[32.93401,-18.346]]}},{"type":"Feature","properties":{"kind":"path","name":""},"geometry":{"type":"LineString","coordinates":[[32.77745,-18.40775],[32.77755,-18.4076],[32.77762,-18.40722],[32.77773,-18.4069],[32.7778,-18.40622],[32.77779,-18.40551],[32.77791,-18.40509],[32.77813,-18.4049],[32.77806,-18.40458],[32.77816,-18.40408],[32.77809,-18.4036]]}},{"type":"Feature","properties":{"kind":"track","name":""},"geometry":{"type":"LineString","coordinates":[[32.8203,-18.24691],[32.82086,-18.24693],[32.82175,-18.24678],[32.8221,-18.24702],[32.8227,-18.24766],[32.82295,-18.24777],[32.82336,-18.24814],[32.82439,-18.24834],[32.82512,-18.24787],[32.82626,-18.24685],[32.82839,-18.24644],[32.82972,-18.24602],[32.83075,-18.24616],[32.83197,-18.24709],[32.83298,-18.24774],[32.83399,-18.24804],[32.83519,-18.24718],[32.83562,-18.24792],[32.83595,-18.2478],[32.83654,-18.24723],[32.83695,-18.24667],[32.83753,-18.24672],[32.83833,-18.24652],[32.83871,-18.24636],[32.83872,-18.24617],[32.83843,-18.2458],[32.83847,-18.24506]]}},{"type":"Feature","properties":{"kind":"road","name":""},"geometry":{"type":"LineString","coordinates":[[32.82415,-18.26085],[32.8245,-18.26073],[32.82504,-18.26044],[32.82532,-18.26054],[32.82542,-18.26085],[32.82548,-18.2614],[32.82554,-18.26166]]}},{"type":"Feature","properties":{"kind":"path","name":""},"geometry":{"type":"LineString","coordinates":[[32.85278,-18.31622],[32.85258,-18.31652],[32.8527,-18.31687],[32.85236,-18.31686],[32.85229,-18.3171],[32.85218,-18.31706],[32.85211,-18.31728],[32.85191,-18.3173],[32.8518,-18.31723],[32.85167,-18.31772],[32.85159,-18.31775],[32.85163,-18.31791],[32.85117,-18.31787],[32.85136,-18.31809],[32.851,-18.31811],[32.85103,-18.31829],[32.85075,-18.31831],[32.8507,-18.31859],[32.85078,-18.31874],[32.85071,-18.31884],[32.85083,-18.31895],[32.85072,-18.31933],[32.85072,-18.31962],[32.85065,-18.31976],[32.85082,-18.32007],[32.85088,-18.32018],[32.85075,-18.32061],[32.85099,-18.32085],[32.85077,-18.32108],[32.85045,-18.32158],[32.85035,-18.32138],[32.85013,-18.32157],[32.85026,-18.32199],[32.85036,-18.32233],[32.85031,-18.32255],[32.85006,-18.32264],[32.84986,-18.32287],[32.84998,-18.32322],[32.84973,-18.32373],[32.85024,-18.32436],[32.85044,-18.32491],[32.85023,-18.3256],[32.85042,-18.32623],[32.85062,-18.32715],[32.85068,-18.32794],[32.85092,-18.32854],[32.85189,-18.32906]]}},{"type":"Feature","properties":{"kind":"track","name":""},"geometry":{"type":"LineString","coordinates":[[32.84157,-18.32384],[32.84186,-18.32388],[32.84239,-18.32391],[32.8427,-18.32402],[32.84321,-18.32499],[32.84334,-18.32563],[32.84326,-18.32614],[32.84325,-18.32674]]}},{"type":"Feature","properties":{"kind":"path","name":""},"geometry":{"type":"LineString","coordinates":[[32.85092,-18.32854],[32.84925,-18.33019],[32.8465,-18.33445],[32.84647,-18.33511],[32.84625,-18.33536],[32.84446,-18.33704],[32.84346,-18.33761],[32.84229,-18.33757],[32.8415,-18.33746],[32.84174,-18.33701],[32.84092,-18.33547],[32.84037,-18.33484],[32.83882,-18.33471],[32.83829,-18.33497],[32.83761,-18.33524],[32.83704,-18.33546],[32.8368,-18.33565],[32.83612,-18.33585],[32.83537,-18.33667],[32.83427,-18.33791],[32.83402,-18.33848],[32.83371,-18.3392],[32.83367,-18.33974],[32.83367,-18.34016],[32.83337,-18.34071],[32.83266,-18.34137],[32.8314,-18.34231],[32.83064,-18.34355],[32.82944,-18.34412],[32.82836,-18.34466]]}},{"type":"Feature","properties":{"kind":"path","name":"Chawomera Fort"},"geometry":{"type":"LineString","coordinates":[[32.75086,-18.263],[32.75112,-18.26311],[32.75127,-18.26326],[32.75123,-18.26344],[32.75113,-18.26358],[32.75111,-18.26372],[32.75115,-18.26393],[32.7513,-18.26402],[32.75143,-18.26414],[32.75147,-18.26428],[32.75179,-18.26461],[32.75203,-18.26484],[32.75245,-18.26497]]}},{"type":"Feature","properties":{"kind":"track","name":""},"geometry":{"type":"LineString","coordinates":[[32.79151,-18.25389],[32.79147,-18.25371],[32.79151,-18.25357],[32.79146,-18.2534],[32.79127,-18.25333],[32.79122,-18.25349],[32.79137,-18.25359],[32.79147,-18.25371]]}},{"type":"Feature","properties":{"kind":"path","name":""},"geometry":{"type":"LineString","coordinates":[[32.77464,-18.16357],[32.7746,-18.1633],[32.77457,-18.16315],[32.77443,-18.16303],[32.77434,-18.16293],[32.7742,-18.16278],[32.7743,-18.16264],[32.7743,-18.1624],[32.77446,-18.1621],[32.77448,-18.16194],[32.77453,-18.16166],[32.77463,-18.16145],[32.77481,-18.16134],[32.77493,-18.16124],[32.77496,-18.16105],[32.77501,-18.16081]]}},{"type":"Feature","properties":{"kind":"path","name":""},"geometry":{"type":"LineString","coordinates":[[32.77445,-18.16024],[32.77462,-18.16024],[32.77471,-18.16022],[32.77477,-18.16012],[32.77485,-18.15999],[32.77489,-18.16021],[32.77478,-18.16037],[32.77485,-18.16045],[32.77502,-18.16057],[32.77501,-18.16075],[32.77501,-18.16081]]}},{"type":"Feature","properties":{"kind":"path","name":""},"geometry":{"type":"LineString","coordinates":[[32.77463,-18.16145],[32.77465,-18.16132],[32.77454,-18.1612],[32.77456,-18.16111],[32.77462,-18.16096],[32.77459,-18.16083]]}},{"type":"Feature","properties":{"kind":"path","name":""},"geometry":{"type":"LineString","coordinates":[[32.64117,-18.3738],[32.64125,-18.3739],[32.64133,-18.37407],[32.64136,-18.37417],[32.64148,-18.37433],[32.64164,-18.37438]]}},{"type":"Feature","properties":{"kind":"track","name":""},"geometry":{"type":"LineString","coordinates":[[32.79817,-18.38195],[32.79763,-18.38122],[32.79713,-18.38028],[32.79643,-18.37957],[32.79587,-18.37896],[32.79595,-18.37796],[32.79617,-18.37753],[32.79613,-18.37709],[32.79677,-18.37707],[32.79748,-18.37686],[32.79788,-18.37654],[32.79801,-18.37633],[32.79798,-18.37626],[32.79802,-18.37619],[32.79809,-18.37619],[32.79811,-18.37624],[32.79806,-18.3763],[32.79801,-18.37633]]}},{"type":"Feature","properties":{"kind":"stream","name":"Tamburatedza"},"geometry":{"type":"LineString","coordinates":[[32.76134,-18.36726],[32.76169,-18.36712],[32.7619,-18.36714],[32.76224,-18.36717],[32.76236,-18.36702],[32.76214,-18.36686],[32.76226,-18.36669],[32.76239,-18.36633],[32.76245,-18.36601],[32.76265,-18.36617],[32.76272,-18.36641],[32.76296,-18.36627],[32.76325,-18.36621],[32.76319,-18.36601],[32.76337,-18.36584],[32.76357,-18.3659],[32.76359,-18.36579],[32.76367,-18.36571],[32.76371,-18.36555],[32.76395,-18.36538],[32.76394,-18.36551],[32.76408,-18.36549],[32.76412,-18.36537],[32.76428,-18.36548],[32.76442,-18.36542],[32.7648,-18.36545],[32.76484,-18.36563],[32.76488,-18.36583],[32.76486,-18.366],[32.76503,-18.36607],[32.76515,-18.366],[32.76539,-18.36602],[32.76583,-18.36601],[32.76601,-18.36586],[32.76621,-18.36593],[32.76634,-18.36583],[32.76652,-18.36591],[32.76666,-18.36573],[32.7667,-18.36564],[32.76686,-18.36578],[32.767,-18.36574],[32.76727,-18.36577],[32.76756,-18.36583],[32.76766,-18.36596],[32.76755,-18.36617],[32.76753,-18.36636],[32.7676,-18.36661],[32.76774,-18.36653],[32.76771,-18.36635],[32.76786,-18.36626],[32.76806,-18.36639],[32.76826,-18.36639],[32.76811,-18.36659],[32.76818,-18.36674],[32.76839,-18.36678],[32.76842,-18.36693],[32.76825,-18.36703],[32.76822,-18.36719],[32.76842,-18.36715],[32.76868,-18.36724],[32.76863,-18.36738],[32.76847,-18.36749],[32.76854,-18.36771],[32.76845,-18.36784],[32.76849,-18.36809],[32.76849,-18.3683],[32.76866,-18.36845],[32.76867,-18.36868],[32.76872,-18.36886],[32.76862,-18.36883],[32.76849,-18.36862],[32.76841,-18.36881],[32.76857,-18.36902],[32.76845,-18.36942],[32.76848,-18.36981],[32.76868,-18.37004],[32.76861,-18.37039],[32.76887,-18.3705],[32.7689,-18.3706],[32.76876,-18.37071],[32.76873,-18.37097],[32.76862,-18.37112],[32.76838,-18.37115],[32.76826,-18.37105],[32.76807,-18.37126],[32.76801,-18.37145],[32.76817,-18.37162],[32.76811,-18.37173],[32.76795,-18.37172],[32.76788,-18.37157],[32.76776,-18.37156],[32.76774,-18.37148],[32.76764,-18.37135],[32.7674,-18.37154],[32.76741,-18.37178],[32.76758,-18.3719],[32.76752,-18.37199],[32.76736,-18.37214],[32.76747,-18.37218],[32.76763,-18.37236],[32.76738,-18.37239],[32.76734,-18.37256],[32.7672,-18.37261],[32.76729,-18.37274],[32.76718,-18.37281],[32.76703,-18.37283],[32.76691,-18.37289],[32.76677,-18.37304],[32.7669,-18.37329],[32.76687,-18.37345],[32.76667,-18.37346],[32.76669,-18.37355],[32.76669,-18.37363],[32.76677,-18.37377],[32.76674,-18.37404],[32.76661,-18.37416],[32.76653,-18.37439],[32.76665,-18.37452],[32.76667,-18.37476],[32.76653,-18.37504],[32.76661,-18.37545],[32.7668,-18.37559],[32.76688,-18.3755],[32.76716,-18.37531],[32.7674,-18.37521],[32.76765,-18.37473],[32.76772,-18.37448],[32.76776,-18.37431],[32.76795,-18.37422],[32.76823,-18.37404],[32.76843,-18.37383],[32.76851,-18.37388],[32.76865,-18.37385],[32.76893,-18.37388],[32.76917,-18.37397],[32.7693,-18.37385],[32.76942,-18.37347],[32.76961,-18.37337],[32.7698,-18.37355],[32.76979,-18.37388],[32.76984,-18.37416],[32.77013,-18.37404],[32.77045,-18.3742],[32.77089,-18.37428],[32.7713,-18.37387],[32.77142,-18.37396],[32.77138,-18.3741],[32.7714,-18.37435],[32.77173,-18.37456],[32.77199,-18.37454],[32.77202,-18.37467],[32.77221,-18.3748],[32.77236,-18.37468],[32.77268,-18.37483],[32.77296,-18.3748],[32.77305,-18.37464],[32.77316,-18.37473],[32.77315,-18.37499],[32.77306,-18.37511],[32.77292,-18.37497],[32.77285,-18.37504],[32.7729,-18.37529],[32.77302,-18.37554],[32.77322,-18.37562],[32.77325,-18.37549],[32.77342,-18.37551],[32.77344,-18.37561],[32.77356,-18.3757],[32.7735,-18.37587],[32.77357,-18.37611],[32.77377,-18.37634],[32.77406,-18.37646],[32.77418,-18.37667],[32.77425,-18.37692],[32.77416,-18.37703],[32.77398,-18.37706],[32.77384,-18.37692],[32.77383,-18.37705],[32.77392,-18.37729],[32.77392,-18.37749],[32.77377,-18.37757],[32.77357,-18.37756],[32.77343,-18.37773],[32.77348,-18.37785],[32.77365,-18.37777],[32.77379,-18.37776],[32.7739,-18.37799],[32.77421,-18.37812],[32.77428,-18.37832],[32.77452,-18.37855],[32.77463,-18.37866],[32.77477,-18.37882],[32.77516,-18.37895],[32.7754,-18.37892],[32.77563,-18.3788],[32.77579,-18.3788],[32.77605,-18.37882],[32.7763,-18.37873],[32.77654,-18.37861],[32.77662,-18.3784],[32.77675,-18.37813],[32.77703,-18.3782],[32.77733,-18.3781],[32.77775,-18.37791],[32.77795,-18.37807],[32.77821,-18.37816],[32.77847,-18.37802],[32.77869,-18.3784],[32.77867,-18.37851],[32.77888,-18.37858],[32.77909,-18.37883],[32.77936,-18.37911],[32.77938,-18.3793],[32.77955,-18.3793],[32.77975,-18.37963],[32.78002,-18.37978],[32.7801,-18.38001],[32.77998,-18.38009],[32.7799,-18.38027],[32.78005,-18.3803],[32.78032,-18.38039],[32.78031,-18.38067],[32.78001,-18.38074],[32.77989,-18.38092],[32.78009,-18.38102],[32.78047,-18.38105],[32.78044,-18.38131],[32.78037,-18.38176],[32.7807,-18.38214],[32.78114,-18.38247],[32.78169,-18.38285],[32.78181,-18.38323],[32.78219,-18.38357],[32.78258,-18.38384],[32.78302,-18.38406],[32.78348,-18.3844],[32.78395,-18.3845],[32.78433,-18.38441],[32.78469,-18.38446],[32.7847,-18.38478]]}},{"type":"Feature","properties":{"kind":"river","name":"Nyazengu"},"geometry":{"type":"LineString","coordinates":[[32.83385,-18.33931],[32.8339,-18.33954],[32.83395,-18.33978],[32.83391,-18.33995],[32.83374,-18.34022],[32.83361,-18.34044],[32.83357,-18.34067],[32.83365,-18.34092],[32.83377,-18.34113],[32.83389,-18.34123],[32.83406,-18.34127],[32.83434,-18.34122],[32.83455,-18.34125],[32.83471,-18.34133],[32.83478,-18.34143],[32.83481,-18.34163],[32.83486,-18.34186],[32.83492,-18.342],[32.83499,-18.34209],[32.83516,-18.3422],[32.83549,-18.34222],[32.83579,-18.34219],[32.83599,-18.34219],[32.83628,-18.34225],[32.83648,-18.34234],[32.83669,-18.34251],[32.83694,-18.34264],[32.83718,-18.34264],[32.83751,-18.34259],[32.83789,-18.34246],[32.83823,-18.34226],[32.83855,-18.34215],[32.83888,-18.34207],[32.83988,-18.34186],[32.84015,-18.34187],[32.84035,-18.34197],[32.84049,-18.34217],[32.84052,-18.34239],[32.84061,-18.34261],[32.8408,-18.34291],[32.84093,-18.34312],[32.84103,-18.34342],[32.8411,-18.34382],[32.84113,-18.34434],[32.84122,-18.34469],[32.8413,-18.34497],[32.84135,-18.34524],[32.8414,-18.34577],[32.84145,-18.34619],[32.84147,-18.34665],[32.84147,-18.34715],[32.84154,-18.34754],[32.84167,-18.34781],[32.84193,-18.34826],[32.84206,-18.34859],[32.84216,-18.34903],[32.84216,-18.34949],[32.84209,-18.3501],[32.84211,-18.3503],[32.84219,-18.35041],[32.84254,-18.35068],[32.84273,-18.35093],[32.84279,-18.3511],[32.84282,-18.35148],[32.84285,-18.35173],[32.84291,-18.35198],[32.84294,-18.35209],[32.84291,-18.3522],[32.84279,-18.35239],[32.84269,-18.35259],[32.84268,-18.35273],[32.84278,-18.35295],[32.84294,-18.35323],[32.84317,-18.35371],[32.84337,-18.35412],[32.84346,-18.35443],[32.84354,-18.35474],[32.84363,-18.3551],[32.84376,-18.35537],[32.84453,-18.35643],[32.84477,-18.35679],[32.84497,-18.35715],[32.84516,-18.35767],[32.84533,-18.35822],[32.84533,-18.35855],[32.84516,-18.3591],[32.84496,-18.35955],[32.84486,-18.35982],[32.8448,-18.36008],[32.8448,-18.36042],[32.84489,-18.36062],[32.84501,-18.36078],[32.84536,-18.36118],[32.8456,-18.36149],[32.84567,-18.36171],[32.84574,-18.36237],[32.84579,-18.36255],[32.84589,-18.36267],[32.84621,-18.36288],[32.84635,-18.36298],[32.8464,-18.36314],[32.84637,-18.3635],[32.84637,-18.36363],[32.84647,-18.36375],[32.84688,-18.36404],[32.84749,-18.36462],[32.84763,-18.36482],[32.84779,-18.36513],[32.84785,-18.36535],[32.84795,-18.36581],[32.84806,-18.36642],[32.84809,-18.36698],[32.84808,-18.36737],[32.848,-18.36771],[32.84779,-18.36827],[32.84757,-18.36863],[32.84735,-18.36897],[32.84684,-18.36985],[32.84675,-18.37003],[32.84666,-18.3703],[32.84648,-18.37053],[32.84613,-18.37075],[32.84586,-18.37081],[32.84566,-18.37084],[32.84545,-18.37095],[32.84488,-18.37132],[32.84475,-18.37142],[32.84468,-18.37159],[32.84466,-18.3718],[32.8446,-18.37229],[32.84449,-18.37265],[32.84434,-18.37294],[32.84419,-18.3732],[32.84404,-18.37336],[32.84382,-18.37351],[32.84365,-18.37357],[32.84351,-18.37358],[32.84313,-18.37356],[32.84278,-18.37364],[32.84252,-18.37376],[32.84223,-18.37402],[32.84187,-18.37435],[32.8415,-18.37476],[32.84128,-18.37495],[32.84111,-18.37505],[32.84077,-18.37522],[32.84044,-18.3754],[32.84007,-18.37568],[32.83973,-18.37609],[32.83959,-18.37663],[32.83948,-18.37705],[32.8393,-18.37742],[32.83912,-18.37761],[32.83854,-18.3778],[32.83767,-18.37799],[32.83743,-18.37812],[32.83724,-18.37846],[32.83724,-18.37923],[32.837,-18.38067],[32.83666,-18.38156],[32.83638,-18.38199],[32.83621,-18.3825],[32.8361,-18.3828],[32.8359,-18.38308],[32.83572,-18.38329],[32.83541,-18.38376],[32.83509,-18.38425],[32.83438,-18.38516],[32.83385,-18.38582],[32.83377,-18.38606],[32.83378,-18.38629],[32.83389,-18.38651],[32.83412,-18.38671],[32.83432,-18.38696],[32.83449,-18.38734],[32.83479,-18.38825]]}},{"type":"Feature","properties":{"kind":"road","name":""},"geometry":{"type":"LineString","coordinates":[[32.82184,-18.19111],[32.82241,-18.19062],[32.82266,-18.1905],[32.82283,-18.19049],[32.82299,-18.19053],[32.8231,-18.19071],[32.82306,-18.19088],[32.82283,-18.19109]]}},{"type":"Feature","properties":{"kind":"road","name":""},"geometry":{"type":"LineString","coordinates":[[32.82168,-18.19224],[32.82161,-18.19189],[32.82183,-18.19142],[32.82184,-18.19111],[32.82156,-18.1905],[32.82135,-18.19024],[32.82111,-18.19016],[32.82097,-18.19005],[32.82087,-18.1899],[32.8209,-18.18931]]}},{"type":"Feature","properties":{"kind":"road","name":""},"geometry":{"type":"LineString","coordinates":[[32.8209,-18.18931],[32.82122,-18.18884],[32.82128,-18.18861],[32.82124,-18.18847],[32.82104,-18.18815],[32.82092,-18.18772],[32.82083,-18.18724],[32.82086,-18.18694],[32.82148,-18.18643],[32.82158,-18.18627],[32.8216,-18.18607],[32.82148,-18.18576],[32.82127,-18.18559],[32.82096,-18.18501],[32.82061,-18.18489],[32.82018,-18.18482],[32.81938,-18.18452],[32.81895,-18.18425],[32.81885,-18.18419]]}},{"type":"Feature","properties":{"kind":"stream","name":""},"geometry":{"type":"LineString","coordinates":[[32.79671,-18.33156],[32.79677,-18.33145],[32.79686,-18.33128],[32.79679,-18.33111],[32.79672,-18.33101],[32.79665,-18.33095],[32.79655,-18.33105],[32.79648,-18.33107],[32.7963,-18.33121],[32.79623,-18.3314],[32.79603,-18.33158],[32.79595,-18.33184],[32.79565,-18.332],[32.79548,-18.33227],[32.79514,-18.33242],[32.79477,-18.33273],[32.79498,-18.33313],[32.7957,-18.33412],[32.79574,-18.33453],[32.79592,-18.33492],[32.79595,-18.33517],[32.79579,-18.33536],[32.79567,-18.33558],[32.79552,-18.33578],[32.79531,-18.33584],[32.795,-18.33568],[32.79479,-18.33552],[32.79466,-18.33538],[32.79447,-18.33532],[32.79427,-18.33529],[32.79404,-18.33536],[32.79389,-18.3356],[32.79367,-18.33599],[32.79336,-18.33635],[32.79296,-18.33671],[32.79248,-18.33725],[32.79229,-18.33752],[32.792,-18.33783],[32.79191,-18.33783],[32.79165,-18.33809],[32.79171,-18.33819],[32.79143,-18.33837],[32.79109,-18.33851],[32.79088,-18.33865],[32.79074,-18.33866],[32.79061,-18.33881],[32.79041,-18.3389],[32.78994,-18.33923],[32.7895,-18.33937],[32.78882,-18.33963],[32.7885,-18.33977],[32.78822,-18.33991],[32.78786,-18.34004],[32.78759,-18.34006],[32.78748,-18.34002],[32.78739,-18.33994],[32.78716,-18.33995]]}},{"type":"Feature","properties":{"kind":"stream","name":""},"geometry":{"type":"LineString","coordinates":[[32.79952,-18.3283],[32.79989,-18.32892],[32.79991,-18.32915],[32.7997,-18.32932],[32.79953,-18.32979],[32.79942,-18.33011],[32.79937,-18.3305],[32.79923,-18.33062],[32.79903,-18.33067],[32.79885,-18.33071],[32.79853,-18.33105],[32.79836,-18.33111],[32.79811,-18.33133],[32.798,-18.33148],[32.79784,-18.33165],[32.79759,-18.33176],[32.79738,-18.33183],[32.79713,-18.33185],[32.79708,-18.33191],[32.79693,-18.33198],[32.79687,-18.33186],[32.79677,-18.33178],[32.79672,-18.33167],[32.79671,-18.33156]]}},{"type":"Feature","properties":{"kind":"stream","name":""},"geometry":{"type":"LineString","coordinates":[[32.80046,-18.3274],[32.80046,-18.3275],[32.80065,-18.32763],[32.80072,-18.32784],[32.80069,-18.32799],[32.80063,-18.32807],[32.80054,-18.32811],[32.80039,-18.32812],[32.80008,-18.32794],[32.79985,-18.32776],[32.79955,-18.3277],[32.79925,-18.32762],[32.79897,-18.32768],[32.79882,-18.32778],[32.79872,-18.32802],[32.79886,-18.32807],[32.7989,-18.32825],[32.79899,-18.32843],[32.79918,-18.32852],[32.79916,-18.32835],[32.79939,-18.32824],[32.79952,-18.3283]]}},{"type":"Feature","properties":{"kind":"stream","name":""},"geometry":{"type":"LineString","coordinates":[[32.82761,-18.30367],[32.82751,-18.30374],[32.82732,-18.30376],[32.82721,-18.30374],[32.82713,-18.3038],[32.82716,-18.30386],[32.8271,-18.30395],[32.82698,-18.30397],[32.82695,-18.30398],[32.82686,-18.30408],[32.8268,-18.30413],[32.82666,-18.30421],[32.82661,-18.3043],[32.82651,-18.30435],[32.82641,-18.3044],[32.82627,-18.30442],[32.82571,-18.30423],[32.8253,-18.30434],[32.82461,-18.30423],[32.82384,-18.30396],[32.82301,-18.30397],[32.82271,-18.30431],[32.82244,-18.30438],[32.82219,-18.30458],[32.82221,-18.30492],[32.82186,-18.305],[32.82159,-18.30534],[32.82132,-18.30564],[32.82091,-18.30574],[32.82053,-18.3058],[32.8201,-18.30618],[32.81957,-18.30675],[32.81902,-18.30692],[32.81803,-18.3072],[32.81687,-18.30708],[32.81643,-18.30727],[32.81554,-18.30747],[32.81528,-18.308],[32.81497,-18.30841],[32.81443,-18.30863],[32.81408,-18.30866],[32.81328,-18.3079],[32.81294,-18.30805],[32.81307,-18.30833],[32.81312,-18.30879],[32.81274,-18.30904],[32.81234,-18.30891],[32.81192,-18.30862],[32.81176,-18.30878],[32.81152,-18.30923],[32.81069,-18.30988],[32.81021,-18.30973],[32.80979,-18.30991],[32.80962,-18.31033],[32.80938,-18.31045],[32.80875,-18.31041],[32.80853,-18.3106],[32.80847,-18.31082],[32.80829,-18.31088],[32.80803,-18.31096],[32.80784,-18.31088],[32.8077,-18.31103],[32.80743,-18.31099],[32.80724,-18.3111],[32.80707,-18.31137],[32.80676,-18.31167],[32.80637,-18.3117],[32.80617,-18.31202],[32.80626,-18.31243],[32.80611,-18.31277],[32.80561,-18.31281],[32.80521,-18.31261],[32.80501,-18.31273],[32.8043,-18.31278],[32.80447,-18.31308],[32.80475,-18.31311],[32.80485,-18.31336],[32.80494,-18.31369],[32.80458,-18.31378],[32.80433,-18.31422],[32.804,-18.31486],[32.80425,-18.31512],[32.80397,-18.3156],[32.80335,-18.31607],[32.80337,-18.31636],[32.80365,-18.31671],[32.80372,-18.31743],[32.80391,-18.31795],[32.80405,-18.31862],[32.80318,-18.31868],[32.80267,-18.31852],[32.80235,-18.31886],[32.80212,-18.31867],[32.80176,-18.31861],[32.80191,-18.31899],[32.80184,-18.31929],[32.80142,-18.31948],[32.80075,-18.3199],[32.80118,-18.32021],[32.80151,-18.3204],[32.80126,-18.3207],[32.80136,-18.32107],[32.80151,-18.32144],[32.80184,-18.32205],[32.80188,-18.32274],[32.80156,-18.32346],[32.80126,-18.32346],[32.80132,-18.32449],[32.80046,-18.32565],[32.80022,-18.3265],[32.80046,-18.3274]]}},{"type":"Feature","properties":{"kind":"stream","name":""},"geometry":{"type":"LineString","coordinates":[[32.79465,-18.30655],[32.79418,-18.30698],[32.79414,-18.30711],[32.79383,-18.3072],[32.79355,-18.30739],[32.79341,-18.30755],[32.79322,-18.30773],[32.79312,-18.308],[32.7927,-18.30816],[32.79253,-18.3081],[32.79208,-18.30802],[32.79135,-18.30781],[32.79141,-18.30768],[32.7916,-18.30743],[32.79156,-18.30721],[32.79138,-18.30713],[32.79101,-18.30727],[32.79086,-18.30746],[32.79071,-18.30761],[32.79053,-18.30768],[32.79049,-18.30789],[32.79046,-18.30813],[32.79053,-18.30836],[32.79047,-18.30847],[32.79029,-18.30857]]}},{"type":"Feature","properties":{"kind":"stream","name":""},"geometry":{"type":"LineString","coordinates":[[32.79601,-18.30443],[32.79614,-18.30465],[32.79569,-18.30499],[32.79571,-18.30544],[32.79592,-18.30541],[32.79615,-18.3051],[32.79648,-18.30506],[32.79674,-18.30551],[32.79649,-18.30566],[32.79616,-18.30579],[32.79599,-18.30638],[32.79575,-18.30674],[32.79553,-18.30651],[32.79531,-18.30661],[32.79523,-18.30686],[32.79488,-18.30693],[32.79483,-18.30669],[32.79465,-18.30655]]}},{"type":"Feature","properties":{"kind":"stream","name":""},"geometry":{"type":"LineString","coordinates":[[32.79291,-18.3004],[32.79333,-18.30083],[32.79366,-18.30176],[32.79409,-18.30245],[32.79419,-18.30321],[32.79469,-18.30378],[32.79548,-18.30407],[32.79601,-18.30443]]}},{"type":"Feature","properties":{"kind":"stream","name":""},"geometry":{"type":"LineString","coordinates":[[32.81303,-18.29715],[32.81269,-18.29725],[32.8124,-18.29737],[32.81211,-18.29762],[32.8118,-18.29793],[32.81136,-18.29817],[32.8108,-18.29832],[32.81035,-18.29842],[32.80983,-18.29847],[32.80954,-18.29859],[32.80935,-18.29907],[32.80937,-18.29946],[32.80925,-18.30009],[32.80917,-18.3004],[32.809,-18.30093],[32.80887,-18.30081],[32.80877,-18.30048],[32.80851,-18.30013],[32.80825,-18.30029],[32.80811,-18.30055],[32.80781,-18.30069],[32.80731,-18.30082],[32.80676,-18.30083],[32.80638,-18.30083],[32.80613,-18.30093],[32.80635,-18.30112],[32.80655,-18.30131],[32.80656,-18.30165],[32.80615,-18.30172],[32.80582,-18.30177],[32.80541,-18.30185],[32.80552,-18.30219],[32.80581,-18.3024],[32.80565,-18.3026],[32.80542,-18.30263],[32.80505,-18.30301],[32.80479,-18.30309],[32.8045,-18.30303],[32.80452,-18.30283],[32.80438,-18.30264],[32.80458,-18.30255],[32.80446,-18.3023],[32.8038,-18.30202],[32.80337,-18.30211],[32.80306,-18.30249],[32.80325,-18.30261],[32.80326,-18.30287],[32.8032,-18.30316],[32.80337,-18.3035],[32.80322,-18.30373],[32.80262,-18.3034],[32.80262,-18.3031],[32.80236,-18.30268],[32.80187,-18.30278],[32.80151,-18.30328],[32.80124,-18.30333],[32.80083,-18.30308],[32.79975,-18.30265],[32.7995,-18.30317],[32.799,-18.30328],[32.79882,-18.30297],[32.79817,-18.30314],[32.79775,-18.30352],[32.79699,-18.30378],[32.79634,-18.30389],[32.79601,-18.30443]]}},{"type":"Feature","properties":{"kind":"river","name":"Nyajezi"},"geometry":{"type":"LineString","coordinates":[[32.76797,-18.12248],[32.76658,-18.12344],[32.76456,-18.12434],[32.76314,-18.12481],[32.76252,-18.12593],[32.76134,-18.12672],[32.75973,-18.12697],[32.75917,-18.12799],[32.75855,-18.12894],[32.75677,-18.1295],[32.75533,-18.12945],[32.75402,-18.12958],[32.75325,-18.13005],[32.75211,-18.1298],[32.75037,-18.12945],[32.74962,-18.12892],[32.74879,-18.12919],[32.74696,-18.12907],[32.74565,-18.12862],[32.74527,-18.12833],[32.74377,-18.12807],[32.74282,-18.12797],[32.74198,-18.1268],[32.74147,-18.12676],[32.74063,-18.12701],[32.73977,-18.12737],[32.73926,-18.12699],[32.73832,-18.12674],[32.73771,-18.12631],[32.73763,-18.12593],[32.73699,-18.12548],[32.73473,-18.12395],[32.73336,-18.1236],[32.73196,-18.1233],[32.73085,-18.12279],[32.73018,-18.12289],[32.72995,-18.12275],[32.72924,-18.12217],[32.72862,-18.12211],[32.72799,-18.12199],[32.72774,-18.12158],[32.72696,-18.12093],[32.72518,-18.11901],[32.72406,-18.11793],[32.72317,-18.11773],[32.72257,-18.11777],[32.72126,-18.11755],[32.7195,-18.11773],[32.71868,-18.11673],[32.71731,-18.11626],[32.71611,-18.115],[32.71512,-18.11459],[32.71426,-18.11381],[32.71428,-18.11304],[32.71426,-18.11226],[32.7137,-18.11181],[32.71317,-18.11137],[32.71276,-18.11051],[32.7116,-18.10971],[32.71104,-18.10855],[32.71023,-18.10659],[32.70997,-18.10539],[32.70963,-18.10486],[32.70909,-18.10433],[32.70845,-18.10406],[32.70692,-18.10131],[32.70714,-18.10041],[32.70712,-18.09886],[32.70652,-18.09807],[32.70478,-18.09695],[32.70476,-18.09564],[32.7045,-18.09515],[32.70379,-18.09442],[32.70388,-18.09232],[32.703,-18.08818],[32.70079,-18.08624],[32.70059,-18.08628],[32.70055,-18.08671],[32.7001,-18.08718],[32.69986,-18.08718],[32.69982,-18.08685],[32.70003,-18.08565],[32.69986,-18.0843],[32.70029,-18.08299],[32.7004,-18.08136],[32.69911,-18.07851],[32.6983,-18.07579],[32.69828,-18.07532],[32.6987,-18.0742],[32.69892,-18.07353],[32.69875,-18.07316],[32.69821,-18.07277],[32.6986,-18.0712],[32.69864,-18.06988],[32.69931,-18.06808],[32.69928,-18.06743],[32.6995,-18.0669],[32.69973,-18.06682],[32.69993,-18.06621],[32.7001,-18.06525],[32.69982,-18.06419],[32.70008,-18.06386],[32.70046,-18.06274],[32.69993,-18.06162],[32.70014,-18.06115],[32.69995,-18.06017],[32.69997,-18.05905],[32.69969,-18.05815],[32.70001,-18.05754],[32.70074,-18.05705],[32.70074,-18.05663],[32.70034,-18.05671],[32.70036,-18.05647],[32.70068,-18.05594]]}},{"type":"Feature","properties":{"kind":"track","name":""},"geometry":{"type":"LineString","coordinates":[[32.74589,-18.12871],[32.74584,-18.12873],[32.74581,-18.12878],[32.74576,-18.12888],[32.74574,-18.12891],[32.74573,-18.12894],[32.74573,-18.12898],[32.74574,-18.129],[32.74577,-18.12905],[32.74577,-18.12909],[32.74573,-18.12912],[32.74564,-18.12915],[32.74547,-18.12922],[32.74533,-18.12923],[32.74503,-18.12928],[32.74473,-18.12938],[32.74462,-18.12942],[32.74454,-18.12948],[32.7445,-18.12956],[32.74446,-18.12965],[32.74436,-18.12979],[32.74418,-18.12997],[32.74412,-18.13002],[32.74407,-18.13004],[32.74401,-18.13006],[32.7439,-18.13017],[32.7437,-18.13041],[32.74354,-18.13059],[32.74339,-18.13077],[32.74331,-18.13091],[32.74314,-18.13125]]}},{"type":"Feature","properties":{"kind":"track","name":""},"geometry":{"type":"LineString","coordinates":[[32.74609,-18.12863],[32.74589,-18.12871]]}},{"type":"Feature","properties":{"kind":"road","name":""},"geometry":{"type":"LineString","coordinates":[[32.68086,-18.36698],[32.68105,-18.36702],[32.68095,-18.36717]]}},{"type":"Feature","properties":{"kind":"track","name":""},"geometry":{"type":"LineString","coordinates":[[32.83755,-18.18718],[32.83771,-18.18704],[32.83778,-18.1869],[32.83787,-18.18666],[32.83792,-18.1865],[32.83802,-18.18638],[32.83816,-18.18624],[32.83824,-18.18616],[32.83832,-18.18608],[32.83838,-18.18601],[32.83846,-18.18589],[32.83852,-18.18581],[32.8386,-18.1857],[32.83868,-18.18561],[32.83875,-18.18551],[32.83881,-18.18544],[32.83889,-18.18533],[32.83899,-18.18523],[32.83904,-18.18514],[32.83912,-18.18505],[32.83921,-18.18494],[32.83929,-18.18483],[32.83936,-18.18471],[32.83945,-18.18457],[32.83949,-18.18449],[32.83954,-18.18442],[32.8396,-18.18434],[32.83964,-18.18424],[32.83967,-18.18412],[32.83971,-18.18403],[32.83975,-18.18391],[32.83981,-18.1838],[32.83987,-18.1837],[32.83992,-18.18359],[32.83997,-18.1835],[32.84002,-18.18339],[32.84007,-18.1833],[32.84011,-18.18322],[32.84016,-18.18316]]}},{"type":"Feature","properties":{"kind":"stream","name":""},"geometry":{"type":"LineString","coordinates":[[32.84146,-18.18072],[32.84166,-18.18018],[32.8414,-18.17976],[32.8415,-18.17937],[32.84204,-18.17919],[32.8425,-18.17881],[32.84284,-18.17839],[32.84303,-18.17791],[32.84342,-18.17708],[32.84367,-18.17637],[32.84362,-18.17567],[32.8436,-18.17507],[32.84362,-18.17456],[32.84369,-18.17412],[32.84363,-18.17349],[32.84359,-18.17295],[32.84343,-18.17232],[32.84316,-18.1719],[32.84247,-18.17114],[32.84255,-18.17088],[32.84266,-18.17045],[32.84256,-18.17005],[32.8423,-18.16958],[32.84226,-18.16922],[32.84206,-18.16862],[32.84128,-18.16786],[32.84092,-18.16732],[32.84092,-18.16685],[32.84086,-18.1663],[32.8405,-18.16579],[32.84032,-18.16553],[32.84025,-18.16436],[32.83988,-18.16373],[32.83972,-18.1636],[32.8396,-18.16379],[32.83941,-18.1638],[32.83934,-18.16359],[32.83898,-18.16319],[32.83872,-18.16297],[32.83845,-18.16275]]}},{"type":"Feature","properties":{"kind":"stream","name":""},"geometry":{"type":"LineString","coordinates":[[32.80673,-18.18736],[32.80679,-18.1871],[32.80658,-18.18669],[32.80648,-18.18603],[32.80637,-18.18548],[32.8064,-18.18447],[32.80651,-18.18424]]}},{"type":"Feature","properties":{"kind":"stream","name":""},"geometry":{"type":"LineString","coordinates":[[32.80651,-18.18424],[32.80663,-18.18397]]}},{"type":"Feature","properties":{"kind":"track","name":""},"geometry":{"type":"LineString","coordinates":[[32.9342,-18.36538],[32.93683,-18.36425],[32.93829,-18.36363],[32.93915,-18.36332],[32.93943,-18.3632],[32.93945,-18.36311]]}},{"type":"Feature","properties":{"kind":"road","name":""},"geometry":{"type":"LineString","coordinates":[[32.80717,-18.14807],[32.80736,-18.14748],[32.80732,-18.14698],[32.80726,-18.14673],[32.80735,-18.14657],[32.80749,-18.14641],[32.8077,-18.14635],[32.80794,-18.14637],[32.80857,-18.14633],[32.80921,-18.14612],[32.81054,-18.14588],[32.81145,-18.14569],[32.81213,-18.14549],[32.81246,-18.14532],[32.81259,-18.14522],[32.81278,-18.14513],[32.8132,-18.14503],[32.81352,-18.14489],[32.81378,-18.14481],[32.81405,-18.14478],[32.81491,-18.14476],[32.81605,-18.14469],[32.81744,-18.14456],[32.81947,-18.1445],[32.82015,-18.14443]]}}]}